"GEO_ID","NAME","B19001_001E","B19001_001M","B19001_002E","B19001_002M","B19001_003E","B19001_003M","B19001_004E","B19001_004M","B19001_005E","B19001_005M","B19001_006E","B19001_006M","B19001_007E","B19001_007M","B19001_008E","B19001_008M","B19001_009E","B19001_009M","B19001_010E","B19001_010M","B19001_011E","B19001_011M","B19001_012E","B19001_012M","B19001_013E","B19001_013M","B19001_014E","B19001_014M","B19001_015E","B19001_015M","B19001_016E","B19001_016M","B19001_017E","B19001_017M",
"Geography","Geographic Area Name","Estimate!!Total:","Margin of Error!!Total:","Estimate!!Total:!!Less than $10,000","Margin of Error!!Total:!!Less than $10,000","Estimate!!Total:!!$10,000 to $14,999","Margin of Error!!Total:!!$10,000 to $14,999","Estimate!!Total:!!$15,000 to $19,999","Margin of Error!!Total:!!$15,000 to $19,999","Estimate!!Total:!!$20,000 to $24,999","Margin of Error!!Total:!!$20,000 to $24,999","Estimate!!Total:!!$25,000 to $29,999","Margin of Error!!Total:!!$25,000 to $29,999","Estimate!!Total:!!$30,000 to $34,999","Margin of Error!!Total:!!$30,000 to $34,999","Estimate!!Total:!!$35,000 to $39,999","Margin of Error!!Total:!!$35,000 to $39,999","Estimate!!Total:!!$40,000 to $44,999","Margin of Error!!Total:!!$40,000 to $44,999","Estimate!!Total:!!$45,000 to $49,999","Margin of Error!!Total:!!$45,000 to $49,999","Estimate!!Total:!!$50,000 to $59,999","Margin of Error!!Total:!!$50,000 to $59,999","Estimate!!Total:!!$60,000 to $74,999","Margin of Error!!Total:!!$60,000 to $74,999","Estimate!!Total:!!$75,000 to $99,999","Margin of Error!!Total:!!$75,000 to $99,999","Estimate!!Total:!!$100,000 to $124,999","Margin of Error!!Total:!!$100,000 to $124,999","Estimate!!Total:!!$125,000 to $149,999","Margin of Error!!Total:!!$125,000 to $149,999","Estimate!!Total:!!$150,000 to $199,999","Margin of Error!!Total:!!$150,000 to $199,999","Estimate!!Total:!!$200,000 or more","Margin of Error!!Total:!!$200,000 or more",
"0500000US01001","Autauga County, Alabama","22917","435","886","189","623","224","849","307","891","218","1188","345","1046","264","591","214","864","218","913","242","1492","310","2321","331","3541","449","1980","332","1649","332","1573","273","2510","377",
"0500000US01003","Baldwin County, Alabama","98574","1224","4108","813","3463","623","2804","518","3362","651","3506","590","3686","554","2947","525","3409","612","3853","586","6998","826","9317","798","14329","1391","10884","992","7021","854","8616","1064","10271","977",
"0500000US01005","Barbour County, Alabama","9128","308","935","210","530","138","606","172","650","162","756","190","412","131","182","70","438","136","317","113","638","161","805","206","953","200","652","173","572","157","384","108","298","110",
"0500000US01007","Bibb County, Alabama","7704","283","582","160","471","173","394","151","505","145","365","128","373","112","572","241","297","121","199","89","408","149","899","271","913","211","764","206","379","142","345","110","238","114",
"0500000US01009","Blount County, Alabama","22180","426","1417","391","1046","259","696","202","795","200","1243","307","938","195","587","135","1028","240","976","254","1535","338","2708","321","2849","343","2330","357","1242","283","1527","321","1263","256",
"0500000US01011","Bullock County, Alabama","3688","239","537","180","489","210","328","139","265","113","192","120","148","72","150","112","176","96","151","74","301","148","375","151","208","115","245","108","29","26","33","32","61","54",
"0500000US01013","Butler County, Alabama","7597","311","606","166","314","126","738","177","623","194","377","119","376","130","262","100","526","152","299","93","613","157","623","133","889","171","438","132","294","102","347","114","272","86",
"0500000US01015","Calhoun County, Alabama","45015","664","3202","440","2531","361","2074","275","2196","493","1758","305","2549","496","2323","426","2234","373","1907","330","3394","439","4254","516","5816","540","4271","451","2693","394","1997","416","1816","317",
"0500000US01017","Chambers County, Alabama","13434","411","787","243","1061","332","851","235","678","186","524","165","928","226","823","224","467","148","640","189","1092","269","1370","238","1368","261","1151","275","608","200","701","230","385","133",
"0500000US01019","Cherokee County, Alabama","10192","402","545","134","406","139","605","182","490","161","328","140","764","256","555","199","513","156","478","177","762","189","1332","248","1140","199","773","158","390","131","554","165","557","175",
"0500000US01021","Chilton County, Alabama","17875","347","803","210","1008","273","636","206","867","246","644","191","972","285","574","165","585","169","988","262","1115","229","2203","403","2682","395","1622","330","979","282","1438","284","759","224",
"0500000US01023","Choctaw County, Alabama","5255","267","402","97","335","110","272","110","425","131","345","122","228","100","253","101","199","78","200","102","422","127","408","135","615","148","345","105","431","120","260","96","115","54",
"0500000US01025","Clarke County, Alabama","8423","423","875","247","394","149","406","127","726","192","341","115","548","160","469","194","245","94","267","92","593","158","682","182","927","190","679","170","488","130","389","131","394","165",
"0500000US01027","Clay County, Alabama","5820","286","439","176","280","109","296","108","322","132","263","125","377","142","310","123","248","114","106","55","494","165","651","220","675","161","385","124","439","155","351","142","184","80",
"0500000US01029","Cleburne County, Alabama","5980","217","489","186","309","149","326","120","210","112","359","145","167","85","153","82","291","160","443","159","431","170","626","176","743","206","567","164","232","112","473","204","161","83",
"0500000US01031","Coffee County, Alabama","20984","409","1566","261","1046","191","618","137","918","192","645","182","681","127","718","146","770","161","885","209","1506","234","1931","251","2951","367","2100","276","1364","167","1842","263","1443","226",
"0500000US01033","Colbert County, Alabama","24301","431","2039","429","1040","243","1036","260","1048","297","910","233","1034","245","1124","306","1087","299","808","243","1909","361","2470","425","3341","445","2401","409","1288","298","1660","319","1106","277",
"0500000US01035","Conecuh County, Alabama","4417","276","458","152","304","117","291","117","422","154","240","96","181","91","201","123","278","128","277","112","313","97","367","115","391","95","251","85","167","69","73","39","203","88",
"0500000US01037","Coosa County, Alabama","4418","210","156","80","278","133","155","70","192","90","282","137","256","107","171","103","294","126","151","72","475","162","511","173","540","142","425","125","255","132","148","80","129","68",
"0500000US01039","Covington County, Alabama","14642","411","1022","234","1137","230","802","167","782","178","670","170","683","160","925","204","582","120","493","115","835","176","1473","264","1697","227","1216","192","690","151","902","193","733","170",
"0500000US01041","Crenshaw County, Alabama","5233","190","439","107","425","110","307","104","445","158","151","57","248","77","216","99","282","87","183","64","468","157","531","151","487","124","339","77","252","91","224","68","236","85",
"0500000US01043","Cullman County, Alabama","35347","449","1934","351","1658","328","1391","288","1630","307","1650","351","1523","346","1855","329","1562","345","1507","301","2386","311","3198","439","4902","507","3422","429","1966","347","2616","435","2147","431",
"0500000US01045","Dale County, Alabama","19727","413","1469","290","1089","189","1088","223","1117","267","886","186","938","249","1120","201","645","166","801","214","1325","230","1956","261","2870","359","1682","257","821","186","1024","243","896","191",
"0500000US01047","Dallas County, Alabama","15947","416","1728","341","1678","334","1319","317","1564","330","894","245","726","154","518","170","910","258","788","290","933","230","1505","287","1236","271","702","154","505","205","716","200","225","103",
"0500000US01049","DeKalb County, Alabama","26181","470","1462","278","1538","304","1696","286","1675","308","1521","292","1524","358","1170","269","1199","258","1017","240","2334","326","2354","371","3250","407","2326","359","1264","211","1091","214","760","151",
"0500000US01051","Elmore County, Alabama","32856","541","1403","314","830","242","1057","200","1231","332","1137","314","1184","263","893","245","1444","325","1251","286","2546","442","2705","436","5202","573","3745","460","2602","479","3281","431","2345","349",
"0500000US01053","Escambia County, Alabama","12808","467","1063","225","932","252","628","181","1063","318","623","162","513","175","724","234","530","155","509","199","1032","224","1295","264","1743","337","728","176","524","137","506","139","395","135",
"0500000US01055","Etowah County, Alabama","39411","707","2367","355","2347","311","2384","425","2361","315","1473","265","1708","290","1759","331","1885","278","1998","300","2938","419","4384","481","4494","559","3378","399","2603","452","1873","307","1459","309",
"0500000US01057","Fayette County, Alabama","6255","271","397","170","461","149","418","133","351","144","284","129","330","137","293","88","410","171","196","76","542","161","465","130","656","145","689","199","247","86","279","104","237","87",
"0500000US01059","Franklin County, Alabama","11954","352","681","212","648","205","746","224","581","216","963","320","697","258","418","161","441","162","590","196","697","216","1237","247","1521","316","1072","259","594","176","788","200","280","116",
"0500000US01061","Geneva County, Alabama","10647","358","457","138","538","182","691","180","583","185","758","242","465","190","451","139","564","172","527","167","713","220","1336","299","1475","246","902","194","344","129","474","165","369","124",
"0500000US01063","Greene County, Alabama","3225","164","397","145","476","161","144","87","318","188","313","140","127","78","181","104","115","70","32","30","335","149","254","85","205","80","124","82","27","27","62","42","115","84",
"0500000US01065","Hale County, Alabama","5642","292","566","180","465","136","530","188","390","131","381","207","320","111","184","72","267","110","187","73","271","91","397","138","645","172","386","139","263","83","198","94","192","87",
"0500000US01067","Henry County, Alabama","7062","248","431","123","442","173","628","189","326","123","316","99","266","104","308","119","207","81","125","51","484","132","702","165","734","160","786","204","427","141","486","117","394","142",
"0500000US01069","Houston County, Alabama","43302","462","2661","245","2219","211","2277","251","2014","219","1981","182","1909","225","1896","222","2184","202","1934","275","2965","213","4070","311","5598","416","3643","262","2456","259","2796","230","2699","257",
"0500000US01071","Jackson County, Alabama","21795","348","1276","246","1274","202","1114","234","1146","241","1376","315","1277","275","718","175","1213","282","1060","218","1736","239","2057","289","2696","315","1829","265","1137","247","894","198","992","220",
"0500000US01073","Jefferson County, Alabama","269883","1816","16973","1119","11219","899","9960","777","11732","1004","11202","860","11792","996","11294","1017","10912","1134","9477","825","18626","1202","25275","1365","33454","1640","21764","1365","17033","1202","20963","1261","28207","1159",
"0500000US01075","Lamar County, Alabama","5086","257","336","118","416","131","278","99","365","156","336","110","172","66","202","79","233","88","205","79","434","158","464","105","543","159","519","119","294","124","194","95","95","54",
"0500000US01077","Lauderdale County, Alabama","39258","511","2155","370","1598","267","1697","273","2114","441","1546","360","2015","394","1726","323","1503","355","1594","358","2829","432","3813","418","5457","596","3636","439","2092","347","2979","429","2504","312",
"0500000US01079","Lawrence County, Alabama","13627","271","798","226","650","168","562","207","420","129","417","145","742","207","633","187","437","135","542","193","1036","242","1421","233","2203","348","1323","259","859","226","858","189","726","229",
"0500000US01081","Lee County, Alabama","69436","892","7077","781","3417","551","2516","484","2845","604","2115","368","2445","358","2101","401","2880","542","2510","404","3983","501","6245","680","8564","848","6805","645","4917","649","5170","585","5846","556",
"0500000US01083","Limestone County, Alabama","40953","626","1495","342","1434","408","1031","240","1555","342","1079","311","1151","293","1186","300","1324","351","1187","230","3613","524","3759","578","5502","737","4164","566","3333","586","4131","638","5009","603",
"0500000US01085","Lowndes County, Alabama","4284","160","400","123","546","177","338","114","231","99","347","154","147","74","256","104","239","88","125","57","289","125","314","104","349","112","222","91","169","68","206","101","106","52",
"0500000US01087","Macon County, Alabama","7237","245","825","150","483","140","596","140","353","115","423","132","371","128","223","84","419","145","286","109","508","119","677","176","763","170","441","99","234","67","402","127","233","101",
"0500000US01089","Madison County, Alabama","165031","1056","7801","815","4214","609","4407","542","4966","810","4952","655","5717","899","5017","616","5707","890","5835","607","10147","933","14909","1223","19822","1176","17144","969","14009","969","17459","1251","22925","1146",
"0500000US01091","Marengo County, Alabama","7898","268","779","229","839","163","635","194","463","155","390","163","388","152","221","98","312","131","244","78","416","127","399","121","956","223","687","174","267","92","411","145","491","151",
"0500000US01093","Marion County, Alabama","10614","401","560","150","900","233","632","184","769","171","533","160","633","167","396","136","465","141","412","127","817","193","881","187","1461","253","901","206","444","118","413","120","397","163",
"0500000US01095","Marshall County, Alabama","36459","416","2203","323","1935","276","1441","303","1857","286","1337","226","1845","354","1147","205","1488","257","1611","336","2462","316","3250","384","5042","555","3669","369","2138","308","2483","322","2551","345",
"0500000US01097","Mobile County, Alabama","161665","1065","10407","870","8237","830","6886","745","7770","829","7758","799","7483","776","6741","694","6642","743","7493","831","12741","914","15539","1016","19099","1225","13232","810","10378","1023","11346","879","9913","718",
"0500000US01099","Monroe County, Alabama","7363","309","738","225","570","159","260","113","640","176","440","161","430","145","488","174","228","85","260","107","589","180","599","184","760","209","573","149","302","123","359","119","127","51",
"0500000US01101","Montgomery County, Alabama","91381","896","6942","757","4903","718","3856","714","4536","609","3662","571","3907","651","3582","551","4171","741","3548","554","7052","793","9340","934","11192","822","7603","717","5351","615","5806","696","5930","570",
"0500000US01103","Morgan County, Alabama","49040","527","2629","415","1711","383","1838","336","2023","460","2724","520","2307","430","1975","364","1526","331","1914","406","3288","565","4457","627","6272","688","5090","492","3205","401","4111","542","3970","530",
"0500000US01105","Perry County, Alabama","3440","169","49","45","365","175","331","137","336","153","146","94","323","127","338","214","184","115","438","226","87","54","356","150","242","99","170","107","36","32","39","33","0","19",
"0500000US01107","Pickens County, Alabama","6764","290","390","120","530","139","428","116","516","140","186","77","491","141","421","180","286","90","372","152","422","101","495","145","690","185","501","134","267","93","585","172","184","68",
"0500000US01109","Pike County, Alabama","12484","449","1162","265","773","193","768","210","513","120","586","152","571","191","831","208","766","237","354","110","884","229","1153","219","1256","223","872","158","834","185","694","176","467","129",
"0500000US01111","Randolph County, Alabama","9271","374","790","201","725","209","495","148","423","152","394","133","553","197","465","193","303","112","293","116","476","155","948","213","1264","226","671","223","514","186","566","195","391","129",
"0500000US01113","Russell County, Alabama","23938","416","2095","364","1228","300","1215","288","1440","367","1555","419","1543","384","722","223","947","279","940","306","2115","442","2563","480","2899","461","1623","304","1119","317","923","230","1011","264",
"0500000US01115","St. Clair County, Alabama","35107","497","1272","328","1148","263","811","180","1381","362","1226","333","1158","232","1230","291","1155","277","1440","369","2407","344","3754","485","5378","662","4263","523","3634","562","2787","406","2063","388",
"0500000US01117","Shelby County, Alabama","86866","570","3414","485","1690","283","1494","265","1601","317","2319","428","2265","467","1749","347","2211","340","2597","453","5395","581","7674","765","11772","947","9936","844","8068","652","10512","890","14169","758",
"0500000US01119","Sumter County, Alabama","4823","259","476","170","483","176","497","164","541","203","241","117","210","106","236","91","250","115","99","47","335","148","415","133","350","127","278","133","199","91","95","59","118","66",
"0500000US01121","Talladega County, Alabama","33644","501","2350","398","2328","393","1793","321","1839","432","1449","293","1091","233","1633","318","1244","305","1111","302","2903","482","3400","497","4710","547","2791","472","1777","385","1756","357","1469","335",
"0500000US01123","Tallapoosa County, Alabama","17076","461","1075","228","881","241","1009","266","970","290","785","173","723","249","659","232","672","181","583","153","1259","295","2041","346","2329","399","1357","246","926","178","889","198","918","191",
"0500000US01125","Tuscaloosa County, Alabama","90052","907","6531","761","3382","537","3621","548","3855","514","4088","626","3371","563","3426","627","3503","508","3019","422","7065","772","8354","938","11106","854","8345","741","6363","738","7580","680","6443","613",
"0500000US01127","Walker County, Alabama","25388","449","1927","325","1445","311","1229","339","1722","404","1184","285","1164","253","1012","275","939","206","990","318","1736","315","2437","416","3540","415","1993","336","1730","322","1400","284","940","236",
"0500000US01129","Washington County, Alabama","5963","311","607","163","402","160","338","154","213","106","174","97","239","107","196","104","163","70","244","121","383","130","389","136","596","170","607","198","359","139","570","234","483","175",
"0500000US01131","Wilcox County, Alabama","3860","212","353","126","551","147","270","121","247","102","93","47","115","73","290","98","97","66","223","89","293","113","332","111","372","114","214","72","179","97","109","59","122","72",
"0500000US01133","Winston County, Alabama","9420","326","477","133","546","161","374","117","565","148","585","173","465","140","435","152","617","195","291","102","464","131","1353","292","1236","187","739","150","441","133","410","101","422","156",
"0500000US02013","Aleutians East Borough, Alaska","1045","113","57","24","15","9","36","19","40","18","96","72","19","12","29","15","40","17","28","16","77","25","133","39","214","67","59","21","80","38","70","34","52","21",
"0500000US02016","Aleutians West Census Area, Alaska","956","84","22","11","16","11","5","6","4","4","5","11","4","5","10","12","23","14","13","13","28","15","78","58","118","49","108","41","149","50","160","49","213","53",
"0500000US02020","Anchorage Municipality, Alaska","108597","1322","3461","474","1781","373","2823","532","2290","381","2062","400","2783","529","2488","423","2970","459","3002","633","4593","606","9612","884","14834","1133","12113","934","9803","885","14276","968","19706","965",
"0500000US02050","Bethel Census Area, Alaska","4828","98","314","50","173","53","211","67","192","39","158","39","201","53","179","43","153","61","140","33","292","63","452","91","541","81","475","97","343","90","507","94","497","103",
"0500000US02060","Bristol Bay Borough, Alaska","291","38","11","9","12","10","3","4","5","5","4","5","11","8","12","9","2","3","5","8","27","16","35","17","25","10","29","15","39","15","27","14","44","15",
"0500000US02063","Chugach Census Area, Alaska","2861","175","53","32","63","50","42","37","87","56","24","28","111","55","83","52","52","32","107","61","186","78","299","92","499","129","257","96","300","105","335","85","363","118",
"0500000US02066","Copper River Census Area, Alaska","1207","102","49","23","60","41","37","25","36","18","59","28","62","32","14","11","15","11","4","6","85","45","118","47","164","55","198","62","142","50","68","40","96","40",
"0500000US02068","Denali Borough, Alaska","565","60","18","16","32","17","17","15","56","32","5","8","13","14","24","23","9","7","12","9","36","18","48","25","76","34","31","17","38","18","66","28","84","42",
"0500000US02070","Dillingham Census Area, Alaska","1403","58","63","21","56","24","54","20","40","13","46","17","60","24","61","19","36","17","56","22","77","35","131","31","188","47","187","73","100","37","94","77","154","40",
"0500000US02090","Fairbanks North Star Borough, Alaska","36359","1066","1275","267","698","291","716","229","687","244","578","232","860","255","1119","338","1010","223","1626","430","2518","461","3775","551","5639","676","4716","654","2319","401","4241","592","4582","571",
"0500000US02100","Haines Borough, Alaska","901","108","21","18","30","20","62","30","18","12","29","22","34","24","11","13","47","26","14","15","57","34","85","36","104","51","114","68","132","60","58","27","85","43",
"0500000US02105","Hoonah-Angoon Census Area, Alaska","924","90","52","25","68","26","48","17","33","17","42","18","17","11","37","20","35","22","34","16","87","47","75","33","133","32","84","26","60","26","74","30","45","24",
"0500000US02110","Juneau City and Borough, Alaska","13167","262","397","156","216","109","259","112","274","107","221","124","273","147","184","84","402","154","388","148","999","224","1311","306","1520","269","1675","314","1255","269","1679","276","2114","295",
"0500000US02122","Kenai Peninsula Borough, Alaska","24371","383","1186","216","645","140","959","198","829","176","662","120","656","121","757","157","989","197","881","220","1373","213","2675","371","2931","377","2614","328","1930","237","2428","341","2856","311",
"0500000US02130","Ketchikan Gateway Borough, Alaska","5732","132","218","78","98","44","192","63","160","52","158","73","188","77","153","67","97","42","212","58","394","111","365","85","832","143","657","119","637","119","678","137","693","124",
"0500000US02150","Kodiak Island Borough, Alaska","4640","197","151","69","222","111","119","77","165","80","46","33","114","66","52","56","307","167","312","156","164","66","491","174","445","177","547","176","479","181","551","180","475","187",
"0500000US02158","Kusilvak Census Area, Alaska","1916","58","199","43","104","30","94","31","61","24","112","35","64","24","137","38","91","26","76","27","172","48","243","53","161","46","135","43","101","28","115","39","51","22",
"0500000US02164","Lake and Peninsula Borough, Alaska","324","38","9","6","17","11","14","9","28","17","8","6","2","3","14","10","9","8","8","6","41","17","43","12","35","12","35","13","13","8","25","10","23","12",
"0500000US02170","Matanuska-Susitna Borough, Alaska","39869","376","1549","215","911","146","1234","261","1086","208","1028","211","1086","197","1209","251","1058","170","1226","204","2026","252","3225","295","5527","457","4521","285","3750","356","5026","356","5407","384",
"0500000US02180","Nome Census Area, Alaska","2816","75","143","31","76","23","138","29","115","29","125","33","98","28","96","26","89","26","69","23","160","33","250","38","356","66","249","46","194","43","329","73","329","55",
"0500000US02185","North Slope Borough, Alaska","2281","121","143","71","32","32","46","40","21","16","73","41","39","28","87","59","83","39","89","60","106","48","191","73","288","104","195","67","190","64","169","55","529","142",
"0500000US02188","Northwest Arctic Borough, Alaska","1825","65","87","23","40","21","63","23","80","27","41","17","40","16","61","20","67","24","57","22","136","40","166","38","237","43","186","36","139","35","169","37","256","49",
"0500000US02195","Petersburg Borough, Alaska","1371","110","29","14","25","13","49","20","21","17","86","44","39","19","50","23","35","14","64","36","99","28","188","76","279","78","105","50","80","52","101","34","121","36",
"0500000US02198","Prince of Wales-Hyder Census Area, Alaska","2419","125","115","39","66","26","117","44","96","33","150","45","83","24","78","28","112","32","96","33","278","53","252","56","278","43","212","39","189","39","183","54","114","33",
"0500000US02220","Sitka City and Borough, Alaska","3440","140","72","45","92","53","85","46","131","47","54","28","51","28","72","29","134","48","69","47","180","73","296","84","446","108","623","147","276","61","489","105","370","84",
"0500000US02230","Skagway Municipality, Alaska","450","68","9","6","7","7","9","5","8","9","9","5","47","38","37","17","14","11","6","6","23","9","44","15","51","18","33","18","48","24","45","16","60","24",
"0500000US02240","Southeast Fairbanks Census Area, Alaska","2497","160","134","61","86","46","65","31","123","50","157","88","32","26","59","32","100","52","83","55","155","60","263","109","409","89","312","82","127","51","236","83","156","63",
"0500000US02275","Wrangell City and Borough, Alaska","976","64","57","38","28","19","39","17","41","20","29","20","40","21","47","26","48","27","43","20","97","39","94","38","122","39","80","25","78","34","72","32","61","27",
"0500000US02282","Yakutat City and Borough, Alaska","206","51","3","3","3","4","5","5","15","13","4","4","1","2","4","4","5","4","0","10","7","5","46","30","23","13","18","13","44","37","17","9","11","8",
"0500000US02290","Yukon-Koyukuk Census Area, Alaska","2296","359","166","81","89","39","136","54","141","68","103","40","156","58","106","43","120","46","56","32","157","52","225","77","328","72","162","63","108","46","167","57","76","29",
"0500000US04001","Apache County, Arizona","21100","437","3601","367","1414","176","1041","196","1268","247","1090","201","1094","248","797","150","879","162","830","161","1471","209","1562","226","2197","302","1267","220","1048","219","932","216","609","187",
"0500000US04003","Cochise County, Arizona","50982","672","3168","404","2919","525","2081","340","2283","411","2232","341","2184","391","2421","426","1568","315","2603","367","4145","478","5266","532","6189","535","4601","547","3187","470","3888","450","2247","390",
"0500000US04005","Coconino County, Arizona","55118","664","3375","458","2016","356","1616","320","1937","297","2410","431","2033","375","1860","351","2112","380","1766","404","3428","498","5726","583","7019","793","5531","528","3444","416","5021","590","5824","505",
"0500000US04007","Gila County, Arizona","23645","605","1597","316","874","191","934","213","1028","284","966","261","991","278","1134","273","948","239","949","237","1944","297","3004","538","3443","468","1957","398","1258","301","1266","297","1352","289",
"0500000US04009","Graham County, Arizona","12746","254","914","232","577","156","487","140","364","129","513","135","690","220","315","134","408","127","465","134","943","218","1322","225","1807","295","1183","244","1096","282","1065","219","597","161",
"0500000US04011","Greenlee County, Arizona","3591","205","121","104","98","68","83","55","333","140","82","71","101","78","213","178","36","37","51","72","351","150","366","162","833","188","241","124","351","170","110","67","221","124",
"0500000US04012","La Paz County, Arizona","8959","382","675","241","367","148","531","194","548","159","451","145","571","202","359","141","410","163","635","200","955","218","737","205","1077","285","398","143","487","143","361","169","397","144",
"0500000US04013","Maricopa County, Arizona","1730696","4424","74839","2203","37468","1803","37490","1795","42236","1929","47148","2135","48379","1910","51585","1979","56137","2232","57610","2449","112915","3446","161866","3546","233781","4208","198684","3817","142222","3201","183820","3420","244516","3462",
"0500000US04015","Mohave County, Arizona","101973","986","6636","725","4186","551","4431","514","5080","623","5069","651","5361","627","4838","724","4514","593","4061","661","8719","804","10915","948","12953","1008","9572","821","4894","617","4977","571","5767","637",
"0500000US04017","Navajo County, Arizona","40063","803","3979","474","2301","332","1415","203","1967","346","1990","326","1887","328","1730","319","1746","410","1451","294","3601","518","3913","461","5362","576","3049","402","2084","374","2244","349","1344","261",
"0500000US04019","Pima County, Arizona","437827","1858","23654","1468","15231","1060","14415","1198","18894","1162","17631","1148","17223","1192","18347","1095","16846","1217","16908","1165","31365","1702","41076","1310","55860","1830","44287","1841","29018","1360","36575","1412","40497","1622",
"0500000US04021","Pinal County, Arizona","161917","1167","7778","766","3767","632","4016","613","3912","488","5067","636","5388","509","4666","625","6040","799","5990","628","11577","969","16574","943","25594","1223","18828","1072","14276","1057","15076","1103","13368","1030",
"0500000US04023","Santa Cruz County, Arizona","16966","329","959","233","803","200","871","240","575","154","910","243","1391","300","711","267","791","238","1056","289","1278","221","1731","288","1698","255","1705","316","985","252","925","239","577","134",
"0500000US04025","Yavapai County, Arizona","111157","984","5602","638","3613","524","3968","504","4058","583","4492","641","4553","567","4204","635","4648","682","4354","615","8397","782","11317","844","16622","1261","10207","983","7466","791","8457","641","9199","807",
"0500000US04027","Yuma County, Arizona","79341","862","4701","631","2682","524","3220","565","3333","465","3603","540","3327","509","3832","577","3499","384","3156","510","6172","731","9511","875","11559","822","7350","805","4803","625","4872","579","3721","522",
"0500000US05001","Arkansas County, Arkansas","6705","228","408","145","525","131","294","117","373","114","365","157","362","119","197","97","354","115","283","105","547","157","610","174","882","195","342","81","591","159","374","121","198","85",
"0500000US05003","Ashley County, Arkansas","7356","291","718","205","471","150","567","195","538","190","444","146","359","118","280","134","370","119","359","129","607","166","620","159","905","176","469","129","307","120","244","83","98","56",
"0500000US05005","Baxter County, Arkansas","19348","450","1087","298","877","251","929","179","1381","336","1272","244","1185","325","1430","310","936","260","798","232","1351","237","2050","328","2261","353","1324","240","773","188","976","221","718","213",
"0500000US05007","Benton County, Arkansas","111919","1079","3244","499","2243","375","2063","340","2730","442","2478","434","3178","426","3478","481","3196","445","3478","465","7343","664","10864","834","15734","1108","13594","985","9423","786","11554","891","17319","979",
"0500000US05009","Boone County, Arkansas","15363","399","778","260","798","296","709","180","728","219","736","177","643","195","747","269","904","296","810","229","1380","305","1736","327","1922","353","1490","311","765","203","588","189","629","200",
"0500000US05011","Bradley County, Arkansas","3752","164","489","120","285","79","259","107","255","104","139","74","201","119","199","81","152","85","94","53","243","96","260","89","454","135","265","105","204","83","192","87","61","41",
"0500000US05013","Calhoun County, Arkansas","1690","152","86","52","86","42","120","71","57","41","63","41","40","28","93","46","12","12","33","27","117","78","233","97","252","88","203","83","97","51","128","61","70","70",
"0500000US05015","Carroll County, Arkansas","11347","376","673","186","589","147","793","229","625","178","387","133","700","216","488","115","499","189","479","147","794","168","1163","199","1341","246","1136","255","695","154","459","178","526","198",
"0500000US05017","Chicot County, Arkansas","3965","203","451","109","422","140","238","97","210","72","289","95","145","80","276","122","236","99","34","28","323","109","311","88","546","150","161","73","86","52","86","60","151","77",
"0500000US05019","Clark County, Arkansas","8121","227","664","205","485","155","418","136","519","164","504","195","439","126","221","86","265","107","443","136","617","150","844","187","739","150","865","202","375","120","327","115","396","146",
"0500000US05021","Clay County, Arkansas","6021","218","298","111","365","82","427","127","284","80","335","99","375","119","303","109","288","127","233","82","603","125","543","125","753","150","736","169","138","62","236","79","104","50",
"0500000US05023","Cleburne County, Arkansas","10522","382","592","154","465","161","522","166","717","202","460","123","518","144","443","156","491","141","461","140","975","193","1288","198","1417","224","840","191","441","128","430","123","462","203",
"0500000US05025","Cleveland County, Arkansas","2931","146","206","92","137","70","167","81","190","87","210","66","131","70","93","67","154","82","63","44","223","73","245","80","351","104","284","83","130","56","207","69","140","74",
"0500000US05027","Columbia County, Arkansas","8409","330","798","244","530","173","544","189","431","161","267","100","443","185","421","199","320","140","286","97","737","198","695","186","983","256","811","176","315","117","422","136","406","169",
"0500000US05029","Conway County, Arkansas","8279","246","715","220","456","154","367","156","562","183","418","114","392","140","301","97","343","130","284","129","564","152","1070","201","1011","167","741","179","366","131","485","182","204","98",
"0500000US05031","Craighead County, Arkansas","44437","650","2823","561","2431","506","1880","359","2285","341","1552","312","1810","344","2526","528","1878","411","2008","437","3120","440","4688","672","4746","623","3830","652","2832","511","2905","405","3123","470",
"0500000US05033","Crawford County, Arkansas","23357","370","951","188","1078","262","815","192","1192","252","1210","328","955","325","968","207","1169","310","866","217","1579","282","2882","419","3482","396","2595","452","1074","228","1468","288","1073","213",
"0500000US05035","Crittenden County, Arkansas","18203","420","944","250","1564","276","901","247","847","212","890","219","844","225","811","277","786","199","742","192","1273","236","2527","379","2239","354","1228","238","1090","259","777","157","740","173",
"0500000US05037","Cross County, Arkansas","6483","222","240","83","563","147","455","153","277","83","471","170","370","116","289","105","362","148","180","84","378","132","518","147","852","179","532","129","353","121","252","95","391","155",
"0500000US05039","Dallas County, Arkansas","2558","147","195","85","215","102","161","57","189","115","184","100","162","91","114","73","98","51","127","85","107","53","223","77","181","72","183","65","302","111","79","36","38","34",
"0500000US05041","Desha County, Arkansas","4610","207","527","158","452","144","358","110","206","92","338","116","245","96","280","114","268","93","234","96","287","99","368","107","382","162","218","76","178","69","136","61","133","60",
"0500000US05043","Drew County, Arkansas","7196","300","626","163","545","202","620","219","679","193","378","155","343","154","244","130","257","108","327","140","507","178","617","201","722","186","354","130","374","123","298","145","305","142",
"0500000US05045","Faulkner County, Arkansas","49309","546","3014","451","1589","328","1413","356","1431","260","2130","488","2222","481","2478","394","2374","496","1737","361","3832","597","5387","636","6557","628","4737","543","3098","431","3447","489","3863","502",
"0500000US05047","Franklin County, Arkansas","7048","198","419","140","523","160","368","137","408","143","500","145","225","76","252","114","333","137","309","126","452","166","659","158","1061","231","698","196","311","108","254","99","276","100",
"0500000US05049","Fulton County, Arkansas","4757","242","206","94","402","133","303","100","446","176","172","88","402","145","348","111","265","98","243","132","329","97","420","126","381","115","426","158","178","76","165","80","71","58",
"0500000US05051","Garland County, Arkansas","43667","817","2447","360","2025","361","2269","401","2462","390","1956","341","2173","365","1833","332","1914","359","2006","359","3493","540","4685","659","5922","642","3761","553","2149","367","2609","462","1963","298",
"0500000US05053","Grant County, Arkansas","6978","218","277","133","256","127","398","134","372","139","230","111","298","128","134","82","260","97","306","91","437","143","700","175","1136","251","667","180","575","192","364","118","568","229",
"0500000US05055","Greene County, Arkansas","17994","358","1151","297","887","238","837","235","774","159","1089","301","643","186","960","218","702","230","573","160","1566","297","1977","358","2599","403","1384","285","939","195","1221","311","692","154",
"0500000US05057","Hempstead County, Arkansas","7479","306","710","261","462","176","590","200","454","138","352","151","213","101","487","176","315","106","376","153","525","148","818","180","884","201","499","142","229","90","304","125","261","144",
"0500000US05059","Hot Spring County, Arkansas","12310","358","952","244","738","249","352","142","418","124","532","147","780","251","669","197","440","116","527","189","1119","266","1207","298","1614","292","1232","265","917","209","490","152","323","138",
"0500000US05061","Howard County, Arkansas","5098","214","356","92","335","114","301","101","318","145","313","144","411","145","254","112","226","142","240","106","357","116","585","153","511","110","407","129","216","86","108","57","160","80",
"0500000US05063","Independence County, Arkansas","14638","398","838","228","1010","289","739","221","733","203","579","214","616","188","885","237","514","161","642","187","1129","271","1562","275","1857","371","1227","293","766","190","839","228","702","199",
"0500000US05065","Izard County, Arkansas","5232","284","394","129","359","116","421","133","205","91","320","77","279","83","239","97","155","55","264","95","650","178","620","156","588","142","329","100","120","66","151","63","138","82",
"0500000US05067","Jackson County, Arkansas","6076","214","560","163","348","132","473","160","346","97","368","105","433","148","242","83","324","112","213","81","485","145","619","159","642","154","377","127","186","80","170","72","290","95",
"0500000US05069","Jefferson County, Arkansas","24017","603","1931","370","1289","298","1567","337","1206","273","1122","252","1222","261","1232","299","934","238","1317","304","2167","324","2084","351","3431","485","1551","275","972","206","1137","260","855","232",
"0500000US05071","Johnson County, Arkansas","10316","265","731","235","915","236","359","130","542","190","688","238","670","207","466","138","703","194","510","157","563","142","973","208","1500","263","668","168","543","158","225","105","260","90",
"0500000US05073","Lafayette County, Arkansas","2622","183","191","68","253","90","182","69","174","71","103","57","201","89","184","81","99","51","52","37","216","76","215","76","384","124","103","50","150","72","75","40","40","30",
"0500000US05075","Lawrence County, Arkansas","6613","165","552","131","433","144","465","129","366","111","341","134","432","105","352","155","376","110","283","90","486","132","489","122","681","151","608","132","234","82","243","72","272","101",
"0500000US05077","Lee County, Arkansas","2690","195","424","122","311","124","166","68","227","110","116","75","124","54","62","36","163","78","90","70","257","111","145","63","177","95","125","70","85","42","102","52","116","65",
"0500000US05079","Lincoln County, Arkansas","3592","211","305","128","185","88","192","101","232","93","192","90","151","66","151","87","99","52","156","77","298","107","384","134","438","127","369","144","132","68","214","104","94","65",
"0500000US05081","Little River County, Arkansas","4820","284","359","140","255","90","178","72","230","108","196","73","177","92","481","182","196","92","206","88","345","109","394","127","646","178","416","112","207","83","341","120","193","85",
"0500000US05083","Logan County, Arkansas","8521","269","427","117","494","127","249","79","302","73","455","137","352","111","393","124","254","77","459","126","1016","275","778","173","1166","193","908","205","400","107","486","159","382","131",
"0500000US05085","Lonoke County, Arkansas","28554","441","947","196","941","200","960","285","816","210","1407","257","917","258","1014","262","1156","284","1173","345","2215","410","3235","443","3997","386","3300","460","2266","368","2348","392","1862","330",
"0500000US05087","Madison County, Arkansas","6463","253","221","84","217","116","434","173","260","80","397","159","370","137","306","137","449","156","237","83","524","148","508","148","1059","264","535","159","312","140","326","116","308","130",
"0500000US05089","Marion County, Arkansas","7664","284","464","155","331","110","309","110","454","159","480","151","541","175","600","205","377","140","466","157","553","141","905","202","880","211","475","130","369","110","200","89","260","112",
"0500000US05091","Miller County, Arkansas","16359","392","1543","280","983","231","938","245","952","250","768","194","913","257","804","225","795","293","674","222","1397","249","1659","374","1601","269","1369","285","609","162","740","217","614","166",
"0500000US05093","Mississippi County, Arkansas","15452","425","1564","319","1130","261","814","239","703","218","882","269","478","146","604","216","713","209","577","202","1128","267","1481","299","1708","312","1078","226","673","200","1021","227","898","221",
"0500000US05095","Monroe County, Arkansas","2790","160","205","69","289","79","118","70","269","97","185","83","76","34","198","90","75","58","131","82","179","77","329","113","237","80","213","93","178","80","53","43","55","36",
"0500000US05097","Montgomery County, Arkansas","3715","213","271","94","344","119","223","91","208","81","121","60","207","108","272","111","118","68","139","93","298","96","231","75","553","132","294","103","167","91","95","55","174","85",
"0500000US05099","Nevada County, Arkansas","3251","244","193","179","196","107","217","113","65","57","79","45","231","126","111","79","150","87","222","111","381","114","565","169","413","153","213","101","72","61","73","47","70","50",
"0500000US05101","Newton County, Arkansas","3179","179","98","52","195","89","144","58","194","106","180","82","241","111","271","131","78","64","225","108","189","94","300","120","342","110","458","123","88","68","90","48","86","53",
"0500000US05103","Ouachita County, Arkansas","8624","337","795","204","486","135","466","151","506","133","598","196","437","169","266","103","329","123","556","188","717","170","737","179","941","183","726","168","314","103","412","138","338","137",
"0500000US05105","Perry County, Arkansas","4094","178","297","115","190","73","112","72","203","89","201","90","306","91","234","85","235","104","111","58","242","80","384","103","363","108","498","135","306","120","269","134","143","82",
"0500000US05107","Phillips County, Arkansas","6023","273","626","158","807","204","340","122","475","157","279","122","227","100","251","102","246","91","225","102","518","145","464","202","681","176","336","100","262","111","169","85","117","61",
"0500000US05109","Pike County, Arkansas","4082","188","351","109","345","112","181","67","221","84","186","68","255","83","159","62","169","82","193","99","238","89","372","108","541","149","345","91","155","68","212","90","159","84",
"0500000US05111","Poinsett County, Arkansas","8792","290","706","161","663","189","691","198","436","121","621","136","331","90","351","96","442","122","351","118","665","145","912","154","1161","182","610","131","366","113","246","96","240","92",
"0500000US05113","Polk County, Arkansas","7898","286","460","152","482","141","324","102","493","148","495","174","494","147","376","210","519","154","339","144","546","134","772","175","1013","194","571","152","324","119","368","154","322","126",
"0500000US05115","Pope County, Arkansas","24348","511","1474","336","1155","242","1093","262","1160","261","1102","234","1270","300","1124","270","1063","269","928","225","2295","407","2548","332","3244","421","1846","326","1096","224","1591","296","1359","217",
"0500000US05117","Prairie County, Arkansas","3256","150","182","70","155","73","205","92","187","65","178","76","178","103","138","62","122","69","229","91","195","76","235","88","486","143","400","92","130","61","151","66","85","51",
"0500000US05119","Pulaski County, Arkansas","172409","1380","12496","1148","6629","770","6709","780","7613","1077","7432","1011","8177","885","8350","1018","6963","790","7272","772","11888","968","14798","1191","21153","1454","16199","993","9540","747","11427","737","15763","971",
"0500000US05121","Randolph County, Arkansas","7334","231","342","118","458","132","651","229","507","180","479","154","443","145","229","91","298","85","221","118","500","130","692","171","911","239","712","199","383","138","309","126","199","72",
"0500000US05123","St. Francis County, Arkansas","7783","327","924","226","677","198","572","162","361","106","445","149","265","76","472","186","257","125","407","156","669","178","755","218","651","147","680","184","271","123","255","97","122","59",
"0500000US05125","Saline County, Arkansas","50203","460","2061","435","1146","297","1547","345","1592","396","1712","419","1725","315","1236","285","1888","356","2213","469","3491","518","5096","544","7150","686","7010","697","4042","484","4642","573","3652","583",
"0500000US05127","Scott County, Arkansas","3985","222","321","122","347","145","164","75","271","110","163","97","423","197","169","92","203","90","112","61","356","155","494","158","483","145","221","108","72","41","140","85","46","41",
"0500000US05129","Searcy County, Arkansas","3197","204","193","82","402","135","209","93","209","66","212","96","162","77","114","79","117","55","183","74","297","98","298","112","304","91","238","103","47","29","107","58","105","60",
"0500000US05131","Sebastian County, Arkansas","52181","596","2696","427","2871","513","2132","332","1874","414","2332","412","2973","553","2681","495","2486","446","2738","502","4150","514","5670","535","6171","516","4563","593","2757","460","2816","442","3271","490",
"0500000US05133","Sevier County, Arkansas","5622","295","394","174","476","178","362","127","314","147","146","75","333","133","223","100","250","101","221","134","431","136","426","148","882","252","441","147","356","101","207","84","160","71",
"0500000US05135","Sharp County, Arkansas","6856","260","515","166","519","141","367","110","396","110","368","123","369","117","480","137","439","122","204","98","452","126","705","137","887","167","485","115","208","76","223","105","239","123",
"0500000US05137","Stone County, Arkansas","5262","313","259","134","561","192","498","195","254","135","434","212","385","141","220","107","156","114","173","102","548","171","503","162","576","206","273","104","185","108","138","77","99","75",
"0500000US05139","Union County, Arkansas","15002","384","1249","255","805","201","857","204","885","202","673","174","585","188","980","283","478","169","472","169","1076","260","1499","307","1648","353","1556","264","732","179","682","157","825","196",
"0500000US05141","Van Buren County, Arkansas","7432","318","517","158","538","158","349","114","340","116","451","160","390","149","513","153","428","222","160","74","577","168","792","188","1127","255","501","160","377","110","205","83","167","88",
"0500000US05143","Washington County, Arkansas","97184","901","4500","639","3439","377","2979","418","3940","580","3628","525","4226","580","4254","648","4149","660","4003","560","6739","772","9245","813","12904","805","9887","833","6528","736","7766","798","8997","904",
"0500000US05145","White County, Arkansas","29629","598","1783","345","1511","358","1412","316","1730","409","1341","264","1420","282","1577","342","1189","297","1233","274","2737","421","2825","440","3704","434","3020","488","1501","346","1757","340","889","206",
"0500000US05147","Woodruff County, Arkansas","2692","113","305","88","315","91","147","70","160","74","147","69","58","38","106","67","73","43","105","57","280","85","251","89","296","90","154","70","58","41","93","44","144","61",
"0500000US05149","Yell County, Arkansas","8323","189","545","232","346","130","345","111","547","179","399","126","544","183","371","154","254","113","335","138","582","137","857","180","1389","293","739","195","502","168","322","126","246","106",
"0500000US06001","Alameda County, California","598246","1734","24647","1452","16304","1044","11029","909","13365","968","10766","857","11399","811","12100","945","12825","940","11843","931","23478","1140","35075","1423","56169","2061","51989","1664","44182","1355","70712","2141","192363","2717",
"0500000US06003","Alpine County, California","435","74","15","14","14","10","12","11","11","9","18","19","31","31","2","3","2","4","13","10","6","8","50","27","20","14","60","36","26","22","79","35","76","34",
"0500000US06005","Amador County, California","16091","439","1010","312","519","242","196","116","455","165","471","209","297","136","281","132","556","202","543","212","1228","311","1293","240","2508","393","1639","270","1441","282","1962","380","1692","280",
"0500000US06007","Butte County, California","83312","819","4994","604","3159","417","3923","613","3954","591","3448","538","3666","508","2928","494","3409","451","2736","403","5463","525","7183","688","10137","735","7915","750","4973","529","6743","595","8681","696",
"0500000US06009","Calaveras County, California","18437","647","896","245","438","163","815","179","505","196","545","185","895","280","549","181","613","252","468","159","1335","349","1922","364","2178","385","1409","339","1783","328","1570","355","2516","347",
"0500000US06011","Colusa County, California","7512","369","588","193","251","120","272","139","393","153","182","102","301","161","159","74","332","427","192","87","347","164","707","163","1313","228","571","171","509","163","612","188","783","220",
"0500000US06013","Contra Costa County, California","414417","1118","14089","989","7888","774","7065","797","7152","756","7934","950","8307","847","8635","873","8695","891","7558","730","17740","1111","27138","1168","42542","1678","39249","1400","33049","1333","55549","2022","121827","2060",
"0500000US06015","Del Norte County, California","9522","317","339","128","528","167","605","207","340","142","360","166","447","160","336","130","288","124","321","127","792","148","780","183","1146","233","1100","252","591","164","1022","268","527","160",
"0500000US06017","El Dorado County, California","76185","785","2484","415","1241","250","2024","370","2104","479","1329","268","2276","539","1756","337","1810","270","2105","413","3399","512","5883","652","8810","766","7710","656","6923","591","8522","737","17809","1016",
"0500000US06019","Fresno County, California","324702","1025","19844","1192","13403","1000","10658","864","11733","1002","11589","1026","11555","887","12008","1109","10880","1039","10881","841","21608","1307","29887","1588","41962","1658","31448","1529","24135","1384","28292","1472","34819","1696",
"0500000US06021","Glenn County, California","9810","287","481","138","333","124","546","199","362","140","367","131","539","154","312","140","324","156","546","149","604","250","1066","271","1209","228","1081","233","678","192","839","214","523","119",
"0500000US06023","Humboldt County, California","54922","632","3907","609","2369","388","2117","408","2522","339","2289","419","2764","429","2729","437","2188","362","2063","420","3879","529","5788","588","6113","586","4599","452","3306","459","3978","529","4311","485",
"0500000US06025","Imperial County, California","49644","655","3572","504","2097","391","2596","537","2887","488","2509","473","1800","357","2078","439","2201","419","2026","410","3963","539","4471","629","5585","609","4419","531","3322","517","3316","504","2802","429",
"0500000US06027","Inyo County, California","8040","209","461","159","475","168","237","117","258","101","198","82","317","156","314","115","307","120","248","63","496","169","776","179","1042","218","835","182","643","165","556","113","877","238",
"0500000US06029","Kern County, California","284931","1239","15398","1032","12488","992","9726","826","10997","912","12233","741","10976","928","11995","987","10961","725","10195","902","19172","1208","26804","1325","35283","1624","30327","1443","18880","1080","24892","1200","24604","1362",
"0500000US06031","Kings County, California","44052","410","2450","468","1269","262","1190","287","1527","302","1428","331","1676","352","1400","330","1941","375","2317","457","3082","480","5046","578","5958","569","4972","737","3238","438","3511","499","3047","411",
"0500000US06033","Lake County, California","26940","631","1615","299","1473","319","1379","283","1208","306","1099","275","1134","283","1160","309","1149","303","876","261","2189","365","3012","458","2572","357","2398","445","1467","260","2029","424","2180","376",
"0500000US06035","Lassen County, California","9247","313","567","130","353","151","400","128","312","109","401","141","325","123","462","153","398","137","215","86","709","171","927","190","1294","222","1160","195","550","142","681","143","493","128",
"0500000US06037","Los Angeles County, California","3416449","5011","179099","3553","123891","3020","90748","2878","103537","3117","99758","2356","100144","2175","98445","2222","101479","2662","96726","2367","185039","3253","280702","4363","405321","5444","339997","5276","255801","3681","358426","4359","597336","6001",
"0500000US06039","Madera County, California","45379","608","2383","423","1503","290","1534","342","1675","308","1290","301","1689","307","1491","353","1521","305","2060","355","2775","366","4343","510","6761","827","4775","506","2982","418","3974","475","4623","602",
"0500000US06041","Marin County, California","103018","725","3385","453","1975","418","1681","354","1484","309","1795","364","2248","375","1954","312","1855","346","1721","261","4352","592","5800","536","9198","874","7682","527","6610","689","11173","861","40105","1295",
"0500000US06043","Mariposa County, California","7508","301","250","119","517","217","226","93","308","145","358","154","298","133","301","162","234","122","189","88","589","185","794","238","843","226","661","165","693","204","574","180","673","161",
"0500000US06045","Mendocino County, California","34842","626","1866","328","1815","445","1556","387","1383","343","1360","285","1161","248","1164","237","1416","316","1237","300","2510","459","3399","442","4096","424","3209","508","2611","495","3140","435","2919","357",
"0500000US06047","Merced County, California","86055","548","5756","587","3481","527","2907","408","3814","586","3374","491","3730","504","3464","530","2760","477","3359","599","6633","685","9308","836","11499","945","7873","662","5649","570","6243","749","6205","624",
"0500000US06049","Modoc County, California","3267","180","189","100","70","39","131","70","234","99","79","45","85","68","228","134","195","101","172","93","259","93","451","121","370","112","352","112","140","57","144","71","168","74",
"0500000US06051","Mono County, California","5744","379","172","89","101","111","83","62","217","110","46","40","264","178","80","92","203","163","140","124","242","167","730","301","627","245","752","294","655","289","393","166","1039","300",
"0500000US06053","Monterey County, California","132489","685","4670","601","3143","434","2532","406","3582","482","3189","480","3731","475","3417","526","4078","471","3887","489","7511","807","10741","792","17712","1158","15463","1052","11844","849","14797","866","22192","970",
"0500000US06055","Napa County, California","49763","2617","1705","306","969","352","790","224","1108","234","1196","291","1373","301","1372","537","1041","239","1175","268","2815","476","3253","449","5634","801","4788","510","4019","400","6499","536","12026","916",
"0500000US06057","Nevada County, California","42865","719","2501","393","1191","293","1211","297","1380","364","1234","292","1426","370","1133","240","1021","253","1181","334","2305","451","3695","594","5102","588","4521","619","3258","466","4416","498","7290","559",
"0500000US06059","Orange County, California","1082960","2606","43948","1776","24117","1662","18023","1367","23423","1561","21744","1135","22741","1393","23896","1430","25318","1375","23046","1439","47860","1798","73248","2452","119041","2993","113376","2583","88738","2569","138983","2812","275458","3575",
"0500000US06061","Placer County, California","157954","803","5810","650","2772","434","2645","472","3928","492","3122","406","3155","562","3883","535","3408","411","3531","421","7172","759","11135","698","17990","897","16334","1061","13755","870","20809","896","38505","1529",
"0500000US06063","Plumas County, California","8054","342","424","199","283","98","366","158","282","180","338","142","116","74","387","169","598","226","320","154","519","234","811","201","856","191","1086","302","384","159","465","151","819","247",
"0500000US06065","Riverside County, California","775335","2121","30827","1374","18772","1088","19210","1342","21125","1440","21491","1259","23121","1535","21458","1346","23719","1249","22454","1218","44162","1909","66681","2478","99672","2282","87607","2389","65397","2342","94622","2218","115017","2455",
"0500000US06067","Sacramento County, California","571057","1538","25848","1245","17118","1185","13932","1207","15669","948","14010","1071","15404","1046","16534","1128","15540","966","17403","1003","31559","1389","50306","1695","75392","2440","63290","1617","48676","1760","65243","1991","85133","2193",
"0500000US06069","San Benito County, California","20561","201","585","168","443","175","350","129","253","92","184","69","361","156","367","161","452","173","494","155","1117","262","1419","303","2664","454","2488","375","2033","331","2866","414","4485","423",
"0500000US06071","San Bernardino County, California","674915","1558","28965","1575","20487","1295","17038","1346","20641","1266","20896","1545","20287","1249","23264","1401","21424","1258","21683","1397","39176","1734","62314","2292","90983","2746","75603","2201","55950","1903","76610","2346","79594","2418",
"0500000US06073","San Diego County, California","1171278","2902","45943","1918","26679","1379","23647","1293","28474","1605","27834","1627","28654","1700","28674","1381","29049","1212","29634","1655","54684","1891","91584","2901","138344","3216","123268","2588","96856","2381","149552","2787","248402","3540",
"0500000US06075","San Francisco County, California","363970","1953","17200","1120","15436","1174","9043","930","7985","832","7042","738","7466","641","5111","619","6798","788","7025","664","11098","834","17690","1088","29441","1501","26785","1272","22267","1130","40910","1488","132673","2213",
"0500000US06077","San Joaquin County, California","245250","1175","10374","881","7109","820","5717","720","6262","693","6612","743","7168","692","6937","710","7170","672","6610","613","14753","1091","20247","1100","32822","1375","27379","1411","21151","1131","29380","1313","35559","1374",
"0500000US06079","San Luis Obispo County, California","109503","968","4688","496","2892","437","3189","572","2992","531","2415","400","2875","445","3163","471","2921","501","3280","490","5327","514","9149","861","13114","1115","12461","819","8761","665","13179","1022","19097","925",
"0500000US06081","San Mateo County, California","264419","1253","7358","663","4272","499","3231","465","3784","505","4196","594","3757","547","4353","487","5577","595","4381","545","8797","662","14277","1055","22305","1226","19598","1059","20317","1078","32583","1459","105633","2178",
"0500000US06083","Santa Barbara County, California","149608","835","6672","668","4358","611","3862","533","3901","531","3868","488","3932","510","3760","419","4108","522","4424","546","7987","698","12164","717","16912","1166","14813","951","11944","930","16945","1032","29958","1093",
"0500000US06085","Santa Clara County, California","659353","1829","19396","1219","11782","968","8688","827","10948","892","10617","845","9311","786","9483","775","10291","803","10314","731","21733","1141","30200","1284","54617","1965","51926","1968","44390","1619","81469","2043","274188","3517",
"0500000US06087","Santa Cruz County, California","96898","687","4066","541","2607","487","2019","386","2579","413","2164","374","2023","368","2164","374","2246","413","2243","466","4321","519","6619","655","11163","917","9578","773","7341","560","11531","842","24234","1006",
"0500000US06089","Shasta County, California","71232","703","3521","538","3037","418","2403","354","2881","396","2635","442","2877","429","2400","335","2648","447","2496","391","4682","581","6974","582","9900","750","6849","589","4674","433","5971","541","7284","605",
"0500000US06091","Sierra County, California","1219","153","19","22","61","62","92","70","92","62","37","44","55","56","13","18","55","46","32","41","147","91","102","80","203","101","100","65","44","49","44","37","123","76",
"0500000US06093","Siskiyou County, California","19079","344","1266","241","964","192","1056","240","813","159","906","150","807","173","816","160","829","184","677","160","1492","268","2156","287","2146","251","1569","254","1196","205","1290","234","1096","226",
"0500000US06095","Solano County, California","157512","751","6865","731","3753","563","2828","393","3620","462","3881","570","3587","516","3882","478","3816","501","4429","672","8949","841","12544","1002","20320","1009","17684","1173","13730","868","20022","1015","27602","1057",
"0500000US06097","Sonoma County, California","190998","984","7298","772","4554","568","3290","436","4143","475","4451","489","4077","472","4704","449","5064","618","4699","561","10423","855","15129","904","23121","1250","20464","1144","15746","963","24367","1386","39468","1426",
"0500000US06099","Stanislaus County, California","177874","777","7820","798","6035","641","4851","620","5406","615","5227","620","4760","571","6224","730","6778","814","5609","726","12389","904","16853","932","24225","1355","19548","1046","15387","993","16618","886","20144","1137",
"0500000US06101","Sutter County, California","33292","325","1387","301","1401","359","990","282","704","176","1011","238","1301","305","1010","272","1027","276","1389","365","2456","368","3207","466","4130","465","3694","463","2524","382","3234","507","3827","447",
"0500000US06103","Tehama County, California","24788","471","1208","304","1293","296","1013","255","605","167","1241","245","1078","272","1161","322","1360","280","937","207","1838","373","2223","385","3421","506","2168","368","1810","391","1668","302","1764","335",
"0500000US06105","Trinity County, California","5585","264","475","197","309","158","306","183","331","181","234","139","260","104","298","142","184","118","347","150","287","154","464","197","864","273","454","214","114","54","234","90","424","199",
"0500000US06107","Tulare County, California","143195","754","6490","651","5330","591","4531","472","4320","490","6430","789","4950","661","5723","757","5003","638","6780","950","10679","908","15346","942","19732","1140","14336","1113","10545","838","10841","878","12159","773",
"0500000US06109","Tuolumne County, California","22690","468","726","192","970","258","1052","375","494","164","793","244","730","266","633","164","794","289","779","226","1671","333","2403","431","2888","491","2236","379","2076","314","2022","421","2423","443",
"0500000US06111","Ventura County, California","280360","1038","9971","796","5290","574","5153","551","5347","613","6144","700","6542","621","6930","592","7881","732","6844","647","13824","1039","20928","1276","32508","1489","29479","1234","24815","1037","36998","1282","61706","1760",
"0500000US06113","Yolo County, California","76693","669","5706","570","2659","460","1874","340","1960","376","2661","535","2275","446","1660","325","1940","410","1674","383","4079","540","6764","640","7903","635","7351","814","6285","677","8151","672","13751","727",
"0500000US06115","Yuba County, California","28635","382","1310","296","901","194","868","275","1354","323","970","255","954","283","1100","243","803","235","871","237","1969","328","3022","381","4003","516","3457","445","1950","315","2748","386","2355","359",
"0500000US08001","Adams County, Colorado","188730","791","6409","652","4729","722","3917","657","4320","707","4684","714","4039","491","5216","594","5926","673","5080","607","10800","845","17728","1002","25904","1324","22376","1374","17848","943","24074","1315","25680","1143",
"0500000US08003","Alamosa County, Colorado","6648","174","438","178","351","139","535","249","236","114","257","134","215","106","148","75","219","83","654","256","565","211","727","204","750","206","645","191","193","84","464","159","251","96",
"0500000US08005","Arapahoe County, Colorado","257232","1096","9319","772","4768","603","4254","598","5238","613","6066","703","5732","701","6252","674","6356","636","7628","752","15235","1091","22139","1057","34295","1585","28238","1169","22410","1277","32158","1254","47144","1395",
"0500000US08007","Archuleta County, Colorado","5921","348","104","52","208","111","162","93","270","103","292","133","87","56","213","84","204","89","180","63","604","223","359","117","928","218","800","235","405","158","451","160","654","168",
"0500000US08009","Baca County, Colorado","1657","65","53","24","207","61","153","51","118","47","97","45","100","38","52","31","31","16","76","39","125","42","151","51","126","36","145","46","131","52","40","18","52","23",
"0500000US08011","Bent County, Colorado","1875","105","169","71","85","51","79","48","97","51","156","74","95","58","51","51","110","84","94","56","222","67","165","61","273","88","106","56","54","35","53","32","66","47",
"0500000US08013","Boulder County, Colorado","137008","795","6851","766","3085","433","3512","510","3745","659","3446","529","3452","463","3152","403","3149","453","3442","463","7008","599","10359","688","14906","1057","12073","713","11170","842","15138","924","32520","1178",
"0500000US08014","Broomfield County, Colorado","31760","310","835","250","445","153","330","110","307","107","667","191","501","147","515","140","695","167","579","166","1241","205","2132","279","4315","461","3468","451","2923","296","4598","390","8209","479",
"0500000US08015","Chaffee County, Colorado","9863","226","302","132","487","231","183","123","180","85","352","187","332","141","411","193","219","101","396","180","564","216","1046","301","1411","335","713","201","791","256","1462","278","1014","265",
"0500000US08017","Cheyenne County, Colorado","785","82","31","28","27","14","25","15","49","53","26","16","15","10","11","9","45","23","39","21","69","36","93","37","77","27","92","44","87","41","43","21","56","22",
"0500000US08019","Clear Creek County, Colorado","4677","271","72","43","212","105","84","64","78","51","97","48","158","89","134","89","94","58","170","91","186","87","645","272","480","143","326","127","286","115","752","204","903","162",
"0500000US08021","Conejos County, Colorado","3164","154","224","74","144","54","154","68","166","72","132","61","122","56","276","96","137","56","209","78","221","63","282","93","320","91","351","88","163","68","142","54","121","58",
"0500000US08023","Costilla County, Colorado","1651","111","215","58","202","83","106","58","46","31","136","59","55","31","119","61","43","27","97","49","91","45","123","59","196","62","102","39","15","12","37","26","68","48",
"0500000US08025","Crowley County, Colorado","1337","77","132","54","81","29","72","30","66","30","70","35","62","38","50","33","68","30","114","59","71","36","117","37","223","74","80","45","50","23","46","36","35","26",
"0500000US08027","Custer County, Colorado","2672","177","138","71","87","47","125","94","188","108","109","52","79","49","31","27","82","46","51","33","124","53","389","128","412","132","226","130","197","79","156","77","278","127",
"0500000US08029","Delta County, Colorado","12959","333","616","147","561","180","743","215","802","260","667","175","596","168","545","190","570","158","517","168","1110","211","1353","214","1748","256","881","219","730","192","670","175","850","191",
"0500000US08031","Denver County, Colorado","335428","1490","15323","1057","10183","928","7768","773","9298","852","8102","857","8676","756","8130","721","9441","873","9334","876","18762","1222","29525","1536","41549","1862","32573","1789","26238","1440","37095","1393","63431","1669",
"0500000US08033","Dolores County, Colorado","1254","96","108","68","95","68","10","15","4","6","100","68","43","45","47","56","49","40","36","27","83","87","152","88","62","43","220","86","13","18","118","62","114","96",
"0500000US08035","Douglas County, Colorado","139960","642","3082","486","987","254","1536","340","1537","311","1480","299","1862","311","2217","440","2178","346","2139","292","4265","605","7575","667","13525","934","15007","993","12803","859","23248","1214","46519","1399",
"0500000US08037","Eagle County, Colorado","22058","525","932","403","374","222","424","204","547","244","586","299","432","222","447","225","441","272","685","271","1214","313","2091","543","2293","525","2972","571","1220","341","2816","601","4584","656",
"0500000US08039","Elbert County, Colorado","10004","156","280","96","100","63","158","77","134","63","119","61","208","92","197","78","181","73","148","60","484","142","533","138","1009","201","1232","237","994","204","1634","247","2593","304",
"0500000US08041","El Paso County, Colorado","290190","1184","10106","820","5727","719","5965","656","6290","652","8038","780","8483","874","8317","804","8814","815","9104","910","18171","1258","30418","1481","39463","1820","32519","1340","26810","1314","32679","1374","39286","1442",
"0500000US08043","Fremont County, Colorado","17976","411","945","232","860","198","690","154","1035","243","986","261","710","195","608","172","870","218","621","149","1282","263","1693","333","2471","365","1949","344","1208","258","990","205","1058","256",
"0500000US08045","Garfield County, Colorado","23404","338","736","247","420","151","910","264","666","235","445","180","617","224","613","206","939","274","548","186","1116","254","2446","456","3279","423","2756","429","2330","375","2686","369","2897","398",
"0500000US08047","Gilpin County, Colorado","3122","206","118","92","81","82","55","50","64","61","65","51","144","113","49","36","35","31","135","139","201","128","182","92","508","178","410","206","305","117","190","85","580","258",
"0500000US08049","Grand County, Colorado","7475","450","195","101","171","103","173","93","103","74","276","192","103","70","305","144","550","234","187","97","399","157","705","270","963","226","784","195","687","233","1067","305","807","213",
"0500000US08051","Gunnison County, Colorado","8494","269","472","279","152","76","143","151","225","128","443","180","403","113","168","126","457","281","201","105","313","124","939","260","1186","389","775","223","659","195","873","225","1085","214",
"0500000US08053","Hinsdale County, Colorado","511","71","13","11","10","15","2","3","10","15","26","20","6","9","21","20","0","14","59","57","57","38","48","45","118","55","18","15","35","24","41","28","47","24",
"0500000US08055","Huerfano County, Colorado","3100","214","141","59","190","102","149","83","239","120","154","61","80","44","165","84","236","124","72","43","319","110","323","140","332","140","238","99","151","68","155","68","156","66",
"0500000US08057","Jackson County, Colorado","658","77","27","27","44","41","19","21","58","36","13","20","84","57","31","37","48","52","19","17","36","33","40","26","41","31","98","55","49","34","30","24","21","18",
"0500000US08059","Jefferson County, Colorado","241735","959","6994","621","4177","509","3758","487","5091","569","4915","588","4834","470","5007","589","5939","553","6188","594","12340","898","19295","1132","31080","1191","26633","1267","21246","1090","33950","1307","50288","1621",
"0500000US08061","Kiowa County, Colorado","585","70","26","13","18","15","62","30","4","6","13","14","30","27","12","9","60","36","26","24","52","21","69","33","102","34","31","17","15","13","39","19","26","19",
"0500000US08063","Kit Carson County, Colorado","2896","136","60","25","109","56","157","67","127","55","122","56","114","59","96","62","122","64","73","35","337","94","252","80","436","129","299","85","140","61","243","70","209","82",
"0500000US08065","Lake County, Colorado","3020","283","130","122","133","131","68","72","12","15","64","44","61","42","48","41","70","56","66","67","158","81","356","170","429","156","403","157","279","109","390","150","353","178",
"0500000US08067","La Plata County, Colorado","24378","505","971","238","557","186","869","199","592","219","953","266","1017","250","903","254","637","194","824","208","1238","253","2225","378","3255","410","2526","341","1829","241","2868","365","3114","359",
"0500000US08069","Larimer County, Colorado","154232","780","7769","674","3331","495","3314","442","3890","570","4235","521","4216","525","3963","618","4216","608","5112","623","8870","767","13574","898","19445","1118","17030","905","13701","1020","17260","1071","24306","1228",
"0500000US08071","Las Animas County, Colorado","6513","230","435","125","438","126","413","115","246","81","386","108","391","119","371","132","231","90","236","81","384","108","770","168","811","173","545","127","321","97","239","67","296","95",
"0500000US08073","Lincoln County, Colorado","1971","93","151","76","109","40","77","34","110","43","83","52","119","47","66","46","68","44","62","30","129","57","228","81","202","72","234","64","119","53","105","47","109","52",
"0500000US08075","Logan County, Colorado","8203","201","595","170","393","122","336","126","399","192","325","100","466","155","611","217","471","150","387","128","469","137","714","165","1024","192","617","153","480","169","639","140","277","85",
"0500000US08077","Mesa County, Colorado","65830","622","3229","523","2319","406","1867","359","2511","415","2667","467","2485","433","2216","356","2643","418","2082","414","4788","572","6764","728","9323","798","6847","570","4784","475","5644","523","5661","584",
"0500000US08079","Mineral County, Colorado","386","61","41","34","10","13","24","19","13","14","6","6","16","16","15","13","1","2","13","12","66","40","26","14","45","34","38","17","26","19","28","20","18","17",
"0500000US08081","Moffat County, Colorado","5390","190","275","104","170","108","99","59","112","58","204","79","256","132","267","136","338","114","225","106","355","145","429","133","669","181","711","167","579","149","484","157","217","101",
"0500000US08083","Montezuma County, Colorado","11269","262","642","203","380","117","461","142","533","205","578","186","332","120","424","199","598","215","420","129","816","242","1347","294","1481","267","1098","242","640","161","743","187","776","265",
"0500000US08085","Montrose County, Colorado","18069","369","717","172","692","216","693","185","899","223","726","214","715","231","732","194","638","177","677","184","1319","251","1713","312","2793","334","1861","290","1279","311","1169","241","1446","247",
"0500000US08087","Morgan County, Colorado","11069","220","755","341","377","140","391","126","403","223","190","84","509","247","369","118","355","108","355","119","707","203","1335","272","2240","350","1049","240","757","220","766","175","511","141",
"0500000US08089","Otero County, Colorado","7584","236","412","135","437","182","369","132","404","148","375","135","569","236","473","177","204","77","287","86","594","181","706","196","972","232","685","163","571","149","337","101","189","70",
"0500000US08091","Ouray County, Colorado","2623","167","34","24","41","36","65","57","187","107","97","61","62","51","67","47","55","36","81","52","166","62","226","93","379","97","277","75","333","94","236","66","317","69",
"0500000US08093","Park County, Colorado","8988","358","350","219","106","84","127","75","264","134","180","183","230","122","246","124","254","149","233","136","501","173","709","214","1245","306","1137","345","1026","275","1004","258","1376","320",
"0500000US08095","Phillips County, Colorado","1952","151","68","56","142","81","97","55","79","53","71","45","48","38","17","15","47","33","160","108","217","84","86","30","200","52","175","57","201","100","72","31","272","107",
"0500000US08097","Pitkin County, Colorado","9215","476","380","179","221","120","234","171","385","268","119","105","193","118","260","132","101","69","148","91","428","215","1095","356","1009","262","1212","412","747","246","522","172","2161","376",
"0500000US08099","Prowers County, Colorado","4733","179","369","126","385","138","131","54","208","94","324","103","188","107","319","105","148","54","173","76","269","116","406","128","723","172","386","104","263","106","204","86","237","97",
"0500000US08101","Pueblo County, Colorado","68523","559","4330","455","3118","416","2738","342","3064","448","2567","368","2370","350","2782","379","2737","384","2620","386","5419","608","7755","642","8993","700","5796","606","4540","464","5413","559","4281","468",
"0500000US08103","Rio Blanco County, Colorado","2805","159","83","53","73","47","120","58","58","46","128","75","83","57","89","58","93","67","148","81","226","109","465","145","495","126","297","115","191","97","166","76","90","60",
"0500000US08105","Rio Grande County, Colorado","5133","227","399","183","195","85","105","48","374","185","228","122","92","57","305","151","103","49","190","87","334","124","554","162","647","171","641","247","363","155","321","116","282","96",
"0500000US08107","Routt County, Colorado","11281","362","318","143","269","175","50","38","258","118","120","65","336","131","285","171","522","205","224","101","604","183","977","233","1402","268","1063","184","964","205","1450","304","2439","305",
"0500000US08109","Saguache County, Colorado","3397","131","180","86","392","134","179","91","158","76","157","74","136","67","243","115","136","79","116","85","349","148","263","125","271","109","237","95","181","68","291","110","108","65",
"0500000US08111","San Juan County, Colorado","399","69","50","44","31","35","9","11","17","18","0","14","10","10","0","14","16","19","0","14","19","16","44","53","75","36","53","34","29","22","38","27","8","10",
"0500000US08113","San Miguel County, Colorado","4604","219","132","63","441","344","132","78","152","73","103","74","80","50","92","63","170","76","161","113","299","160","458","209","513","168","358","166","311","127","276","102","926","201",
"0500000US08115","Sedgwick County, Colorado","1022","78","77","35","30","20","77","26","66","35","59","24","39","17","46","21","63","31","33","16","84","28","93","25","102","37","41","16","134","51","36","20","42","21",
"0500000US08117","Summit County, Colorado","12545","638","215","112","133","96","268","185","161","120","199","130","375","168","317","173","472","235","107","85","1030","360","1021","331","1468","354","1078","216","1117","308","1520","279","3064","491",
"0500000US08119","Teller County, Colorado","11860","326","257","110","283","142","270","120","433","168","368","198","244","92","265","146","532","166","350","145","1279","323","1061","265","1570","256","1541","326","989","278","1139","309","1279","216",
"0500000US08121","Washington County, Colorado","2070","65","69","29","63","25","121","36","82","34","57","21","145","48","65","29","92","40","56","26","147","46","306","56","235","49","242","63","84","30","189","74","117","43",
"0500000US08123","Weld County, Colorado","124287","667","4174","493","2930","507","3114","472","2924","492","2729","431","3402","546","3202","489","3766","580","4381","582","6906","618","11130","835","15438","975","14247","914","13338","916","16083","1021","16523","904",
"0500000US08125","Yuma County, Colorado","4078","114","345","197","206","110","136","116","138","99","90","56","143","67","237","111","220","127","204","101","284","97","370","122","599","217","320","104","293","99","189","77","304","122",
"0500000US09110","Capitol Planning Region, Connecticut","391113","1213","19059","1136","12371","998","9642","832","10312","824","11028","821","11271","969","10987","923","11944","1142","10700","893","22838","1207","29139","1455","49096","1724","37456","1392","31211","1255","45867","1578","68192","1778",
"0500000US09120","Greater Bridgeport Planning Region, Connecticut","119633","504","5658","648","5178","610","3508","510","3487","475","3451","511","3504","446","3993","652","4002","582","3407","529","5981","684","9515","1021","13154","985","10513","961","7802","629","11733","759","24747","834",
"0500000US09130","Lower Connecticut River Valley Planning Region, Connecticut","74068","693","2603","368","1512","355","1515","297","1750","389","1868","447","1982","402","1399","282","1355","308","1942","454","3918","544","6737","610","8868","810","8077","636","6112","628","9949","786","14481","776",
"0500000US09140","Naugatuck Valley Planning Region, Connecticut","180116","990","9385","872","6759","823","5000","794","6259","769","5079","511","4470","542","5758","677","5618","745","5471","694","10267","743","14955","1213","21775","1187","19386","1165","13926","1030","20282","1122","25726","1243",
"0500000US09150","Northeastern Connecticut Planning Region, Connecticut","39412","418","1279","295","990","287","972","267","934","223","955","262","1127","277","1052","273","1010","233","822","184","2178","336","4478","513","5691","535","5008","552","3563","448","4442","340","4911","502",
"0500000US09160","Northwest Hills Planning Region, Connecticut","47845","600","2013","429","1099","235","823","238","1273","284","1127","281","1054","239","1347","289","1306","283","1370","300","3376","496","4414","547","6321","668","5451","405","3845","418","4952","495","8074","472",
"0500000US09170","South Central Connecticut Planning Region, Connecticut","230673","1113","12230","968","7461","766","6409","643","7076","850","6829","690","6873","872","7117","721","6895","558","7006","819","12331","859","19607","1174","27174","1626","22420","1322","18122","1105","25722","1090","37401","1312",
"0500000US09180","Southeastern Connecticut Planning Region, Connecticut","115768","890","4633","508","3618","549","3686","443","3187","520","3495","464","3797","470","3748","487","3876","535","3455","651","6957","640","9648","783","15952","1180","11716","825","9756","775","13441","857","14803","947",
"0500000US09190","Western Connecticut Planning Region, Connecticut","235379","1110","7914","859","4929","724","4687","683","5448","834","4591","672","4216","618","4831","593","4874","530","4991","685","9679","979","14324","925","23094","1391","21431","1412","17892","947","26187","1226","76291","1646",
"0500000US10001","Kent County, Delaware","71424","603","2598","447","2423","468","1536","318","2588","506","2123","421","2596","435","2331","404","3907","653","2642","426","5721","791","7480","592","9670","722","8008","698","5883","591","7427","729","4491","502",
"0500000US10003","New Castle County, Delaware","224173","971","9992","910","4907","577","5135","669","5775","714","5595","690","6566","791","7361","862","6830","776","7057","787","14275","917","19276","1294","29156","1449","23739","1339","19297","1145","25646","1386","33566","1541",
"0500000US10005","Sussex County, Delaware","106441","1143","4154","524","3064","512","3050","559","2580","354","3395","421","3603","562","3872","506","3968","531","4150","647","6915","650","10151","679","15564","848","11856","725","7449","635","10738","681","11932","744",
"0500000US11001","District of Columbia, District of Columbia","324491","1816","23408","1360","11115","1158","7364","858","7881","756","5704","699","6292","759","7175","907","6513","840","6867","859","14073","1249","20882","1509","32881","1944","28277","1767","24219","1527","35050","1536","86790","1924",
"0500000US12001","Alachua County, Florida","116786","949","10083","1149","5775","835","4678","660","4342","688","5384","775","4658","730","5013","743","3663","510","4918","731","8111","980","10355","867","13450","935","9870","862","6365","653","8869","950","11252","840",
"0500000US12003","Baker County, Florida","9165","341","256","143","173","132","389","230","240","156","112","78","347","228","329","173","341","212","464","204","833","255","865","287","1149","302","1362","353","802","217","738","370","765","298",
"0500000US12005","Bay County, Florida","78778","1232","2927","488","2550","552","2382","372","2738","518","2875","485","2396","376","2733","362","3280","486","3315","576","6747","843","8315","731","11652","823","7958","784","6053","623","5629","625","7228","761",
"0500000US12007","Bradford County, Florida","9278","343","512","183","562","226","467","218","428","139","207","113","527","195","362","129","316","119","425","175","653","196","921","233","1425","272","800","231","588","191","809","234","276","119",
"0500000US12009","Brevard County, Florida","257695","1860","10418","990","6406","823","8174","838","9399","934","9295","1007","11109","1063","9119","725","9132","756","9162","920","17180","1302","22900","1373","35828","1530","28048","1711","19523","1407","23381","1329","28621","1136",
"0500000US12011","Broward County, Florida","753956","2614","42276","1788","24237","1540","23481","1365","25723","1618","24638","1605","25734","1576","26147","1715","27582","1787","28134","1827","50752","2281","68596","2675","96736","3132","77087","2265","54843","1981","65671","2234","92319","2239",
"0500000US12013","Calhoun County, Florida","4636","252","390","146","307","125","283","115","197","79","239","98","308","151","162","89","232","93","150","94","502","188","403","159","557","167","359","110","206","80","162","91","179","93",
"0500000US12015","Charlotte County, Florida","90542","1202","4158","577","2285","432","3186","504","3512","584","3314","506","3982","581","3692","486","3644","562","3425","567","7365","736","10344","1011","13091","840","8892","842","6547","554","6430","717","6675","695",
"0500000US12017","Citrus County, Florida","71291","1038","4613","616","3210","534","3404","506","3617","482","3178","410","3555","685","3337","417","3384","473","3635","658","6083","614","6602","592","8744","724","6700","663","3039","427","4195","629","3995","497",
"0500000US12019","Clay County, Florida","83707","641","2863","549","1666","484","1596","353","1793","407","2388","484","2781","527","2821","582","2946","584","3104","594","5716","658","7902","993","11983","912","10768","944","8712","878","8393","739","8275","800",
"0500000US12021","Collier County, Florida","165875","1975","6695","751","4550","791","3250","486","4738","684","4881","624","4900","646","5541","747","5627","632","5921","768","9480","813","14714","1018","20069","1228","17338","1332","12375","895","15989","1262","29807","1290",
"0500000US12023","Columbia County, Florida","27430","451","1735","353","1400","324","776","300","1540","383","1351","357","1346","323","958","224","1237","405","1458","357","2099","386","3252","579","3385","638","1905","391","1392","289","2274","407","1322","356",
"0500000US12027","DeSoto County, Florida","12824","360","1113","372","499","187","858","234","563","278","940","249","513","216","452","154","404","149","694","225","1025","238","1615","289","1838","366","866","243","474","174","671","240","299","133",
"0500000US12029","Dixie County, Florida","6236","386","432","148","369","112","299","149","474","186","260","107","455","180","140","79","429","185","243","133","822","319","633","151","550","196","507","176","386","191","217","99","20","25",
"0500000US12031","Duval County, Florida","415128","1729","25680","1580","13383","1151","13350","1260","15199","1278","13724","1175","15086","1398","16720","1293","15980","1571","15849","1397","29653","2168","43237","2002","54335","2184","43222","2043","29921","1763","32659","1814","37130","1599",
"0500000US12033","Escambia County, Florida","129027","1109","6455","666","5201","618","4605","541","4789","595","4876","524","5490","756","5705","743","5406","707","4958","656","8900","757","14498","1055","17043","1098","13065","989","8529","908","9483","852","10024","954",
"0500000US12035","Flagler County, Florida","52582","677","2765","411","835","238","1584","314","2036","478","1638","333","1842","344","1597","315","1924","353","2860","590","3494","494","5026","576","6850","714","6186","704","4002","569","4217","517","5726","645",
"0500000US12037","Franklin County, Florida","4949","245","331","136","329","127","168","86","208","87","245","106","104","52","207","121","242","115","156","73","254","93","630","193","617","154","455","131","266","103","320","123","417","141",
"0500000US12039","Gadsden County, Florida","16872","375","1784","352","1216","319","841","283","903","277","831","237","884","275","944","219","598","184","599","194","1141","329","1479","316","2253","394","1283","302","839","229","753","170","524","185",
"0500000US12041","Gilchrist County, Florida","7151","205","507","179","254","105","196","82","268","142","139","66","455","131","272","126","429","164","288","117","523","135","727","172","949","207","788","230","440","197","442","164","474","181",
"0500000US12043","Glades County, Florida","4500","319","296","195","264","108","255","137","230","93","325","138","208","97","486","186","162","109","105","57","340","160","320","130","473","144","224","118","383","164","322","164","107","56",
"0500000US12045","Gulf County, Florida","5944","370","325","125","196","102","137","75","341","179","233","104","218","92","216","87","362","151","459","194","410","137","541","138","797","164","572","157","251","113","356","108","530","146",
"0500000US12047","Hamilton County, Florida","4281","223","344","117","320","120","113","59","270","118","208","101","351","170","148","77","198","77","179","98","706","246","373","124","373","93","212","80","334","136","103","58","49","33",
"0500000US12049","Hardee County, Florida","8219","270","773","257","371","130","455","211","244","112","427","156","347","197","470","212","184","81","271","93","502","168","934","251","934","232","849","192","622","204","396","151","440","161",
"0500000US12051","Hendry County, Florida","14130","340","847","279","753","289","699","279","608","290","666","227","595","260","963","339","462","207","702","301","1047","301","1368","403","1523","322","1397","364","813","290","718","305","969","348",
"0500000US12053","Hernando County, Florida","82475","832","4265","608","2794","506","2024","390","3403","451","2747","399","3676","540","3787","583","3105","354","3662","512","7173","760","9988","945","11818","813","8650","769","5469","601","5282","698","4632","573",
"0500000US12055","Highlands County, Florida","46879","755","3448","477","2280","411","1717","313","3059","527","1998","366","2337","357","2585","422","1887","275","1914","270","3967","549","5721","543","5956","611","3495","474","2237","328","2126","380","2152","324",
"0500000US12057","Hillsborough County, Florida","583192","1970","31199","1722","17073","1488","15534","1140","18820","1096","18222","1373","20549","1290","21454","1588","20985","1571","20283","1452","37765","1489","56282","2257","71952","2200","62252","2356","41288","1492","54094","1892","75440","2351",
"0500000US12059","Holmes County, Florida","7011","222","385","132","287","121","557","196","451","150","320","133","378","134","420","145","255","94","545","168","664","196","706","153","648","146","522","128","378","121","342","148","153","80",
"0500000US12061","Indian River County, Florida","70816","1026","3758","516","1798","306","1834","360","3058","467","2609","467","2390","387","2557","376","3135","481","2820","480","5022","597","7208","752","9637","742","6720","614","4381","519","5766","689","8123","689",
"0500000US12063","Jackson County, Florida","17276","383","961","223","903","225","1093","303","788","231","1249","283","963","211","980","262","948","212","897","229","1683","317","1631","305","2219","314","1120","215","695","153","553","182","593","172",
"0500000US12065","Jefferson County, Florida","5751","235","504","165","402","189","161","68","87","55","212","102","193","103","189","86","281","103","254","92","497","155","535","168","824","195","515","138","260","110","436","112","401","105",
"0500000US12067","Lafayette County, Florida","2632","212","167","88","194","123","156","80","133","81","98","54","73","65","61","38","73","52","156","71","143","62","424","187","382","173","218","98","142","96","158","69","54","41",
"0500000US12069","Lake County, Florida","164497","1605","7328","806","4558","547","4788","612","5036","720","5531","611","8206","1061","6729","899","6642","710","5931","769","12186","1203","17366","1296","23326","1165","17029","974","12494","1170","14493","1198","12854","965",
"0500000US12071","Lee County, Florida","327803","2445","16639","1247","9185","973","8389","734","10634","932","11790","1149","12293","1189","12553","1029","13316","1025","10529","877","23545","1681","33002","1603","45597","2178","34976","1685","23942","1202","26445","1415","34968","1435",
"0500000US12073","Leon County, Florida","122597","1117","9745","917","4693","672","4731","787","4707","606","4728","723","5626","777","4951","617","4175","572","4162","563","9096","821","10775","969","15872","1138","10229","791","8106","717","9437","713","11564","750",
"0500000US12075","Levy County, Florida","18562","318","989","217","1072","280","1131","275","1260","298","627","144","1126","337","813","234","564","156","483","162","1562","351","2317","398","2073","320","1779","338","985","289","1003","224","778","223",
"0500000US12077","Liberty County, Florida","2563","139","173","80","123","81","167","71","155","95","100","51","82","48","57","45","128","92","161","69","169","75","331","99","231","91","169","67","270","114","137","59","110","57",
"0500000US12079","Madison County, Florida","6976","240","543","202","475","158","429","140","481","180","427","138","439","172","339","134","198","79","197","126","656","167","907","202","841","188","344","132","336","161","216","88","148","90",
"0500000US12081","Manatee County, Florida","176747","1799","8255","875","4365","546","5003","689","5178","688","6058","710","6017","702","6862","945","6904","653","7472","773","12579","1094","16129","1219","22407","1283","18490","1159","13595","1108","16172","1290","21261","1030",
"0500000US12083","Marion County, Florida","164881","1338","9192","877","6335","743","6473","873","6963","916","7788","894","8281","916","8097","759","7639","755","7786","768","12526","1007","18659","1317","22485","1121","14793","976","9670","820","9951","851","8243","795",
"0500000US12085","Martin County, Florida","67801","927","3293","455","1788","305","1640","357","1868","328","2770","495","2716","574","2313","411","3004","463","2081","346","4228","658","5329","580","8253","611","6666","812","5375","696","6320","647","10157","676",
"0500000US12086","Miami-Dade County, Florida","975411","2604","52091","2123","48881","2153","33287","1791","38130","1985","36845","1912","38134","2077","36648","1900","36490","1785","31483","1778","62870","2112","91559","2964","121524","2700","91470","3229","61088","2321","81761","2828","113150","2851",
"0500000US12087","Monroe County, Florida","34405","736","1514","335","912","257","800","253","1036","246","966","329","986","252","923","256","1301","347","1096","293","2202","385","3183","455","3972","511","2959","426","3127","435","3832","528","5596","545",
"0500000US12089","Nassau County, Florida","39307","611","1758","439","1101","307","894","311","1033","243","874","279","1413","383","1007","233","1109","259","1609","470","2010","393","3146","495","6060","667","4625","568","3325","520","3938","531","5405","547",
"0500000US12091","Okaloosa County, Florida","85411","941","2759","438","1855","408","1835","324","2076","369","1995","290","3163","531","3086","453","3497","588","3144","542","6461","681","9448","790","11009","781","10173","897","6769","654","8195","594","9946","712",
"0500000US12093","Okeechobee County, Florida","15113","540","1159","303","501","184","501","177","842","221","756","213","571","204","794","209","755","238","803","235","1156","271","1535","359","2096","357","1274","321","763","219","978","248","629","188",
"0500000US12095","Orange County, Florida","527776","2423","26944","1824","14245","1335","15758","1330","15855","1344","16259","1346","18636","1202","17529","1424","17841","1553","17477","1319","39383","2131","49529","2038","69055","2294","56602","2636","39197","1829","49277","2322","64189","1936",
"0500000US12097","Osceola County, Florida","142794","1627","6001","792","4785","783","4369","803","5659","902","5140","769","5362","849","5360","795","5433","919","5861","954","10901","1084","15282","1215","22143","1534","15771","1415","9529","1000","11344","1057","9854","1060",
"0500000US12099","Palm Beach County, Florida","605430","2705","29853","1337","15863","1040","16406","1152","20599","1544","20470","1374","20358","1349","20537","1590","19846","1419","19435","1196","37223","1672","54315","2201","74953","2669","61204","2303","43729","2072","55342","1975","95297","2389",
"0500000US12101","Pasco County, Florida","236163","1839","11465","903","8061","866","8731","935","8539","829","8892","843","10178","899","8675","801","8632","782","9833","936","17248","1199","24475","1530","29128","1605","23291","1450","16435","1193","20344","1276","22236","1317",
"0500000US12103","Pinellas County, Florida","428473","2451","23239","1215","13946","1024","12966","1039","15358","1137","16411","1045","15507","1080","17350","1343","16866","990","15445","1036","30848","1462","42831","2078","53225","1725","42503","1922","28445","1284","36785","1363","46748","1673",
"0500000US12105","Polk County, Florida","289425","1606","14462","918","10151","818","10331","917","10379","880","11594","854","12317","897","12624","1033","12386","1153","11410","991","23806","1546","33153","1607","40724","1669","29889","1489","17901","1268","19912","1413","18386","1210",
"0500000US12107","Putnam County, Florida","31360","629","2717","513","1957","365","1929","336","1517","325","1599","334","1875","387","1706","397","1270","281","1847","374","1844","329","3167","448","3688","533","1980","430","1492","360","1499","403","1273","324",
"0500000US12109","St. Johns County, Florida","115794","1008","3910","602","1647","372","2336","448","2316","564","2059","428","2129","421","3173","512","3300","666","2552","463","6189","837","10081","976","13383","1151","11366","878","9926","991","15176","1209","26251","1398",
"0500000US12111","St. Lucie County, Florida","137453","1419","7365","1110","3666","563","4193","609","5110","706","5111","652","5396","713","4950","731","4348","585","5531","789","10922","1244","15632","1442","19532","1516","14468","1050","10713","1115","10585","1069","9931","1226",
"0500000US12113","Santa Rosa County, Florida","72605","871","1886","334","1724","390","1690","411","1780","351","1587","336","2351","490","1524","360","2307","421","3158","450","4065","520","6545","645","11153","997","9234","829","7233","883","7745","796","8623","819",
"0500000US12115","Sarasota County, Florida","212204","1723","8215","674","5026","480","5618","572","6660","663","6192","570","7918","940","6558","684","7088","633","8022","943","15093","1009","20301","1197","27605","1444","23353","1183","17611","1242","17834","1003","29110","1370",
"0500000US12117","Seminole County, Florida","187248","1188","6533","793","3554","469","3863","642","5176","636","5228","727","6609","924","5690","653","6437","703","6082","750","14406","1197","18862","1303","24398","1341","21298","1218","15058","973","19120","1315","24934","989",
"0500000US12119","Sumter County, Florida","70318","1305","2680","553","1352","340","1738","427","2511","497","2842","644","2777","530","1870","420","2885","725","2701","516","5795","787","7319","963","11019","1126","8457","1083","5418","759","5127","711","5827","781",
"0500000US12121","Suwannee County, Florida","16112","468","1015","258","763","253","524","192","1126","358","819","228","909","320","719","207","701","257","608","167","1363","320","1746","373","2245","396","1154","376","901","271","647","168","872","318",
"0500000US12123","Taylor County, Florida","7976","356","534","214","431","199","456","162","461","172","449","176","570","190","369","140","526","247","268","132","790","234","693","235","911","339","519","182","369","132","412","179","218","107",
"0500000US12125","Union County, Florida","4316","154","410","158","142","67","112","51","245","118","125","66","51","38","218","95","180","82","154","117","354","134","612","195","540","144","459","126","186","84","286","121","242","108",
"0500000US12127","Volusia County, Florida","241881","1661","11060","927","8201","842","8212","898","8942","806","9670","803","9802","949","10155","996","9831","948","9086","755","18145","1136","25469","1380","36751","1579","23588","1168","17330","1278","17677","1207","17962","1251",
"0500000US12129","Wakulla County, Florida","12745","369","514","220","312","149","269","200","419","231","350","159","458","164","531","166","398","170","260","124","1188","278","1287","378","1958","407","1500","249","1086","285","1302","328","913","246",
"0500000US12131","Walton County, Florida","34362","1055","1514","373","953","221","840","249","851","292","1109","220","1178","372","1113","276","1074","287","1069","268","2513","482","3183","525","4965","625","3228","602","2932","496","2716","471","5124","554",
"0500000US12133","Washington County, Florida","9287","254","533","154","388","146","346","126","533","181","548","198","499","184","373","139","383","128","488","189","584","134","1384","267","1081","192","719","172","657","153","406","116","365","110",
"0500000US13001","Appling County, Georgia","7178","297","527","181","254","102","524","222","663","243","418","168","553","271","364","136","179","104","321","145","638","205","407","138","676","166","641","180","464","137","303","109","246","110",
"0500000US13003","Atkinson County, Georgia","3222","133","151","82","231","107","292","160","86","49","180","100","504","169","121","69","83","55","180","88","290","127","301","104","201","90","288","113","137","93","83","64","94","71",
"0500000US13005","Bacon County, Georgia","4204","170","436","163","236","108","307","155","233","126","257","148","158","79","197","107","296","148","211","105","219","105","315","121","494","156","306","139","299","109","145","103","95","68",
"0500000US13007","Baker County, Georgia","1108","111","86","39","155","81","29","28","42","27","80","67","48","31","73","56","24","22","47","46","58","27","103","45","113","77","69","42","58","52","94","61","29","24",
"0500000US13009","Baldwin County, Georgia","16582","534","1672","376","974","285","571","208","985","344","382","114","612","193","1142","324","796","283","641","213","1364","333","1440","307","1699","272","1404","310","1060","235","1093","254","747","196",
"0500000US13011","Banks County, Georgia","6856","161","289","140","393","187","243","114","240","91","181","87","241","101","251","153","284","156","257","119","567","147","378","123","1096","201","899","204","670","192","507","146","360","132",
"0500000US13013","Barrow County, Georgia","30789","389","1123","256","679","218","582","220","894","271","1048","267","893","225","1112","268","1121","258","920","255","2358","404","3463","404","4922","574","3795","477","2760","353","3017","455","2102","350",
"0500000US13015","Bartow County, Georgia","40819","537","2199","470","966","237","1064","282","1370","302","1353","354","1075","297","1154","274","1356","277","1545","463","2719","455","3853","475","5641","572","5551","526","3324","469","3904","558","3745","527",
"0500000US13017","Ben Hill County, Georgia","7082","267","703","209","485","166","413","175","313","131","471","221","399","194","551","184","453","190","274","175","482","149","701","252","856","194","404","128","154","77","323","128","100","79",
"0500000US13019","Berrien County, Georgia","7045","197","484","142","399","159","591","216","234","106","359","125","417","160","211","81","392","149","278","115","419","97","607","176","907","176","717","184","395","161","348","121","287","94",
"0500000US13021","Bibb County, Georgia","59921","748","5790","681","4612","562","2756","433","2902","411","2768","493","2727","457","3351","448","2230","489","2207","465","3957","505","5348","625","6011","674","4628","675","3209","419","3646","506","3779","449",
"0500000US13023","Bleckley County, Georgia","4465","207","371","154","278","108","190","101","263","134","150","97","185","102","178","109","79","53","159","84","304","125","468","180","499","169","372","139","250","96","539","180","180","102",
"0500000US13025","Brantley County, Georgia","6599","390","430","174","327","150","433","220","432","200","426","234","247","121","176","144","393","165","95","63","406","170","704","216","896","281","523","197","324","158","571","175","216","143",
"0500000US13027","Brooks County, Georgia","6052","244","468","199","549","182","530","173","450","185","273","100","201","88","229","129","227","123","232","114","366","149","756","219","808","193","333","115","249","114","145","83","236","111",
"0500000US13029","Bryan County, Georgia","16603","348","447","152","307","143","297","150","451","237","362","169","472","199","288","133","260","133","150","90","710","225","1630","406","2704","446","1823","367","1828","384","2489","458","2385","501",
"0500000US13031","Bulloch County, Georgia","30856","497","2470","434","1747","377","1467","336","1190","263","1213","289","1056","234","1282","314","1415","300","1313","362","2604","504","2909","468","4318","510","2023","342","1809","415","2354","434","1686","300",
"0500000US13033","Burke County, Georgia","9184","397","708","236","847","264","367","151","382","138","427","186","401","175","457","206","242","131","467","241","825","288","744","274","915","226","741","218","481","141","476","191","704","220",
"0500000US13035","Butts County, Georgia","8941","240","518","287","319","189","157","97","284","127","235","131","109","70","402","214","524","200","429","157","988","262","1021","296","1154","339","915","248","1060","239","426","136","400","174",
"0500000US13037","Calhoun County, Georgia","1593","90","175","70","156","60","102","54","113","58","74","41","54","38","66","40","34","24","48","32","93","49","85","42","335","109","85","57","26","25","55","32","92","60",
"0500000US13039","Camden County, Georgia","21693","429","1086","239","455","145","746","254","802","231","514","209","664","214","819","241","951","315","801","220","1880","279","2234","368","3431","476","2389","349","1882","443","1530","250","1509","248",
"0500000US13043","Candler County, Georgia","4152","165","170","99","199","104","355","158","359","151","288","126","208","104","224","127","34","28","265","109","323","135","520","151","355","102","357","107","204","84","106","63","185","105",
"0500000US13045","Carroll County, Georgia","44106","572","2176","463","1050","286","1981","394","2266","556","1619","361","1667","370","2262","469","1824","410","1250","276","2781","435","3552","419","6579","683","5244","547","3378","461","3472","511","3005","405",
"0500000US13047","Catoosa County, Georgia","26653","444","1189","409","675","228","824","245","898","262","1258","332","821","225","755","225","1174","242","1391","375","1923","354","2483","432","3666","497","3539","574","1754","375","2291","350","2012","334",
"0500000US13049","Charlton County, Georgia","4215","161","279","160","221","92","484","231","165","115","121","84","108","64","134","83","117","81","254","139","200","90","425","175","632","196","260","114","313","125","351","164","151","94",
"0500000US13051","Chatham County, Georgia","120383","1232","7048","665","4011","497","3684","536","3357","516","4831","650","4396","632","4704","713","5747","782","4424","603","8746","701","12219","1086","15588","1187","12646","1083","8281","933","9845","717","10856","674",
"0500000US13053","Chattahoochee County, Georgia","1866","284","116","74","138","108","33","33","67","45","59","38","53","38","84","71","95","47","89","57","169","81","253","154","187","76","278","103","97","55","89","59","59","44",
"0500000US13055","Chattooga County, Georgia","9154","291","665","214","561","156","464","146","525","181","543","139","585","167","528","148","249","112","415","127","1151","249","906","195","859","159","682","183","450","120","337","121","234","87",
"0500000US13057","Cherokee County, Georgia","101514","733","3247","599","1616","341","1791","431","2126","418","2341","596","2175","397","2375","550","2393","514","2275","476","4943","637","8640","843","12354","1020","13211","1080","9490","719","13814","951","18723","1283",
"0500000US13059","Clarke County, Georgia","54454","441","5371","654","2570","463","2277","481","2866","532","2695","524","3037","518","2402","528","2600","487","1879","363","3624","587","4801","680","6289","639","4595","628","2860","483","3068","383","3520","371",
"0500000US13061","Clay County, Georgia","1231","129","42","27","89","57","70","52","34","29","98","62","52","53","70","56","46","44","151","91","51","35","104","81","226","91","61","46","21","31","67","44","49","51",
"0500000US13063","Clayton County, Georgia","105941","907","6947","881","4497","747","2996","529","4520","745","4563","956","4852","705","5033","735","5664","706","4820","800","9216","1044","11086","1331","15151","1319","10042","932","6490","843","5834","827","4230","632",
"0500000US13065","Clinch County, Georgia","2428","155","301","139","233","116","63","63","119","72","103","74","184","85","149","85","41","30","93","67","106","81","292","132","202","107","116","82","248","135","78","53","100","68",
"0500000US13067","Cobb County, Georgia","295714","1381","10234","917","5560","705","5058","590","6292","741","6932","801","6811","682","7622","847","7276","711","8252","887","17023","1199","25954","1310","36681","1592","32119","1536","25449","1405","36081","1583","58370","1677",
"0500000US13069","Coffee County, Georgia","15349","357","1906","390","1076","245","664","203","858","259","701","225","578","186","859","229","459","173","474","206","1258","302","1452","341","1662","297","1343","304","721","187","696","283","642","187",
"0500000US13071","Colquitt County, Georgia","16803","360","1023","251","929","221","1397","368","1063","268","584","162","885","228","748","246","813","229","1071","277","912","220","1440","307","2045","361","1408","247","791","221","988","244","706","201",
"0500000US13073","Columbia County, Georgia","55149","811","2002","426","915","324","733","234","1506","404","1452","425","1123","283","1737","404","1159","304","2166","555","2732","435","6119","749","7229","830","6153","644","4242","464","7237","892","8644","687",
"0500000US13075","Cook County, Georgia","6304","230","506","138","418","159","282","105","383","134","362","141","301","106","298","110","274","112","153","81","521","209","559","187","773","127","321","119","257","93","446","141","450","184",
"0500000US13077","Coweta County, Georgia","56275","447","1676","287","1091","345","1161","287","1322","272","1089","254","1037","312","1970","521","1645","452","2171","467","3603","527","5155","670","7457","816","6604","541","5076","537","7105","653","8113","692",
"0500000US13079","Crawford County, Georgia","4441","227","259","107","200","82","153","99","188","138","206","115","67","44","53","52","153","104","436","234","220","98","600","197","755","264","375","148","143","77","365","141","268","134",
"0500000US13081","Crisp County, Georgia","7908","285","611","235","825","247","437","211","327","144","403","159","662","177","283","160","392","179","396","191","440","215","490","190","943","232","568","225","338","138","387","150","406","167",
"0500000US13083","Dade County, Georgia","6083","257","115","65","227","116","197","85","251","113","613","172","196","111","291","139","399","208","174","87","353","104","595","181","901","214","536","165","465","181","296","114","474","122",
"0500000US13085","Dawson County, Georgia","11573","296","462","188","181","99","287","127","247","133","205","78","277","152","281","123","316","158","378","151","967","248","862","192","1723","329","1469","241","848","251","1625","329","1445","276",
"0500000US13087","Decatur County, Georgia","10621","420","1148","280","584","213","688","207","335","123","483","174","700","256","455","181","333","180","367","165","783","299","1087","274","1059","238","1322","319","486","175","400","175","391","172",
"0500000US13089","DeKalb County, Georgia","287239","1844","15479","1226","7792","1137","8565","874","9085","1218","8324","933","10030","1141","11399","1112","9904","1203","9270","818","19452","1319","25777","1518","34217","1457","25164","1289","20460","1175","25867","1357","46454","1499",
"0500000US13091","Dodge County, Georgia","6881","233","444","154","620","189","384","136","236","88","271","107","299","169","408","166","295","104","394","178","680","227","520","151","710","170","774","255","323","123","371","125","152","71",
"0500000US13093","Dooly County, Georgia","4031","203","132","85","187","101","175","99","446","205","163","116","136","81","118","64","137","86","144","89","340","163","560","252","536","176","309","124","121","62","218","99","309","106",
"0500000US13095","Dougherty County, Georgia","34280","661","3446","447","2357","363","1841","385","1961","424","1448","264","1570","369","1651","310","1278","318","2041","454","2886","431","3745","536","3804","522","2146","377","1696","369","1227","234","1183","235",
"0500000US13097","Douglas County, Georgia","52079","631","2940","785","1031","332","1280","370","1532","389","1324","360","1077","296","1420","371","1676","420","2333","572","3359","536","5451","760","8922","972","5228","671","4598","645","4894","711","5014","658",
"0500000US13099","Early County, Georgia","4114","181","233","79","386","152","268","107","267","96","229","91","115","65","138","70","188","98","170","87","209","86","437","167","528","146","334","106","305","108","171","64","136","76",
"0500000US13101","Echols County, Georgia","1145","112","106","82","22","31","30","32","60","49","66","40","15","18","19","21","56","38","61","42","142","68","97","53","159","68","183","81","8","15","35","27","86","49",
"0500000US13103","Effingham County, Georgia","24287","337","743","196","557","207","529","157","527","180","597","256","699","220","550","162","733","272","727","225","1654","431","2522","410","3943","508","3531","493","1980","328","2469","376","2526","471",
"0500000US13105","Elbert County, Georgia","8376","245","544","182","441","151","327","128","453","155","321","118","172","78","442","189","504","194","429","162","666","182","743","235","1069","222","849","271","531","184","582","225","303","125",
"0500000US13107","Emanuel County, Georgia","8312","332","615","189","438","164","634","193","356","137","353","124","315","103","541","185","359","106","421","203","791","261","1244","297","797","168","598","224","404","132","287","86","159","78",
"0500000US13109","Evans County, Georgia","4077","172","302","119","223","107","145","92","242","104","226","107","197","95","168","82","140","68","264","109","549","187","462","147","366","139","350","109","154","65","128","78","161","85",
"0500000US13111","Fannin County, Georgia","11890","606","717","292","335","120","564","215","335","224","805","311","498","183","639","196","522","184","490","179","1232","360","1418","322","1258","297","813","259","314","122","1134","291","816","204",
"0500000US13113","Fayette County, Georgia","44581","439","1375","326","547","203","594","204","1040","310","959","325","834","235","1092","275","851","203","1525","364","2027","392","3543","528","5178","611","5347","657","4327","500","6026","624","9316","618",
"0500000US13115","Floyd County, Georgia","36856","404","1785","371","1671","324","1460","325","1816","421","1432","260","1453","263","1780","377","1502","363","1556","285","2461","329","3952","570","4259","459","3590","458","2873","552","2817","455","2449","373",
"0500000US13117","Forsyth County, Georgia","89030","572","2116","401","588","165","951","245","1291","253","1368","282","1296","264","1447","368","1640","343","1539","297","3257","462","4245","533","9143","746","8603","696","9105","816","14462","775","27979","1031",
"0500000US13119","Franklin County, Georgia","8994","300","828","217","419","129","622","189","469","170","285","118","430","170","397","131","551","181","291","117","820","198","792","247","1068","232","622","151","432","129","533","149","435","138",
"0500000US13121","Fulton County, Georgia","462481","1915","26675","1990","15977","1234","12983","1260","11612","1239","11064","982","12436","1331","12937","1410","13851","1417","11411","1224","23683","1726","34492","1846","53957","2236","45483","2000","30793","1662","47669","2078","97458","2473",
"0500000US13123","Gilmer County, Georgia","13015","516","554","178","453","295","576","175","417","127","813","221","594","176","408","141","403","121","479","157","630","158","1220","265","2132","397","1568","395","1021","255","999","231","748","177",
"0500000US13125","Glascock County, Georgia","1036","93","51","32","91","53","41","34","28","24","50","32","45","38","57","43","48","35","25","25","131","54","63","42","226","100","60","49","57","35","51","40","12","15",
"0500000US13127","Glynn County, Georgia","35543","731","2113","423","1216","294","1179","301","1656","359","998","278","1629","361","1522","470","1588","426","971","293","2463","460","3567","530","4826","635","3364","485","2292","392","2553","419","3606","432",
"0500000US13129","Gordon County, Georgia","21348","427","757","207","858","241","849","277","1081","314","741","222","873","286","1165","316","1274","311","724","251","1628","299","2514","393","2409","365","1835","322","1316","252","1911","430","1413","339",
"0500000US13131","Grady County, Georgia","10108","356","834","226","448","151","530","193","458","188","492","168","527","178","280","128","507","140","296","118","733","206","781","210","1577","315","852","208","494","168","622","220","677","228",
"0500000US13133","Greene County, Georgia","8198","306","334","131","267","137","394","115","286","133","163","101","336","115","317","165","274","104","329","132","323","94","598","174","1028","219","781","202","622","160","719","189","1427","206",
"0500000US13135","Gwinnett County, Georgia","327043","1100","12834","1215","6219","787","6854","1064","8209","859","9934","1126","9860","1040","10938","1190","10570","780","11692","1208","19695","1359","32004","1745","44103","2103","35931","1779","26498","1647","38571","1712","43131","1745",
"0500000US13137","Habersham County, Georgia","16753","377","811","201","876","232","605","140","748","216","474","162","558","163","727","215","577","162","752","204","1388","259","1597","222","2407","347","1653","270","1125","257","1338","278","1117","235",
"0500000US13139","Hall County, Georgia","73551","786","2928","453","1948","405","1721","316","2568","376","2145","389","2378","457","2355","466","2502","464","2402","430","4558","596","8886","919","10150","900","7801","689","5673","552","6996","731","8540","664",
"0500000US13141","Hancock County, Georgia","2922","280","233","116","171","99","278","138","381","166","100","86","202","94","93","58","209","131","18","23","102","82","377","131","147","61","81","46","110","91","310","199","110","78",
"0500000US13143","Haralson County, Georgia","11747","333","845","280","452","153","519","177","346","162","218","102","406","168","267","90","803","237","355","139","800","204","982","226","1860","360","935","214","800","201","1361","284","798","286",
"0500000US13145","Harris County, Georgia","13027","352","496","140","248","107","270","114","411","158","249","152","316","168","313","145","266","104","344","155","461","141","1573","317","1802","343","1659","300","1133","220","1412","269","2074","323",
"0500000US13147","Hart County, Georgia","11034","341","677","207","620","207","436","146","464","147","354","124","351","127","520","195","539","176","670","237","948","228","900","224","1651","342","936","198","698","185","577","145","693","176",
"0500000US13149","Heard County, Georgia","4309","168","255","110","303","167","153","80","154","79","245","144","183","87","133","62","174","87","259","119","222","104","328","130","513","150","511","125","322","91","268","76","286","106",
"0500000US13151","Henry County, Georgia","86704","692","2719","435","1535","372","1444","378","1822","414","1987","567","2392","494","3178","718","2799","498","2812","456","7424","941","9309","994","14935","1195","10179","1021","7286","904","8837","746","8046","680",
"0500000US13153","Houston County, Georgia","63851","755","3244","529","1741","377","1896","532","2018","409","1972","375","2000","353","2513","538","2442","508","2082","475","3564","561","6218","781","9388","929","7456","807","5508","807","6434","824","5375","761",
"0500000US13155","Irwin County, Georgia","3589","200","378","183","115","81","212","114","181","107","149","75","209","109","76","46","200","104","223","97","225","107","355","138","551","192","217","110","216","97","198","103","84","67",
"0500000US13157","Jackson County, Georgia","28402","389","751","253","703","269","530","165","435","134","879","259","756","212","1082","300","1044","271","824","269","2162","333","2722","444","4236","417","3189","432","2617","372","2969","408","3503","463",
"0500000US13159","Jasper County, Georgia","5965","214","552","185","200","90","135","76","196","105","309","166","240","111","60","46","224","111","362","160","695","192","562","181","557","175","696","169","283","108","455","160","439","166",
"0500000US13161","Jeff Davis County, Georgia","5484","283","561","206","344","144","299","127","443","231","481","188","177","83","414","159","296","122","169","106","345","130","338","128","618","200","384","161","146","93","292","127","177","92",
"0500000US13163","Jefferson County, Georgia","5751","238","403","152","389","138","267","121","279","108","389","165","217","70","306","122","304","124","194","77","411","139","522","159","678","149","526","186","362","114","356","135","148","67",
"0500000US13165","Jenkins County, Georgia","3216","262","244","217","212","129","428","246","175","113","125","98","130","99","160","104","156","103","178","102","327","171","145","100","265","112","316","171","210","114","37","35","108","90",
"0500000US13167","Johnson County, Georgia","3217","106","327","111","139","74","304","80","99","53","158","80","208","94","132","78","110","59","113","54","169","73","473","147","330","114","225","79","176","80","148","82","106","61",
"0500000US13169","Jones County, Georgia","10786","303","485","166","271","105","431","161","341","148","530","182","394","163","336","131","327","164","277","116","769","204","1179","266","1539","285","1164","283","839","246","1276","264","628","178",
"0500000US13171","Lamar County, Georgia","7133","216","470","209","277","112","173","97","189","109","216","120","237","128","175","101","140","79","195","89","915","274","932","251","919","185","716","198","605","212","497","184","477","165",
"0500000US13173","Lanier County, Georgia","3483","162","364","122","234","122","88","65","241","145","96","70","278","134","66","50","232","104","254","134","165","102","266","109","386","144","245","94","171","110","255","124","142","90",
"0500000US13175","Laurens County, Georgia","18592","403","1194","287","1364","276","1421","306","1001","301","945","255","785","195","576","168","595","196","796","259","1132","239","1775","395","1923","280","1667","316","1210","250","1260","217","948","297",
"0500000US13177","Lee County, Georgia","12287","239","216","121","291","152","291","178","300","131","428","179","241","109","345","139","519","199","284","131","735","204","1360","386","1956","317","1933","361","1169","284","1397","313","822","222",
"0500000US13179","Liberty County, Georgia","23998","509","1846","366","919","259","693","238","682","212","790","279","977","227","1042","272","1474","387","1291","349","2149","352","2817","371","3400","522","2328","366","1341","336","1484","317","765","196",
"0500000US13181","Lincoln County, Georgia","2997","179","127","74","116","68","99","57","187","139","164","117","101","78","109","63","254","144","128","64","304","104","287","99","245","88","490","148","95","59","178","66","113","62",
"0500000US13183","Long County, Georgia","6162","269","193","108","412","207","122","71","281","135","162","99","397","213","148","107","498","187","155","71","263","118","697","227","1200","301","452","187","780","229","297","154","105","59",
"0500000US13185","Lowndes County, Georgia","46106","654","5049","670","1737","364","1656","346","2435","482","2151","443","1834","335","1909","389","1238","293","1713","357","3771","564","4763","624","5955","615","3934","523","2802","436","2720","417","2439","397",
"0500000US13187","Lumpkin County, Georgia","11669","399","533","197","307","122","410","164","616","204","440","145","600","265","429","207","324","134","323","119","769","184","965","195","1690","295","1266","261","632","183","1251","304","1114","199",
"0500000US13189","McDuffie County, Georgia","8149","326","783","314","385","173","430","186","251","156","349","173","538","191","503","198","285","144","244","108","406","162","947","297","848","218","669","210","571","233","473","140","467","166",
"0500000US13191","McIntosh County, Georgia","5067","210","319","113","245","116","438","161","320","113","281","109","239","122","204","108","167","71","311","145","342","115","411","97","511","150","395","169","194","88","295","108","395","124",
"0500000US13193","Macon County, Georgia","4142","178","468","144","459","131","257","104","275","121","193","95","242","102","111","51","246","136","107","65","291","119","449","143","276","107","274","94","130","75","249","119","115","56",
"0500000US13195","Madison County, Georgia","11242","275","608","192","492","211","546","217","403","159","250","87","667","312","518","184","283","134","808","238","779","226","1096","251","1694","364","1306","327","551","168","725","171","516","225",
"0500000US13197","Marion County, Georgia","2966","180","333","100","77","44","128","85","199","86","154","86","112","62","152","91","119","59","111","73","247","124","400","149","187","80","345","131","94","52","199","116","109","70",
"0500000US13199","Meriwether County, Georgia","8391","256","727","180","365","154","218","113","368","138","205","81","482","146","436","141","431","138","232","84","859","184","1135","204","1020","202","691","182","421","123","495","147","306","113",
"0500000US13201","Miller County, Georgia","2573","103","116","57","179","92","344","102","163","75","205","115","67","54","26","23","66","48","92","44","136","68","335","100","213","81","237","83","60","36","242","97","92","46",
"0500000US13205","Mitchell County, Georgia","7813","256","711","214","642","234","407","162","309","118","397","170","273","113","270","103","424","173","210","103","359","138","815","306","1560","306","299","98","483","154","432","159","222","98",
"0500000US13207","Monroe County, Georgia","10554","329","281","136","246","110","294","193","255","132","397","184","308","146","375","168","403","167","292","144","800","269","1091","254","1442","301","1016","257","1200","332","840","236","1314","264",
"0500000US13209","Montgomery County, Georgia","3143","131","219","64","175","69","161","74","167","71","129","60","238","91","103","46","132","54","218","73","220","73","191","64","312","83","326","91","131","61","206","63","215","99",
"0500000US13211","Morgan County, Georgia","8120","224","324","143","391","166","140","80","273","151","245","145","290","132","291","117","138","88","327","128","657","223","768","188","1129","263","725","158","728","201","909","202","785","178",
"0500000US13213","Murray County, Georgia","15246","277","733","195","644","205","736","196","513","168","444","155","763","255","846","220","689","178","651","190","775","164","1545","297","2632","433","1563","316","957","242","951","267","804","386",
"0500000US13215","Muscogee County, Georgia","81415","740","7161","854","3865","611","3104","460","3563","551","3379","508","4083","634","3648","558","3198","525","3485","575","6438","765","8622","787","10053","890","7232","813","3937","546","4267","551","5380","634",
"0500000US13217","Newton County, Georgia","41203","537","1739","335","755","328","725","216","1604","447","2032","482","1402","335","1018","263","1752","409","1468","339","2750","583","4505","663","6662","677","4641","709","3426","634","4360","749","2364","383",
"0500000US13219","Oconee County, Georgia","14994","306","542","225","207","99","172","84","208","110","288","145","263","106","225","86","243","103","294","129","733","215","867","246","2018","313","1593","309","1396","255","2110","299","3835","483",
"0500000US13221","Oglethorpe County, Georgia","5411","233","379","119","282","115","141","71","245","98","180","80","218","114","216","90","145","66","159","67","340","105","398","110","860","182","568","146","408","135","391","110","481","180",
"0500000US13223","Paulding County, Georgia","60008","596","1803","403","547","228","570","199","1506","392","1115","361","1034","254","1597","416","1374","317","1905","416","3562","580","5661","696","9771","1002","8094","813","6610","822","8273","864","6586","912",
"0500000US13225","Peach County, Georgia","10598","378","751","232","268","124","425","173","359","161","503","203","618","267","304","172","382","173","229","109","649","166","1008","228","1532","357","763","224","992","222","1037","258","778","295",
"0500000US13227","Pickens County, Georgia","13430","373","344","145","437","152","429","151","585","248","558","176","431","169","547","190","398","146","439","186","885","194","1123","223","1789","288","1983","386","954","279","1161","276","1367","264",
"0500000US13229","Pierce County, Georgia","7605","289","350","135","408","143","128","72","465","207","201","104","586","204","317","116","356","136","343","183","608","230","647","211","1108","220","504","174","568","163","444","172","572","220",
"0500000US13231","Pike County, Georgia","6721","133","416","139","118","64","259","96","136","63","202","99","97","51","304","122","223","115","279","114","418","150","524","166","955","174","848","172","457","108","765","167","720","170",
"0500000US13233","Polk County, Georgia","15901","374","515","211","1075","253","763","238","786","256","953","252","729","236","684","242","559","174","557","204","1627","403","1587","321","1979","410","1654","451","746","197","870","329","817","344",
"0500000US13235","Pulaski County, Georgia","3575","357","357","176","273","154","106","60","85","63","165","100","263","119","210","147","143","80","167","90","254","112","289","107","382","136","389","142","275","104","58","35","159","102",
"0500000US13237","Putnam County, Georgia","10435","356","481","174","146","77","846","287","388","147","296","95","756","221","307","154","593","260","187","95","805","276","561","186","1445","280","856","251","707","217","760","257","1301","332",
"0500000US13239","Quitman County, Georgia","1067","139","130","86","37","35","124","102","22","20","95","61","10","16","113","87","65","47","78","74","31","31","98","64","54","29","40","33","148","88","0","14","22","22",
"0500000US13241","Rabun County, Georgia","7615","332","355","123","387","142","327","112","340","127","356","117","387","141","198","92","299","94","215","77","470","115","759","170","1230","174","783","156","395","119","357","86","757","184",
"0500000US13243","Randolph County, Georgia","2688","276","314","172","528","267","188","117","269","187","80","64","53","37","234","148","133","109","142","96","127","62","199","142","71","43","52","54","153","92","103","67","42","54",
"0500000US13245","Richmond County, Georgia","76694","1099","5863","724","4448","620","4079","602","3659","509","3569","578","3681","589","3194","436","3456","553","2946","419","5638","563","7602","938","9930","1111","6597","756","4056","547","3773","478","4203","408",
"0500000US13247","Rockdale County, Georgia","34437","371","1335","234","606","226","556","203","1264","324","949","213","1235","362","1662","512","1277","309","1172","402","2223","474","4279","562","5462","600","4061","732","2126","450","3442","475","2788","400",
"0500000US13249","Schley County, Georgia","1639","143","101","55","107","88","56","41","99","47","108","58","97","69","58","38","66","43","28","25","146","68","170","89","230","98","121","49","89","39","35","31","128","57",
"0500000US13251","Screven County, Georgia","4932","215","322","132","275","111","296","111","241","110","198","99","207","102","431","194","248","109","187","86","334","109","415","131","616","183","416","153","207","95","306","120","233","98",
"0500000US13253","Seminole County, Georgia","3767","203","407","131","277","138","208","142","208","117","112","75","187","111","140","92","197","90","176","98","276","109","236","94","323","126","244","94","270","136","401","116","105","57",
"0500000US13255","Spalding County, Georgia","26471","407","1647","359","1273","294","1094","286","1281","324","1184","251","1417","397","1123","336","927","235","1062","324","1834","374","3121","469","3595","481","2066","428","1836","308","1533","333","1478","275",
"0500000US13257","Stephens County, Georgia","10524","293","699","172","410","131","686","217","676","195","542","184","572","201","268","109","584","200","400","122","878","189","1181","280","1454","258","749","167","651","198","414","170","360","133",
"0500000US13259","Stewart County, Georgia","1771","207","334","207","157","72","64","43","196","209","87","52","107","86","81","53","50","40","44","32","86","56","98","55","147","82","144","72","36","30","64","45","76","85",
"0500000US13261","Sumter County, Georgia","10986","420","761","211","660","226","429","177","554","192","861","258","894","278","752","241","889","313","541","218","631","202","842","229","1056","274","934","259","368","122","400","141","414","142",
"0500000US13263","Talbot County, Georgia","2529","137","211","82","173","75","184","86","138","69","127","58","243","77","124","56","127","71","117","60","80","44","307","86","279","98","164","75","75","48","51","39","129","83",
"0500000US13265","Taliaferro County, Georgia","588","101","26","18","57","36","17","11","12","8","31","36","19","14","50","28","16","12","62","64","37","19","84","47","52","31","39","24","58","38","18","15","10","7",
"0500000US13267","Tattnall County, Georgia","7630","278","722","223","511","180","461","172","368","173","256","112","509","228","262","113","316","139","384","129","547","151","867","217","877","239","613","203","289","131","355","142","293","103",
"0500000US13269","Taylor County, Georgia","3179","158","307","111","487","151","201","103","198","79","37","22","121","59","177","78","190","113","135","84","277","94","235","95","213","87","212","86","172","85","107","55","110","56",
"0500000US13271","Telfair County, Georgia","3351","209","385","131","163","77","373","142","186","117","98","76","159","93","113","62","55","34","116","91","359","131","503","180","352","123","102","49","125","62","205","81","57","38",
"0500000US13273","Terrell County, Georgia","3383","192","227","101","290","149","188","94","256","113","214","89","181","125","198","118","108","59","99","62","165","69","215","81","448","125","238","100","298","98","132","58","126","62",
"0500000US13275","Thomas County, Georgia","18684","387","861","179","1065","242","966","260","1022","258","872","210","655","235","1013","239","934","290","918","246","938","218","1585","298","2490","381","1898","337","1265","286","1354","333","848","238",
"0500000US13277","Tift County, Georgia","15640","323","1143","288","722","181","845","275","735","229","923","284","1056","306","505","167","910","284","638","190","1097","280","1392","293","1761","303","1481","333","633","205","1029","257","770","215",
"0500000US13279","Toombs County, Georgia","10409","388","853","244","550","165","587","234","719","191","381","177","603","204","327","132","420","153","474","185","892","291","1138","236","1111","237","862","251","546","185","563","181","383","135",
"0500000US13281","Towns County, Georgia","5924","325","347","151","284","143","283","152","323","125","442","159","330","111","184","88","215","85","125","52","447","129","651","207","727","164","564","140","341","131","251","83","410","132",
"0500000US13283","Treutlen County, Georgia","2261","230","74","50","156","100","103","81","76","59","177","88","238","113","93","53","99","77","73","61","116","59","238","107","263","103","284","111","40","31","112","60","119","89",
"0500000US13285","Troup County, Georgia","26904","475","1707","386","1621","381","1058","303","1099","303","1165","346","1145","282","1494","462","1783","461","884","286","2192","450","2393","408","3106","475","2304","396","1677","352","1515","322","1761","333",
"0500000US13287","Turner County, Georgia","3295","215","310","127","360","135","232","112","136","83","341","137","203","116","134","116","153","135","150","89","209","90","184","95","235","86","285","123","128","76","171","79","64","39",
"0500000US13289","Twiggs County, Georgia","2888","177","250","117","189","86","208","101","126","78","88","65","162","71","122","71","46","42","128","68","187","63","350","128","264","94","177","99","191","80","185","84","215","91",
"0500000US13291","Union County, Georgia","11490","408","493","135","323","119","380","192","693","350","656","209","448","174","332","119","350","117","466","213","963","208","1136","205","1908","324","920","235","848","172","705","223","869","209",
"0500000US13293","Upson County, Georgia","10595","328","557","218","1030","263","488","167","617","250","476","201","499","186","406","172","440","119","584","217","452","200","1069","286","1419","266","801","218","463","166","696","245","598","242",
"0500000US13295","Walker County, Georgia","26355","496","1261","274","1128","303","783","212","1446","321","1127","235","1139","274","1372","348","1398","379","1504","375","2120","392","2498","372","3632","527","2809","458","1505","298","1323","260","1310","377",
"0500000US13297","Walton County, Georgia","35755","467","1262","329","768","244","1424","353","891","253","1104","268","1185","285","1121","303","1676","400","1629","375","1753","337","3018","472","5041","611","4613","582","2979","357","4016","522","3275","439",
"0500000US13299","Ware County, Georgia","12957","375","903","282","1264","304","860","247","906","295","497","168","422","175","602","225","625","233","678","246","1292","334","1357","321","1707","335","616","163","511","225","412","149","305","128",
"0500000US13301","Warren County, Georgia","2097","130","223","88","161","75","166","78","46","36","87","53","104","56","138","80","138","81","60","48","179","89","254","97","193","73","188","72","53","38","76","45","31","24",
"0500000US13303","Washington County, Georgia","7330","260","728","231","366","134","398","145","491","179","406","124","545","215","312","123","383","150","272","117","390","132","535","155","793","193","698","197","437","148","328","120","248","111",
"0500000US13305","Wayne County, Georgia","11061","382","595","184","833","254","981","264","545","274","388","134","602","230","583","224","322","141","430","206","600","165","1288","359","1599","348","752","199","463","130","616","219","464","170",
"0500000US13307","Webster County, Georgia","843","110","43","34","27","25","92","73","55","54","98","65","40","31","28","24","17","19","37","32","62","38","87","40","122","60","50","40","49","41","13","17","23","31",
"0500000US13309","Wheeler County, Georgia","1615","141","159","83","195","106","165","95","24","21","76","55","133","69","43","35","59","45","142","93","69","60","183","102","167","99","68","48","54","61","60","51","18","29",
"0500000US13311","White County, Georgia","10729","390","541","195","186","108","377","191","302","129","532","200","400","124","408","157","560","199","495","181","846","218","1005","275","1489","251","1436","292","624","205","980","239","548","146",
"0500000US13313","Whitfield County, Georgia","36834","474","1605","396","1255","299","1202","305","1894","360","1621","372","1802","389","1557","348","1599","328","1625","349","2530","485","3811","498","5580","540","3791","496","2348","375","2194","320","2420","389",
"0500000US13315","Wilcox County, Georgia","2614","157","190","77","205","92","166","70","114","61","99","42","86","42","153","76","101","52","92","41","205","89","265","71","371","99","219","59","122","55","148","56","78","36",
"0500000US13317","Wilkes County, Georgia","4133","225","419","155","338","162","101","59","182","78","162","75","158","87","125","83","244","95","179","77","435","118","404","127","568","167","358","103","184","90","176","77","100","59",
"0500000US13319","Wilkinson County, Georgia","3473","182","366","114","243","82","276","94","154","68","169","78","210","72","210","78","91","47","182","67","295","98","272","84","337","92","256","78","231","87","122","65","59","42",
"0500000US13321","Worth County, Georgia","7739","277","546","156","601","166","339","132","274","110","325","132","485","164","240","82","289","118","311","137","530","157","1036","234","858","213","847","220","455","139","259","89","344","132",
"0500000US15001","Hawaii County, Hawaii","74072","842","5109","768","3068","478","2276","342","2453","426","2609","378","2045","390","2348","425","1949","412","2088","416","4421","516","7071","708","9474","836","7522","747","5489","544","6707","607","9443","745",
"0500000US15003","Honolulu County, Hawaii","338868","1631","13514","888","7827","732","5688","515","7829","696","6151","608","7319","631","7602","632","8529","696","9241","769","18625","1071","25970","1226","41199","1619","37659","1336","30277","1183","43591","1553","67847","1868",
"0500000US15005","Kalawao County, Hawaii","40","24","0","12","0","12","0","12","2","3","9","5","3","3","0","12","0","12","0","12","2","3","4","3","18","25","0","12","0","12","2","2","0","12",
"0500000US15007","Kauai County, Hawaii","23632","543","969","250","459","145","540","155","507","163","603","169","777","243","617","186","446","143","518","184","1211","255","2809","372","2694","287","2630","385","2358","320","2856","391","3638","369",
"0500000US15009","Maui County, Hawaii","55841","694","2099","397","1379","286","1255","286","1402","305","1516","316","1168","206","1388","265","1404","351","1308","234","3295","483","4529","472","7903","698","5982","597","4878","434","6349","552","9986","691",
"0500000US16001","Ada County, Idaho","202543","934","6260","724","4697","569","3722","462","5187","550","4155","395","5237","609","5433","618","6640","790","6128","711","12610","1035","20218","1303","30238","1601","23308","1209","17621","1266","21921","1261","29168","1522",
"0500000US16003","Adams County, Idaho","1776","120","87","56","57","37","124","66","48","33","58","33","47","31","66","36","46","40","98","50","210","83","227","79","230","76","117","48","64","42","107","53","190","80",
"0500000US16005","Bannock County, Idaho","33590","404","1605","241","1120","201","1511","319","1620","261","1118","214","1288","311","1704","389","1210","278","1578","269","2415","373","3430","348","4715","409","3373","373","2419","348","2160","314","2324","300",
"0500000US16007","Bear Lake County, Idaho","2278","148","81","44","74","42","66","33","83","41","97","49","80","43","110","49","85","46","120","67","137","53","201","70","419","108","193","59","199","74","193","63","140","58",
"0500000US16009","Benewah County, Idaho","4072","128","291","137","156","62","131","57","174","70","145","56","171","80","191","78","276","116","114","48","400","111","398","115","555","135","468","154","213","62","191","69","198","58",
"0500000US16011","Bingham County, Idaho","16132","320","680","164","354","122","454","146","444","136","728","228","685","229","516","177","478","133","755","187","1209","213","1511","331","2427","344","1853","312","1306","274","1530","251","1202","257",
"0500000US16013","Blaine County, Idaho","10413","428","224","156","115","70","133","91","269","171","240","124","273","152","590","245","491","249","360","151","607","235","914","294","1496","360","1303","333","924","245","967","261","1507","403",
"0500000US16015","Boise County, Idaho","3593","251","109","48","49","29","128","49","74","42","152","71","57","34","236","112","103","47","112","55","309","109","362","110","641","174","566","173","196","65","306","94","193","77",
"0500000US16017","Bonner County, Idaho","20283","472","710","167","687","191","700","161","708","174","1153","263","831","226","652","176","982","227","743","192","1861","363","2292","398","2547","364","1815","314","1378","242","1442","272","1782","298",
"0500000US16019","Bonneville County, Idaho","44184","433","1210","243","987","231","971","215","1535","374","1792","336","1303","301","1398","304","1605","277","1533","252","3022","394","5323","610","6886","600","5023","573","3422","395","4032","518","4142","386",
"0500000US16021","Boundary County, Idaho","5046","225","308","147","268","137","173","91","214","106","163","89","121","74","160","99","244","113","193","131","367","119","622","191","665","184","560","193","393","143","304","125","291","112",
"0500000US16023","Butte County, Idaho","1073","119","26","20","94","45","72","40","29","17","36","31","53","38","132","64","21","12","53","38","73","31","87","33","202","75","53","24","71","28","33","22","38","23",
"0500000US16025","Camas County, Idaho","370","81","9","15","16","19","9","9","5","7","5","6","52","36","13","11","32","30","14","10","39","20","20","14","43","22","28","17","26","20","25","15","34","30",
"0500000US16027","Canyon County, Idaho","86069","584","2651","368","1961","354","2004","414","2834","441","2823","384","2608","407","2760","402","3681","473","3288","428","7037","719","10325","834","13365","1073","11497","910","6741","653","7218","667","5276","587",
"0500000US16029","Caribou County, Idaho","2474","151","50","30","62","41","112","50","86","45","150","51","93","61","96","41","182","82","95","58","167","64","270","77","348","91","236","74","262","78","163","55","102","44",
"0500000US16031","Cassia County, Idaho","8495","184","330","152","209","102","399","145","259","100","398","127","215","80","415","147","247","109","429","145","555","143","1011","180","1331","218","1026","186","592","151","594","142","485","146",
"0500000US16033","Clark County, Idaho","279","58","4","6","3","6","3","5","22","16","15","10","48","47","11","12","6","7","18","14","15","12","66","34","24","12","22","14","7","7","15","14","0","12",
"0500000US16035","Clearwater County, Idaho","3636","129","169","59","165","67","185","60","170","60","224","90","124","54","187","71","107","37","180","93","307","88","280","76","535","104","471","105","152","55","235","67","145","58",
"0500000US16037","Custer County, Idaho","1943","164","106","69","163","127","149","109","30","30","93","65","146","95","43","35","67","46","6","11","102","61","202","95","439","194","227","118","44","35","67","39","59","42",
"0500000US16039","Elmore County, Idaho","11067","191","423","174","262","97","210","81","346","113","484","169","720","215","563","223","603","220","483","145","946","213","1195","178","1550","222","1156","212","824","213","819","184","483","143",
"0500000US16041","Franklin County, Idaho","4932","154","195","103","120","71","264","114","34","34","92","59","86","67","69","52","220","93","272","117","605","160","549","158","635","168","489","144","451","147","456","135","395","126",
"0500000US16043","Fremont County, Idaho","4654","236","201","90","49","31","94","43","224","86","143","59","165","84","212","90","127","60","248","113","412","138","553","131","739","170","556","116","387","109","311","102","233","90",
"0500000US16045","Gem County, Idaho","7643","183","296","94","293","126","232","113","235","118","208","143","421","154","284","159","321","128","254","91","921","243","960","250","835","210","980","225","495","171","374","128","534","210",
"0500000US16047","Gooding County, Idaho","5702","140","206","79","147","56","333","116","305","111","366","130","167","80","265","122","309","100","169","76","406","115","685","174","998","176","436","133","341","125","273","100","296","128",
"0500000US16049","Idaho County, Idaho","6776","296","309","88","238","89","194","62","432","148","254","89","234","108","392","114","283","91","181","73","579","161","668","166","1186","162","627","144","570","187","319","94","310","127",
"0500000US16051","Jefferson County, Idaho","10199","186","340","117","272","97","198","109","243","115","109","74","483","238","209","87","239","105","427","171","687","189","990","183","2019","277","1183","201","1024","219","938","193","838","208",
"0500000US16053","Jerome County, Idaho","8277","231","287","97","209","77","200","89","442","192","231","96","361","117","342","126","301","111","245","78","645","161","1127","242","1325","246","804","210","571","154","550","179","637","178",
"0500000US16055","Kootenai County, Idaho","71172","810","2642","447","1577","339","1695","332","2852","466","1952","359","2633","495","2223","381","2440","403","2304","402","5335","524","7066","798","9890","871","8824","749","6433","653","7366","689","5940","642",
"0500000US16057","Latah County, Idaho","16270","289","1220","257","518","155","521","198","675","186","584","166","767","205","707","193","593","159","563","175","1268","261","1802","289","2294","319","1841","267","812","158","1040","199","1065","173",
"0500000US16059","Lemhi County, Idaho","3458","181","262","131","190","94","326","154","206","112","169","81","158","89","82","53","87","75","75","47","422","114","301","120","362","125","332","105","131","62","204","70","151","62",
"0500000US16061","Lewis County, Idaho","1574","45","57","20","90","31","123","45","78","27","102","32","61","27","84","25","79","27","82","30","138","31","163","34","174","38","139","32","78","23","90","26","36","14",
"0500000US16063","Lincoln County, Idaho","1848","53","88","42","79","37","50","25","53","23","36","23","41","24","103","51","45","26","94","48","158","60","233","58","379","65","140","47","169","66","124","43","56","23",
"0500000US16065","Madison County, Idaho","13326","409","554","238","468","244","551","213","586","199","571","161","459","172","748","328","492","125","1139","715","1059","385","1587","354","1696","459","1007","199","939","232","542","163","928","190",
"0500000US16067","Minidoka County, Idaho","8107","186","299","112","563","197","373","149","227","109","258","139","211","106","341","148","298","142","296","151","637","222","847","230","1232","277","931","231","547","233","637","175","410","137",
"0500000US16069","Nez Perce County, Idaho","17270","241","730","176","683","244","660","229","537","181","780","283","1043","257","514","146","692","221","706","159","1089","261","1493","236","2445","356","1932","261","1372","249","1359","232","1235","271",
"0500000US16071","Oneida County, Idaho","1921","93","156","56","34","30","66","37","41","34","47","38","31","31","84","65","110","64","110","68","116","56","166","84","320","103","297","87","119","63","63","48","161","69",
"0500000US16073","Owyhee County, Idaho","4339","144","162","64","196","77","150","91","256","108","178","88","125","58","161","68","106","63","147","66","399","132","506","164","832","144","525","121","241","105","179","72","176","66",
"0500000US16075","Payette County, Idaho","9692","223","450","160","133","71","244","107","334","125","340","130","432","212","565","227","417","173","410","152","894","265","1270","243","1407","309","945","199","741","211","528","168","582","192",
"0500000US16077","Power County, Idaho","2815","92","169","85","121","94","44","45","8","10","190","125","63","42","140","93","248","115","71","50","337","158","277","100","376","136","214","106","313","115","215","117","29","37",
"0500000US16079","Shoshone County, Idaho","5763","209","265","76","196","65","311","83","383","128","272","83","194","71","280","87","365","127","279","130","538","144","738","144","785","182","506","130","315","107","178","68","158","66",
"0500000US16081","Teton County, Idaho","4677","264","60","51","213","132","21","30","122","74","127","76","129","73","114","61","87","57","106","59","160","93","580","180","622","159","382","119","445","121","781","231","728","148",
"0500000US16083","Twin Falls County, Idaho","34754","360","892","286","1213","261","1652","397","1225","267","1705","447","1214","265","2038","393","1444","309","1349","310","2603","469","3769","482","4328","510","4409","499","2320","417","2222","359","2371","347",
"0500000US16085","Valley County, Idaho","4318","397","242","155","134","101","136","110","149","114","133","99","119","98","108","85","92","102","97","109","280","175","647","238","541","210","533","199","265","147","418","136","424","171",
"0500000US16087","Washington County, Idaho","4202","141","262","108","265","120","128","58","243","89","194","85","167","61","202","73","224","87","311","117","321","104","524","129","501","108","252","91","186","67","216","85","206","78",
"0500000US17001","Adams County, Illinois","27915","376","1616","317","1126","269","1040","277","1236","271","1063","226","1438","292","804","172","1382","253","919","217","2216","392","2739","304","3919","420","2873","308","1904","291","2109","298","1531","275",
"0500000US17003","Alexander County, Illinois","1904","119","180","74","125","49","103","43","92","52","115","53","59","32","93","44","118","54","103","46","159","63","157","55","176","42","135","65","87","34","112","43","90","36",
"0500000US17005","Bond County, Illinois","6147","186","149","55","195","96","211","94","366","165","204","94","227","97","239","99","348","123","324","124","472","139","691","178","583","149","990","198","416","119","396","108","336","102",
"0500000US17007","Boone County, Illinois","19460","275","533","152","760","262","410","183","509","216","501","168","757","233","578","240","964","278","607","198","1322","283","1703","319","2638","481","2245","442","1526","289","2287","340","2120","340",
"0500000US17009","Brown County, Illinois","2041","98","57","46","160","77","64","42","80","50","68","43","56","37","76","48","97","65","101","71","137","63","221","83","373","98","170","63","170","67","162","66","49","32",
"0500000US17011","Bureau County, Illinois","14028","288","502","95","535","104","455","97","627","138","443","117","689","156","523","110","596","120","532","90","1151","183","1512","211","1869","185","1663","197","1082","152","1162","145","687","132",
"0500000US17013","Calhoun County, Illinois","1239","64","25","15","37","22","25","17","28","16","33","23","38","20","32","18","36","18","60","31","98","42","93","30","164","45","159","43","160","41","106","42","145","47",
"0500000US17015","Carroll County, Illinois","6578","242","252","81","226","101","254","94","265","77","324","117","447","133","367","85","216","65","298","99","590","129","736","136","811","113","645","120","431","106","492","121","224","62",
"0500000US17017","Cass County, Illinois","5128","148","262","86","206","84","244","109","166","73","262","94","168","71","239","74","186","78","142","83","343","93","671","126","828","134","406","87","369","121","398","112","238","72",
"0500000US17019","Champaign County, Illinois","85472","868","10102","770","3514","543","2796","523","2683","403","3992","567","3130","538","3075","435","2742","412","2823","444","5665","706","7973","711","9831","817","7174","599","5458","547","6451","578","8063","592",
"0500000US17021","Christian County, Illinois","13586","330","805","190","479","152","725","208","538","188","480","153","670","165","736","192","480","143","606","184","1013","214","1398","178","1815","235","1409","207","872","152","820","160","740","170",
"0500000US17023","Clark County, Illinois","6555","190","230","95","175","70","326","145","270","78","240","101","306","122","192","81","327","89","203","95","491","110","622","139","1076","221","770","137","505","162","501","138","321","107",
"0500000US17025","Clay County, Illinois","5311","228","301","84","294","154","319","107","185","77","255","132","138","89","251","109","362","126","125","66","410","141","516","139","899","187","436","108","271","93","261","79","288","118",
"0500000US17027","Clinton County, Illinois","14570","257","488","120","299","103","365","97","417","92","374","129","541","134","635","161","579","132","463","101","865","168","1331","222","2012","290","1684","256","1406","205","1799","216","1312","223",
"0500000US17029","Coles County, Illinois","20824","326","1321","260","1114","282","868","200","1222","320","1151","305","1018","233","875","210","739","171","833","194","1868","331","2152","369","2485","343","1785","283","1012","178","1528","253","853","240",
"0500000US17031","Cook County, Illinois","2100230","3848","128491","3798","77092","2559","60813","2310","66004","2406","67025","2436","64430","2636","67232","2786","65256","2470","65824","2585","118442","3065","175320","3486","255847","4323","208038","3706","153981","3385","206327","3545","320108","4684",
"0500000US17033","Crawford County, Illinois","7492","180","403","119","362","145","339","103","277","96","237","84","286","115","250","77","226","73","259","96","529","129","795","158","1019","235","903","160","424","105","728","168","455","155",
"0500000US17035","Cumberland County, Illinois","4177","128","182","68","123","48","137","52","130","48","190","69","188","92","147","63","149","71","157","59","291","86","436","96","647","117","522","118","304","80","423","142","151","58",
"0500000US17037","DeKalb County, Illinois","39550","403","3178","569","1563","452","1349","410","1360","373","1047","252","1512","460","1334","325","1378","345","1399","360","2783","440","3895","478","4727","459","4509","465","2282","283","3955","380","3279","431",
"0500000US17039","De Witt County, Illinois","6595","173","281","94","202","87","197","96","338","107","216","78","164","68","417","168","298","116","127","45","460","128","713","154","851","169","865","212","745","184","340","82","381","117",
"0500000US17041","Douglas County, Illinois","7765","188","283","100","223","86","294","117","177","62","315","101","358","124","141","65","309","102","231","83","567","127","759","141","1429","180","887","146","783","161","472","108","537","140",
"0500000US17043","DuPage County, Illinois","350758","1140","12467","951","5108","549","6194","705","6354","617","6868","544","7176","673","7521","677","7355","621","8651","655","18191","1091","27268","1089","44496","1627","36423","1434","30009","1202","48473","1586","78204","1967",
"0500000US17045","Edgar County, Illinois","7567","174","274","107","413","128","283","114","295","108","393","142","408","116","367","139","271","100","273","114","809","176","757","178","1011","215","790","190","577","145","296","108","350","94",
"0500000US17047","Edwards County, Illinois","2666","82","134","43","100","38","105","45","144","57","166","64","109","46","115","46","101","39","101","42","242","76","352","87","353","75","271","88","153","50","94","41","126","50",
"0500000US17049","Effingham County, Illinois","13951","274","419","122","373","120","438","120","684","207","351","97","420","105","487","131","482","150","542","147","1050","180","1199","199","2185","313","1695","209","1170","218","1287","222","1169","201",
"0500000US17051","Fayette County, Illinois","7814","188","432","142","326","89","265","93","339","99","398","111","336","98","398","108","448","144","281","82","627","138","876","151","862","151","896","192","439","114","532","135","359","97",
"0500000US17053","Ford County, Illinois","5828","123","414","143","286","108","260","95","167","80","320","113","297","115","135","61","263","103","245","77","447","119","480","137","756","142","563","108","477","111","460","119","258","84",
"0500000US17055","Franklin County, Illinois","16137","344","1097","261","1099","208","797","153","756","171","769","170","784","154","556","130","672","144","570","124","1333","215","2032","260","1830","227","1482","221","924","171","804","163","632","158",
"0500000US17057","Fulton County, Illinois","13795","289","821","216","481","139","456","113","626","148","611","147","713","189","865","228","563","140","607","150","1069","183","1463","198","1614","273","1407","205","990","200","931","175","578","142",
"0500000US17059","Gallatin County, Illinois","2098","86","111","45","134","47","83","33","109","43","110","44","88","39","117","64","86","42","67","36","154","61","245","97","262","68","181","63","78","35","169","52","104","43",
"0500000US17061","Greene County, Illinois","4452","162","287","106","140","53","174","60","176","57","289","72","180","77","123","46","176","61","182","56","364","91","495","90","538","89","374","98","278","73","411","119","265","86",
"0500000US17063","Grundy County, Illinois","20595","212","386","168","308","145","633","242","645","223","540","198","751","215","593","152","684","219","616","204","1205","267","1949","307","2795","408","2811","353","1974","312","1915","260","2790","305",
"0500000US17065","Hamilton County, Illinois","3387","138","115","74","117","59","211","90","189","77","163","75","96","55","119","71","148","82","168","91","278","101","274","90","438","131","387","111","248","103","230","114","206","84",
"0500000US17067","Hancock County, Illinois","7613","178","415","92","273","77","385","95","269","76","318","106","367","119","242","58","339","88","329","91","540","99","825","138","1133","141","770","131","496","95","552","129","360","92",
"0500000US17069","Hardin County, Illinois","1545","113","76","38","127","82","46","23","65","37","90","51","112","61","111","62","67","68","42","29","95","49","253","89","204","68","93","40","88","52","28","25","48","37",
"0500000US17071","Henderson County, Illinois","2704","113","72","37","123","59","111","33","204","83","150","61","169","64","102","42","74","32","112","43","186","65","263","69","346","78","343","71","198","62","192","68","59","28",
"0500000US17073","Henry County, Illinois","20272","378","747","204","709","171","721","211","572","147","713","204","616","160","777","207","1175","254","724","166","1535","248","2325","311","2645","303","2050","244","1446","247","2065","267","1452","274",
"0500000US17075","Iroquois County, Illinois","11443","186","567","102","532","136","417","107","539","136","396","82","432","110","486","103","604","154","398","72","856","150","1091","129","1584","171","1124","151","935","151","931","130","551","108",
"0500000US17077","Jackson County, Illinois","22955","550","2050","390","1480","289","1393","319","1514","349","1253","285","957","233","1235","258","910","301","882","186","1551","218","2006","291","2524","317","2157","348","948","166","964","169","1131","164",
"0500000US17079","Jasper County, Illinois","3751","157","139","75","189","72","159","91","113","59","145","79","79","56","135","52","162","75","125","63","233","110","406","115","532","135","361","113","386","124","368","143","219","77",
"0500000US17081","Jefferson County, Illinois","14820","266","763","135","490","114","749","143","653","127","623","112","630","134","591","119","609","118","618","141","1369","204","1776","214","1981","232","1405","215","895","141","983","178","685","143",
"0500000US17083","Jersey County, Illinois","7965","313","472","152","187","95","154","80","325","144","325","115","190","85","240","99","202","111","230","92","536","157","970","192","1187","205","670","215","752","174","767","181","758","204",
"0500000US17085","Jo Daviess County, Illinois","10391","280","419","136","242","84","382","144","343","135","332","100","424","148","376","145","428","119","328","91","939","213","1053","185","1465","207","1186","199","756","162","844","143","874","237",
"0500000US17087","Johnson County, Illinois","4101","210","270","97","200","80","138","43","213","83","161","65","166","62","165","57","233","114","142","55","251","67","463","118","559","150","330","93","346","81","270","84","194","62",
"0500000US17089","Kane County, Illinois","184706","796","6062","742","3405","539","3106","565","4057","585","3544","504","4818","580","4543","553","5255","680","5239","648","9836","743","15922","1112","23472","1473","21950","1283","16401","1308","24054","1137","33042","1299",
"0500000US17091","Kankakee County, Illinois","40996","520","2406","362","1308","264","1312","220","1195","238","1478","307","1586","309","1471","280","1553","274","1688","247","3157","444","4133","478","5078","418","4056","404","3450","393","3812","458","3313","400",
"0500000US17093","Kendall County, Illinois","45372","356","1151","315","481","230","403","216","570","229","566","199","706","237","612","173","1132","340","909","257","2576","352","4391","575","6503","760","6329","707","5018","550","6597","652","7428","708",
"0500000US17095","Knox County, Illinois","20972","403","1681","266","960","185","1072","249","1066","254","720","131","902","215","1058","224","983","207","875","223","1531","252","2276","272","2746","311","1674","254","1485","247","1195","224","748","137",
"0500000US17097","Lake County, Illinois","258455","1007","9712","809","4420","562","5201","624","5701","569","5651","697","6547","645","6060","655","6324","700","6488","631","12750","820","18653","1142","29513","1459","27216","1237","21390","1037","30656","1291","62173","1524",
"0500000US17099","LaSalle County, Illinois","45373","562","2267","335","1738","329","1430","278","1648","293","1938","340","1423","271","2205","299","1763","308","1446","284","2924","335","4344","464","6895","505","4573","443","3238","343","4094","409","3447","355",
"0500000US17101","Lawrence County, Illinois","5472","164","253","92","177","67","187","91","108","44","292","109","355","128","266","87","345","119","230","75","691","200","405","124","716","141","589","153","202","84","367","121","289","107",
"0500000US17103","Lee County, Illinois","13337","296","662","192","391","147","556","198","602","203","454","144","429","119","454","138","339","115","490","133","1144","233","1577","270","1832","299","1411","230","1014","176","1029","194","953","173",
"0500000US17105","Livingston County, Illinois","14615","262","635","152","352","134","420","102","419","123","590","136","719","221","561","144","771","197","393","111","935","176","1635","255","1924","237","1833","250","1138","197","1359","213","931","146",
"0500000US17107","Logan County, Illinois","11266","187","746","180","353","115","370","104","445","144","284","93","444","123","337","111","674","178","392","124","1072","204","1195","206","1452","214","1212","200","759","144","908","158","623","173",
"0500000US17109","McDonough County, Illinois","11856","321","985","249","576","171","766","217","653","179","548","179","573","184","421","134","411","104","571","165","973","211","1365","234","1221","178","1003","192","611","125","646","151","533","159",
"0500000US17111","McHenry County, Illinois","117594","563","3419","509","1888","337","2174","468","2164","330","2692","550","2682","364","2684","455","3582","523","3174","502","6321","622","9372","685","15491","929","14299","1095","11310","811","15852","932","20490","1011",
"0500000US17113","McLean County, Illinois","70220","669","5232","665","2131","354","2065","392","2411","435","2219","401","2429","382","2195","298","2347","450","2452","389","4369","467","5578","542","9159","671","7675","574","4591","496","7107","412","8260","631",
"0500000US17115","Macon County, Illinois","43468","625","3055","389","1596","336","1460","225","1779","273","1570","287","1788","276","2029","398","2271","367","2259","362","3196","367","4131","422","5923","513","4200","391","2837","315","2559","319","2815","340",
"0500000US17117","Macoupin County, Illinois","17576","364","819","161","732","167","552","157","635","174","909","269","750","172","678","178","704","171","399","115","1146","185","1766","270","2192","236","1882","249","1400","228","1783","292","1229","214",
"0500000US17119","Madison County, Illinois","110134","796","5252","528","3544","450","3231","429","3770","572","4344","602","3492","443","3943","612","4357","483","3745","481","7399","658","11468","732","15214","1014","10982","862","8584","788","10037","728","10772","779",
"0500000US17121","Marion County, Illinois","15512","253","927","147","762","174","736","161","573","109","701","143","608","122","584","123","583","117","828","193","1329","230","1679","225","2333","266","1309","180","1035","191","815","164","710","155",
"0500000US17123","Marshall County, Illinois","5094","159","263","74","115","35","217","65","253","73","129","40","251","66","205","74","166","52","181","47","300","74","624","111","824","131","533","103","418","94","322","65","293","76",
"0500000US17125","Mason County, Illinois","5781","164","289","111","319","108","257","100","111","43","345","162","268","95","278","95","240","70","215","64","463","102","617","140","715","123","664","127","377","114","397","84","226","69",
"0500000US17127","Massac County, Illinois","5457","229","460","138","222","104","171","87","242","123","222","72","183","84","152","61","222","89","218","106","492","136","600","161","856","164","471","132","446","113","325","89","175","71",
"0500000US17129","Menard County, Illinois","5228","116","231","88","218","108","107","63","70","31","184","73","297","108","91","45","207","78","192","71","261","74","456","102","760","145","734","140","635","141","494","97","291","81",
"0500000US17131","Mercer County, Illinois","6565","176","324","93","165","66","208","67","232","94","296","97","155","57","232","87","212","67","362","114","456","93","685","133","749","115","833","141","508","111","667","143","481","117",
"0500000US17133","Monroe County, Illinois","13851","271","443","142","252","113","292","143","501","189","273","177","303","142","197","78","383","130","454","161","566","160","1326","228","1704","307","1739","260","1302","266","1802","261","2314","305",
"0500000US17135","Montgomery County, Illinois","11319","276","756","221","539","171","514","138","441","123","479","88","577","140","337","112","381","116","528","165","896","184","909","173","1542","197","1127","175","896","182","847","171","550","162",
"0500000US17137","Morgan County, Illinois","13076","309","535","174","613","156","381","113","703","198","580","179","537","161","760","236","464","154","573","130","898","180","1286","184","1835","264","1266","222","937","281","824","149","884","205",
"0500000US17139","Moultrie County, Illinois","5817","147","270","95","126","63","272","118","142","61","278","104","241","75","229","81","233","76","199","98","388","99","638","147","773","171","893","197","418","107","321","103","396","136",
"0500000US17141","Ogle County, Illinois","20821","310","769","223","462","115","656","191","787","210","596","149","818","180","689","196","674","154","632","159","1207","256","2147","315","3496","370","2536","279","1865","243","1764","264","1723","238",
"0500000US17143","Peoria County, Illinois","77755","629","5526","512","3659","489","2758","473","3188","511","2822","388","2521","397","3334","534","2995","448","2951","396","5398","614","8649","826","9474","667","6294","587","4890","524","6170","489","7126","531",
"0500000US17145","Perry County, Illinois","7875","250","322","98","354","135","434","146","276","109","217","66","507","160","221","90","320","90","261","104","851","200","846","225","1080","192","654","141","723","179","429","136","380","151",
"0500000US17147","Piatt County, Illinois","6924","149","258","88","146","65","122","64","127","63","124","58","100","50","183","73","211","79","161","52","504","135","696","166","1200","225","984","192","729","176","593","124","786","174",
"0500000US17149","Pike County, Illinois","5965","165","414","117","303","84","306","76","292","97","206","63","201","63","319","97","210","75","278","94","466","113","512","108","904","166","530","111","380","87","477","114","167","61",
"0500000US17151","Pope County, Illinois","1385","104","85","41","59","35","50","33","55","29","83","45","70","36","98","64","40","27","27","17","125","57","151","47","175","59","127","47","50","22","121","54","69","37",
"0500000US17153","Pulaski County, Illinois","1940","115","168","61","169","62","103","52","140","53","88","39","166","71","70","45","113","54","42","21","169","57","127","54","275","87","125","48","96","37","67","31","22","21",
"0500000US17155","Putnam County, Illinois","2465","137","92","34","76","33","31","18","58","25","56","22","89","43","137","55","129","41","109","40","170","52","277","73","467","95","199","57","146","47","227","70","202","59",
"0500000US17157","Randolph County, Illinois","11945","226","566","163","423","127","375","111","623","156","585","144","402","119","536","140","499","128","408","117","674","118","1452","224","1608","230","1378","184","910","192","1053","181","453","96",
"0500000US17159","Richland County, Illinois","6443","221","410","140","182","70","284","92","304","112","236","73","320","131","274","85","223","85","318","109","535","162","611","146","1094","209","656","192","430","119","287","91","279","116",
"0500000US17161","Rock Island County, Illinois","61733","532","3965","514","2515","409","1920","317","2373","369","2640","431","2474","374","2845","407","2890","417","2027","324","4001","445","6400","522","8517","639","6075","590","4422","514","4952","419","3717","412",
"0500000US17163","St. Clair County, Illinois","100846","1013","5807","769","3753","531","2933","487","4471","619","3458","478","3667","533","3672","494","3998","541","3789","598","6392","618","9168","826","13415","946","10048","849","7078","675","9491","714","9706","596",
"0500000US17165","Saline County, Illinois","10024","232","672","171","655","189","421","146","550","170","585","164","533","159","589","199","489","157","220","92","848","178","858","161","1016","175","841","183","628","121","585","169","534","138",
"0500000US17167","Sangamon County, Illinois","84762","732","5245","649","3276","542","2488","439","2778","428","2152","385","2946","389","3056","316","3995","670","2695","372","5454","623","8114","736","11000","695","8908","727","6463","528","7810","615","8382","561",
"0500000US17169","Schuyler County, Illinois","2734","166","49","41","98","49","108","53","220","90","209","86","76","56","68","47","149","73","120","53","163","79","328","108","364","95","324","104","164","76","194","78","100","66",
"0500000US17171","Scott County, Illinois","2046","76","127","55","81","29","97","50","90","33","106","52","107","40","53","26","53","23","60","25","188","55","135","34","302","61","225","59","173","66","146","51","103","36",
"0500000US17173","Shelby County, Illinois","8918","233","431","143","200","91","234","77","301","115","416","130","348","121","457","147","292","91","312","98","656","144","985","193","1423","215","1102","182","820","188","554","104","387","109",
"0500000US17175","Stark County, Illinois","2285","71","73","31","98","42","82","40","63","33","132","47","118","47","122","42","115","43","86","33","194","50","200","70","281","64","254","59","148","45","143","39","176","60",
"0500000US17177","Stephenson County, Illinois","19358","266","1109","213","612","175","837","233","849","238","764","163","902","230","800","180","769","179","830","177","1500","242","2133","263","2689","336","1916","311","1727","289","971","196","950","196",
"0500000US17179","Tazewell County, Illinois","54051","517","2040","344","1744","325","1627","371","1702","376","1832","255","1851","334","2101","336","1679","267","2691","447","4013","533","4947","436","7346","545","6171","635","4156","538","5709","561","4442","383",
"0500000US17181","Union County, Illinois","6868","238","442","159","414","127","228","70","396","136","454","193","480","136","290","118","279","95","199","84","447","100","502","134","869","152","627","121","394","125","555","151","292","76",
"0500000US17183","Vermilion County, Illinois","30084","385","1689","310","1964","286","1127","186","1327","222","1667","215","1535","267","1358","263","1242","238","1452","255","2308","276","2531","289","4029","401","2805","316","1851","269","2052","288","1147","220",
"0500000US17185","Wabash County, Illinois","4740","177","370","144","157","81","215","79","374","165","165","64","157","63","238","88","204","85","178","88","400","102","381","101","544","98","538","133","296","99","273","83","250","104",
"0500000US17187","Warren County, Illinois","6787","222","337","126","304","108","151","67","123","65","294","119","214","83","376","101","329","97","390","103","416","120","822","173","956","161","686","168","485","126","517","127","387","104",
"0500000US17189","Washington County, Illinois","5795","149","175","50","215","84","90","37","177","55","213","81","120","40","312","111","259","71","221","77","394","93","657","130","908","143","677","121","507","132","558","103","312","71",
"0500000US17191","Wayne County, Illinois","6866","191","437","142","319","109","305","103","492","138","428","143","197","81","352","103","365","107","294","93","465","112","808","154","808","157","522","135","357","86","459","92","258","80",
"0500000US17193","White County, Illinois","5672","225","538","138","337","113","224","75","326","84","188","69","260","121","317","89","223","75","221","91","445","133","624","164","693","142","427","88","289","103","342","107","218","92",
"0500000US17195","Whiteside County, Illinois","23120","396","1062","228","836","190","912","224","1004","210","966","216","916","215","965","201","1236","188","986","278","1612","204","2203","238","3000","271","2760","327","1814","293","1766","280","1082","182",
"0500000US17197","Will County, Illinois","244273","835","8179","648","3943","506","4116","543","4659","427","4815","507","6117","587","5092","604","5787","652","5724","588","12909","817","19485","1099","30751","1287","27025","1147","24914","1200","36165","1590","44592","1338",
"0500000US17199","Williamson County, Illinois","28983","394","1458","282","1345","271","954","189","860","202","1670","379","1345","261","1132","235","1421","319","1098","236","2134","362","2916","386","3358","483","2965","394","2169","259","2420","379","1738","281",
"0500000US17201","Winnebago County, Illinois","116014","720","6307","567","5022","448","4512","539","4859","643","4172","532","5330","667","4907","587","4874","505","4397","543","8473","719","12417","744","15211","948","10891","847","8298","679","8749","715","7595","573",
"0500000US17203","Woodford County, Illinois","14685","263","747","206","122","56","444","182","544","213","433","134","441","143","312","113","323","101","382","140","925","199","1112","206","2184","290","1554","223","1357","227","1919","281","1886","268",
"0500000US18001","Adams County, Indiana","12401","244","452","175","250","107","341","131","572","172","461","166","418","142","837","255","721","191","537","131","1116","254","1383","267","1803","248","1346","222","720","164","802","171","642","140",
"0500000US18003","Allen County, Indiana","156570","692","7119","612","4625","551","5031","600","5668","801","5765","532","6711","577","6797","724","6175","612","6256","666","12143","783","16665","978","23277","1190","15184","883","11471","770","11461","792","12222","625",
"0500000US18005","Bartholomew County, Indiana","33359","397","2293","392","827","249","842","217","824","248","1226","290","916","281","1161","267","1144","279","1300","298","1930","333","3338","428","4538","532","3436","464","3113","414","3008","404","3463","407",
"0500000US18007","Benton County, Indiana","3454","97","168","62","67","26","136","59","159","62","99","42","155","51","142","72","180","71","122","45","320","69","388","90","527","93","348","89","172","54","188","66","283","93",
"0500000US18009","Blackford County, Indiana","5173","172","476","146","285","140","193","89","245","109","148","64","353","134","244","90","264","90","300","97","315","99","447","144","667","143","391","111","312","107","369","149","164","86",
"0500000US18011","Boone County, Indiana","28738","287","686","245","603","233","459","174","760","208","689","256","767","253","753","236","738","226","749","233","1519","303","1906","336","3029","464","3719","406","2270","312","3447","555","6644","522",
"0500000US18013","Brown County, Indiana","6781","234","212","90","200","85","130","73","176","109","364","145","202","80","108","78","263","112","299","129","465","120","831","208","1059","249","778","190","626","158","506","153","562","145",
"0500000US18015","Carroll County, Indiana","8085","218","276","101","273","104","332","110","221","92","212","80","443","205","481","169","333","91","453","142","607","158","1000","186","1069","193","768","132","702","151","495","126","420","103",
"0500000US18017","Cass County, Indiana","15037","259","655","169","586","160","600","176","708","223","925","271","585","199","861","183","583","159","957","233","1528","316","1380","245","2066","281","1471","222","848","163","873","209","411","118",
"0500000US18019","Clark County, Indiana","51242","568","2046","399","1702","391","1226","259","1150","280","1659","290","1887","367","1840","391","2056","353","2156","339","4719","575","5510","572","8218","655","5519","590","3813","457","4410","433","3331","450",
"0500000US18021","Clay County, Indiana","10549","339","552","155","289","117","312","123","344","143","463","177","475","147","599","224","374","169","342","116","732","164","1102","254","1562","247","1092","193","769","205","837","223","705","179",
"0500000US18023","Clinton County, Indiana","12496","235","448","136","285","114","361","145","563","190","358","136","571","165","559","200","734","190","506","137","1380","252","1387","230","1635","240","1483","237","998","217","694","162","534","159",
"0500000US18025","Crawford County, Indiana","4582","222","302","107","179","75","296","117","358","95","221","86","311","137","220","103","206","77","216","97","295","88","469","123","625","175","369","120","218","84","207","70","90","44",
"0500000US18027","Daviess County, Indiana","11814","261","569","156","548","171","353","115","633","153","522","202","503","191","416","144","342","101","389","118","886","158","1171","206","1523","256","1466","251","889","183","982","162","622","143",
"0500000US18029","Dearborn County, Indiana","20282","250","685","232","556","148","792","202","643","198","768","202","538","154","684","190","733","235","561","178","1158","257","2018","292","2869","411","2795","450","1822","303","2172","294","1488","257",
"0500000US18031","Decatur County, Indiana","10712","254","347","153","412","162","363","143","368","120","317","129","418","115","544","154","392","143","422","122","1018","250","988","200","1756","323","1052","233","681","204","757","194","877","209",
"0500000US18033","DeKalb County, Indiana","17096","290","711","196","486","158","539","152","458","150","634","161","687","181","647","148","812","266","751","181","1254","212","1611","265","2943","399","1641","258","1519","268","1479","253","924","184",
"0500000US18035","Delaware County, Indiana","46256","652","3248","406","2222","420","2021","304","2210","383","2315","417","2147","355","2249","420","1729","294","2114","389","3782","406","5308","705","6062","561","3964","497","2660","404","2647","366","1578","257",
"0500000US18037","Dubois County, Indiana","17574","331","513","157","678","245","548","187","605","223","657","221","742","210","644","207","771","249","319","103","1171","251","2054","305","2539","367","1965","323","1273","268","1529","349","1566","337",
"0500000US18039","Elkhart County, Indiana","72309","879","3602","627","2004","431","2003","418","2538","455","2920","443","2664","341","3500","555","3134","447","2801","428","6143","684","7454","630","10958","809","7569","591","5073","681","5213","578","4733","524",
"0500000US18041","Fayette County, Indiana","9422","278","478","164","415","141","438","139","639","146","448","132","479","172","357","142","213","95","386","130","911","248","1134","220","1094","211","1030","235","475","130","590","159","335","108",
"0500000US18043","Floyd County, Indiana","31916","418","1333","251","887","227","913","230","1142","295","954","245","958","209","1187","225","1239","256","1093","254","2167","355","3062","407","4976","487","3221","347","2263","271","3014","361","3507","405",
"0500000US18045","Fountain County, Indiana","6941","228","271","82","242","120","324","100","258","80","350","124","228","64","285","93","380","130","307","95","685","152","780","167","1185","185","732","156","254","88","440","102","220","78",
"0500000US18047","Franklin County, Indiana","9211","195","212","85","354","156","344","122","150","75","370","121","234","98","405","186","240","115","340","161","824","185","1020","202","1479","328","1048","220","655","181","612","169","924","248",
"0500000US18049","Fulton County, Indiana","8051","270","200","110","370","104","337","115","422","167","324","142","530","195","346","141","341","128","405","141","670","175","673","172","1025","214","848","186","545","168","573","145","442","165",
"0500000US18051","Gibson County, Indiana","13438","319","551","168","339","114","644","148","316","114","575","179","511","164","658","164","686","188","575","161","1104","213","1248","210","1830","342","1630","260","1043","201","1003","181","725","164",
"0500000US18053","Grant County, Indiana","26773","432","1544","303","1459","312","1082","264","1190","260","1749","329","1394","248","1366","263","1586","344","1283","241","2255","351","2751","328","3008","397","2323","430","1571","399","1419","276","793","199",
"0500000US18055","Greene County, Indiana","13107","233","789","201","494","136","483","128","710","192","516","168","736","217","461","157","620","154","543","157","1013","199","1368","258","2059","345","1350","217","809","157","667","155","489","155",
"0500000US18057","Hamilton County, Indiana","137252","947","2850","465","1787","398","1646","352","2254","426","2004","431","2175","425","2710","436","3451","660","3269","589","6348","670","11607","1049","16528","1207","13986","828","12602","1295","19740","1170","34295","1288",
"0500000US18059","Hancock County, Indiana","33474","294","947","240","463","203","415","175","896","245","563","190","1015","280","1231","350","817","218","792","246","1884","322","3681","572","5028","600","4140","529","3227","485","4290","536","4085","499",
"0500000US18061","Harrison County, Indiana","15497","373","579","172","353","139","304","105","451","154","485","154","765","227","801","214","740","203","738","239","1121","209","1452","269","2257","298","2059","311","1168","273","1535","298","689","165",
"0500000US18063","Hendricks County, Indiana","67110","529","2047","368","679","278","989","266","1251","313","1108","295","1513","349","1699","394","1838","377","1848","372","3749","601","6198","632","10172","848","9011","767","7017","705","8753","738","9238","866",
"0500000US18065","Henry County, Indiana","18642","329","688","169","777","194","721","161","825","165","931","252","928","191","674","149","805","228","845","161","1616","259","2284","299","2584","291","1840","289","1296","232","1096","200","732","177",
"0500000US18067","Howard County, Indiana","35593","532","1992","379","1262","274","1232","300","1377","294","1550","299","1718","331","1764","320","1756","277","1258","236","2825","454","3674","411","5137","541","3301","436","2553","314","2461","407","1733","258",
"0500000US18069","Huntington County, Indiana","15403","237","466","127","504","136","494","152","411","136","668","169","837","178","714","162","584","117","707","167","1430","220","1746","264","2402","312","1699","299","1146","271","877","187","718","139",
"0500000US18071","Jackson County, Indiana","18138","319","975","239","497","139","488","144","540","203","677","218","789","222","948","251","733","230","895","280","1138","235","1923","384","2715","359","2153","346","1178","281","1411","305","1078","242",
"0500000US18073","Jasper County, Indiana","12755","252","515","196","289","108","605","210","371","157","417","151","497","159","412","134","356","118","555","151","1032","272","1073","193","2144","304","1574","310","972","216","1203","205","740","230",
"0500000US18075","Jay County, Indiana","7807","249","404","125","315","92","467","112","381","111","351","108","427","116","401","146","356","115","241","95","815","153","792","182","1084","184","814","159","364","109","399","124","196","82",
"0500000US18077","Jefferson County, Indiana","12790","342","453","184","628","245","512","174","471","154","599","248","520","188","515","161","658","209","562","174","1001","207","1244","232","1935","327","1471","273","854","195","678","206","689","187",
"0500000US18079","Jennings County, Indiana","10944","242","417","189","366","137","344","135","407","143","328","127","467","192","621","205","359","136","398","148","818","229","1369","335","1854","308","1296","288","725","194","884","222","291","129",
"0500000US18081","Johnson County, Indiana","62554","615","1890","388","1141","316","1216","226","2018","561","1547","324","1723","365","2158","470","2300","473","1724","334","3732","505","5703","719","9704","914","7963","849","5687","627","6328","665","7720","796",
"0500000US18083","Knox County, Indiana","15169","335","906","193","792","257","579","158","806","204","734","167","516","146","344","133","620","209","771","204","1369","285","1662","290","2027","312","1495","296","729","176","841","224","978","254",
"0500000US18085","Kosciusko County, Indiana","31934","568","1027","370","721","200","904","207","1254","254","1299","345","1233","286","1372","291","1126","206","1178","235","2341","382","3433","477","4874","579","4143","394","2222","339","2649","360","2158","395",
"0500000US18087","LaGrange County, Indiana","12897","310","386","122","232","74","364","154","337","102","330","132","455","125","434","131","479","122","371","111","834","188","1470","252","2285","345","1675","289","999","183","1193","230","1053","181",
"0500000US18089","Lake County, Indiana","195130","954","12326","1206","7271","591","5841","662","8080","822","6559","660","7042","695","6874","619","7999","978","7474","733","13706","920","18731","1117","25507","1356","19471","964","14543","1084","17545","1077","16161","924",
"0500000US18091","LaPorte County, Indiana","43633","564","1975","322","1599","298","1350","278","1737","370","1598","277","2023","349","1752","264","1684","272","1805","325","3273","411","4347","475","6606","593","4053","460","2778","351","4393","525","2660","317",
"0500000US18093","Lawrence County, Indiana","19135","296","970","221","813","185","774","237","774","190","1090","292","635","148","868","238","701","174","730","187","1389","217","1839","275","2671","356","2027","317","1439","303","1552","259","863","225",
"0500000US18095","Madison County, Indiana","53429","591","2668","410","2211","308","1827","311","2394","341","2317","405","2562","377","2091","379","2632","382","2466","306","4133","533","6067","605","7797","644","5153","495","3140","409","3364","431","2607","289",
"0500000US18097","Marion County, Indiana","400432","1895","23323","1570","16465","1485","12934","1213","14638","1088","14259","1059","16713","1246","17636","1148","17495","1516","15794","1132","30839","1541","45563","2281","50767","1794","38185","1694","24782","1320","30808","1513","30231","1212",
"0500000US18099","Marshall County, Indiana","17758","320","662","160","543","125","703","189","471","129","591","163","486","131","697","158","930","204","728","185","1576","267","1876","288","2947","397","1916","290","1390","237","1323","205","919","176",
"0500000US18101","Martin County, Indiana","3904","176","156","55","207","105","133","57","177","77","126","65","277","131","121","82","136","70","190","83","250","89","313","117","680","179","427","105","217","90","288","94","206","72",
"0500000US18103","Miami County, Indiana","13318","263","694","194","403","149","470","134","640","184","442","113","838","204","628","162","753","174","693","218","985","178","1531","223","2058","300","956","208","762","171","898","188","567","146",
"0500000US18105","Monroe County, Indiana","59236","750","5440","643","2439","460","2049","472","2734","495","2318","423","2142","460","2303","426","2027","376","1850","268","4246","598","5284","556","7665","709","5455","554","3926","481","4369","504","4989","555",
"0500000US18107","Montgomery County, Indiana","15602","278","582","152","542","196","359","108","722","221","542","207","519","142","805","218","654","179","625","192","1351","284","1467","229","2151","324","2262","311","1139","203","957","216","925","193",
"0500000US18109","Morgan County, Indiana","28279","328","983","209","652","194","755","200","793","184","1099","266","1114","291","1060","240","1140","281","907","205","2036","343","2698","380","3745","414","3412","455","2549","378","2780","382","2556","442",
"0500000US18111","Newton County, Indiana","5726","124","290","127","240","104","198","118","146","60","206","90","161","64","152","81","260","92","272","114","416","133","502","132","1268","285","619","164","472","132","357","129","167","102",
"0500000US18113","Noble County, Indiana","18179","348","546","163","627","224","582","204","635","266","638","170","804","219","731","160","659","160","593","154","1610","276","2261","289","2867","392","2255","292","1069","221","1357","239","945","213",
"0500000US18115","Ohio County, Indiana","2619","78","84","43","17","16","89","42","141","73","127","65","50","32","147","64","110","50","105","58","256","85","260","73","400","111","321","100","295","115","112","63","105","58",
"0500000US18117","Orange County, Indiana","7970","225","517","137","402","135","355","122","386","109","337","128","393","142","257","91","233","86","346","130","417","142","851","155","1076","239","883","195","645","181","580","171","292","122",
"0500000US18119","Owen County, Indiana","8618","259","395","120","263","96","271","118","410","117","459","151","303","113","394","112","371","119","316","119","852","209","984","192","1258","241","863","153","573","157","587","142","319","95",
"0500000US18121","Parke County, Indiana","6147","232","209","72","244","112","323","130","259","87","273","83","217","73","279","110","219","78","298","108","396","94","695","153","1096","203","623","141","264","101","453","121","299","99",
"0500000US18123","Perry County, Indiana","7758","194","529","157","304","137","330","78","545","142","300","100","337","123","357","117","233","75","363","111","552","158","768","175","957","153","862","155","612","170","426","121","283","108",
"0500000US18125","Pike County, Indiana","5021","162","154","66","236","85","145","65","211","103","188","68","189","69","210","70","203","90","259","89","275","69","621","163","697","156","633","129","337","128","390","118","273","109",
"0500000US18127","Porter County, Indiana","68639","517","2428","398","1516","388","1495","301","2324","384","2090","388","2394","472","2295","430","2200","445","2299","413","4469","543","6551","694","8874","695","8807","692","5413","558","7820","645","7664","522",
"0500000US18129","Posey County, Indiana","10533","199","389","130","344","150","296","120","342","118","319","119","227","88","336","116","469","146","357","156","794","215","985","200","1744","263","936","177","876","187","1327","259","792","147",
"0500000US18131","Pulaski County, Indiana","4950","159","246","84","252","112","209","75","85","39","193","76","221","94","303","109","159","59","243","79","324","98","661","158","685","149","506","109","280","84","316","102","267","98",
"0500000US18133","Putnam County, Indiana","14142","267","461","125","456","148","340","109","866","291","595","220","492","164","517","145","496","163","519","146","782","153","1337","282","2303","330","1621","231","1190","227","1298","241","869","183",
"0500000US18135","Randolph County, Indiana","10364","214","531","141","428","128","402","126","602","123","354","105","520","139","732","150","439","120","436","111","688","127","1199","223","1580","302","903","147","641","149","563","138","346","94",
"0500000US18137","Ripley County, Indiana","11531","238","635","185","235","82","490","156","397","130","449","129","623","145","395","136","440","128","546","154","744","158","1269","248","1433","243","1463","247","933","218","744","197","735","195",
"0500000US18139","Rush County, Indiana","6746","179","308","114","228","95","367","112","274","122","255","125","267","94","185","105","301","113","306","106","555","146","643","155","1185","253","696","176","588","134","385","125","203","77",
"0500000US18141","St. Joseph County, Indiana","107252","645","5527","562","4274","487","3604","438","3662","496","4774","545","4498","502","5048","601","3767","465","4656","466","8363","732","11774","779","13806","777","10413","762","6927","590","8019","608","8140","597",
"0500000US18143","Scott County, Indiana","9848","295","535","195","655","253","473","225","553","202","701","250","481","176","420","137","288","132","292","137","719","226","1025","277","1205","295","964","291","442","159","699","208","396","138",
"0500000US18145","Shelby County, Indiana","18450","250","835","227","739","215","479","159","864","316","688","222","674","216","652","194","682","173","687","197","1464","283","1824","325","2655","331","1948","314","1359","304","1671","255","1229","325",
"0500000US18147","Spencer County, Indiana","8078","143","272","84","176","60","331","101","264","98","258","67","365","154","302","93","305","98","385","131","662","171","736","131","1125","165","1138","175","761","158","660","168","338","91",
"0500000US18149","Starke County, Indiana","8983","275","441","161","436","137","282","97","347","107","451","132","462","150","400","124","342","120","431","145","619","143","1089","186","1437","247","833","167","670","174","554","128","189","86",
"0500000US18151","Steuben County, Indiana","14058","445","392","147","525","210","408","140","488","160","510","154","431","123","491","152","643","163","714","189","988","196","1448","236","2333","373","1705","279","869","176","1194","197","919","190",
"0500000US18153","Sullivan County, Indiana","7832","207","508","145","289","100","313","114","344","125","444","125","358","113","333","144","345","109","458","148","712","151","850","165","1103","199","515","151","300","108","683","159","277","105",
"0500000US18155","Switzerland County, Indiana","3875","159","104","71","187","95","206","84","65","35","121","59","117","58","219","112","210","95","144","82","365","103","392","108","646","158","331","142","346","113","234","81","188","80",
"0500000US18157","Tippecanoe County, Indiana","75808","693","5938","630","3298","613","2757","472","3745","609","3131","455","3502","536","3649","591","3261","538","2782","409","5442","654","7093","654","9829","847","6802","696","4490","496","4640","542","5449","475",
"0500000US18159","Tipton County, Indiana","6266","195","345","119","63","39","154","77","128","62","166","84","168","73","186","93","172","87","437","147","614","138","663","151","848","187","734","178","615","183","700","173","273","102",
"0500000US18161","Union County, Indiana","2940","115","92","54","53","31","96","57","122","65","115","56","169","92","115","51","70","49","75","38","257","82","265","89","582","143","298","88","224","82","202","92","205","89",
"0500000US18163","Vanderburgh County, Indiana","78270","740","4138","492","3438","463","2745","345","2594","360","3609","502","3770","499","3723","604","3872","531","3216","406","6943","581","8760","754","10137","647","7192","694","4664","578","4921","553","4548","549",
"0500000US18165","Vermillion County, Indiana","6594","220","300","103","360","125","375","117","189","59","308","103","454","144","287","113","284","96","237","106","487","141","641","157","930","166","853","200","381","114","275","82","233","75",
"0500000US18167","Vigo County, Indiana","42399","516","3231","421","2352","365","2381","467","1971","361","2207","406","2341","403","1625","260","2185","420","2206","455","2845","463","4208","571","5026","540","3367","449","2178","367","2292","365","1984","290",
"0500000US18169","Wabash County, Indiana","12674","321","437","133","575","200","472","171","579","157","570","164","480","153","451","172","774","210","300","99","952","244","1542","261","1632","230","1542","278","818","178","943","224","607","159",
"0500000US18171","Warren County, Indiana","3359","115","70","30","141","71","85","40","74","34","149","65","53","30","115","44","153","71","101","51","249","73","351","86","376","89","503","106","456","112","285","89","198","72",
"0500000US18173","Warrick County, Indiana","25163","386","669","175","645","207","582","199","740","221","601","209","710","162","843","222","688","143","771","164","1609","319","2342","378","3562","418","3022","354","2442","339","2937","393","3000","356",
"0500000US18175","Washington County, Indiana","11229","207","425","136","517","134","573","153","478","147","342","111","466","138","692","179","626","151","359","103","750","147","1107","205","2006","271","1069","185","706","174","651","189","462","123",
"0500000US18177","Wayne County, Indiana","26975","385","1766","329","1453","276","1358","287","1461","339","1329","270","1201","232","1386","282","1133","201","1086","231","2170","340","2575","298","3714","448","2211","337","1351","269","1440","257","1341","275",
"0500000US18179","Wells County, Indiana","11546","172","411","132","298","135","422","157","371","138","427","148","443","146","565","168","602","178","424","150","978","190","1153","209","1968","266","1163","184","785","187","974","199","562","143",
"0500000US18181","White County, Indiana","10254","302","339","127","334","121","344","122","386","125","426","138","736","199","294","93","458","117","397","144","818","153","1151","208","1440","209","1280","209","690","155","650","166","511","107",
"0500000US18183","Whitley County, Indiana","14029","249","392","114","326","141","429","137","455","143","399","157","388","97","408","130","451","144","648","228","1431","303","1484","232","2285","365","1486","219","1139","232","1405","232","903","210",
"0500000US19001","Adair County, Iowa","3236","99","89","32","134","55","126","56","151","52","120","47","118","45","141","53","98","36","169","46","309","72","318","69","440","96","348","78","239","64","193","55","243","68",
"0500000US19003","Adams County, Iowa","1540","92","59","29","55","31","98","38","67","31","36","17","66","48","55","28","23","21","45","28","151","55","166","52","187","48","209","59","115","44","76","38","132","37",
"0500000US19005","Allamakee County, Iowa","5950","196","198","101","130","60","188","64","279","88","330","115","258","89","148","57","207","63","268","91","397","102","812","160","933","143","602","141","471","121","374","102","355","107",
"0500000US19007","Appanoose County, Iowa","5199","197","300","109","269","103","274","91","296","106","227","106","351","137","229","88","163","47","225","101","481","123","598","121","737","133","286","82","265","93","364","108","134","45",
"0500000US19009","Audubon County, Iowa","2596","68","144","47","93","41","145","70","57","31","150","49","186","75","157","55","112","50","101","43","204","67","180","47","361","75","210","54","92","50","289","72","115","35",
"0500000US19011","Benton County, Iowa","10202","191","458","129","288","152","233","72","339","117","289","86","209","84","433","102","343","83","178","62","513","117","1117","210","1442","186","1332","185","994","150","1122","188","912","166",
"0500000US19013","Black Hawk County, Iowa","54563","530","2301","373","2171","351","1702","324","2254","350","2464","386","1985","382","2326","279","2519","371","2363","350","4756","563","5783","561","7141","538","5502","484","3615","420","3974","459","3707","468",
"0500000US19015","Boone County, Iowa","10936","270","327","92","209","109","267","103","494","166","273","97","388","131","499","161","263","72","421","167","567","150","1156","206","1577","251","1503","204","1031","216","1129","239","832","164",
"0500000US19017","Bremer County, Iowa","9716","152","328","118","177","56","187","70","321","98","191","65","294","111","322","93","290","69","320","75","775","160","846","137","1758","190","1359","223","1003","187","769","130","776","117",
"0500000US19019","Buchanan County, Iowa","8252","200","286","90","190","62","271","81","325","103","266","74","259","78","186","68","387","93","369","110","540","120","899","141","1366","184","1086","159","663","132","731","140","428","93",
"0500000US19021","Buena Vista County, Iowa","7546","181","213","68","114","53","218","104","293","118","187","83","325","120","371","165","314","129","298","110","940","213","604","157","1146","227","851","199","560","142","610","170","502","156",
"0500000US19023","Butler County, Iowa","5863","132","153","49","171","53","160","46","173","57","258","66","188","57","217","62","222","54","199","55","466","84","797","123","904","120","645","107","489","96","473","90","348","82",
"0500000US19025","Calhoun County, Iowa","3993","153","179","38","115","45","152","37","214","51","99","34","200","61","139","52","200","67","189","52","364","69","425","74","505","87","412","78","258","66","307","54","235","59",
"0500000US19027","Carroll County, Iowa","8801","207","284","93","333","118","376","133","217","80","354","122","269","82","343","146","448","116","374","130","609","158","1046","227","1091","173","1144","206","707","202","528","123","678","150",
"0500000US19029","Cass County, Iowa","5844","131","328","110","247","91","339","108","233","76","368","132","201","77","301","114","175","60","153","55","399","106","617","147","635","136","761","165","426","95","323","106","338","113",
"0500000US19031","Cedar County, Iowa","7622","184","137","65","229","85","184","76","225","90","253","106","300","108","131","52","351","110","351","117","659","136","706","152","1193","193","939","144","824","151","635","124","505","102",
"0500000US19033","Cerro Gordo County, Iowa","19538","376","590","184","865","239","682","193","895","201","800","204","911","227","856","192","879","231","843","187","1225","241","2121","345","2721","295","2240","315","1082","201","1426","248","1402","254",
"0500000US19035","Cherokee County, Iowa","5045","161","199","101","276","118","164","68","160","85","194","77","228","101","221","87","90","36","258","97","347","93","518","103","749","142","462","101","336","91","471","125","372","111",
"0500000US19037","Chickasaw County, Iowa","4997","396","203","77","162","55","210","90","158","75","180","82","145","51","286","101","152","63","148","59","310","78","514","142","918","162","500","130","426","95","375","108","310","83",
"0500000US19039","Clarke County, Iowa","4071","200","124","66","112","53","101","55","82","56","216","85","61","47","236","139","344","210","161","98","169","72","537","187","553","161","550","197","358","139","225","89","242","103",
"0500000US19041","Clay County, Iowa","7282","206","195","83","288","128","244","115","339","165","383","183","212","80","400","165","388","133","406","155","520","137","756","145","929","172","784","178","532","130","469","131","437","108",
"0500000US19043","Clayton County, Iowa","7509","195","228","60","366","133","244","64","196","56","405","106","289","72","379","98","257","71","356","90","634","116","817","150","975","140","952","140","459","91","639","125","313","85",
"0500000US19045","Clinton County, Iowa","19506","357","783","193","870","172","702","201","800","226","814","183","940","230","915","183","612","145","697","161","1371","224","2300","333","2547","324","2042","309","1204","233","1621","249","1288","218",
"0500000US19047","Crawford County, Iowa","6331","174","283","100","183","77","121","43","386","125","360","103","283","118","234","84","192","67","274","128","376","111","853","197","769","172","586","124","608","208","448","135","375","147",
"0500000US19049","Dallas County, Iowa","42471","501","1125","259","485","178","972","262","672","168","917","295","1045","252","1345","340","1258","280","1102","225","2473","484","3177","402","6302","656","4298","565","3633","494","5348","515","8319","606",
"0500000US19051","Davis County, Iowa","3201","134","143","58","52","33","56","32","163","63","80","48","91","50","94","38","98","52","193","83","338","108","253","78","507","106","447","116","240","71","262","96","184","74",
"0500000US19053","Decatur County, Iowa","3055","119","150","56","144","46","158","51","143","60","152","45","129","43","134","48","136","46","136","38","278","67","404","119","374","75","319","65","176","54","119","37","103","32",
"0500000US19055","Delaware County, Iowa","7369","218","217","82","303","117","227","96","193","86","262","100","334","110","221","92","263","74","351","144","474","125","840","241","1242","201","836","169","411","105","681","158","514","152",
"0500000US19057","Des Moines County, Iowa","17178","316","764","206","930","246","676","178","710","192","755","190","889","198","879","227","484","128","589","158","1481","245","1800","269","2653","309","1647","242","1015","166","1028","185","878","203",
"0500000US19059","Dickinson County, Iowa","8845","279","171","65","252","107","543","155","324","118","180","71","241","80","324","140","449","145","213","78","796","174","896","200","1182","231","1000","208","633","141","630","145","1011","164",
"0500000US19061","Dubuque County, Iowa","40989","363","1808","345","1300","234","1096","217","1348","261","1203","246","1594","243","1344","234","1860","323","1424","212","2886","407","3843","467","5834","441","4685","411","3581","334","3737","410","3446","364",
"0500000US19063","Emmet County, Iowa","4063","150","170","70","202","84","206","93","120","52","94","42","133","69","126","56","233","112","331","134","350","104","358","86","735","153","463","122","225","69","185","66","132","58",
"0500000US19065","Fayette County, Iowa","8342","182","489","130","310","94","410","107","444","106","273","73","360","110","492","111","317","85","400","93","667","129","822","150","1016","133","977","148","564","121","338","83","463","117",
"0500000US19067","Floyd County, Iowa","6503","222","337","141","236","110","267","110","213","93","339","158","224","83","190","67","313","94","292","92","384","117","789","183","1013","212","682","146","369","105","462","157","393","125",
"0500000US19069","Franklin County, Iowa","4198","152","331","136","69","49","208","106","281","110","78","45","119","46","273","103","121","80","294","113","330","102","483","103","554","118","438","114","214","54","274","82","131","53",
"0500000US19071","Fremont County, Iowa","2823","75","62","24","152","63","100","49","152","47","51","23","128","39","146","52","123","44","81","33","218","56","257","53","408","70","327","70","204","52","178","56","236","62",
"0500000US19073","Greene County, Iowa","3922","123","152","62","94","39","173","81","140","51","85","41","274","92","139","54","199","68","239","96","323","107","454","107","491","96","424","104","230","82","300","89","205","68",
"0500000US19075","Grundy County, Iowa","5117","92","141","65","145","62","167","51","110","44","215","76","157","58","104","40","186","41","165","44","342","82","468","81","825","106","645","95","502","102","495","95","450","101",
"0500000US19077","Guthrie County, Iowa","4600","192","123","51","149","57","139","69","169","47","115","47","245","68","132","44","227","78","121","40","312","64","484","93","663","114","486","98","436","99","373","73","426","116",
"0500000US19079","Hamilton County, Iowa","6434","208","349","162","158","71","160","77","283","122","167","66","292","128","191","79","307","89","320","146","494","136","608","139","967","196","807","154","428","88","368","107","535","119",
"0500000US19081","Hancock County, Iowa","4673","123","125","55","207","75","158","69","158","74","135","50","196","82","169","58","202","83","287","79","322","77","598","123","655","108","726","144","290","97","261","96","184","73",
"0500000US19083","Hardin County, Iowa","7038","178","424","118","220","75","249","84","383","110","275","79","385","115","252","70","280","73","291","85","545","94","661","126","1124","163","707","129","503","126","427","111","312","73",
"0500000US19085","Harrison County, Iowa","6089","124","183","64","89","37","204","53","197","54","308","78","198","65","249","81","237","54","182","59","371","89","638","124","988","129","875","167","395","88","520","105","455","88",
"0500000US19087","Henry County, Iowa","7644","226","429","121","292","117","190","77","306","82","224","69","399","112","323","97","312","95","368","98","524","106","863","175","1109","179","932","177","492","103","370","98","511","142",
"0500000US19089","Howard County, Iowa","3773","182","65","34","146","73","177","80","132","59","128","63","148","65","114","54","232","74","227","86","299","86","369","82","613","124","497","100","256","80","189","58","181","68",
"0500000US19091","Humboldt County, Iowa","4219","95","282","82","103","54","198","93","144","70","130","43","180","64","87","33","169","66","186","69","382","93","367","86","681","127","387","101","280","69","309","78","334","100",
"0500000US19093","Ida County, Iowa","3050","109","120","51","104","35","78","37","143","68","109","42","180","63","64","22","125","45","118","44","405","106","341","69","409","78","370","76","179","53","141","43","164","47",
"0500000US19095","Iowa County, Iowa","6909","127","200","93","162","71","260","75","167","83","181","84","347","128","406","108","286","117","197","76","656","154","769","155","967","109","818","152","554","111","556","138","383","119",
"0500000US19097","Jackson County, Iowa","8242","188","333","95","313","91","290","87","257","101","179","65","246","82","348","101","277","89","373","96","668","158","865","126","1432","198","918","142","506","126","737","167","500","110",
"0500000US19099","Jasper County, Iowa","15010","265","415","116","369","113","609","220","606","169","766","208","388","118","491","132","697","165","653","175","1192","209","1809","261","1986","221","1582","264","1144","166","1257","170","1046","184",
"0500000US19101","Jefferson County, Iowa","6952","224","550","170","367","116","245","100","249","117","387","131","352","127","300","113","284","98","182","78","514","148","699","179","894","212","784","169","445","132","310","107","390","129",
"0500000US19103","Johnson County, Iowa","63341","680","3853","581","2360","430","2027","345","2277","413","2367","474","2497","415","2245","348","1903","350","1945","378","4296","495","5922","594","7273","679","6231","628","4918","539","5592","522","7635","557",
"0500000US19105","Jones County, Iowa","8198","187","323","94","226","89","141","59","347","97","276","83","241","77","418","141","473","150","198","75","511","120","1059","185","1141","173","1202","204","439","109","803","166","400","112",
"0500000US19107","Keokuk County, Iowa","4068","105","123","29","186","55","209","71","240","73","88","36","147","51","268","78","142","51","150","48","413","95","364","76","585","85","443","69","234","58","275","57","201","55",
"0500000US19109","Kossuth County, Iowa","6543","147","232","74","166","55","327","119","166","63","255","83","150","61","327","97","452","126","263","80","602","163","694","146","872","141","771","128","523","104","404","93","339","95",
"0500000US19111","Lee County, Iowa","14323","210","782","177","718","190","671","145","682","153","707","199","629","172","626","159","582","130","437","134","1076","242","1619","310","1974","264","1341","221","821","147","930","199","728","178",
"0500000US19113","Linn County, Iowa","95600","577","3351","465","2334","365","2554","331","3267","479","3560","568","3123","491","4049","519","3272","463","4108","471","6215","570","10348","840","13416","839","10319","754","7090","684","9158","725","9436","779",
"0500000US19115","Louisa County, Iowa","4237","132","108","44","120","37","140","52","107","39","158","65","207","78","175","73","131","44","160","45","333","79","423","92","623","108","542","111","348","103","445","113","217","62",
"0500000US19117","Lucas County, Iowa","3708","103","127","45","291","116","225","66","171","79","153","58","154","73","181","62","132","52","125","53","158","63","446","122","592","127","420","90","211","55","195","60","127","59",
"0500000US19119","Lyon County, Iowa","4479","121","114","43","150","68","127","40","126","41","182","57","107","35","205","59","188","83","164","52","349","82","487","98","756","140","545","106","248","53","378","83","353","77",
"0500000US19121","Madison County, Iowa","6696","151","193","88","195","100","51","40","91","52","164","95","173","81","235","109","341","132","183","81","609","202","565","127","1027","187","897","197","732","163","558","134","682","121",
"0500000US19123","Mahaska County, Iowa","8743","221","331","102","286","113","393","111","451","130","261","106","382","133","387","117","191","57","285","87","720","129","900","180","1412","199","1043","157","629","150","654","154","418","117",
"0500000US19125","Marion County, Iowa","13316","258","465","135","437","157","493","137","325","114","460","156","567","146","350","96","421","118","564","155","806","201","1424","245","1958","280","1589","204","1107","210","1225","216","1125","219",
"0500000US19127","Marshall County, Iowa","15496","282","523","159","512","169","393","132","505","183","527","152","768","207","597","155","719","138","443","102","1276","216","1665","304","2674","342","1763","296","1314","236","1127","229","690","130",
"0500000US19129","Mills County, Iowa","5394","155","165","93","183","70","96","58","258","97","74","34","148","56","130","62","119","55","127","53","382","123","577","146","639","141","806","151","499","136","610","100","581","140",
"0500000US19131","Mitchell County, Iowa","4597","117","168","58","163","63","207","79","160","55","147","56","105","53","136","58","176","61","195","65","389","123","563","137","593","127","403","107","451","100","435","125","306","96",
"0500000US19133","Monona County, Iowa","3878","116","209","68","90","45","114","38","168","50","223","65","173","51","268","84","92","43","144","63","275","72","376","95","605","127","438","78","277","88","226","74","200","49",
"0500000US19135","Monroe County, Iowa","3089","141","100","53","126","69","92","52","135","57","119","48","89","62","159","89","91","66","124","83","206","86","416","139","449","94","362","124","188","84","337","120","96","61",
"0500000US19137","Montgomery County, Iowa","4585","149","247","106","291","130","184","84","225","74","225","91","151","71","151","73","217","79","145","69","349","98","430","128","659","127","450","111","265","66","457","110","139","57",
"0500000US19139","Muscatine County, Iowa","17345","339","750","235","705","219","714","189","657","197","445","140","703","203","652","187","776","244","547","142","1399","277","1988","269","2120","345","2379","355","1357","306","1242","238","911","172",
"0500000US19141","O'Brien County, Iowa","5809","230","131","51","269","85","153","59","246","83","248","96","184","68","183","73","264","114","229","98","677","153","498","118","887","139","833","153","235","87","516","144","256","89",
"0500000US19143","Osceola County, Iowa","2634","97","89","46","101","45","106","43","169","74","131","58","81","43","85","43","72","36","60","32","315","105","198","61","437","89","275","70","160","51","194","65","161","52",
"0500000US19145","Page County, Iowa","6255","189","384","105","336","114","307","96","325","82","341","106","359","106","235","91","254","92","172","66","498","128","568","124","849","144","639","113","353","105","360","87","275","83",
"0500000US19147","Palo Alto County, Iowa","3782","136","108","52","160","50","149","61","133","51","102","43","167","67","145","58","179","64","155","54","337","99","327","73","475","84","462","109","382","114","280","75","221","70",
"0500000US19149","Plymouth County, Iowa","10313","187","255","97","333","126","440","149","180","76","260","90","413","125","278","128","245","82","328","96","798","162","1041","202","1759","272","1152","237","914","148","1129","190","788","129",
"0500000US19151","Pocahontas County, Iowa","3000","119","122","38","61","24","96","40","136","47","98","38","195","83","104","48","233","66","177","61","227","56","382","83","339","79","346","88","167","55","207","52","110","40",
"0500000US19153","Polk County, Iowa","205358","1156","6407","664","5557","729","5223","699","5816","763","5646","674","7207","723","7551","589","7429","758","7557","816","13993","1083","20366","1300","27978","1648","21755","1200","16830","1052","22180","1239","23863","1104",
"0500000US19155","Pottawattamie County, Iowa","37642","389","1567","259","1263","239","1425","280","1554","262","1184","237","1329","217","1678","309","1425","275","1190","246","2607","296","4033","404","5469","530","4002","435","3032","316","3287","324","2597","274",
"0500000US19157","Poweshiek County, Iowa","7804","274","428","141","382","144","286","117","224","88","261","81","326","141","291","115","316","134","343","122","466","126","913","245","964","178","889","177","404","106","766","139","545","165",
"0500000US19159","Ringgold County, Iowa","1899","110","47","25","105","32","97","43","57","23","62","25","30","20","73","34","77","35","59","25","201","67","164","43","306","83","198","50","171","44","109","44","143","51",
"0500000US19161","Sac County, Iowa","4302","110","129","63","203","72","158","63","229","62","151","50","113","36","138","49","98","36","122","44","431","80","412","80","685","99","550","88","413","101","276","63","194","51",
"0500000US19163","Scott County, Iowa","73132","622","3293","454","2077","306","2224","359","2317","335","2640","424","2638","403","2278","386","2707","412","2273","338","5345","455","7306","585","9721","726","7716","699","6001","655","7219","532","7377","577",
"0500000US19165","Shelby County, Iowa","4882","155","112","56","187","72","162","59","256","110","137","63","231","88","231","95","252","79","123","47","406","115","401","96","600","117","545","112","355","82","384","117","500","142",
"0500000US19167","Sioux County, Iowa","12690","181","490","157","266","101","286","97","308","113","561","196","315","126","403","103","367","121","419","111","728","142","1162","183","1966","256","1802","263","1218","229","1134","201","1265","187",
"0500000US19169","Story County, Iowa","38904","509","2009","404","1635","351","1531","330","1255","239","1344","251","1410","269","1565","280","1453","323","1555","384","2783","384","4123","414","4886","494","3700","350","2823","340","3152","291","3680","394",
"0500000US19171","Tama County, Iowa","6720","173","245","58","265","69","248","81","273","77","278","87","135","36","349","120","226","54","227","73","528","97","874","139","986","151","724","114","557","110","550","102","255","73",
"0500000US19173","Taylor County, Iowa","2488","87","108","34","98","33","61","26","128","43","81","38","100","35","121","39","72","31","102","38","259","63","267","56","418","73","255","54","205","54","121","46","92","32",
"0500000US19175","Union County, Iowa","5116","177","298","116","189","85","262","105","137","78","338","126","143","55","357","112","282","91","205","80","429","103","572","149","779","148","461","114","212","73","320","84","132","58",
"0500000US19177","Van Buren County, Iowa","2896","123","201","81","169","46","84","34","194","54","129","45","89","46","140","50","156","62","87","32","173","55","278","60","426","92","294","88","204","66","119","41","153","54",
"0500000US19179","Wapello County, Iowa","13997","276","714","212","542","171","709","211","608","167","705","222","437","130","396","114","569","194","467","131","1335","254","1671","280","1994","324","1362","232","847","186","1059","235","582","153",
"0500000US19181","Warren County, Iowa","20679","291","736","185","340","113","375","158","363","106","571","170","638","169","607","159","754","168","583","143","1267","227","1866","261","2721","416","2976","330","1924","309","2697","305","2261","286",
"0500000US19183","Washington County, Iowa","8972","201","339","88","237","91","228","80","284","88","349","103","252","74","263","90","472","137","451","121","693","156","860","166","1347","209","1239","185","623","132","705","156","630","130",
"0500000US19185","Wayne County, Iowa","2565","92","106","44","77","37","96","28","93","37","99","33","155","50","195","53","98","30","132","43","204","53","244","57","382","75","289","66","80","30","143","48","172","55",
"0500000US19187","Webster County, Iowa","15375","369","818","198","652","176","604","139","677","152","574","132","838","201","774","213","604","167","457","130","947","192","1611","245","2331","286","1560","256","877","161","1332","239","719","127",
"0500000US19189","Winnebago County, Iowa","4641","125","215","68","144","74","298","124","157","55","173","88","257","85","104","41","174","65","208","74","342","107","470","125","710","150","629","157","290","90","227","69","243","85",
"0500000US19191","Winneshiek County, Iowa","8139","218","362","140","164","61","223","86","334","97","218","86","286","103","291","99","326","102","216","73","566","125","942","206","1160","183","1133","197","672","131","640","138","606","127",
"0500000US19193","Woodbury County, Iowa","40699","421","2151","350","1773","374","1584","345","1360","292","1518","335","1496","270","1240","238","1425","304","1619","252","3001","419","3585","468","5705","523","4795","484","3460","500","3122","384","2865","486",
"0500000US19195","Worth County, Iowa","3178","90","99","44","78","35","120","47","141","45","139","68","67","28","104","37","133","47","140","43","205","58","317","69","499","84","370","64","237","61","358","79","171","61",
"0500000US19197","Wright County, Iowa","5353","190","227","113","151","64","134","52","205","92","220","85","269","110","221","83","320","114","176","55","454","119","589","132","780","145","377","95","340","98","555","127","335","87",
"0500000US20001","Allen County, Kansas","5011","201","271","101","110","58","91","45","287","110","217","85","348","164","272","82","230","88","237","85","410","113","437","94","619","112","627","142","341","102","376","128","138","52",
"0500000US20003","Anderson County, Kansas","3208","119","81","50","103","61","107","60","212","82","203","91","158","80","99","59","150","73","127","66","117","69","348","113","703","174","476","158","150","64","116","57","58","40",
"0500000US20005","Atchison County, Kansas","5735","259","402","158","247","130","223","125","209","91","376","168","241","97","153","71","291","99","265","119","404","107","578","148","628","158","617","166","546","151","338","99","217","80",
"0500000US20007","Barber County, Kansas","1828","127","75","31","56","26","38","19","78","45","79","33","58","26","147","53","71","35","68","35","197","85","141","52","334","79","118","42","111","46","178","54","79","39",
"0500000US20009","Barton County, Kansas","10380","330","514","157","427","154","304","108","482","156","629","150","551","145","425","144","458","159","614","170","928","187","1057","214","1413","244","1097","218","439","107","654","153","388","116",
"0500000US20011","Bourbon County, Kansas","5840","205","204","70","193","99","137","61","386","131","380","124","286","92","427","192","396","139","143","62","393","132","462","144","778","195","634","180","480","115","266","108","275","74",
"0500000US20013","Brown County, Kansas","3794","154","217","68","174","54","110","44","209","66","146","50","149","46","128","55","177","59","166","41","329","79","397","117","536","127","282","59","236","63","270","82","268","94",
"0500000US20015","Butler County, Kansas","25338","398","950","251","742","163","518","221","865","218","724","181","798","200","487","145","976","267","822","188","2116","341","3004","373","3620","324","2650","339","2098","286","2602","326","2366","279",
"0500000US20017","Chase County, Kansas","1147","74","30","18","37","17","81","42","73","34","43","24","31","26","53","31","80","59","30","15","164","51","115","49","126","38","75","34","106","36","43","21","60","34",
"0500000US20019","Chautauqua County, Kansas","1356","96","71","37","47","23","91","45","56","28","45","21","53","21","116","46","59","31","39","22","156","45","108","37","201","58","117","33","92","32","40","22","65","35",
"0500000US20021","Cherokee County, Kansas","7887","231","458","164","559","170","219","79","415","164","369","127","429","164","352","125","402","132","225","85","675","200","1005","278","1034","236","848","205","351","101","280","83","266","103",
"0500000US20023","Cheyenne County, Kansas","1210","73","60","28","44","31","72","33","53","24","104","58","29","20","63","36","33","22","60","29","155","54","133","37","125","42","109","44","41","23","48","25","81","38",
"0500000US20025","Clark County, Kansas","788","70","46","30","23","18","10","6","54","26","20","18","36","20","29","16","32","16","21","16","103","42","78","32","114","45","81","29","37","16","59","30","45","23",
"0500000US20027","Clay County, Kansas","3522","136","142","73","159","80","209","82","153","63","145","87","83","46","124","63","109","58","64","47","358","121","545","145","313","86","401","101","323","110","160","66","234","71",
"0500000US20029","Cloud County, Kansas","3819","168","144","66","173","74","133","58","195","77","178","74","168","71","137","80","361","110","157","67","325","91","513","100","584","124","298","88","141","53","189","68","123","58",
"0500000US20031","Coffey County, Kansas","3545","109","126","46","159","58","88","38","94","40","130","73","130","63","190","71","171","66","150","66","239","64","397","80","419","85","441","101","247","57","345","75","219","73",
"0500000US20033","Comanche County, Kansas","824","86","15","11","29","16","34","21","76","57","21","15","41","25","39","20","53","23","19","11","150","68","68","23","129","38","39","19","60","33","20","16","31","18",
"0500000US20035","Cowley County, Kansas","13387","380","764","203","560","172","554","154","615","146","774","235","676","198","597","169","640","186","707","194","1112","188","1337","219","1587","224","1265","190","738","157","855","189","606","150",
"0500000US20037","Crawford County, Kansas","15838","311","1050","202","899","218","681","166","942","219","838","220","728","195","957","150","777","198","680","171","1481","245","1444","235","1932","291","1201","214","934","223","672","161","622","143",
"0500000US20039","Decatur County, Kansas","1327","79","50","30","48","32","52","32","50","40","126","66","97","49","63","46","63","37","36","28","172","60","122","49","164","56","85","39","97","50","51","35","51","36",
"0500000US20041","Dickinson County, Kansas","8016","196","362","118","194","92","138","57","272","98","326","124","253","142","215","75","484","169","485","184","817","238","805","177","1234","270","691","131","677","179","631","186","432","162",
"0500000US20043","Doniphan County, Kansas","2724","130","98","55","77","38","143","86","143","54","77","33","142","51","82","31","58","28","91","35","153","53","326","84","363","89","337","78","230","64","227","77","177","62",
"0500000US20045","Douglas County, Kansas","50406","600","3267","568","1959","463","1807","421","1790","378","1620","410","1986","438","1656","336","1993","421","1579","362","4079","613","4905","687","5939","586","4871","516","3601","581","4065","556","5289","655",
"0500000US20047","Edwards County, Kansas","1162","62","91","42","35","18","57","29","72","26","40","22","70","40","61","25","55","18","84","46","93","33","85","31","112","33","159","44","39","19","48","24","61","24",
"0500000US20049","Elk County, Kansas","999","71","58","27","34","14","39","19","50","26","38","25","51","24","61","29","30","13","34","17","90","28","113","31","135","40","115","30","77","34","37","23","37","21",
"0500000US20051","Ellis County, Kansas","12251","259","713","198","541","204","592","159","676","207","357","120","581","195","413","182","561","186","514","197","906","223","1124","251","1629","294","1078","247","947","254","1088","244","531","162",
"0500000US20053","Ellsworth County, Kansas","2453","108","77","35","119","47","101","46","87","42","97","44","102","55","50","29","123","51","59","27","277","99","334","80","304","72","235","60","182","53","175","56","131","51",
"0500000US20055","Finney County, Kansas","13229","257","388","143","469","164","301","139","453","162","354","130","278","155","446","177","399","166","793","233","1391","277","1587","300","1522","297","1608","226","1243","253","1236","249","761","166",
"0500000US20057","Ford County, Kansas","11796","245","476","169","171","88","371","140","497","179","596","210","385","133","614","205","494","199","352","145","830","206","1382","271","1721","345","1439","317","864","193","920","245","684","173",
"0500000US20059","Franklin County, Kansas","10409","275","283","100","395","131","290","107","360","116","455","148","419","134","402","126","312","124","537","164","755","194","857","188","1629","257","1331","297","819","182","1241","298","324","124",
"0500000US20061","Geary County, Kansas","14158","327","695","210","738","209","347","141","403","135","681","179","919","258","511","156","1055","228","557","196","1321","271","1469","295","2338","346","1351","278","670","171","739","212","364","111",
"0500000US20063","Gove County, Kansas","1168","94","39","16","40","25","48","27","37","29","59","28","57","29","73","39","30","19","46","17","124","37","88","35","193","44","104","25","84","28","65","31","81","29",
"0500000US20065","Graham County, Kansas","1191","70","72","31","44","28","89","44","50","23","55","23","57","27","74","39","48","27","100","43","130","53","98","35","125","42","97","30","59","26","72","28","21","15",
"0500000US20067","Grant County, Kansas","2379","164","41","37","30","40","86","79","149","121","2","4","80","71","93","79","49","60","79","74","230","121","471","205","155","81","150","72","241","117","229","148","294","135",
"0500000US20069","Gray County, Kansas","2136","72","41","25","34","29","26","18","87","44","137","52","75","34","83","39","67","43","128","54","113","40","202","58","377","92","279","70","185","64","93","31","209","49",
"0500000US20071","Greeley County, Kansas","541","53","13","10","7","8","1","2","21","18","15","22","15","12","11","10","36","27","16","10","61","27","59","26","101","37","72","34","40","17","38","21","35","22",
"0500000US20073","Greenwood County, Kansas","2666","138","140","47","145","62","94","41","88","31","117","40","154","67","172","73","65","34","135","52","221","61","431","108","299","64","152","46","160","49","169","57","124","53",
"0500000US20075","Hamilton County, Kansas","757","117","57","54","39","33","29","25","17","20","37","29","14","20","28","40","18","18","58","55","27","20","79","53","56","36","111","50","91","49","52","42","44","34",
"0500000US20077","Harper County, Kansas","2206","120","120","44","112","53","119","58","120","51","131","47","129","51","111","48","104","49","85","36","206","77","262","48","258","59","198","53","70","33","64","36","117","49",
"0500000US20079","Harvey County, Kansas","13700","254","497","168","398","179","297","135","414","127","591","196","670","208","273","117","556","216","681","190","1042","224","1502","305","2262","321","1657","290","925","226","1262","306","673","193",
"0500000US20081","Haskell County, Kansas","1403","46","36","24","27","19","53","41","74","34","36","29","42","33","93","51","48","35","61","52","108","47","196","63","165","58","116","48","156","67","117","47","75","38",
"0500000US20083","Hodgeman County, Kansas","697","66","15","10","7","6","28","23","8","7","30","18","45","21","48","37","46","28","15","16","107","50","60","18","98","29","61","22","56","23","40","16","33","16",
"0500000US20085","Jackson County, Kansas","5013","185","93","46","212","77","79","36","212","90","223","83","182","57","224","76","173","68","132","49","483","120","485","89","650","133","647","119","486","117","525","136","207","77",
"0500000US20087","Jefferson County, Kansas","7412","177","258","122","137","54","123","64","214","84","455","130","127","39","246","111","181","71","252","102","437","103","785","143","1196","202","1027","162","556","129","753","145","665","136",
"0500000US20089","Jewell County, Kansas","1317","77","32","19","55","31","66","33","103","38","125","50","62","35","66","38","67","43","67","34","97","46","126","46","133","46","157","59","41","25","65","33","55","26",
"0500000US20091","Johnson County, Kansas","249531","1006","6378","670","3660","507","2967","378","4265","539","6346","680","5495","668","5825","521","6228","632","6599","528","13956","1009","20918","1078","31238","1192","28235","1428","22069","1119","33785","1087","51567","1380",
"0500000US20093","Kearny County, Kansas","1427","75","7","11","53","42","13","15","13","14","33","26","28","23","52","33","89","57","23","17","140","78","182","70","150","56","253","89","189","87","172","75","30","21",
"0500000US20095","Kingman County, Kansas","3166","134","94","47","102","68","133","60","210","92","174","97","74","48","147","81","245","105","128","63","287","97","484","133","225","63","280","90","304","97","177","74","102","50",
"0500000US20097","Kiowa County, Kansas","955","55","8","8","25","17","37","16","24","20","64","28","40","28","18","10","19","12","32","15","92","29","106","31","212","58","95","31","56","19","58","19","69","24",
"0500000US20099","Labette County, Kansas","8078","227","351","101","327","98","585","149","368","104","449","158","502","139","282","101","280","95","320","108","770","177","942","184","1006","189","566","113","638","194","441","137","251","86",
"0500000US20101","Lane County, Kansas","709","82","41","36","22","21","44","31","0","11","11","11","25","24","23","35","29","28","107","50","74","39","56","30","36","21","88","48","89","52","10","8","54","35",
"0500000US20103","Leavenworth County, Kansas","30164","403","1271","348","636","173","676","191","799","253","734","232","1079","279","869","296","1097","255","981","240","2084","398","2739","457","4012","477","3660","467","2383","397","3600","417","3544","405",
"0500000US20105","Lincoln County, Kansas","1278","79","67","28","56","24","68","42","61","26","44","22","35","21","56","23","80","43","75","39","112","43","116","35","166","41","89","33","107","55","105","41","41","27",
"0500000US20107","Linn County, Kansas","4348","179","114","47","254","74","184","61","110","70","211","81","232","127","195","77","122","50","170","69","639","166","330","86","505","125","476","79","247","85","343","96","216","91",
"0500000US20109","Logan County, Kansas","1241","56","103","53","39","30","30","25","35","36","38","24","62","34","24","20","39","30","64","36","87","35","86","41","257","63","152","39","64","27","40","26","121","52",
"0500000US20111","Lyon County, Kansas","13481","302","665","172","424","146","663","200","567","185","727","181","539","134","580","199","675","224","763","192","1144","256","1833","344","1960","287","1247","217","599","153","545","123","550","132",
"0500000US20113","McPherson County, Kansas","12162","245","636","176","179","105","278","103","519","221","534","174","328","123","384","137","450","185","427","138","920","198","1151","211","1976","273","1536","236","853","188","1273","223","718","155",
"0500000US20115","Marion County, Kansas","4750","179","182","48","168","64","181","58","148","34","208","74","186","66","171","66","179","57","183","44","553","113","627","115","742","139","408","87","325","61","259","63","230","64",
"0500000US20117","Marshall County, Kansas","4176","130","147","60","229","94","203","79","155","55","176","89","215","82","180","66","138","68","139","53","333","85","331","87","766","157","524","120","268","72","162","71","210","86",
"0500000US20119","Meade County, Kansas","1502","102","66","36","45","22","52","27","52","30","69","35","76","37","58","29","49","28","47","30","85","45","183","60","200","52","247","74","98","49","81","39","94","45",
"0500000US20121","Miami County, Kansas","13738","175","553","179","192","111","439","230","470","152","558","226","570","244","218","106","314","140","486","183","819","216","1227","244","1777","320","1635","301","1309","299","1630","322","1541","225",
"0500000US20123","Mitchell County, Kansas","2680","94","93","61","104","78","132","69","150","70","93","49","108","59","196","90","78","39","124","52","194","83","279","91","429","113","192","76","121","61","202","78","185","77",
"0500000US20125","Montgomery County, Kansas","12880","346","767","215","683","137","650","164","698","174","489","135","610","190","703","202","608","127","480","124","1075","229","1437","225","1920","290","988","184","777","185","570","133","425","119",
"0500000US20127","Morris County, Kansas","2550","140","180","74","30","23","153","57","110","58","163","66","121","47","118","66","156","65","82","45","203","76","275","86","298","82","310","84","102","37","128","52","121","55",
"0500000US20129","Morton County, Kansas","972","101","58","34","30","22","76","45","39","38","79","43","39","34","28","25","45","25","2","5","72","41","93","47","141","55","69","35","52","43","73","45","76","52",
"0500000US20131","Nemaha County, Kansas","4031","120","114","45","106","65","110","53","130","66","223","73","252","86","104","56","208","71","95","41","213","94","391","72","641","110","481","105","285","70","409","103","269","70",
"0500000US20133","Neosho County, Kansas","6464","202","341","116","369","123","153","87","348","135","393","147","324","114","274","105","298","100","323","133","536","129","576","130","992","192","535","145","345","113","389","120","268","125",
"0500000US20135","Ness County, Kansas","1161","58","49","26","33","14","49","26","33","22","30","23","57","21","44","23","48","20","30","15","97","41","146","37","165","46","137","37","90","36","56","27","97","39",
"0500000US20137","Norton County, Kansas","2000","156","45","37","99","67","72","52","126","84","124","80","169","96","61","51","89","68","99","73","200","82","253","91","257","88","135","91","150","68","96","56","25","22",
"0500000US20139","Osage County, Kansas","6432","153","245","73","169","45","188","74","258","84","242","68","276","81","153","51","244","73","272","82","456","107","739","137","1161","144","794","135","526","130","379","72","330","81",
"0500000US20141","Osborne County, Kansas","1579","67","48","16","75","36","43","20","83","33","85","29","71","29","86","47","77","28","94","38","92","32","157","43","272","57","149","52","81","26","118","38","48","26",
"0500000US20143","Ottawa County, Kansas","2408","82","139","67","81","44","90","46","129","52","64","35","49","31","78","42","75","34","94","37","254","81","162","45","363","80","272","71","154","49","250","60","154","54",
"0500000US20145","Pawnee County, Kansas","2391","165","37","27","162","76","37","29","87","49","242","116","47","32","157","66","142","72","85","53","147","77","278","79","249","91","218","73","110","67","147","91","246","94",
"0500000US20147","Phillips County, Kansas","2273","98","119","50","102","41","75","29","84","44","100","49","189","65","72","32","62","30","139","49","141","43","323","81","406","93","135","50","127","48","110","42","89","38",
"0500000US20149","Pottawatomie County, Kansas","9381","270","237","92","268","129","212","100","449","170","230","132","181","71","249","117","212","78","232","102","529","133","1039","236","1267","194","1253","219","1119","230","834","186","1070","252",
"0500000US20151","Pratt County, Kansas","3468","185","129","72","206","85","99","54","156","77","214","96","146","65","104","61","96","50","130","73","347","101","402","122","519","112","354","89","191","76","220","76","155","58",
"0500000US20153","Rawlins County, Kansas","1170","52","33","20","14","9","55","21","63","34","69","39","33","21","43","20","53","27","39","21","152","48","106","38","262","77","101","52","78","33","47","23","22","18",
"0500000US20155","Reno County, Kansas","25592","459","1057","208","1000","258","1195","264","1221","244","1627","425","930","204","1124","259","1253","286","899","181","2340","363","2832","394","3764","416","2453","399","1475","277","1161","197","1261","270",
"0500000US20157","Republic County, Kansas","1996","108","84","36","64","33","122","53","121","51","136","51","118","53","48","25","78","34","82","27","234","59","224","72","233","54","193","57","106","41","73","37","80","34",
"0500000US20159","Rice County, Kansas","3714","157","181","78","122","54","104","51","177","59","96","50","122","44","176","75","219","92","219","102","339","115","528","144","520","123","309","77","197","69","231","74","174","63",
"0500000US20161","Riley County, Kansas","27695","467","2268","371","1234","248","951","229","1111","278","1199","345","1301","325","869","242","1360","414","998","224","2093","395","3090","465","3356","396","2399","424","1344","220","2109","385","2013","343",
"0500000US20163","Rooks County, Kansas","2136","103","74","32","61","29","75","36","78","34","72","40","54","26","89","40","103","40","82","34","247","75","326","87","263","59","278","63","178","56","111","50","45","26",
"0500000US20165","Rush County, Kansas","1387","85","44","20","59","29","108","44","95","30","56","37","64","23","21","13","61","25","40","17","146","43","194","51","192","46","79","30","67","26","44","25","117","45",
"0500000US20167","Russell County, Kansas","3100","146","189","87","145","99","143","84","86","38","130","75","185","95","132","59","104","71","101","51","246","113","460","164","513","115","153","68","264","117","57","39","192","96",
"0500000US20169","Saline County, Kansas","22523","353","1231","293","1126","263","880","178","995","331","863","197","876","241","679","202","850","224","867","250","1852","393","2605","418","3209","459","2590","365","1149","203","1541","270","1210","254",
"0500000US20171","Scott County, Kansas","2289","116","0","16","24","34","55","49","169","114","199","131","0","16","155","121","190","113","64","68","214","125","266","117","378","182","118","81","229","124","118","87","110","71",
"0500000US20173","Sedgwick County, Kansas","206768","1311","9999","997","7427","712","6441","688","6624","720","9053","834","9696","1106","8569","789","7620","697","8204","784","16481","997","21093","1208","28331","1416","19761","948","14650","942","16955","1029","15864","931",
"0500000US20175","Seward County, Kansas","7257","261","191","132","286","142","187","135","82","73","368","164","507","191","337","178","315","156","743","275","453","168","617","174","1162","267","636","205","535","208","513","245","325","170",
"0500000US20177","Shawnee County, Kansas","75458","597","4389","547","2610","373","2335","357","2525","419","3210","542","3218","516","2726","361","3115","458","3089","439","6518","580","7082","748","10572","908","7860","782","5145","580","5943","648","5121","488",
"0500000US20179","Sheridan County, Kansas","987","57","34","19","21","12","22","19","65","33","8","8","74","36","69","29","26","20","22","17","70","30","91","36","127","44","93","29","82","32","79","39","104","40",
"0500000US20181","Sherman County, Kansas","2449","149","128","77","51","35","107","65","51","38","80","62","222","130","60","42","218","107","51","46","239","108","346","142","233","85","136","72","180","102","138","86","209","98",
"0500000US20183","Smith County, Kansas","1578","85","72","21","34","19","49","23","57","21","104","43","122","46","59","26","46","19","84","32","171","54","149","33","162","36","195","53","79","29","110","40","85","31",
"0500000US20185","Stafford County, Kansas","1579","92","21","13","50","24","68","33","78","29","96","41","73","33","42","20","79","37","74","31","176","60","145","43","241","60","150","43","113","33","71","24","102","35",
"0500000US20187","Stanton County, Kansas","856","110","3","4","0","11","15","16","3","6","11","18","60","46","90","68","33","27","33","33","40","46","217","96","127","74","19","24","42","32","38","27","125","63",
"0500000US20189","Stevens County, Kansas","1888","124","74","54","8","18","36","43","28","36","108","64","43","40","126","67","104","58","57","41","295","110","246","89","206","76","202","73","81","63","209","88","65","39",
"0500000US20191","Sumner County, Kansas","8970","203","425","120","300","132","552","179","207","70","465","126","279","102","380","96","420","127","338","123","746","173","1022","205","964","131","1106","209","588","145","720","162","458","141",
"0500000US20193","Thomas County, Kansas","3139","161","118","88","107","74","38","31","281","148","181","99","51","39","121","84","27","30","71","54","305","111","343","135","494","136","377","144","229","94","146","78","250","89",
"0500000US20195","Trego County, Kansas","1367","75","33","21","20","14","66","42","36","29","44","27","28","21","38","27","54","35","133","63","112","53","76","41","323","80","114","45","121","58","69","41","100","70",
"0500000US20197","Wabaunsee County, Kansas","2684","113","114","41","57","29","48","23","46","20","70","28","42","19","95","38","164","51","91","40","306","107","280","76","360","88","405","86","222","50","146","46","238","106",
"0500000US20199","Wallace County, Kansas","599","55","34","29","11","10","22","14","20","14","30","20","32","18","24","13","18","14","58","33","37","20","67","32","71","30","83","28","21","10","43","22","28","15",
"0500000US20201","Washington County, Kansas","2373","84","118","42","42","20","96","36","95","37","171","44","131","36","84","29","82","24","91","40","164","42","336","58","342","63","241","57","130","43","141","48","109","41",
"0500000US20203","Wichita County, Kansas","824","80","11","10","97","58","33","29","22","20","27","22","30","28","41","35","37","27","9","12","26","18","65","35","160","57","54","31","45","33","88","55","79","57",
"0500000US20205","Wilson County, Kansas","3517","197","116","51","187","65","175","59","242","75","142","62","111","45","131","53","201","70","183","65","251","76","350","87","480","121","324","89","271","92","232","76","121","50",
"0500000US20207","Woodson County, Kansas","1254","82","71","33","60","23","45","27","71","35","50","26","86","47","93","39","97","35","51","28","94","38","73","32","181","53","120","45","61","36","19","16","82","38",
"0500000US20209","Wyandotte County, Kansas","61562","603","3563","416","2811","443","2383","458","1953","337","2726","403","2851","486","2524","374","3016","404","2265","370","4650","530","6847","746","8770","745","6293","601","4173","489","3680","506","3057","340",
"0500000US21001","Adair County, Kentucky","7136","263","419","107","641","204","548","205","269","90","272","109","277","102","249","117","336","148","411","149","490","166","830","235","770","170","614","176","498","166","336","121","176","85",
"0500000US21003","Allen County, Kentucky","8035","252","385","128","257","136","491","134","290","136","506","174","441","184","298","129","268","99","312","137","696","191","755","202","1409","264","852","191","473","179","340","117","262","100",
"0500000US21005","Anderson County, Kentucky","9653","246","217","111","230","147","366","166","241","115","509","165","450","134","207","87","489","155","486","147","603","205","1067","222","1371","286","1195","245","765","171","975","217","482","179",
"0500000US21007","Ballard County, Kentucky","3209","123","137","48","117","52","96","45","147","52","120","62","183","59","248","94","71","37","162","69","193","62","356","111","416","110","293","72","222","89","271","103","177","79",
"0500000US21009","Barren County, Kentucky","18017","339","1224","260","1130","274","873","221","899","212","836","214","932","250","993","271","984","253","1034","269","1253","233","1486","275","2528","389","1238","252","993","192","827","174","787","188",
"0500000US21011","Bath County, Kentucky","4698","210","256","110","493","158","259","84","232","107","145","63","194","81","239","99","171","92","172","79","363","122","467","163","418","144","598","161","207","109","252","102","232","112",
"0500000US21013","Bell County, Kentucky","9939","280","1384","323","1145","253","703","194","788","204","780","231","463","174","336","118","503","222","315","130","618","198","900","239","807","180","447","160","312","149","241","115","197","92",
"0500000US21015","Boone County, Kentucky","50963","530","1202","291","845","267","1149","287","1380","373","937","206","1368","284","1237","259","1468","345","1624","328","2918","503","4138","488","7382","692","6593","778","5217","623","6274","629","7231","587",
"0500000US21017","Bourbon County, Kentucky","8134","240","688","206","468","129","293","97","350","125","303","107","184","86","285","120","316","94","462","201","653","198","641","139","1026","166","837","194","542","146","519","144","567","125",
"0500000US21019","Boyd County, Kentucky","19309","401","1163","216","1333","299","1042","237","1129","279","661","203","985","246","586","173","715","180","664","184","1199","247","2260","344","2648","389","1645","305","1219","297","1008","207","1052","238",
"0500000US21021","Boyle County, Kentucky","12045","221","711","181","881","277","490","212","511","147","450","147","480","162","501","176","469","141","533","173","882","191","1417","245","1231","206","1317","246","794","155","882","175","496","168",
"0500000US21023","Bracken County, Kentucky","3364","145","221","73","104","48","144","60","101","46","117","60","225","109","152","69","155","64","123","58","180","81","322","105","409","117","311","100","234","81","330","110","236","113",
"0500000US21025","Breathitt County, Kentucky","5464","196","560","146","733","187","455","162","443","123","257","88","295","128","237","95","172","76","135","69","457","114","467","113","463","132","353","106","180","86","195","81","62","41",
"0500000US21027","Breckinridge County, Kentucky","8069","304","450","119","528","181","568","214","344","115","448","167","335","117","344","139","382","129","365","142","535","143","569","129","1075","207","737","177","523","141","502","143","364","115",
"0500000US21029","Bullitt County, Kentucky","31747","383","1181","273","755","202","1015","287","1095","254","890","229","852","196","887","235","1348","287","1087","235","2419","356","3015","352","4786","483","3716","462","2601","339","3329","385","2771","400",
"0500000US21031","Butler County, Kentucky","4567","178","283","117","348","100","208","83","280","122","187","75","176","85","129","63","238","102","178","92","473","152","317","87","831","183","378","104","235","79","134","50","172","62",
"0500000US21033","Caldwell County, Kentucky","5025","187","195","78","332","139","287","127","318","131","190","122","298","138","238","93","192","105","206","106","261","101","481","166","739","199","470","166","309","146","330","131","179","86",
"0500000US21035","Calloway County, Kentucky","15239","332","1144","310","855","296","617","158","870","191","747","191","915","245","744","226","607","179","713","202","1321","224","1224","230","2235","351","1324","250","574","151","683","178","666","165",
"0500000US21037","Campbell County, Kentucky","39232","440","2315","423","1388","308","1163","279","1037","247","902","183","1489","313","1650","295","1258","209","1406","281","2616","372","3923","399","4775","444","3924","425","3040","339","3458","306","4888","428",
"0500000US21039","Carlisle County, Kentucky","1865","114","42","24","138","59","98","37","54","28","162","64","78","39","96","43","43","30","61","41","101","51","220","59","181","54","285","64","73","38","117","49","116","44",
"0500000US21041","Carroll County, Kentucky","4178","178","383","151","135","78","341","126","268","101","81","47","170","129","252","104","189","103","129","99","186","80","220","83","665","200","428","161","194","89","315","159","222","108",
"0500000US21043","Carter County, Kentucky","10794","290","636","204","846","187","840","255","643","187","502","157","468","139","527","181","391","130","421","191","863","243","766","181","1309","331","861","269","569","148","825","214","327","166",
"0500000US21045","Casey County, Kentucky","6482","217","471","175","530","162","296","103","569","154","369","156","298","102","331","125","338","121","285","111","643","165","459","136","722","154","466","128","227","98","268","121","210","96",
"0500000US21047","Christian County, Kentucky","25725","345","2056","449","1394","298","827","190","1058","257","1113","234","1260","367","1376","332","1132","293","1499","297","2401","397","3025","425","3619","423","1671","283","1330","262","1099","225","865","228",
"0500000US21049","Clark County, Kentucky","15055","270","646","180","983","224","615","200","377","147","725","259","431","151","676","221","789","224","394","146","1286","308","1485","332","2032","361","1570","263","1260","258","958","214","828","196",
"0500000US21051","Clay County, Kentucky","7288","291","567","158","883","233","517","173","542","161","504","173","412","161","183","93","323","132","367","149","481","221","553","168","835","247","442","152","314","136","275","144","90","66",
"0500000US21053","Clinton County, Kentucky","3854","179","315","100","293","125","214","97","233","111","165","78","188","86","283","109","242","99","164","67","388","144","319","87","339","111","345","147","246","117","98","57","22","21",
"0500000US21055","Crittenden County, Kentucky","3543","206","165","77","200","120","158","71","188","75","267","127","331","115","188","104","195","83","192","87","117","61","298","81","435","140","388","114","173","63","163","67","85","39",
"0500000US21057","Cumberland County, Kentucky","2630","191","327","144","331","104","77","43","154","70","85","51","144","89","197","96","44","40","104","60","156","68","368","125","269","110","148","61","136","76","82","57","8","14",
"0500000US21059","Daviess County, Kentucky","41639","432","2632","431","1658","344","1721","400","1349","272","1942","384","1532","353","1660","361","1938","350","1431","291","2873","454","3993","498","5705","618","4396","565","3200","470","2768","379","2841","393",
"0500000US21061","Edmonson County, Kentucky","5099","182","191","87","353","137","284","109","180","66","344","116","390","186","286","123","204","86","152","71","397","142","613","193","673","162","427","139","265","137","237","99","103","62",
"0500000US21063","Elliott County, Kentucky","2440","159","242","92","216","90","110","60","84","52","232","90","114","60","53","31","160","88","54","48","288","131","157","70","207","93","254","113","179","91","52","44","38","32",
"0500000US21065","Estill County, Kentucky","5975","219","450","152","625","194","298","132","294","115","328","116","346","125","314","105","261","103","227","123","348","112","606","190","806","165","579","164","144","85","206","142","143","75",
"0500000US21067","Fayette County, Kentucky","139715","787","8503","721","4655","563","4173","566","5266","647","6027","829","5949","756","5734","712","5708","644","5120","617","8998","805","14193","824","17151","1012","12233","742","8844","806","11980","875","15181","871",
"0500000US21069","Fleming County, Kentucky","5859","250","514","191","373","126","409","165","340","116","178","86","272","104","336","127","307","115","241","96","413","115","556","179","720","174","514","175","278","130","307","117","101","59",
"0500000US21071","Floyd County, Kentucky","14700","361","1462","283","1278","279","906","250","1177","262","860","238","708","194","805","213","440","159","297","131","1159","289","1321","257","1485","318","1363","342","494","177","610","198","335","144",
"0500000US21073","Franklin County, Kentucky","22718","373","1127","216","938","238","855","241","842","251","822","233","1041","345","881","234","1154","287","942","224","1725","295","2060","402","2926","395","2570","429","1847","288","1598","268","1390","275",
"0500000US21075","Fulton County, Kentucky","2550","122","262","99","242","83","110","71","166","70","66","56","177","70","359","135","120","59","128","69","202","78","208","80","204","73","72","43","100","73","123","51","11","17",
"0500000US21077","Gallatin County, Kentucky","3265","148","157","68","130","57","78","47","68","37","224","101","175","74","160","65","110","53","137","60","256","82","410","120","412","108","365","97","211","74","245","96","127","52",
"0500000US21079","Garrard County, Kentucky","6695","168","315","103","305","100","202","91","449","147","323","114","220","102","205","77","369","136","281","122","549","131","688","180","1135","209","574","165","458","119","387","107","235","89",
"0500000US21081","Grant County, Kentucky","9224","266","474","144","531","228","227","102","261","141","412","160","400","135","287","122","269","112","289","120","832","235","1145","216","1322","261","886","215","867","244","638","164","384","139",
"0500000US21083","Graves County, Kentucky","14139","399","1218","278","739","223","634","154","759","183","624","196","847","186","530","150","676","231","935","253","1224","249","1404","315","1454","361","1038","232","607","168","710","184","740","199",
"0500000US21085","Grayson County, Kentucky","10129","297","835","252","828","228","444","161","524","155","433","121","411","126","426","131","621","166","438","182","901","199","1057","207","887","216","729","236","532","145","502","146","561","184",
"0500000US21087","Green County, Kentucky","4421","215","340","109","297","99","368","118","280","103","245","104","343","141","159","69","126","83","150","64","363","115","290","97","540","145","307","116","218","105","205","81","190","98",
"0500000US21089","Greenup County, Kentucky","14739","277","762","170","843","195","602","165","625","185","770","220","704","171","736","222","634","156","468","137","1062","231","2181","342","1598","267","1314","230","656","171","889","200","895","185",
"0500000US21091","Hancock County, Kentucky","3638","106","141","71","218","75","139","61","231","104","184","96","131","64","151","60","118","54","148","59","251","83","322","92","582","147","424","118","185","76","334","115","79","53",
"0500000US21093","Hardin County, Kentucky","44622","649","1833","320","1827","367","1654","374","1578","331","1496","309","1698","333","2081","394","1678","372","2046","443","3918","569","5199","618","5555","520","4166","499","2920","389","3741","473","3232","373",
"0500000US21095","Harlan County, Kentucky","10731","247","1198","265","820","203","744","194","762","190","542","157","594","182","610","180","332","110","466","158","886","196","1155","236","899","195","826","232","368","137","287","108","242","134",
"0500000US21097","Harrison County, Kentucky","7293","220","410","199","502","179","319","131","241","94","401","141","172","106","155","98","238","101","241","94","551","173","783","193","969","224","849","233","516","172","495","167","451","150",
"0500000US21099","Hart County, Kentucky","7376","241","403","111","549","149","453","136","529","191","229","83","428","148","359","139","344","148","224","85","470","131","833","185","1036","204","733","188","292","134","242","104","252","100",
"0500000US21101","Henderson County, Kentucky","18522","394","871","254","1208","327","653","208","803","191","796","218","1014","230","1074","229","843","213","816","206","1354","253","2136","399","2208","299","1537","290","949","268","1419","293","841","205",
"0500000US21103","Henry County, Kentucky","6147","131","460","177","236","100","149","61","287","87","307","107","298","88","230","83","270","92","343","145","306","72","692","154","902","178","423","91","563","124","380","112","301","93",
"0500000US21105","Hickman County, Kentucky","1731","134","65","40","108","63","96","55","113","55","47","41","141","85","75","53","69","52","45","32","85","44","187","82","358","116","39","39","64","56","100","60","139","75",
"0500000US21107","Hopkins County, Kentucky","18397","413","1581","344","982","192","855","223","876","245","780","205","804","211","684","169","681","157","983","225","1377","295","1840","328","2571","363","1814","295","871","195","1193","248","505","128",
"0500000US21109","Jackson County, Kentucky","5122","237","340","144","631","189","273","123","402","187","269","162","231","114","415","189","50","41","164","116","397","149","681","191","386","157","423","130","195","124","199","81","66","49",
"0500000US21111","Jefferson County, Kentucky","331554","1638","18842","1185","13565","1129","11645","1060","11326","836","12474","798","13175","1032","13299","930","13283","943","11833","828","24101","1440","33406","1443","42876","1735","32035","1527","22461","1227","25279","1208","31954","1185",
"0500000US21113","Jessamine County, Kentucky","19913","367","1046","307","580","203","490","161","501","146","835","249","859","219","796","229","673","174","829","242","1282","286","2135","393","2701","394","2120","402","1472","376","1680","276","1914","293",
"0500000US21115","Johnson County, Kentucky","9040","291","810","250","803","241","475","155","496","208","726","229","483","165","373","151","359","151","369","136","546","167","1035","257","959","274","682","199","374","158","333","128","217","120",
"0500000US21117","Kenton County, Kentucky","67367","577","3065","473","2051","397","1662","265","2221","395","2087","364","2164","381","2273","384","2446","381","2589","349","4096","516","6674","702","8768","711","7455","739","5367","520","6593","706","7856","580",
"0500000US21119","Knott County, Kentucky","5521","266","242","101","637","167","429","205","453","145","238","111","505","158","160","67","243","126","175","99","312","123","447","163","582","174","513","169","345","129","164","78","76","51",
"0500000US21121","Knox County, Kentucky","11711","337","1565","355","1495","263","1157","290","1037","329","438","141","394","159","408","147","407","177","399","148","787","259","1147","210","1103","262","524","190","330","157","304","111","216","106",
"0500000US21123","Larue County, Kentucky","5996","191","330","95","303","98","235","101","317","134","206","119","257","124","306","116","186","77","208","92","437","180","642","198","924","211","559","137","428","137","432","153","226","113",
"0500000US21125","Laurel County, Kentucky","23996","471","2077","440","1408","280","1263","301","1115","267","591","141","963","230","1066","316","1391","409","1132","320","1198","283","2378","362","3524","459","2322","352","1392","268","1310","270","866","222",
"0500000US21127","Lawrence County, Kentucky","6342","237","407","175","622","178","277","118","353","132","390","129","421","176","311","110","278","121","262","135","535","138","593","162","550","167","614","233","262","113","296","131","171","83",
"0500000US21129","Lee County, Kentucky","2595","144","161","75","394","133","148","78","147","81","139","65","248","119","150","71","103","75","33","28","272","111","199","84","265","98","149","90","146","83","23","27","18","23",
"0500000US21131","Leslie County, Kentucky","4231","225","356","158","528","241","174","95","282","156","270","106","436","231","245","120","166","85","128","90","325","185","301","169","368","152","242","141","160","128","158","106","92","80",
"0500000US21133","Letcher County, Kentucky","8463","267","539","131","1037","235","451","130","695","239","531","168","597","180","195","78","525","201","244","113","794","202","588","165","1062","236","612","164","301","97","240","122","52","41",
"0500000US21135","Lewis County, Kentucky","5019","204","363","133","345","105","362","124","342","120","179","86","284","101","295","113","266","110","228","98","277","106","537","184","571","144","366","122","211","89","200","119","193","95",
"0500000US21137","Lincoln County, Kentucky","9705","271","518","184","809","200","348","111","554","157","491","233","531","192","374","118","388","151","617","211","836","192","980","208","1138","228","650","182","577","167","558","233","336","107",
"0500000US21139","Livingston County, Kentucky","3603","214","192","95","196","100","116","69","181","89","142","63","181","82","191","94","225","85","101","47","296","103","316","99","455","100","407","122","236","102","272","149","96","41",
"0500000US21141","Logan County, Kentucky","11005","381","517","177","840","269","422","152","600","171","481","144","456","130","544","192","360","128","411","193","827","208","1323","223","1548","265","1156","274","641","178","437","129","442","133",
"0500000US21143","Lyon County, Kentucky","3419","213","174","80","104","47","169","62","224","100","82","38","178","73","175","77","96","50","122","53","175","73","483","139","402","111","327","119","206","109","232","91","270","85",
"0500000US21145","McCracken County, Kentucky","27601","591","1696","304","1320","288","986","346","1354","344","1353","303","1141","253","1280","266","968","204","1071","237","1478","294","2766","428","3376","392","2372","366","2242","320","2003","357","2195","364",
"0500000US21147","McCreary County, Kentucky","5861","261","667","208","1093","353","379","157","237","98","404","120","223","107","171","100","258","146","285","129","562","195","566","179","490","162","234","116","111","79","149","78","32","34",
"0500000US21149","McLean County, Kentucky","3641","141","252","101","126","50","199","82","89","53","143","64","106","52","104","48","191","90","214","84","247","82","316","103","382","89","314","93","416","117","357","130","185","83",
"0500000US21151","Madison County, Kentucky","37051","519","2034","439","1717","325","1499","305","1468","380","1247","227","1403","305","1740","367","1547","279","1754","350","2891","405","3867","490","4652","426","3811","491","2313","325","2822","375","2286","310",
"0500000US21153","Magoffin County, Kentucky","4734","204","621","193","698","172","262","111","413","140","216","124","243","130","233","114","189","94","84","66","308","118","485","177","441","160","174","75","169","111","107","69","91","79",
"0500000US21155","Marion County, Kentucky","7724","188","504","171","497","168","377","120","260","115","373","131","264","100","485","200","235","102","400","153","484","115","871","243","1261","269","631","161","400","129","354","130","328","121",
"0500000US21157","Marshall County, Kentucky","13209","432","666","209","533","147","485","179","613","181","513","198","491","149","529","208","708","261","385","126","1108","268","1138","236","2304","339","1136","223","763","182","1071","283","766","218",
"0500000US21159","Martin County, Kentucky","3854","268","431","145","399","143","289","147","323","145","247","136","189","85","125","88","126","82","203","117","259","118","326","114","148","84","300","127","126","77","106","94","257","133",
"0500000US21161","Mason County, Kentucky","7131","241","796","193","376","166","514","204","372","141","276","110","297","93","240","134","303","135","192","81","612","153","713","198","781","148","492","121","425","138","436","150","306","120",
"0500000US21163","Meade County, Kentucky","11007","321","395","106","392","124","215","101","380","178","418","122","436","149","396","150","333","113","315","116","987","233","1326","312","1482","272","1290","243","652","170","1181","304","809","210",
"0500000US21165","Menifee County, Kentucky","2478","175","183","81","288","110","137","68","155","90","114","59","171","78","103","58","85","54","78","48","194","93","212","105","321","122","127","70","98","60","196","74","16","17",
"0500000US21167","Mercer County, Kentucky","9181","258","336","123","385","141","329","132","375","135","294","108","306","126","581","212","658","257","321","126","546","182","1089","263","1447","278","733","192","699","220","661","182","421","153",
"0500000US21169","Metcalfe County, Kentucky","4100","181","302","102","236","108","249","113","179","78","264","102","372","168","132","81","89","56","194","102","325","120","498","132","314","116","508","157","213","116","160","85","65","48",
"0500000US21171","Monroe County, Kentucky","4645","145","400","159","325","124","238","81","223","92","234","107","251","104","232","106","122","60","211","77","354","106","641","140","543","121","318","95","287","106","145","65","121","50",
"0500000US21173","Montgomery County, Kentucky","11005","311","727","241","694","184","374","141","505","153","420","204","317","130","501","146","564","199","608","151","1156","288","869","210","1525","301","836","200","950","224","601","185","358","115",
"0500000US21175","Morgan County, Kentucky","4882","174","331","124","388","136","199","81","240","63","391","123","220","105","142","66","276","74","360","134","339","132","512","133","527","107","235","97","287","77","328","122","107","64",
"0500000US21177","Muhlenberg County, Kentucky","12123","257","702","199","745","159","767","184","577","150","556","144","658","215","500","153","699","178","496","187","835","206","1345","271","1280","224","1177","262","463","175","653","194","670","187",
"0500000US21179","Nelson County, Kentucky","19150","266","779","214","769","224","703","229","805","225","589","180","995","255","880","250","715","177","783","185","1191","283","2160","310","2702","435","2138","378","1432","307","1255","259","1254","219",
"0500000US21181","Nicholas County, Kentucky","2776","170","268","126","130","95","138","70","89","56","162","82","112","66","143","66","50","39","151","84","148","72","288","118","466","135","379","106","101","76","137","76","14","18",
"0500000US21183","Ohio County, Kentucky","9107","275","499","158","354","125","392","130","380","137","476","184","421","153","416","142","479","166","371","127","976","228","1140","251","990","169","1044","193","524","145","349","118","296","95",
"0500000US21185","Oldham County, Kentucky","23025","232","483","156","365","127","342","128","404","132","444","146","451","165","628","196","653","177","404","123","890","187","1685","281","2452","278","2427","344","2239","359","3571","384","5587","370",
"0500000US21187","Owen County, Kentucky","4252","220","198","95","176","66","187","86","254","124","230","112","130","60","181","83","161","84","180","83","331","115","432","195","729","182","395","135","250","103","324","109","94","59",
"0500000US21189","Owsley County, Kentucky","1567","158","304","123","253","96","181","100","58","36","158","84","7","13","54","47","68","58","52","44","138","98","62","38","122","59","78","57","8","13","2","3","22","23",
"0500000US21191","Pendleton County, Kentucky","5442","241","443","168","364","135","193","83","225","84","170","80","146","79","124","86","300","106","190","82","381","143","446","134","666","146","567","142","682","182","391","147","154","74",
"0500000US21193","Perry County, Kentucky","11078","335","1115","278","854","249","670","220","675","240","723","192","747","244","584","199","309","139","289","109","815","230","846","253","1339","327","652","237","567","173","478","174","415","181",
"0500000US21195","Pike County, Kentucky","24284","485","2727","463","2161","399","1644","297","1496","270","1316","257","1043","239","994","236","878","220","922","246","1735","330","2052","359","2894","386","1779","335","974","243","874","191","795","162",
"0500000US21197","Powell County, Kentucky","4790","234","324","113","611","210","326","129","405","158","224","84","295","110","198","97","241","119","125","71","250","86","228","95","561","170","487","140","328","145","137","79","50","35",
"0500000US21199","Pulaski County, Kentucky","26210","564","1742","386","1979","360","1294","278","1344","293","1674","350","1280","331","1162","309","1165","249","863","193","2303","359","2568","380","3057","422","2204","312","1208","246","1329","304","1038","237",
"0500000US21201","Robertson County, Kentucky","810","97","83","42","61","44","29","25","41","28","31","22","6","6","50","38","46","33","17","16","96","61","66","49","104","51","102","65","20","17","26","21","32","22",
"0500000US21203","Rockcastle County, Kentucky","6534","256","633","160","477","116","452","140","389","185","212","96","295","106","296","90","233","105","331","124","467","160","635","170","888","183","583","154","249","97","158","67","236","106",
"0500000US21205","Rowan County, Kentucky","9592","240","1001","308","664","236","485","212","474","208","391","163","515","208","427","169","198","97","337","132","519","160","1276","348","1005","278","915","264","484","177","471","159","430","160",
"0500000US21207","Russell County, Kentucky","7562","282","568","171","542","179","553","159","527","194","245","122","546","207","356","123","464","166","179","96","604","187","681","148","754","203","522","158","206","85","413","168","402","163",
"0500000US21209","Scott County, Kentucky","22642","255","908","215","659","181","510","152","582","151","481","155","514","138","716","194","767","190","648","144","1696","335","2310","390","3181","311","2896","337","1944","306","2347","309","2483","294",
"0500000US21211","Shelby County, Kentucky","18484","285","1162","335","402","155","569","208","465","230","458","152","523","181","439","154","902","237","476","158","1076","293","1395","285","3065","405","2402","391","1678","286","1632","300","1840","273",
"0500000US21213","Simpson County, Kentucky","8025","208","706","281","441","151","314","135","273","122","395","119","156","93","199","112","321","130","243","114","984","248","1106","251","673","181","914","270","495","196","360","118","445","156",
"0500000US21215","Spencer County, Kentucky","7308","157","299","166","130","95","136","62","143","59","168","78","231","107","188","79","163","109","152","84","481","150","601","161","929","264","938","205","812","184","1049","208","888","219",
"0500000US21217","Taylor County, Kentucky","10260","277","645","203","694","225","435","143","400","155","545","198","356","154","400","189","495","215","311","144","801","223","1336","329","1395","378","1020","223","422","150","687","247","318","109",
"0500000US21219","Todd County, Kentucky","4559","151","450","150","265","122","95","50","230","96","103","57","145","85","200","93","156","69","177","79","391","132","503","200","454","138","466","150","317","92","306","126","301","97",
"0500000US21221","Trigg County, Kentucky","6060","249","416","135","275","128","362","126","243","103","328","139","351","140","148","76","362","119","212","91","337","106","726","174","709","151","580","156","315","140","374","142","322","138",
"0500000US21223","Trimble County, Kentucky","3382","156","114","71","238","129","160","90","38","28","178","128","126","82","133","83","100","51","216","125","246","103","247","124","750","198","234","132","158","95","209","106","235","125",
"0500000US21225","Union County, Kentucky","5198","187","364","118","245","116","356","139","259","90","219","72","142","51","313","110","194","81","238","103","252","81","658","146","704","150","550","131","235","83","349","134","120","71",
"0500000US21227","Warren County, Kentucky","55643","573","3895","622","2053","421","2052","461","2385","561","2034","354","2386","509","2685","443","2305","405","2805","443","3301","512","4998","650","7727","782","5906","693","3533","424","3518","464","4060","505",
"0500000US21229","Washington County, Kentucky","4852","150","174","81","427","181","251","121","205","93","196","116","158","80","287","127","279","117","150","84","246","88","417","127","889","188","452","150","153","58","305","111","263","84",
"0500000US21231","Wayne County, Kentucky","8074","268","606","163","845","179","651","213","378","123","540","254","378","131","321","99","253","116","413","172","655","179","668","169","1152","238","410","126","412","143","245","85","147","67",
"0500000US21233","Webster County, Kentucky","4923","190","248","97","269","90","264","113","289","99","149","62","229","85","242","85","161","72","251","91","379","102","637","132","678","151","460","130","345","87","158","62","164","69",
"0500000US21235","Whitley County, Kentucky","13541","361","1014","263","1519","284","683","192","747","222","500","184","902","254","932","242","504","158","667","202","985","199","1081","238","1393","316","1181","296","459","130","673","250","301","143",
"0500000US21237","Wolfe County, Kentucky","2673","162","50","38","557","174","248","123","159","128","316","142","66","45","151","106","130","74","129","93","98","75","320","138","314","152","21","27","29","33","85","55","0","18",
"0500000US21239","Woodford County, Kentucky","10814","200","537","164","184","85","326","97","382","145","260","120","460","190","526","195","283","105","388","133","656","167","920","190","1391","221","1190","187","955","185","1125","234","1231","230",
"0500000US22001","Acadia Parish, Louisiana","22099","409","2138","350","2137","392","1270","280","1142","302","955","268","940","302","996","317","1343","331","1069","264","1667","445","1265","252","2514","465","1698","345","1050","242","1022","252","893","213",
"0500000US22003","Allen Parish, Louisiana","7854","310","788","214","561","199","285","116","604","239","586","198","309","143","204","95","459","183","380","136","640","161","612","185","870","233","415","147","422","214","586","182","133","80",
"0500000US22005","Ascension Parish, Louisiana","47656","640","1534","336","1420","385","1301","490","1592","491","1445","396","1203","341","1378","438","1330","317","1866","440","2829","484","3780","502","5842","787","5014","745","4097","625","6033","680","6992","879",
"0500000US22007","Assumption Parish, Louisiana","8830","250","688","205","638","234","328","141","389","169","291","135","557","230","384","169","528","218","468","157","645","187","859","218","946","232","530","147","532","186","540","164","507","180",
"0500000US22009","Avoyelles Parish, Louisiana","14441","423","1103","196","1575","367","1076","231","952","225","1087","276","729","218","789","234","508","163","557","200","932","245","944","229","1496","329","1158","265","599","162","483","191","453","179",
"0500000US22011","Beauregard Parish, Louisiana","13747","374","581","148","396","127","667","177","753","214","644","221","621","210","364","138","828","235","459","128","930","205","1427","262","1503","237","1180","226","1092","243","1533","285","769","222",
"0500000US22013","Bienville Parish, Louisiana","5556","254","488","151","591","144","547","142","560","178","360","149","231","100","359","125","256","116","101","60","364","134","425","124","466","113","280","103","196","112","198","84","134","57",
"0500000US22015","Bossier Parish, Louisiana","50826","667","2392","415","2785","584","1720","316","1359","319","1980","444","1849","381","2352","488","2426","519","1623","329","3697","550","5035","635","6981","655","4750","536","3849","582","4114","640","3914","576",
"0500000US22017","Caddo Parish, Louisiana","95771","958","7323","670","6936","936","6424","810","6167","821","4457","553","3769","515","4739","784","3186","463","4308","691","7423","694","8453","896","10189","854","7436","810","4218","485","4805","634","5938","654",
"0500000US22019","Calcasieu Parish, Louisiana","77957","1088","4942","728","3359","557","3132","506","3791","562","2826","447","2985","649","3386","631","2821","552","2366","437","5335","713","7705","888","9514","903","7614","954","4692","736","6387","688","7102","848",
"0500000US22021","Caldwell Parish, Louisiana","3716","207","336","132","281","129","185","117","277","102","293","108","210","106","63","44","140","105","182","123","264","138","151","80","385","168","282","120","134","107","304","135","229","120",
"0500000US22023","Cameron Parish, Louisiana","2018","164","116","77","14","23","60","48","56","42","34","32","123","90","26","30","49","38","188","102","90","62","250","113","283","132","210","119","190","87","149","84","180","98",
"0500000US22025","Catahoula Parish, Louisiana","3201","197","195","82","171","82","202","88","204","100","403","145","124","71","146","84","43","28","96","74","307","113","315","90","438","167","244","108","96","52","143","101","74","59",
"0500000US22027","Claiborne Parish, Louisiana","5155","219","603","175","777","180","278","95","436","145","295","94","369","113","301","121","269","99","162","65","359","116","387","126","390","106","170","68","169","77","96","42","94","58",
"0500000US22029","Concordia Parish, Louisiana","6778","315","555","198","653","177","458","163","623","186","357","162","327","144","419","162","192","98","359","129","451","151","447","160","823","211","237","116","217","82","357","106","303","107",
"0500000US22031","De Soto Parish, Louisiana","10504","318","832","254","875","237","375","104","736","208","625","191","454","236","524","178","506","177","441","163","646","196","740","178","892","207","767","196","786","179","817","202","488","134",
"0500000US22033","East Baton Rouge Parish, Louisiana","177295","1381","15098","1244","8182","915","6875","857","7594","978","7371","952","6153","661","7576","1243","5837","763","7449","852","12869","1143","15442","1422","20605","1518","14631","1169","10100","980","13224","1048","18289","1391",
"0500000US22035","East Carroll Parish, Louisiana","2617","252","367","212","308","145","188","92","223","124","158","81","103","62","107","72","55","39","88","67","254","120","111","88","207","105","175","82","170","105","55","36","48","43",
"0500000US22037","East Feliciana Parish, Louisiana","6401","293","421","214","284","114","229","106","316","124","291","130","200","93","339","132","152","80","192","111","314","112","523","168","798","198","560","191","561","161","582","175","639","147",
"0500000US22039","Evangeline Parish, Louisiana","12561","301","823","251","1081","213","1228","300","1132","293","842","242","457","158","503","192","432","182","742","189","838","249","932","232","1073","233","811","190","618","198","607","174","442","151",
"0500000US22041","Franklin Parish, Louisiana","7525","263","454","138","582","157","303","143","342","128","575","210","487","156","537","202","371","141","299","138","792","256","588","143","683","158","470","107","307","109","369","112","366","134",
"0500000US22043","Grant Parish, Louisiana","7440","267","368","107","519","165","398","149","307","101","164","58","335","115","393","148","192","78","225","100","635","146","712","169","1019","230","681","208","456","170","636","189","400","212",
"0500000US22045","Iberia Parish, Louisiana","26816","491","2118","380","1516","269","1629","315","1475","306","1216","297","1253","336","1213","289","1134","306","916","247","1445","344","3056","466","3044","443","2455","442","1611","363","1384","297","1351","314",
"0500000US22047","Iberville Parish, Louisiana","11296","445","1066","297","770","195","358","133","394","139","611","227","648","239","305","153","567","175","396","167","980","294","955","316","1028","295","861","281","817","268","863","208","677","192",
"0500000US22049","Jackson Parish, Louisiana","5576","243","365","130","337","116","369","100","301","132","352","122","214","82","367","123","491","192","281","110","358","110","564","131","550","149","432","151","293","97","146","75","156","74",
"0500000US22051","Jefferson Parish, Louisiana","177003","1136","11221","1175","7740","799","6622","731","8191","849","7859","955","7805","783","6569","783","6623","775","6736","784","12947","983","16849","1198","21981","1417","15911","1012","11012","918","13652","1001","15285","1005",
"0500000US22053","Jefferson Davis Parish, Louisiana","12068","370","647","202","517","167","757","225","866","252","503","156","569","196","518","230","478","177","400","146","969","315","1047","222","1403","370","1032","248","734","205","1116","279","512","192",
"0500000US22055","Lafayette Parish, Louisiana","100903","947","6766","939","4622","544","4645","634","3922","576","3702","642","4001","557","4203","529","4008","562","3361","602","6776","800","8519","949","12894","1081","8758","917","6602","777","8987","871","9137","823",
"0500000US22057","Lafourche Parish, Louisiana","37762","553","2235","321","2163","440","1801","358","1579","287","1425","302","1471","335","1575","340","1865","392","1521","304","2313","341","3421","428","4230","490","3991","575","2721","448","2858","417","2593","361",
"0500000US22059","LaSalle Parish, Louisiana","5049","218","189","99","507","194","142","82","267","134","125","81","239","114","136","60","94","79","299","166","398","121","487","160","743","294","331","133","319","148","456","155","317","121",
"0500000US22061","Lincoln Parish, Louisiana","18487","414","2644","489","1683","418","1112","389","993","237","933","270","1213","346","744","252","545","187","615","207","1168","253","1240","292","1634","264","1169","227","845","239","1010","211","939","212",
"0500000US22063","Livingston Parish, Louisiana","53596","684","2194","449","1639","319","1784","546","1917","637","2110","498","1845","382","2036","543","1730","336","1938","332","3520","600","4840","609","7189","843","6969","840","4643","797","5699","771","3543","487",
"0500000US22065","Madison Parish, Louisiana","3053","179","358","111","378","121","105","53","113","57","276","114","279","100","110","61","159","86","93","56","176","91","331","102","228","83","88","42","131","55","150","56","78","39",
"0500000US22067","Morehouse Parish, Louisiana","9769","292","1057","238","626","185","688","226","645","188","715","211","364","128","850","250","488","171","326","131","634","169","623","181","928","217","527","173","539","181","483","144","276","123",
"0500000US22069","Natchitoches Parish, Louisiana","14508","393","1648","233","1319","187","972","207","626","121","730","143","627","142","500","123","631","123","751","181","772","141","1076","169","1343","140","992","148","1024","202","798","159","699","131",
"0500000US22071","Orleans Parish, Louisiana","155821","1188","15000","1196","11907","850","7278","698","8111","714","6313","623","5733","521","5713","551","6065","588","5326","647","9604","937","13028","940","16080","1173","12538","763","7797","573","9287","689","16041","704",
"0500000US22073","Ouachita Parish, Louisiana","61489","770","6001","593","4318","579","3148","474","3114","486","2718","438","2561","476","2347","374","2249","397","2390","384","3779","423","5593","608","6913","784","5049","615","3162","445","3908","561","4239","571",
"0500000US22075","Plaquemines Parish, Louisiana","8218","259","326","113","416","197","236","119","266","121","286","146","330","150","233","156","116","71","227","116","584","139","395","156","1449","235","694","197","768","228","1121","279","771","209",
"0500000US22077","Pointe Coupee Parish, Louisiana","8335","259","570","152","567","207","252","119","295","130","349","128","462","171","380","147","305","115","234","97","416","128","798","171","907","280","819","232","609","205","689","193","683","196",
"0500000US22079","Rapides Parish, Louisiana","48954","725","3524","430","2696","461","2687","473","2642","458","2216","333","2580","393","2241","368","2074","355","1894","423","3518","503","3954","502","5610","618","3971","571","2690","448","3558","475","3099","433",
"0500000US22081","Red River Parish, Louisiana","3100","189","238","116","303","135","155","98","179","88","187","100","68","45","129","64","159","68","176","84","283","129","290","102","163","75","293","107","194","89","171","74","112","69",
"0500000US22083","Richland Parish, Louisiana","7240","244","761","189","377","139","352","113","489","164","193","88","389","157","373","112","318","136","142","85","683","193","653","172","665","153","580","183","408","144","431","135","426","137",
"0500000US22085","Sabine Parish, Louisiana","8785","343","735","192","779","159","526","123","342","107","539","122","533","142","339","81","307","99","285","74","466","128","925","184","994","189","761","136","391","146","328","75","535","169",
"0500000US22087","St. Bernard Parish, Louisiana","16219","289","1461","255","690","160","672","191","805","203","770","195","911","263","649","198","361","142","655","207","1286","290","1441","303","2199","345","1505","275","755","166","919","213","1140","346",
"0500000US22089","St. Charles Parish, Louisiana","18608","422","840","226","728","274","573","235","578","218","640","231","727","231","469","172","509","202","792","298","1034","278","1832","350","2222","382","1798","310","1714","388","2045","399","2107","302",
"0500000US22091","St. Helena Parish, Louisiana","4176","271","342","188","792","236","190","92","218","117","250","125","59","49","90","51","217","137","127","110","302","145","445","148","528","216","117","82","95","73","237","142","167","94",
"0500000US22093","St. James Parish, Louisiana","7543","201","346","138","362","169","237","122","324","154","459","194","402","194","253","114","415","174","223","86","391","131","713","167","920","200","463","147","524","160","669","175","842","160",
"0500000US22095","St. John the Baptist Parish, Louisiana","15152","397","610","236","781","286","819","294","620","215","405","178","963","340","821","334","586","201","426","199","1093","256","1397","294","2480","402","1502","315","974","293","844","212","831","244",
"0500000US22097","St. Landry Parish, Louisiana","32183","482","3346","447","2867","387","1775","328","2344","504","1458","311","1416","260","1662","357","1418","286","1210","243","2411","390","2832","398","3174","435","2432","521","1430","316","1472","285","936","221",
"0500000US22099","St. Martin Parish, Louisiana","19579","478","1012","236","1594","360","801","215","1104","273","889","236","811","179","1157","310","772","221","775","204","1254","342","1927","395","2304","391","1658","303","943","220","1596","336","982","202",
"0500000US22101","St. Mary Parish, Louisiana","18463","468","1383","247","1450","337","804","235","933","213","1124","290","935","299","800","200","647","177","689","209","1412","260","1777","300","2179","356","1990","334","798","224","820","192","722","207",
"0500000US22103","St. Tammany Parish, Louisiana","105082","957","4425","600","3176","493","3339","591","3582","627","3091","453","3393","583","3063","437","3881","721","3300","635","7020","691","10310","812","14013","1068","11099","1054","8181","870","9996","1009","13213","942",
"0500000US22105","Tangipahoa Parish, Louisiana","51999","827","3564","660","3305","660","2117","379","3321","674","1747","423","2240","497","1783","379","2700","674","1948","420","4222","701","5727","720","5784","692","3493","597","3262","636","3849","596","2937","450",
"0500000US22107","Tensas Parish, Louisiana","1578","115","148","62","260","82","47","33","100","41","131","67","41","32","147","65","84","41","51","40","128","57","215","67","118","47","51","43","24","20","5","8","28","24",
"0500000US22109","Terrebonne Parish, Louisiana","42127","654","3330","562","1482","321","1458","352","1908","505","1382","401","1631","368","1944","367","1864","356","1967","444","2760","434","4367","727","5403","741","4416","693","2950","483","2730","423","2535","416",
"0500000US22111","Union Parish, Louisiana","8508","283","761","225","784","267","513","172","599","215","560","191","371","149","480","182","351","157","130","84","447","199","636","227","1133","289","714","229","547","182","253","112","229","119",
"0500000US22113","Vermilion Parish, Louisiana","21797","468","1140","294","1647","293","1035","251","1670","368","1039","244","931","238","866","339","878","212","827","233","1347","310","1875","326","2205","417","2589","400","1405","352","1294","300","1049","200",
"0500000US22115","Vernon Parish, Louisiana","18300","403","1064","164","937","162","751","143","841","162","1026","204","892","212","904","206","921","188","715","149","1571","181","2051","243","2081","232","1625","217","1045","154","1229","188","647","132",
"0500000US22117","Washington Parish, Louisiana","17716","406","1182","346","1780","396","1210","279","1334","337","645","198","954","239","1132","303","544","203","1046","271","1135","248","1461","296","1892","369","916","303","764","271","1185","308","536","214",
"0500000US22119","Webster Parish, Louisiana","14334","379","1028","185","1220","247","1012","253","989","225","964","278","1060","280","591","159","912","203","793","246","1100","224","912","162","1348","293","848","213","581","157","483","135","493","147",
"0500000US22121","West Baton Rouge Parish, Louisiana","10974","293","474","191","484","185","306","135","312","173","249","128","330","148","294","162","282","142","301","198","786","249","1018","268","1473","302","1852","426","831","246","1218","345","764","224",
"0500000US22123","West Carroll Parish, Louisiana","3850","150","256","100","265","115","211","81","229","83","217","109","172","69","254","98","204","103","152","83","307","127","177","70","516","149","429","146","73","50","158","96","230","119",
"0500000US22125","West Feliciana Parish, Louisiana","4026","195","165","89","162","82","214","116","40","31","68","54","227","154","99","78","137","83","197","117","268","119","385","171","494","158","437","198","277","130","512","164","344","127",
"0500000US22127","Winn Parish, Louisiana","4790","239","449","138","442","179","99","54","282","102","365","210","163","85","242","94","185","92","196","109","407","126","497","165","300","106","492","207","279","135","138","67","254","90",
"0500000US23001","Androscoggin County, Maine","46953","497","1863","360","2389","474","1682","354","1762","353","2000","366","1853","346","1630","228","1968","344","2115","394","3680","503","5403","546","6150","439","4579","542","3376","548","3575","419","2928","482",
"0500000US23003","Aroostook County, Maine","29932","483","1555","198","2006","312","1360","200","1574","184","1323","262","1423","225","1441","241","1326","221","1164","212","2617","340","2847","278","3790","372","2992","355","1465","205","1700","245","1349","236",
"0500000US23005","Cumberland County, Maine","132168","983","4483","483","3446","547","3046","429","3440","533","3653","575","3355","447","4006","564","3408","435","4308","534","8026","715","11734","861","15873","934","14628","967","11458","813","16108","898","21196","1115",
"0500000US23007","Franklin County, Maine","12675","305","561","165","684","183","789","196","443","152","634","184","557","125","693","171","502","137","487","130","1173","231","1139","294","1607","220","1220","277","797","188","725","183","664","172",
"0500000US23009","Hancock County, Maine","25572","629","1067","241","822","167","986","230","1066","242","1021","216","1006","238","1026","217","854","172","946","218","1517","224","2817","371","3656","432","2681","362","1786","235","2286","323","2035","288",
"0500000US23011","Kennebec County, Maine","54312","666","2052","367","2114","332","1793","311","2345","455","2231","329","2184","340","2047","348","2428","404","2576","369","4458","508","4971","528","7191","692","6117","686","4279","432","3939","473","3587","489",
"0500000US23013","Knox County, Maine","18484","485","742","222","641","210","573","166","582","158","608","174","644","170","729","245","758","226","658","172","1582","310","1887","333","2692","362","1928","288","973","212","1557","278","1930","249",
"0500000US23015","Lincoln County, Maine","16592","391","449","145","673","150","572","223","518","148","632","178","753","209","547","190","696","192","538","154","1021","219","1741","310","2178","293","2121","345","1224","210","1575","257","1354","216",
"0500000US23017","Oxford County, Maine","24140","543","1270","252","988","184","1181","232","1323","212","1044","217","1160","201","1071","205","1404","289","848","181","1756","258","2206","284","3030","348","2340","322","1467","218","1701","279","1351","242",
"0500000US23019","Penobscot County, Maine","65221","625","3311","477","2770","314","2456","380","3071","492","2652","398","2667","388","2714","436","2608","410","2505","398","4885","578","6994","596","7501","702","6278","483","5040","525","5015","550","4754","471",
"0500000US23021","Piscataquis County, Maine","8385","357","434","113","479","115","432","140","327","86","296","101","264","80","397","98","452","138","330","106","711","147","1185","195","1059","209","730","125","343","94","538","128","408","123",
"0500000US23023","Sagadahoc County, Maine","16446","370","785","268","370","146","637","213","502","152","499","200","465","181","355","112","504","167","577","186","892","246","1661","320","2090","282","2251","328","1427","278","1823","319","1608","244",
"0500000US23025","Somerset County, Maine","23209","328","1042","206","1292","239","966","191","1146","210","1269","277","1354","256","1295","260","1070","241","862","179","1637","261","2264","271","3361","399","2221","302","1310","278","1175","239","945","209",
"0500000US23027","Waldo County, Maine","17470","343","551","148","770","189","716","137","730","179","557","145","536","130","539","138","842","190","725","202","1295","201","1757","238","2766","308","2055","273","1280","182","1236","241","1115","159",
"0500000US23029","Washington County, Maine","14187","261","827","123","1063","151","798","123","582","102","697","114","610","103","594","121","489","76","688","107","1107","124","1447","168","1823","193","1203","131","828","139","791","132","640","127",
"0500000US23031","York County, Maine","91413","927","3399","493","2070","448","2457","415","2982","625","2008","376","2866","453","2658","371","3286","498","3129","498","5293","490","8538","810","12785","875","10985","786","8296","685","10519","737","10142","770",
"0500000US24001","Allegany County, Maryland","27382","459","1753","278","1582","301","1311","241","1095","276","1398","329","1100","244","1024","204","935","201","1398","268","2175","310","3038","412","3554","370","2521","356","1755","303","1816","279","927","142",
"0500000US24003","Anne Arundel County, Maryland","224748","982","6820","803","2224","390","3150","533","3228","511","3698","555","3613","526","4220","572","4469","690","4645","606","9598","828","14365","1058","26849","1317","25594","1156","21259","1276","34766","1766","56250","1659",
"0500000US24005","Baltimore County, Maryland","332801","1226","15541","1246","6761","762","7758","859","8711","885","9328","934","9597","999","9672","891","10160","945","10210","1049","19228","1349","29202","1510","43154","1884","34893","1549","28009","1392","37790","1426","52787","1632",
"0500000US24009","Calvert County, Maryland","33465","496","717","217","416","185","381","138","581","263","304","128","515","185","366","162","707","193","630","185","1012","256","2043","364","3841","404","3885","483","3448","476","5791","536","8828","574",
"0500000US24011","Caroline County, Maryland","12495","251","415","128","492","144","446","129","546","130","478","125","653","157","380","149","657","189","433","136","931","192","1346","276","1852","272","1347","213","716","164","1007","163","796","179",
"0500000US24013","Carroll County, Maryland","64285","428","1800","310","780","152","1113","360","1221","330","1408","316","1553","323","1107","215","1390","306","1706","353","2989","484","4204","435","7537","668","7256","591","5917","555","9450","704","14854","679",
"0500000US24015","Cecil County, Maryland","40595","513","1699","296","820","236","1235","353","1169","259","1175","303","1026","286","1158","312","1401","293","1285","358","2256","405","3356","468","5059","534","5371","667","3230","441","5321","525","5034","519",
"0500000US24017","Charles County, Maryland","60875","526","2345","426","1323","371","957","279","963","348","833","196","873","258","798","196","1053","271","1049","262","2617","441","4178","545","6656","630","7501","726","6430","744","9223","787","14076","770",
"0500000US24019","Dorchester County, Maryland","13546","385","1008","242","673","177","615","185","441","163","523","130","575","196","814","187","404","130","508","155","970","193","1392","243","1621","254","1026","209","868","176","1204","228","904","181",
"0500000US24021","Frederick County, Maryland","104635","535","2835","434","1745","444","1564","300","1476","277","2165","357","1866","343","1994","339","1514","271","1742","284","4228","499","7715","787","12669","867","11890","768","9316","752","16202","800","25714","915",
"0500000US24023","Garrett County, Maryland","12578","360","675","177","531","122","409","105","491","109","482","138","602","147","621","135","425","152","436","124","886","191","1441","276","1576","261","1173","228","862","176","803","142","1165","228",
"0500000US24025","Harford County, Maryland","101795","570","4210","664","1665","276","1498","327","1989","379","2035","339","2401","372","2707","512","2523","439","2392","401","4819","551","7099","592","11140","843","12319","969","10150","755","14942","806","19906","923",
"0500000US24027","Howard County, Maryland","121065","625","2715","467","1737","384","1594","336","1361","380","1608","302","1669","315","1645","341","1916","322","2347","410","4423","678","6011","622","11343","992","11850","944","10391","790","18386","1147","42069","1235",
"0500000US24029","Kent County, Maryland","8493","262","286","119","195","124","198","117","346","119","336","111","260","122","435","187","361","140","277","100","655","159","735","181","1098","232","883","176","732","178","799","172","897","175",
"0500000US24031","Montgomery County, Maryland","389210","1485","12651","975","6777","877","5757","542","6140","625","6632","796","7830","813","7167","739","6654","656","8733","797","15591","1161","24757","1353","39475","1736","37598","1489","30120","1317","52359","1760","120969","2128",
"0500000US24033","Prince George's County, Maryland","347744","1303","16060","1200","7314","909","5866","704","6923","761","7306","690","7624","758","8444","822","8608","909","8552","842","18423","1220","29117","1532","46306","1712","40812","1581","32206","1596","43726","1551","60457","1937",
"0500000US24035","Queen Anne's County, Maryland","19907","317","703","251","352","111","356","141","318","100","420","148","775","207","233","110","383","158","460","140","818","185","1632","310","2281","346","2355","283","1905","288","2487","305","4429","365",
"0500000US24037","St. Mary's County, Maryland","42436","536","1738","395","945","333","482","160","675","196","1014","310","1202","380","628","189","625","234","838","299","1565","298","2791","510","5193","647","4427","543","3799","503","6553","500","9961","734",
"0500000US24039","Somerset County, Maryland","8348","337","944","245","394","194","295","119","468","138","222","86","393","178","226","97","369","149","94","61","517","179","1062","246","1016","218","975","180","449","156","598","189","326","126",
"0500000US24041","Talbot County, Maryland","16433","328","738","163","518","179","529","153","499","138","797","250","406","135","507","176","381","134","614","180","976","246","1391","256","2046","301","1704","259","978","198","1758","284","2591","347",
"0500000US24043","Washington County, Maryland","59818","617","2998","438","1889","388","1580","320","2196","360","2294","327","2178","394","2088","382","2011","356","1842","350","4347","492","5352","525","8406","709","6383","538","4423","515","5913","481","5918","686",
"0500000US24045","Wicomico County, Maryland","40470","582","1991","412","1185","294","1410","301","1396","281","1385","335","1495","312","1140","278","1394","294","1376","327","2999","430","4176","624","6024","743","4126","512","2900","451","3684","555","3789","490",
"0500000US24047","Worcester County, Maryland","24136","541","1148","262","710","205","567","175","786","234","646","175","851","202","649","198","762","201","676","167","1922","345","2279","336","3094","377","2991","420","1681","297","2134","303","3240","351",
"0500000US24510","Baltimore city, Maryland","255668","1367","22906","1173","16297","1058","10525","1078","9731","906","9150","712","10014","1050","9275","852","10299","1016","8876","811","17484","1265","23273","1436","30158","1497","21470","1132","13884","1140","18438","1064","23888","1064",
"0500000US25001","Barnstable County, Massachusetts","105777","1344","4172","411","2707","362","2385","354","2974","507","3607","516","2364","373","3092","475","3371","450","2299","417","5263","515","9584","821","13270","988","10839","816","7681","517","12876","1127","19293","1201",
"0500000US25003","Berkshire County, Massachusetts","57585","622","2812","456","2108","376","2391","348","2140","379","2227","412","2092","352","2120","337","2279","364","1462","232","3531","380","5317","626","7498","656","5438","622","4344","467","4826","459","7000","616",
"0500000US25005","Bristol County, Massachusetts","233825","963","10335","762","9262","831","8087","740","8777","745","7082","786","7607","749","7329","579","7913","763","6455","573","12295","867","20288","1520","26837","1339","23835","1326","19245","1152","25941","1407","32537","1338",
"0500000US25007","Dukes County, Massachusetts","7584","620","174","146","67","91","252","156","71","67","149","135","265","197","25","31","106","104","199","153","329","192","777","279","748","245","586","236","818","342","1176","409","1842","393",
"0500000US25009","Essex County, Massachusetts","313147","1080","12446","901","11201","1093","9108","804","9006","904","8279","796","7624","877","7761","871","8393","730","7681","776","15407","1027","22677","1353","34458","1466","29443","1513","26132","1446","37681","1274","65850","1671",
"0500000US25011","Franklin County, Massachusetts","31570","357","1455","230","1172","260","1079","223","1302","190","1022","197","1333","259","1262","196","1051","199","1029","204","2116","312","2979","288","4469","417","3407","362","2501","287","2670","277","2723","268",
"0500000US25013","Hampden County, Massachusetts","184471","919","11146","974","11036","1021","7180","766","6900","690","6753","766","6026","707","7048","861","5934","627","6293","844","12327","879","15578","1020","22749","1199","18172","935","13059","981","15635","973","18635","977",
"0500000US25015","Hampshire County, Massachusetts","62114","588","2957","448","1994","332","2075","431","2054","426","1706","390","2331","420","1635","326","1934","389","2335","505","3013","470","5266","542","7380","615","6326","585","5027","531","7242","485","8839","645",
"0500000US25017","Middlesex County, Massachusetts","634215","1681","23313","1288","14879","1002","13357","1107","12187","1033","11832","993","11844","865","11683","906","12455","841","11932","870","24389","1448","39847","1372","58831","2135","57917","1998","50372","1885","81879","2335","197498","2473",
"0500000US25019","Nantucket County, Massachusetts","5252","364","112","146","54","39","50","53","39","34","54","37","17","19","59","41","128","79","41","34","170","123","799","350","410","178","323","149","527","190","519","158","1950","360",
"0500000US25021","Norfolk County, Massachusetts","283368","824","10697","784","6523","677","4860","546","5750","647","5691","566","4984","568","4922","696","6078","665","6121","695","10596","915","16701","1103","27173","1575","26114","1464","22185","1209","35324","1756","89649","1759",
"0500000US25023","Plymouth County, Massachusetts","203141","1022","7367","732","4521","543","3805","512","4805","610","4320","595","4585","487","5147","805","4858","585","4624","554","9053","755","15101","998","21090","1089","20577","1200","18147","930","27739","1317","47402","1479",
"0500000US25025","Suffolk County, Massachusetts","327167","1440","23569","1405","16138","1108","11374","1140","9972","995","8384","758","8492","842","8039","822","7120","736","7902","796","13585","1070","21449","1195","33187","1682","29705","1392","23461","1356","36008","1409","68782","1866",
"0500000US25027","Worcester County, Massachusetts","335826","1207","12611","868","10882","831","10090","831","9854","807","8937","820","9423","914","9354","836","9156","879","9172","782","18276","1212","27089","1363","39975","1407","33128","1358","28593","1416","41301","1537","57985","1546",
"0500000US26001","Alcona County, Michigan","5305","165","301","57","215","47","224","43","271","53","205","42","293","65","393","67","222","47","230","48","489","74","575","86","693","89","500","87","257","55","252","54","185","50",
"0500000US26003","Alger County, Michigan","3531","166","235","69","133","49","109","48","147","44","181","69","92","44","138","50","152","52","211","82","278","75","548","124","493","101","272","62","245","65","179","57","118","45",
"0500000US26005","Allegan County, Michigan","45522","633","1293","262","902","172","962","274","1374","208","1656","319","1634","291","1490","257","1633","356","1516","285","3051","374","4680","489","7323","492","5786","509","3815","419","4373","409","4034","360",
"0500000US26007","Alpena County, Michigan","13019","276","681","152","1016","222","525","120","802","167","585","122","532","110","484","137","754","174","674","168","1103","187","1261","177","1516","201","1256","216","590","116","743","195","497","113",
"0500000US26009","Antrim County, Michigan","11100","298","357","86","414","109","256","65","378","76","398","98","456","106","543","122","445","78","484","97","664","116","1368","188","1784","181","1123","160","868","149","779","111","783","109",
"0500000US26011","Arenac County, Michigan","6552","168","244","42","223","62","326","74","379","68","267","47","397","85","320","52","288","66","254","44","675","80","811","125","863","94","661","105","324","63","304","61","216","43",
"0500000US26013","Baraga County, Michigan","3433","137","194","46","174","52","132","51","218","70","185","59","141","47","163","44","130","42","141","46","303","79","451","110","414","79","323","79","173","43","210","56","81","37",
"0500000US26015","Barry County, Michigan","24480","367","957","264","575","183","717","211","819","183","755","149","838","231","681","213","848","189","930","190","2048","280","2621","289","3512","326","2943","327","2109","304","2274","283","1853","281",
"0500000US26017","Bay County, Michigan","45103","512","2544","357","2128","438","1812","363","1681","265","1990","407","2072","343","2211","419","1978","331","1878","327","3617","470","4563","486","6222","542","4297","468","3011","382","2762","378","2337","293",
"0500000US26019","Benzie County, Michigan","7708","237","276","68","278","76","224","66","291","82","313","74","239","63","202","53","276","72","259","65","665","129","841","128","1180","160","972","153","520","100","608","113","564","86",
"0500000US26021","Berrien County, Michigan","63999","596","3509","437","3294","467","2571","396","2726","413","2438","394","2966","409","3089","444","2554","367","2159","296","4015","453","6866","469","7764","449","5855","453","4218","390","4707","474","5268","349",
"0500000US26023","Branch County, Michigan","16906","286","754","132","603","161","742","131","737","171","778","178","655","136","736","171","728","165","819","172","1306","163","1959","251","2611","256","1758","212","958","180","1009","164","753","128",
"0500000US26025","Calhoun County, Michigan","53333","559","2063","357","2695","411","1947","315","2320","310","2330","326","2584","365","2542","303","2382","296","2349","341","3913","402","5957","507","7525","581","4549","451","3422","404","3611","407","3144","353",
"0500000US26027","Cass County, Michigan","21207","325","1085","226","592","159","748","181","797","212","807","148","901","190","812","163","1048","182","813","177","1587","234","1962","291","3142","363","1749","190","1318","195","2019","304","1827","396",
"0500000US26029","Charlevoix County, Michigan","12267","327","386","100","407","106","377","109","431","95","381","88","379","99","460","106","443","88","566","130","833","111","1326","187","1875","182","1228","126","875","105","1070","118","1230","150",
"0500000US26031","Cheboygan County, Michigan","11159","274","634","159","431","112","436","100","431","87","581","123","434","107","435","102","674","169","339","77","832","119","1404","181","1671","186","991","134","534","82","635","146","697","136",
"0500000US26033","Chippewa County, Michigan","14080","360","658","131","633","137","596","161","561","121","834","177","641","164","629","145","513","86","445","108","1177","217","1775","254","2054","266","1349","204","913","154","797","148","505","125",
"0500000US26035","Clare County, Michigan","12521","408","613","103","690","164","809","189","788","151","697","135","788","132","754","133","601","124","590","113","1069","177","1346","176","1367","169","1027","192","612","114","418","100","352","93",
"0500000US26037","Clinton County, Michigan","31639","284","955","180","854","203","596","134","707","152","1084","240","1057","237","1115","228","1096","243","922","144","2079","245","3131","368","4048","347","3811","355","2652","295","3906","331","3626","350",
"0500000US26039","Crawford County, Michigan","6231","239","464","112","306","83","160","47","358","127","239","61","256","96","323","88","262","81","284","82","442","111","814","176","952","152","577","126","390","121","229","92","175","54",
"0500000US26041","Delta County, Michigan","15971","316","836","165","772","161","753","189","754","151","934","222","656","162","646","152","640","143","633","130","1585","291","1722","236","1965","241","1625","250","771","128","847","180","832","171",
"0500000US26043","Dickinson County, Michigan","11905","254","506","169","326","123","719","226","610","187","443","148","423","151","551","193","373","123","442","140","935","185","1634","311","1639","308","1196","236","757","178","813","178","538","143",
"0500000US26045","Eaton County, Michigan","45428","420","1932","327","929","187","1323","272","981","185","1285","249","1457","243","1634","329","1810","284","1747","274","3394","340","4677","403","7341","559","5650","460","3810","335","4234","396","3224","365",
"0500000US26047","Emmet County, Michigan","15190","413","606","182","445","154","376","120","600","230","423","110","533","133","515","145","578","155","436","125","1042","209","1700","259","2140","281","1642","273","1122","171","1289","154","1743","234",
"0500000US26049","Genesee County, Michigan","167334","940","10381","881","7701","777","5791","611","6436","549","7230","746","6499","599","8312","720","8187","806","7217","696","13279","1020","17288","1154","20788","1085","15825","1072","10562","693","11446","869","10392","869",
"0500000US26051","Gladwin County, Michigan","11280","293","555","104","569","108","535","101","499","94","486","104","703","137","475","96","779","141","366","72","1098","150","930","126","1665","209","1009","158","586","93","628","115","397","83",
"0500000US26053","Gogebic County, Michigan","6989","265","442","123","358","96","337","104","404","113","511","124","316","104","275","91","413","112","293","87","604","113","800","155","778","147","430","83","363","112","351","87","314","88",
"0500000US26055","Grand Traverse County, Michigan","40287","624","1824","403","752","169","978","224","1111","246","962","229","1386","268","1688","336","1351","322","1353","262","2966","400","4054","395","5742","599","5255","457","3502","469","3462","432","3901","408",
"0500000US26057","Gratiot County, Michigan","14775","214","622","143","568","169","661","151","642","129","608","153","635","163","524","121","829","203","724","206","1118","170","1660","230","2054","218","1525","222","957","146","1057","196","591","126",
"0500000US26059","Hillsdale County, Michigan","17860","312","787","128","746","139","656","149","686","132","773","132","946","178","766","131","826","125","724","153","1527","211","2028","245","2491","208","1897","205","938","144","1099","141","970","194",
"0500000US26061","Houghton County, Michigan","14305","372","849","157","743","195","788","169","575","125","536","120","724","176","633","147","706","157","592","175","1106","177","1191","173","2060","258","1240","158","663","102","961","177","938","152",
"0500000US26063","Huron County, Michigan","14150","280","760","137","620","87","613","112","765","135","614","86","590","73","670","113","753","141","605","90","1217","133","1479","161","2225","188","1082","110","692","90","816","111","649","81",
"0500000US26065","Ingham County, Michigan","117096","839","8138","633","5133","644","4252","604","4347","597","4911","714","4751","501","4572","573","4654","630","4619","550","9026","700","10978","794","15469","989","11156","784","7826","650","8206","595","9058","697",
"0500000US26067","Ionia County, Michigan","23355","286","1249","239","857","236","732","208","698","129","577","180","1058","237","952","230","788","156","877","214","1426","226","2331","283","4193","434","2659","376","1740","240","2026","295","1192","228",
"0500000US26069","Iosco County, Michigan","11713","324","824","157","772","143","666","168","752","146","743","184","415","83","747","163","449","95","478","97","1043","180","1253","158","1427","168","716","107","490","91","419","106","519","90",
"0500000US26071","Iron County, Michigan","5547","190","429","104","311","92","191","59","288","77","335","84","331","82","237","64","191","53","180","51","457","85","613","97","800","136","487","103","282","60","212","62","203","47",
"0500000US26073","Isabella County, Michigan","24914","426","1847","333","1363","236","867","175","1512","319","1266","245","1174","181","1118","240","1096","192","1093","179","2036","241","2284","251","3276","354","2142","235","1332","162","1375","181","1133","183",
"0500000US26075","Jackson County, Michigan","62540","601","2840","329","2458","378","2204","289","1996","353","2436","355","2607","335","2542","373","3371","499","2519","427","5201","593","6829","664","7903","596","6918","609","4044","448","4506","514","4166","402",
"0500000US26077","Kalamazoo County, Michigan","107110","708","6587","772","3081","500","2899","455","4295","689","4113","657","4337","631","3889","484","4239","569","3524","466","7730","825","10627","981","12750","814","10792","778","8265","713","9936","731","10046","718",
"0500000US26079","Kalkaska County, Michigan","7789","210","312","90","248","70","256","80","266","101","405","100","376","91","288","84","281","62","387","116","567","103","927","139","1258","154","1023","167","607","121","299","79","289","84",
"0500000US26081","Kent County, Michigan","256648","994","9534","890","7598","703","6949","676","7300","877","7345","743","7352","762","7630","640","9607","726","9310","772","17601","1091","25904","1284","36582","1562","28100","982","21749","1135","25888","1150","28199","1017",
"0500000US26083","Keweenaw County, Michigan","1135","79","49","22","33","17","97","47","28","12","42","23","94","29","49","32","112","48","36","20","98","40","82","26","145","38","76","27","47","21","82","26","65","25",
"0500000US26085","Lake County, Michigan","5190","170","305","66","317","70","299","77","329","74","346","82","316","81","231","47","162","38","224","50","662","127","559","83","625","93","337","70","181","46","173","50","124","45",
"0500000US26087","Lapeer County, Michigan","34836","350","1547","278","1010","207","949","268","990","209","1237","224","1015","237","1005","251","1128","206","1298","216","3014","372","3869","498","5349","488","3466","380","2796","325","3519","408","2644","347",
"0500000US26089","Leelanau County, Michigan","9645","290","272","72","199","68","164","65","141","57","268","95","335","80","211","55","298","68","273","73","500","91","950","163","1227","145","1211","146","893","140","1174","172","1529","166",
"0500000US26091","Lenawee County, Michigan","38871","467","1669","292","1089","219","1189","219","1677","291","1373","221","1480","252","1697","322","1577","265","1312","226","3311","386","4513","388","5786","418","4238","412","2833","308","2772","317","2355","317",
"0500000US26093","Livingston County, Michigan","76445","481","1597","266","1205","270","1235","257","1853","309","1542","246","1605","287","2235","394","2067","319","2690","475","4258","471","6559","555","10127","574","9458","524","6513","538","10003","561","13498","647",
"0500000US26095","Luce County, Michigan","2455","139","122","48","135","53","105","53","116","50","151","59","124","51","138","43","88","38","91","44","286","107","292","65","352","79","168","48","118","46","130","64","39","29",
"0500000US26097","Mackinac County, Michigan","5199","186","248","52","332","77","161","50","205","61","222","53","269","68","210","65","209","59","234","56","397","74","586","97","637","105","699","119","255","53","295","69","240","60",
"0500000US26099","Macomb County, Michigan","358668","1153","15354","1090","10228","759","10557","1046","11985","1000","11706","1088","12736","1099","13597","997","14286","933","12367","792","24731","1339","36043","1528","48781","1597","39442","1564","29127","1353","36433","1230","31295","1383",
"0500000US26101","Manistee County, Michigan","10561","280","506","119","422","101","331","79","434","108","490","115","622","138","453","104","423","77","380","83","866","146","1184","148","1602","201","1005","107","602","106","583","111","658","134",
"0500000US26103","Marquette County, Michigan","28255","346","1411","253","1197","215","931","206","1453","316","1122","215","1204","248","1102","219","1058","209","1283","225","2215","272","2910","307","4329","456","2707","268","2198","250","1648","184","1487","196",
"0500000US26105","Mason County, Michigan","12801","336","639","167","506","154","502","118","448","151","573","141","495","150","689","138","685","148","410","102","898","168","1324","180","1817","209","1257","134","904","150","849","187","805","163",
"0500000US26107","Mecosta County, Michigan","16708","368","910","180","807","158","618","152","780","151","717","168","909","191","593","123","847","150","692","99","1336","203","1830","235","2637","249","1567","202","1016","186","853","147","596","95",
"0500000US26109","Menominee County, Michigan","10361","208","700","140","423","135","360","97","638","171","449","121","457","110","556","142","585","113","452","92","810","146","1017","143","1432","194","836","150","673","112","583","105","390","105",
"0500000US26111","Midland County, Michigan","34993","412","1663","340","1172","260","1134","238","1664","354","1168","186","1205","223","1202","260","1232","259","1151","215","2042","257","3216","352","4630","407","3580","381","2329","296","3649","374","3956","390",
"0500000US26113","Missaukee County, Michigan","5909","180","246","65","207","59","227","60","271","75","269","78","238","56","251","65","330","75","232","49","514","84","613","95","892","107","550","86","417","65","457","82","195","49",
"0500000US26115","Monroe County, Michigan","63029","496","2525","409","1967","323","1719","337","1933","369","2024","287","2652","510","2117","289","2325","358","2049","342","3868","467","7354","547","8847","690","7127","691","4522","434","6737","748","5263","531",
"0500000US26117","Montcalm County, Michigan","24511","338","1087","185","936","189","868","223","865","156","1059","178","1123","216","830","161","1176","281","987","189","1789","290","3058","368","4166","407","2507","324","1583","212","1570","248","907","163",
"0500000US26119","Montmorency County, Michigan","4921","197","413","112","250","74","234","69","275","83","250","62","233","53","240","76","332","80","245","68","361","68","518","106","863","152","205","53","111","37","250","85","141","46",
"0500000US26121","Muskegon County, Michigan","67732","648","3547","389","2756","454","2236","324","3043","378","3149","414","2508","316","2911","372","2840","363","2568","316","5415","479","7381","585","10151","663","6977","637","4849","534","4446","433","2955","390",
"0500000US26123","Newaygo County, Michigan","19651","344","670","122","867","218","716","106","929","181","978","170","786","131","762","167","905","130","1014","180","1603","232","2360","298","2632","269","2136","237","1237","228","1144","183","912","137",
"0500000US26125","Oakland County, Michigan","530460","1718","20266","1240","12897","1245","11393","1004","12817","907","13455","912","14740","1173","14626","1037","14856","1064","15749","1071","30089","1331","43451","1632","65887","2195","54480","1989","44239","1877","63152","1898","98363","1915",
"0500000US26127","Oceana County, Michigan","10419","202","387","78","430","93","378","77","449","69","462","101","528","97","531","100","435","98","513","106","878","105","1058","141","1588","164","1037","139","675","123","527","95","543","96",
"0500000US26129","Ogemaw County, Michigan","9370","285","514","107","582","105","413","104","501","124","374","83","607","106","421","74","508","106","449","85","756","131","1114","124","1179","129","753","119","387","68","542","115","270","55",
"0500000US26131","Ontonagon County, Michigan","3149","131","206","62","124","42","126","35","174","43","203","44","131","38","185","49","125","43","182","41","261","66","407","65","412","63","339","70","113","36","96","34","65","21",
"0500000US26133","Osceola County, Michigan","9356","205","442","82","517","101","365","71","328","71","461","88","402","70","388","74","517","85","433","72","990","162","976","85","1335","149","833","109","501","75","518","85","350","63",
"0500000US26135","Oscoda County, Michigan","3788","167","216","57","250","65","232","62","168","54","189","58","255","72","212","55","209","57","182","61","328","69","472","91","527","112","228","73","73","29","160","65","87","42",
"0500000US26137","Otsego County, Michigan","11231","358","384","133","384","145","315","140","505","168","409","146","462","145","304","126","583","178","449","154","1201","270","1120","189","1567","242","1340","237","720","150","747","142","741","171",
"0500000US26139","Ottawa County, Michigan","111322","737","3411","499","1963","368","2314","348","2160","313","3302","626","4191","604","3660","420","3515","584","3112","372","7305","678","10118","794","16860","1027","13644","996","9496","694","13035","1001","13236","804",
"0500000US26141","Presque Isle County, Michigan","6655","302","408","107","258","86","286","68","256","65","321","59","233","57","338","86","334","95","383","92","539","98","722","119","756","114","826","126","370","80","371","72","254","73",
"0500000US26143","Roscommon County, Michigan","11579","352","524","117","582","124","412","89","608","171","632","165","670","132","567","120","713","187","570","135","903","174","1250","204","1684","229","790","153","582","104","555","133","537","126",
"0500000US26145","Saginaw County, Michigan","77958","704","4978","453","4060","603","3146","390","3268","400","3447","483","3486","450","3186","426","3144","418","3560","397","6336","624","8186","620","10101","702","6640","489","4188","454","5181","490","5051","481",
"0500000US26147","St. Clair County, Michigan","67816","583","2765","329","2379","388","2619","381","2126","266","2449","342","2857","341","2464","320","2631","335","2848","349","5640","551","6983","491","9380","601","7856","591","4750","475","5223","485","4846","536",
"0500000US26149","St. Joseph County, Michigan","23620","344","808","146","895","188","756","232","1041","197","1127","232","1030","200","1160","210","1000","142","1044","172","1766","226","2445","233","3624","298","2835","268","1771","244","1371","214","947","171",
"0500000US26151","Sanilac County, Michigan","17516","266","757","125","779","120","791","133","821","131","808","137","741","96","834","154","975","127","758","113","1675","200","1736","181","2363","182","1595","172","931","140","1115","167","837","156",
"0500000US26153","Schoolcraft County, Michigan","3890","163","205","74","162","65","175","63","146","60","210","80","265","95","241","93","154","40","160","74","318","81","388","71","470","89","376","75","256","76","235","61","129","47",
"0500000US26155","Shiawassee County, Michigan","28126","371","1092","202","1215","248","1087","193","985","225","1111","225","1110","195","1077","201","1275","250","1260","208","2286","307","3016","339","3817","324","3071","336","2109","296","2346","263","1269","230",
"0500000US26157","Tuscola County, Michigan","21498","287","882","147","897","190","952","211","893","165","912","179","903","164","949","154","1021","162","904","150","1772","230","2550","239","3293","313","2213","231","1464","197","1166","201","727","117",
"0500000US26159","Van Buren County, Michigan","30622","511","1760","275","1080","187","1124","225","1120","211","1488","265","1431","209","1666","270","823","156","931","171","2139","252","3159","344","4067","403","3319","347","2182","303","2450","322","1883","262",
"0500000US26161","Washtenaw County, Michigan","150550","825","9222","798","4294","470","3696","576","4023","501","3701","470","4599","582","5132","652","5094","532","3944","464","8902","794","12685","825","17886","1105","14809","789","11083","745","15639","890","25841","815",
"0500000US26163","Wayne County, Michigan","700591","1709","56548","1833","41408","1852","29250","1509","30147","1314","26360","1192","29049","1418","29198","1325","30779","1414","27144","1511","47524","1632","64105","1932","81540","2554","62183","1933","42507","1417","48380","1649","54469","1682",
"0500000US26165","Wexford County, Michigan","13696","314","823","170","459","115","511","127","728","171","492","103","572","122","633","105","753","154","710","133","1052","200","1286","201","2113","259","1323","180","728","124","888","169","625","138",
"0500000US27001","Aitkin County, Minnesota","7222","168","333","66","410","73","383","66","398","74","244","55","302","56","273","44","314","58","332","57","570","65","797","92","1037","97","649","83","444","76","441","58","295","45",
"0500000US27003","Anoka County, Minnesota","137432","552","3131","424","2304","312","2628","398","2356","376","3000","435","2767","367","4145","416","4330","512","4080","543","8256","720","12129","816","18432","878","17932","935","14042","867","18640","936","19260","923",
"0500000US27005","Becker County, Minnesota","14410","254","669","151","528","122","456","104","427","84","540","142","509","135","781","172","608","136","506","102","1039","141","1525","229","1959","200","1603","147","969","137","1099","116","1192","136",
"0500000US27007","Beltrami County, Minnesota","18172","288","811","169","766","174","938","203","603","126","709","176","530","138","658","138","593","135","714","202","1638","268","1869","223","2371","261","2057","227","1313","155","1288","183","1314","201",
"0500000US27009","Benton County, Minnesota","16719","277","790","280","447","151","403","182","628","178","321","107","509","162","678","149","620","167","870","324","1495","331","1671","252","2120","262","1912","235","1513","217","1743","225","999","152",
"0500000US27011","Big Stone County, Minnesota","2136","78","104","31","89","34","89","30","83","41","51","26","121","32","69","26","60","29","89","29","182","43","209","53","247","49","212","47","177","48","195","41","159","47",
"0500000US27013","Blue Earth County, Minnesota","27606","356","1465","283","975","273","689","188","985","233","1195","264","809","178","1014","251","928","211","1038","222","1849","322","2973","450","4145","399","3027","322","1975","200","2655","306","1884","220",
"0500000US27015","Brown County, Minnesota","11027","178","439","101","352","113","321","87","331","93","469","142","356","94","373","90","551","151","346","93","1153","202","1250","184","1708","238","1180","173","834","139","785","113","579","103",
"0500000US27017","Carlton County, Minnesota","14090","237","433","103","458","145","411","134","626","133","349","97","266","74","584","159","524","124","548","175","1075","180","1351","201","2114","185","1627","201","1238","170","1454","184","1032","225",
"0500000US27019","Carver County, Minnesota","41175","242","918","227","353","143","740","192","581","212","652","168","1046","359","926","205","792","211","683","154","1676","254","3133","382","4634","472","4268","421","3518","356","6540","558","10715","618",
"0500000US27021","Cass County, Minnesota","12874","226","625","82","452","67","465","74","444","69","563","84","451","61","547","64","550","83","525","78","1069","97","1322","106","1736","112","1307","120","883","87","1004","103","931","85",
"0500000US27023","Chippewa County, Minnesota","5126","154","283","83","190","74","181","68","184","71","213","70","249","87","231","89","158","82","131","55","301","91","631","124","822","145","515","97","306","78","463","111","268","61",
"0500000US27025","Chisago County, Minnesota","21364","268","556","159","406","128","381","134","568","176","378","116","680","206","601","156","427","102","774","166","1287","229","1656","227","3046","334","2845","335","2030","239","3073","318","2656","276",
"0500000US27027","Clay County, Minnesota","26442","270","1559","298","975","246","1096","263","804","202","768","193","789","208","861","199","725","138","882","207","1680","295","2158","291","3609","386","3216","339","2159","258","2863","306","2298","268",
"0500000US27029","Clearwater County, Minnesota","3339","89","199","50","165","41","188","47","124","34","102","29","89","20","133","37","146","33","126","35","253","40","345","65","457","56","314","45","232","51","295","54","171","39",
"0500000US27031","Cook County, Minnesota","2710","206","99","43","49","32","60","30","66","41","48","28","82","42","115","49","79","28","123","47","325","90","412","124","390","73","195","55","197","66","251","67","219","64",
"0500000US27033","Cottonwood County, Minnesota","4630","142","177","56","178","60","195","51","151","55","209","62","177","61","246","92","134","42","222","62","324","68","372","82","690","109","561","100","398","76","259","67","337","81",
"0500000US27035","Crow Wing County, Minnesota","29402","460","1090","199","1033","177","839","182","1324","218","984","235","861","165","1308","251","1171","202","1094","176","2433","324","2915","336","4201","370","2915","253","2328","276","2590","266","2316","233",
"0500000US27037","Dakota County, Minnesota","174362","654","4654","489","2543","385","2924","391","3884","578","4157","455","3947","473","3816","477","5088","553","4659","512","8839","789","14791","889","22684","895","21120","1125","17041","963","23170","1073","31045","1117",
"0500000US27039","Dodge County, Minnesota","8083","127","238","98","211","96","199","73","179","55","103","38","63","30","223","77","237","93","267","73","612","151","681","140","1266","183","991","173","974","182","988","149","851","110",
"0500000US27041","Douglas County, Minnesota","17519","327","573","134","713","177","418","103","600","140","574","133","733","182","677","198","630","138","475","132","1315","171","1671","237","2584","251","1940","195","1586","212","1443","190","1587","170",
"0500000US27043","Faribault County, Minnesota","6079","151","274","85","261","73","200","46","221","61","269","66","183","52","276","57","236","63","254","73","538","88","679","102","836","118","617","110","457","68","430","77","348","69",
"0500000US27045","Fillmore County, Minnesota","8723","138","270","54","282","57","269","58","291","57","306","70","299","60","277","60","343","55","346","71","605","101","864","93","1377","104","1013","98","834","89","796","76","551","79",
"0500000US27047","Freeborn County, Minnesota","12846","259","589","133","346","113","423","109","505","115","625","148","552","147","502","121","501","123","461","97","882","134","1537","207","1722","191","1440","192","1007","161","912","132","842","141",
"0500000US27049","Goodhue County, Minnesota","19727","294","857","203","774","226","527","131","655","165","723","187","739","185","535","160","461","118","657","160","1141","205","1887","242","2710","322","2566","284","1811","207","1843","184","1841","198",
"0500000US27051","Grant County, Minnesota","2490","81","103","31","84","31","94","32","161","36","98","24","129","35","50","18","84","29","59","19","151","36","245","40","364","49","348","61","154","37","174","35","192","32",
"0500000US27053","Hennepin County, Minnesota","539493","1860","22146","1210","14814","1097","13210","1075","12317","922","11728","976","13428","992","13996","1003","14298","1218","15676","1007","30567","1471","46759","1912","66081","1883","54391","1752","44494","1886","61894","1731","103694","1941",
"0500000US27055","Houston County, Minnesota","8134","170","294","95","303","113","260","75","256","86","214","63","263","80","349","117","268","97","250","69","464","119","943","169","1199","183","879","151","758","124","658","136","776","147",
"0500000US27057","Hubbard County, Minnesota","8964","172","498","106","393","128","245","63","361","127","267","68","304","88","350","80","339","74","292","78","682","96","986","138","1240","104","972","90","671","80","791","88","573","78",
"0500000US27059","Isanti County, Minnesota","16293","233","548","156","323","105","431","135","475","114","396","119","431","106","586","161","542","141","571","135","1133","230","1569","222","2298","246","2267","284","1657","230","1760","219","1306","171",
"0500000US27061","Itasca County, Minnesota","18541","392","984","191","584","113","680","149","733","146","610","101","788","161","862","151","671","124","625","116","1562","178","2013","222","2674","250","1656","131","1491","249","1475","205","1133","142",
"0500000US27063","Jackson County, Minnesota","4387","101","137","56","171","63","188","58","116","45","172","63","127","31","201","65","157","59","133","48","345","76","415","77","729","88","545","90","318","68","290","55","343","69",
"0500000US27065","Kanabec County, Minnesota","6564","127","277","78","207","50","253","67","224","66","238","64","270","75","278","62","252","69","218","68","543","114","669","89","944","129","690","94","507","86","663","100","331","63",
"0500000US27067","Kandiyohi County, Minnesota","17603","297","644","171","398","139","531","164","503","141","552","150","901","230","464","130","712","194","644","157","1246","240","1976","293","2692","281","1951","261","1508","223","1653","200","1228","182",
"0500000US27069","Kittson County, Minnesota","1774","140","61","43","51","24","55","28","43","20","44","17","68","28","125","42","58","19","90","34","142","38","139","34","215","43","264","41","141","32","134","26","144","39",
"0500000US27071","Koochiching County, Minnesota","5872","215","266","95","271","97","187","82","170","62","181","69","314","92","231","87","286","89","139","49","599","138","666","145","756","170","561","118","394","107","465","144","386","99",
"0500000US27073","Lac qui Parle County, Minnesota","2924","78","124","34","77","20","117","29","116","52","93","26","120","28","108","31","95","35","114","30","235","50","273","53","462","68","310","42","201","46","228","41","251","41",
"0500000US27075","Lake County, Minnesota","4942","177","274","86","135","61","110","47","330","110","133","56","127","47","138","48","104","65","211","72","274","77","619","145","750","123","500","94","539","120","460","109","238","72",
"0500000US27077","Lake of the Woods County, Minnesota","1817","136","47","27","43","38","62","37","117","64","24","18","115","71","78","49","77","41","32","25","134","58","165","65","255","79","231","73","144","66","81","37","212","86",
"0500000US27079","Le Sueur County, Minnesota","11650","164","395","107","234","105","265","69","302","93","276","83","291","102","359","102","324","95","516","105","756","135","981","120","1594","167","1522","191","1077","159","1499","169","1259","158",
"0500000US27081","Lincoln County, Minnesota","2445","101","138","29","122","33","73","22","113","43","97","22","103","33","75","24","59","21","99","26","194","38","249","45","338","51","244","43","164","35","212","40","165","33",
"0500000US27083","Lyon County, Minnesota","10108","199","636","186","364","115","354","132","348","138","268","86","429","134","332","121","345","106","335","118","793","183","809","163","1503","220","1132","182","773","127","842","159","845","142",
"0500000US27085","McLeod County, Minnesota","15215","230","531","157","519","172","434","158","519","159","416","108","487","152","532","161","326","83","794","170","1000","178","1524","219","2265","277","2029","212","1211","164","1367","215","1261","192",
"0500000US27087","Mahnomen County, Minnesota","1885","44","143","29","93","29","68","16","102","18","80","28","81","22","82","21","85","25","76","18","143","26","208","38","216","28","161","24","141","34","127","24","79","19",
"0500000US27089","Marshall County, Minnesota","3781","105","117","37","114","27","165","50","106","30","147","39","129","38","110","27","171","40","156","38","273","49","489","66","545","60","424","64","346","57","345","49","144","32",
"0500000US27091","Martin County, Minnesota","8839","250","346","127","524","153","268","75","412","112","426","184","536","144","379","96","358","117","456","155","749","158","734","137","1146","150","894","165","596","114","520","95","495","104",
"0500000US27093","Meeker County, Minnesota","9347","168","262","69","313","92","277","70","313","79","338","89","392","105","395","92","397","95","379","84","756","126","816","113","1330","137","1111","128","821","105","887","104","560","71",
"0500000US27095","Mille Lacs County, Minnesota","10672","214","421","107","486","140","288","59","409","97","348","85","400","103","460","169","327","74","494","151","693","116","1129","165","1468","193","1233","160","872","125","1069","153","575","81",
"0500000US27097","Morrison County, Minnesota","14084","168","566","127","526","119","687","149","574","116","466","130","607","126","601","110","626","175","567","126","998","155","1446","157","1743","170","1541","150","1009","137","1225","156","902","138",
"0500000US27099","Mower County, Minnesota","15719","231","496","115","419","116","498","155","680","177","423","118","620","144","440","138","631","159","812","221","1349","211","1745","268","2273","267","1832","187","1250","186","1192","188","1059","141",
"0500000US27101","Murray County, Minnesota","3609","121","99","40","124","47","116","58","123","31","187","33","130","42","177","41","126","28","161","56","226","38","356","63","559","63","389","55","345","70","199","32","292","51",
"0500000US27103","Nicollet County, Minnesota","13002","180","511","176","227","72","426","157","185","78","380","143","419","160","483","121","552","188","612","195","911","186","1506","223","1532","225","1434","236","1138","186","1294","179","1392","208",
"0500000US27105","Nobles County, Minnesota","7674","188","377","143","259","103","308","130","221","69","284","99","387","158","213","71","303","92","203","57","754","172","1035","198","952","170","771","156","555","115","489","110","563","128",
"0500000US27107","Norman County, Minnesota","2700","98","121","39","89","30","94","33","75","30","94","27","103","26","67","22","112","29","85","28","264","49","290","39","434","54","318","52","233","41","200","33","121","25",
"0500000US27109","Olmsted County, Minnesota","66918","546","2023","330","1264","297","1636","339","1613","345","1612","327","1770","413","1697","273","1737","287","2038","362","4126","502","6511","674","8541","641","7447","573","6025","574","7678","524","11200","607",
"0500000US27111","Otter Tail County, Minnesota","25157","375","1042","185","699","144","1037","212","826","167","1064","228","976","157","1149","211","746","107","962","155","1877","198","2685","221","3257","246","3227","267","1756","146","2004","173","1850","176",
"0500000US27113","Pennington County, Minnesota","6207","199","216","88","225","103","194","88","217","79","210","85","267","95","277","117","234","77","172","62","397","94","608","122","813","143","812","157","688","154","542","118","335","82",
"0500000US27115","Pine County, Minnesota","12323","241","652","133","550","141","450","114","412","91","383","78","497","79","498","109","486","103","391","89","1013","143","1135","126","2021","194","1307","124","814","110","1026","134","688","110",
"0500000US27117","Pipestone County, Minnesota","3971","126","183","67","155","61","122","44","163","57","130","43","138","44","149","48","152","46","143","54","373","87","410","72","614","88","446","84","287","68","263","61","243","64",
"0500000US27119","Polk County, Minnesota","12360","237","773","169","565","119","401","143","488","117","397","111","426","148","483","133","492","131","433","132","916","137","912","128","1585","167","1395","174","963","179","1304","172","827","140",
"0500000US27121","Pope County, Minnesota","4958","139","149","42","248","81","192","58","190","62","196","47","194","64","154","54","145","42","129","35","302","64","500","81","773","92","534","90","440","61","447","67","365","49",
"0500000US27123","Ramsey County, Minnesota","221327","1011","9989","795","6454","663","6023","719","6299","589","6332","632","7127","668","7779","658","7914","784","7236","727","16064","1028","21120","1053","28148","1396","23027","948","16686","1051","22900","1006","28229","1076",
"0500000US27125","Red Lake County, Minnesota","1671","61","49","20","69","27","73","21","53","19","54","26","54","25","58","21","55","18","28","14","117","28","208","48","236","40","183","41","192","59","158","35","84","22",
"0500000US27127","Redwood County, Minnesota","6293","134","322","83","268","55","303","105","202","54","400","97","195","52","216","61","238","66","275","73","377","63","727","91","810","89","673","101","534","100","453","76","300","59",
"0500000US27129","Renville County, Minnesota","6056","108","233","56","233","59","179","52","198","50","284","52","231","50","175","60","303","74","225","52","469","64","685","89","834","99","651","76","471","62","531","64","354","60",
"0500000US27131","Rice County, Minnesota","23493","294","1076","248","407","134","589","149","842","231","833","241","753","200","840","283","854","219","693","164","1516","242","2333","289","3194","349","2337","245","1951","274","3163","351","2112","221",
"0500000US27133","Rock County, Minnesota","4035","117","328","95","87","34","78","35","151","61","160","64","170","61","162","50","87","43","99","38","357","85","406","93","467","99","459","104","286","69","448","92","290","66",
"0500000US27135","Roseau County, Minnesota","6296","139","276","96","304","83","185","64","244","62","196","46","211","49","191","52","264","73","265","69","421","93","599","111","959","131","825","100","477","72","463","65","416","74",
"0500000US27137","St. Louis County, Minnesota","87115","659","5058","521","3414","413","2706","334","2953","373","3312","408","4004","480","3607","407","3161","378","3096","373","6500","445","8192","576","11795","699","8827","605","6209","412","8063","580","6218","561",
"0500000US27139","Scott County, Minnesota","54971","391","1407","284","688","236","706","209","741","160","995","251","1077","244","1057","229","1155","243","1269","322","2642","404","4145","476","6469","551","6343","627","5006","473","7890","643","13381","839",
"0500000US27141","Sherburne County, Minnesota","35555","348","1013","295","552","174","556","171","907","312","675","260","649","240","755","219","964","258","857","208","2111","322","3187","515","4434","504","4386","445","3747","501","5756","557","5006","468",
"0500000US27143","Sibley County, Minnesota","5929","116","211","55","237","90","167","56","133","37","146","47","201","56","159","46","247","86","250","65","426","71","655","92","868","103","649","82","479","66","609","71","492","63",
"0500000US27145","Stearns County, Minnesota","61403","529","2421","421","2458","429","1970","359","1888","345","2351","348","1887","329","2063","367","2267","322","2114","362","4539","528","5947","491","9303","631","6315","468","4853","390","5588","485","5439","485",
"0500000US27147","Steele County, Minnesota","15138","250","434","137","525","149","319","100","425","103","555","157","536","197","690","191","771","203","298","94","961","209","1253","201","2054","260","1870","279","1533","265","1705","247","1209","194",
"0500000US27149","Stevens County, Minnesota","3889","126","188","71","154","66","95","48","135","58","197","85","136","62","168","73","115","41","145","46","210","58","393","87","561","93","420","83","291","66","284","63","397","87",
"0500000US27151","Swift County, Minnesota","4121","130","147","48","191","63","258","78","111","48","155","69","170","66","194","74","218","71","198","68","404","102","326","71","497","89","348","77","334","77","324","70","246","51",
"0500000US27153","Todd County, Minnesota","10209","199","292","74","303","64","549","110","409","87","357","73","310","64","449","109","532","135","485","104","936","132","978","128","1819","158","1056","108","565","76","616","71","553","62",
"0500000US27155","Traverse County, Minnesota","1311","74","55","24","62","36","110","51","72","33","68","34","32","14","35","22","39","19","63","24","103","32","122","39","164","35","122","25","64","22","96","25","104","30",
"0500000US27157","Wabasha County, Minnesota","9156","200","306","79","364","112","208","66","224","68","286","84","264","71","260","80","257","87","333","79","847","141","874","130","1251","152","1119","144","729","88","983","139","851","123",
"0500000US27159","Wadena County, Minnesota","6081","122","298","91","275","97","312","102","233","89","241","79","266","94","344","105","210","64","244","71","560","115","618","122","765","123","742","146","404","92","368","89","201","55",
"0500000US27161","Waseca County, Minnesota","7477","149","235","91","237","106","334","126","270","85","286","106","191","82","233","80","332","130","383","122","553","164","627","121","1118","174","858","162","553","107","900","152","367","71",
"0500000US27163","Washington County, Minnesota","105577","567","2270","338","1606","365","1379","289","1787","329","1867","408","2316","490","2345","331","2436","413","1982","323","5557","778","7378","519","13583","943","13341","924","10119","828","14648","897","22963","889",
"0500000US27165","Watonwan County, Minnesota","4227","145","149","57","132","59","203","114","119","47","184","76","203","76","214","83","98","44","166","58","278","71","458","100","519","102","435","106","347","87","449","100","273","90",
"0500000US27167","Wilkin County, Minnesota","2655","118","117","51","96","47","113","53","135","51","52","34","74","43","84","41","144","65","82","49","175","59","360","83","342","72","309","84","227","61","231","59","114","31",
"0500000US27169","Winona County, Minnesota","20253","333","1027","245","802","237","653","188","646","189","844","186","670","186","947","183","835","243","980","214","1622","270","1614","237","2816","295","1924","225","1589","200","1849","255","1435","208",
"0500000US27171","Wright County, Minnesota","54010","361","1400","231","712","165","870","220","1022","255","1065","202","1151","271","1310","265","1260","243","1302","236","2953","402","4759","549","7427","695","6454","618","5908","618","8439","546","7978","538",
"0500000US27173","Yellow Medicine County, Minnesota","4070","115","128","42","125","41","95","27","177","44","157","54","148","41","153","40","119","48","125","37","422","95","402","75","623","76","427","60","384","74","273","58","312","55",
"0500000US28001","Adams County, Mississippi","11464","406","1362","283","884","209","638","210","696","210","807","262","422","175","385","148","774","233","576","176","720","193","876","202","1330","243","547","163","443","152","480","171","524","163",
"0500000US28003","Alcorn County, Mississippi","14456","323","992","271","1144","305","757","256","911","216","682","213","680","169","632","193","737","239","567","172","1145","311","1383","264","1731","359","1177","252","660","233","836","237","422","155",
"0500000US28005","Amite County, Mississippi","5850","276","514","185","730","212","396","164","293","126","267","151","366","148","574","237","349","190","214","136","420","180","428","159","611","218","287","128","124","66","136","88","141","102",
"0500000US28007","Attala County, Mississippi","6627","237","283","111","639","225","333","131","422","116","400","154","337","144","297","111","159","80","395","164","457","152","633","163","695","169","547","153","359","109","356","158","315","110",
"0500000US28009","Benton County, Mississippi","3074","219","299","125","168","75","179","76","170","63","127","57","190","106","241","102","126","60","126","79","336","119","343","156","247","108","162","80","181","75","117","49","62","35",
"0500000US28011","Bolivar County, Mississippi","11915","263","1470","284","1290","306","742","165","830","209","537","185","618","219","505","193","600","157","389","129","922","250","975","240","1252","326","623","201","376","153","334","138","452","135",
"0500000US28013","Calhoun County, Mississippi","5611","241","408","109","429","123","536","138","375","127","249","90","332","113","255","95","304","125","229","88","328","107","691","163","618","141","436","137","118","65","181","70","122","63",
"0500000US28015","Carroll County, Mississippi","4258","233","101","72","489","225","355","139","204","133","211","124","147","92","117","65","189","97","121","79","209","92","414","192","788","198","300","142","215","107","288","166","110","69",
"0500000US28017","Chickasaw County, Mississippi","6674","260","661","189","652","169","444","129","270","104","488","153","331","90","228","89","392","124","396","167","418","132","631","178","749","144","605","179","135","78","169","78","105","65",
"0500000US28019","Choctaw County, Mississippi","3464","151","183","74","212","98","233","109","155","67","233","103","237","105","148","94","206","76","75","62","363","99","256","84","445","134","284","81","240","87","142","62","52","35",
"0500000US28021","Claiborne County, Mississippi","3008","190","403","142","295","122","215","108","298","114","271","116","120","76","196","97","81","55","148","86","11","15","352","120","384","133","106","72","43","44","44","37","41","40",
"0500000US28023","Clarke County, Mississippi","5945","232","492","161","452","180","436","154","324","130","259","100","322","112","356","109","269","93","284","102","563","207","397","133","649","128","311","104","325","118","276","99","230","122",
"0500000US28025","Clay County, Mississippi","7805","280","544","194","642","208","535","213","476","178","608","193","504","213","395","138","278","128","146","94","593","175","857","230","1085","244","446","151","256","121","260","105","180","87",
"0500000US28027","Coahoma County, Mississippi","8404","262","883","195","746","191","561","162","684","194","706","170","369","113","500","161","515","140","375","126","610","209","602","170","756","183","515","178","192","89","193","76","197","92",
"0500000US28029","Copiah County, Mississippi","10060","291","903","196","603","203","629","205","637","192","509","167","266","94","331","139","746","218","527","204","829","232","868","199","878","189","922","231","356","128","633","218","423","198",
"0500000US28031","Covington County, Mississippi","7323","260","488","166","756","314","573","233","331","140","227","111","326","148","560","224","399","193","310","146","367","143","421","141","833","274","635","280","556","186","292","147","249","104",
"0500000US28033","DeSoto County, Mississippi","70986","670","3284","534","1916","379","1530","346","2100","445","1933","435","2666","521","2137","449","2468","433","2360","463","4508","502","6239","626","10403","760","8457","823","6084","678","8260","823","6641","824",
"0500000US28035","Forrest County, Mississippi","30127","456","2095","387","1945","424","1512","368","1929","387","1283","351","1395","320","1527","362","1144","347","1351","353","2195","439","2821","444","4016","471","2248","322","1345","269","1572","346","1749","313",
"0500000US28037","Franklin County, Mississippi","3074","203","186","97","165","71","278","110","309","133","216","89","73","44","83","44","69","43","41","34","368","148","292","113","361","127","183","94","97","51","156","98","197","85",
"0500000US28039","George County, Mississippi","9302","251","672","224","443","153","560","232","386","190","361","164","293","123","439","188","609","191","238","121","665","184","823","259","1230","281","847","285","535","179","616","189","585","218",
"0500000US28041","Greene County, Mississippi","4109","230","412","181","160","83","112","65","264","105","217","125","326","178","113","87","79","50","224","180","404","156","338","139","321","150","506","168","242","86","260","115","131","76",
"0500000US28043","Grenada County, Mississippi","8464","359","590","196","738","206","278","140","366","128","562","207","786","272","254","146","413","163","390","186","687","274","653","210","1002","233","527","162","428","192","287","126","503","149",
"0500000US28045","Hancock County, Mississippi","20237","430","1193","280","1222","335","732","258","890","385","700","257","487","140","639","209","849","231","990","259","1319","265","2013","417","2194","348","2065","378","1695","472","1940","438","1309","353",
"0500000US28047","Harrison County, Mississippi","83358","746","5233","617","3894","437","3383","497","3720","482","3581","531","3641","624","3534","485","3957","562","3448","577","7598","811","8101","697","10348","905","7777","725","5407","705","4929","639","4807","582",
"0500000US28049","Hinds County, Mississippi","89578","918","8119","703","5518","715","4631","576","4619","675","4705","512","5083","600","4083","494","4660","575","3866","456","6245","688","8178","884","11057","1134","5975","548","3964","553","4871","609","4004","507",
"0500000US28051","Holmes County, Mississippi","6157","183","1082","240","734","163","406","101","278","93","244","85","431","202","230","86","330","118","286","127","480","136","366","99","492","126","160","71","164","100","226","79","248","98",
"0500000US28053","Humphreys County, Mississippi","2900","141","280","118","292","92","191","72","261","124","309","106","150","76","96","47","118","61","43","36","417","150","139","52","180","62","131","62","149","89","72","53","72","40",
"0500000US28055","Issaquena County, Mississippi","350","61","26","23","66","34","55","34","10","12","14","16","7","10","7","8","23","19","14","13","40","26","35","35","14","14","33","23","5","6","0","14","1","2",
"0500000US28057","Itawamba County, Mississippi","9619","288","469","178","576","228","490","166","563","212","406","155","534","211","448","142","279","97","564","242","667","193","559","206","1452","309","1104","279","629","195","415","188","464","173",
"0500000US28059","Jackson County, Mississippi","57647","597","3680","571","2048","387","2413","413","2518","457","2546","585","2718","463","1923","357","1877","422","2365","442","4136","514","6298","835","6872","649","6207","644","3277","496","4677","527","4092","557",
"0500000US28061","Jasper County, Mississippi","6647","292","411","147","651","233","398","164","511","147","340","128","434","157","176","84","232","107","260","129","685","209","411","117","855","280","610","252","339","117","183","83","151","95",
"0500000US28063","Jefferson County, Mississippi","2494","200","245","104","309","121","122","74","176","125","173","84","124","79","197","120","101","65","68","52","160","93","124","71","226","107","199","105","114","84","63","34","93","81",
"0500000US28065","Jefferson Davis County, Mississippi","4453","197","169","61","486","149","307","153","446","164","311","122","375","101","190","78","137","67","84","63","408","122","472","128","236","87","285","117","235","125","166","87","146","80",
"0500000US28067","Jones County, Mississippi","24957","595","1822","381","1250","314","1136","309","1181","293","1564","369","1455","403","1474","344","1063","311","1045","307","1683","307","2148","421","2690","382","2499","427","1584","402","1139","255","1224","293",
"0500000US28069","Kemper County, Mississippi","3223","177","298","148","291","128","141","74","316","125","152","112","98","61","64","48","200","146","171","111","265","127","366","151","350","130","187","109","136","76","83","63","105","69",
"0500000US28071","Lafayette County, Mississippi","19044","579","1398","283","824","272","699","249","867","232","923","283","574","207","751","221","544","143","598","205","1044","274","1897","400","2337","418","1965","414","1047","243","1644","306","1932","365",
"0500000US28073","Lamar County, Mississippi","25381","379","1669","408","974","332","607","200","1059","279","667","213","966","229","963","255","765","203","1018","268","2101","422","2725","504","3300","531","2203","403","2289","416","1798","417","2277","493",
"0500000US28075","Lauderdale County, Mississippi","28707","527","2639","501","1840","276","2260","486","1414","304","1461","352","1469","386","968","237","1213","302","916","211","1795","368","3017","431","2463","412","2570","409","1715","330","1894","356","1073","214",
"0500000US28077","Lawrence County, Mississippi","4407","255","296","112","445","160","353","170","119","69","250","122","278","117","196","94","347","141","254","125","335","154","424","136","337","109","188","70","257","136","144","63","184","86",
"0500000US28079","Leake County, Mississippi","7414","263","524","171","438","117","467","171","644","233","266","151","373","144","207","82","385","154","336","150","629","196","1009","298","818","198","377","145","365","131","323","138","253","115",
"0500000US28081","Lee County, Mississippi","32591","548","2184","418","1590","358","1582","295","1234","332","1584","300","1086","258","1141","262","1128","253","1273","244","1929","331","2839","480","4470","480","3782","492","2470","544","1992","362","2307","415",
"0500000US28083","Leflore County, Mississippi","10203","325","972","232","1215","262","721","198","754","208","891","297","506","234","607","210","207","81","471","203","579","206","660","234","1163","271","442","146","279","146","219","129","517","242",
"0500000US28085","Lincoln County, Mississippi","13158","397","915","290","861","250","792","229","793","260","494","173","535","201","779","262","680","186","572","183","817","247","1193","324","1528","296","981","201","783","281","772","225","663","259",
"0500000US28087","Lowndes County, Mississippi","23006","500","1952","342","1356","305","1118","268","1408","404","992","212","973","257","1097","306","743","185","1203","321","1821","367","2052","293","2865","373","1764","370","1271","238","1264","284","1127","296",
"0500000US28089","Madison County, Mississippi","43917","481","1567","364","1239","375","1489","313","1247","433","1369","307","1968","372","1592","378","1632","400","1563","337","2307","382","4149","613","5637","733","3901","571","3686","515","4045","617","6526","561",
"0500000US28091","Marion County, Mississippi","9122","347","419","178","530","169","455","198","903","311","443","159","632","220","494","196","674","222","515","182","809","233","747","232","748","193","532","193","620","180","310","149","291","175",
"0500000US28093","Marshall County, Mississippi","13187","368","922","245","1116","276","672","232","483","153","714","197","437","148","596","214","696","257","681","201","799","236","1367","356","1279","250","1177","296","803","271","944","268","501","190",
"0500000US28095","Monroe County, Mississippi","13895","415","841","246","1000","270","593","178","1175","321","763","162","679","183","556","158","609","213","580","166","955","223","1186","225","1664","351","1178","263","701","212","904","240","511","155",
"0500000US28097","Montgomery County, Mississippi","4137","244","614","253","222","96","285","148","255","112","216","133","220","102","81","57","293","145","169","85","375","134","139","67","418","146","291","100","198","93","203","94","158","97",
"0500000US28099","Neshoba County, Mississippi","10283","282","866","212","528","157","512","194","462","160","669","272","321","133","593","184","233","116","325","143","821","208","941","250","1659","306","978","218","583","169","380","116","412","131",
"0500000US28101","Newton County, Mississippi","7713","243","480","200","442","169","512","164","367","160","441","153","379","157","390","160","459","155","361","120","583","165","956","243","665","208","674","196","322","94","356","118","326","152",
"0500000US28103","Noxubee County, Mississippi","3946","228","667","240","263","108","472","194","207","85","86","66","320","154","25","23","150","120","247","144","306","142","231","123","335","138","315","131","73","59","159","104","90","73",
"0500000US28105","Oktibbeha County, Mississippi","21840","406","2977","572","1539","440","1380","442","632","160","1100","309","986","331","812","277","1275","422","655","229","1633","415","1356","284","2172","428","1384","297","1342","290","1394","303","1203","262",
"0500000US28107","Panola County, Mississippi","12312","412","964","243","1024","271","882","250","592","169","742","297","780","236","670","244","423","163","327","136","895","271","820","209","1680","368","824","260","485","165","725","224","479","190",
"0500000US28109","Pearl River County, Mississippi","21880","460","1430","328","1403","293","1135","303","976","240","1003","255","895","257","847","226","752","222","1164","315","1529","352","2209","347","3144","474","1512","293","1381","389","1250","295","1250","290",
"0500000US28111","Perry County, Mississippi","4647","197","208","82","330","150","379","133","174","111","194","107","271","108","366","139","263","125","153","75","447","205","507","173","619","211","306","126","97","60","214","119","119","67",
"0500000US28113","Pike County, Mississippi","15007","550","1352","301","1538","318","1192","297","710","162","675","225","701","235","429","147","1257","394","759","274","1531","434","1026","233","1593","369","724","208","648","204","424","148","448","169",
"0500000US28115","Pontotoc County, Mississippi","11819","385","780","242","670","207","349","132","515","178","542","191","588","206","927","358","676","209","609","243","1104","295","710","197","1461","340","1132","264","735","207","603","199","418","150",
"0500000US28117","Prentiss County, Mississippi","9595","272","641","188","679","209","520","172","629","170","444","174","380","148","301","125","689","241","553","252","502","156","911","256","1055","214","967","228","542","191","279","117","503","196",
"0500000US28119","Quitman County, Mississippi","2643","104","226","74","410","106","239","90","224","88","99","53","182","75","107","59","107","49","64","44","243","105","169","57","287","77","84","41","65","36","69","47","68","49",
"0500000US28121","Rankin County, Mississippi","60133","619","2007","438","2086","560","1520","358","2242","503","1619","314","2054","465","1865","405","2616","526","2081","377","3756","536","6722","759","7725","768","7468","777","5227","609","5895","640","5250","745",
"0500000US28123","Scott County, Mississippi","9686","392","1086","278","447","164","339","136","616","187","938","322","428","156","265","129","427","153","398","205","872","298","870","267","1220","234","414","128","732","201","408","145","226","86",
"0500000US28125","Sharkey County, Mississippi","1422","96","172","71","89","43","115","59","117","56","86","52","88","61","44","27","41","34","91","58","107","72","143","58","101","56","71","39","93","60","29","21","35","21",
"0500000US28127","Simpson County, Mississippi","9543","338","587","187","382","128","420","145","362","154","559","173","438","136","306","106","518","206","718","256","835","195","987","214","1121","228","952","209","454","153","407","187","497","178",
"0500000US28129","Smith County, Mississippi","5592","235","294","120","346","139","334","148","552","157","305","153","185","82","201","91","149","83","93","76","197","82","895","297","588","158","809","223","187","72","240","104","217","108",
"0500000US28131","Stone County, Mississippi","6705","246","256","95","335","161","388","153","198","106","408","182","219","130","332","174","394","170","275","138","448","179","696","245","901","239","908","254","418","162","313","137","216","122",
"0500000US28133","Sunflower County, Mississippi","8034","228","802","211","909","233","454","140","723","197","376","118","289","99","469","169","297","123","408","160","596","193","555","160","875","200","599","230","331","113","184","76","167","65",
"0500000US28135","Tallahatchie County, Mississippi","4306","208","248","103","317","96","354","109","423","169","285","115","308","108","305","148","98","71","238","85","445","161","400","161","362","105","168","85","61","47","143","72","151","84",
"0500000US28137","Tate County, Mississippi","11018","299","388","146","647","240","437","163","473","185","406","155","547","217","300","132","567","220","342","151","568","196","1411","328","1757","386","1146","280","819","253","674","236","536","199",
"0500000US28139","Tippah County, Mississippi","8017","389","290","144","526","180","311","151","508","175","467","224","502","188","673","231","222","106","288","113","598","201","878","262","1209","273","657","194","261","115","449","144","178","78",
"0500000US28141","Tishomingo County, Mississippi","8834","270","807","194","736","219","600","210","384","137","279","100","440","130","207","89","326","122","519","182","533","132","884","225","1019","234","734","185","392","146","512","148","462","165",
"0500000US28143","Tunica County, Mississippi","3800","272","514","177","282","143","158","107","298","170","52","46","356","154","283","151","204","174","159","93","218","147","348","182","334","145","220","128","90","64","150","70","134","100",
"0500000US28145","Union County, Mississippi","9849","366","409","156","487","166","558","236","551","193","365","162","462","164","606","192","287","109","460","202","1071","245","1091","260","1173","272","865","241","556","161","353","112","555","226",
"0500000US28147","Walthall County, Mississippi","5290","322","361","177","625","226","207","137","299","126","229","129","197","98","342","183","172","80","301","178","386","138","415","145","447","175","286","119","448","165","402","165","173","95",
"0500000US28149","Warren County, Mississippi","16772","456","1269","301","877","277","608","213","821","215","775","232","635","222","805","262","713","216","651","194","1354","300","1232","259","2245","432","1322","257","903","192","1130","256","1432","296",
"0500000US28151","Washington County, Mississippi","17113","384","1490","301","1762","307","1136","292","1193","288","1206","245","777","205","685","180","786","273","738","233","1214","210","1775","396","1622","345","916","208","299","103","822","201","692","201",
"0500000US28153","Wayne County, Mississippi","7681","285","510","240","561","206","865","275","727","271","376","163","589","237","362","147","387","165","322","154","338","147","589","204","583","169","523","176","453","160","284","124","212","115",
"0500000US28155","Webster County, Mississippi","4073","212","261","89","262","128","194","84","203","91","179","77","248","104","207","90","103","57","181","101","214","69","471","149","467","120","573","158","174","81","188","72","148","86",
"0500000US28157","Wilkinson County, Mississippi","3185","268","462","163","249","108","163","107","228","116","251","171","204","115","303","150","48","34","195","154","359","184","271","120","150","94","92","96","74","72","69","56","67","43",
"0500000US28159","Winston County, Mississippi","7141","251","508","203","408","151","643","178","448","182","238","130","335","115","324","139","270","120","256","109","432","168","881","192","950","214","619","151","269","106","221","99","339","128",
"0500000US28161","Yalobusha County, Mississippi","4996","269","385","152","355","136","379","118","313","118","224","104","163","72","309","140","135","69","288","126","279","105","598","190","554","143","398","159","148","62","311","141","157","91",
"0500000US28163","Yazoo County, Mississippi","8767","409","787","267","721","301","698","222","526","202","759","197","538","199","405","161","302","137","214","136","770","296","486","183","939","253","445","141","536","159","405","115","236","119",
"0500000US29001","Adair County, Missouri","9126","323","913","185","477","145","518","170","294","92","366","129","368","133","300","113","401","122","235","83","597","145","1075","227","1271","214","824","159","470","122","430","119","587","130",
"0500000US29003","Andrew County, Missouri","6988","188","231","134","184","62","296","101","218","104","208","87","233","88","225","69","266","84","258","88","500","119","843","168","1015","194","911","192","552","111","590","150","458","95",
"0500000US29005","Atchison County, Missouri","2287","87","94","28","95","30","82","32","187","68","123","35","137","41","90","34","125","44","94","33","127","40","238","67","337","69","136","34","227","54","109","48","86","28",
"0500000US29007","Audrain County, Missouri","9219","248","640","169","493","147","308","107","495","108","405","150","391","143","466","127","367","123","327","98","757","184","882","145","1422","241","961","172","471","134","528","132","306","131",
"0500000US29009","Barry County, Missouri","13336","451","480","162","624","150","476","133","685","205","484","158","781","215","957","192","825","203","359","104","1220","253","1487","253","1609","234","1283","257","566","147","757","197","743","180",
"0500000US29011","Barton County, Missouri","4454","213","171","76","274","105","317","125","282","172","299","116","220","105","258","109","154","83","184","92","378","126","539","140","429","100","343","94","282","146","211","84","113","48",
"0500000US29013","Bates County, Missouri","6158","169","248","95","425","107","223","88","283","90","196","67","345","116","217","72","314","100","322","107","472","135","621","148","832","141","628","121","399","126","418","127","215","69",
"0500000US29015","Benton County, Missouri","8573","303","556","155","524","168","612","200","535","166","375","84","389","135","316","106","348","96","399","143","828","173","850","170","1126","187","786","180","358","126","352","114","219","84",
"0500000US29017","Bollinger County, Missouri","3941","180","135","71","336","186","191","99","169","69","237","110","206","74","167","70","83","42","187","75","199","88","350","125","656","152","496","141","250","113","212","103","67","45",
"0500000US29019","Boone County, Missouri","76562","639","4371","534","2900","522","2704","554","2818","389","2978","463","2680","456","2928","440","2573","390","2596","350","5102","620","7872","724","9995","826","7777","747","5178","540","6287","529","7803","763",
"0500000US29021","Buchanan County, Missouri","33439","475","2086","348","1844","353","1362","281","1566","298","1359","238","1242","236","1488","252","1359","282","1635","317","2353","269","3815","393","4606","431","3034","403","1836","260","1904","289","1950","320",
"0500000US29023","Butler County, Missouri","16594","407","932","202","1416","306","1073","225","633","189","1260","303","846","247","687","207","827","206","792","236","1036","266","1975","335","1891","362","1388","295","539","176","689","185","610","197",
"0500000US29025","Caldwell County, Missouri","3769","104","202","70","133","33","158","49","121","34","159","54","206","68","160","57","154","49","168","51","297","72","450","87","583","87","386","91","241","63","189","60","162","49",
"0500000US29027","Callaway County, Missouri","16485","462","806","237","322","122","571","168","726","230","616","188","610","179","739","254","473","137","585","163","1246","289","1679","289","2858","409","1661","241","1306","246","1330","270","957","208",
"0500000US29029","Camden County, Missouri","17925","548","916","235","775","190","570","186","705","152","814","201","620","139","688","181","749","165","833","251","1406","232","1798","263","2563","276","1676","241","920","169","1434","338","1458","285",
"0500000US29031","Cape Girardeau County, Missouri","32454","482","1870","413","1311","387","1257","308","1299","275","1156","230","1757","443","1276","249","1109","249","1138","305","2429","338","3200","415","4274","519","3784","434","2071","357","2302","364","2221","333",
"0500000US29033","Carroll County, Missouri","3522","154","132","65","77","45","162","66","215","67","192","97","201","91","141","79","110","42","138","43","312","88","420","90","540","90","294","71","299","88","168","64","121","55",
"0500000US29035","Carter County, Missouri","2038","136","105","49","211","102","56","32","156","78","122","66","81","44","92","52","124","75","72","46","226","102","185","92","230","81","141","65","43","33","181","117","13","15",
"0500000US29037","Cass County, Missouri","43206","525","950","193","945","265","864","297","1053","289","1553","275","1067","318","1364","295","1841","387","1398","245","3323","443","4120","417","5894","552","5291","459","4349","447","4864","512","4330","414",
"0500000US29039","Cedar County, Missouri","5773","237","212","84","266","123","314","119","449","172","605","184","369","132","287","111","140","95","350","135","396","152","525","156","699","202","415","119","268","100","276","144","202","111",
"0500000US29041","Chariton County, Missouri","2681","127","120","39","72","27","74","35","101","31","76","23","142","33","112","31","95","37","129","39","223","55","292","91","458","85","335","85","148","42","136","43","168","44",
"0500000US29043","Christian County, Missouri","35142","401","942","264","1061","248","898","225","1015","239","905","198","1244","269","1193","220","1307","237","1085","209","2389","449","3609","460","5793","493","4875","577","2886","498","2858","495","3082","421",
"0500000US29045","Clark County, Missouri","2423","103","110","49","115","48","99","46","216","83","97","45","232","80","76","37","103","55","78","34","245","91","221","65","330","86","147","53","145","52","100","42","109","58",
"0500000US29047","Clay County, Missouri","102171","719","3715","557","2176","477","2015","381","2583","446","2901","438","3588","493","2936","439","3774","597","3422","490","6710","590","9491","769","15063","1136","11828","971","8855","722","12736","1006","10378","689",
"0500000US29049","Clinton County, Missouri","8329","253","577","170","244","93","299","132","191","97","207","81","411","150","163","73","281","81","289","123","748","197","1024","211","1226","241","968","185","551","141","619","115","531","118",
"0500000US29051","Cole County, Missouri","31086","329","1300","327","713","206","1354","390","1068","287","1023","204","1043","272","1023","242","1141","254","1150","274","2563","430","3201","416","4000","430","3570","424","2577","342","2827","316","2533","337",
"0500000US29053","Cooper County, Missouri","6246","182","369","103","202","82","258","77","219","63","314","99","209","64","191","69","316","80","241","66","383","84","606","95","1030","142","665","112","532","93","450","93","261","84",
"0500000US29055","Crawford County, Missouri","9580","262","507","180","474","129","606","189","316","101","407","140","540","155","427","129","356","123","462","179","860","220","1073","223","1316","240","1029","241","381","105","398","122","428","140",
"0500000US29057","Dade County, Missouri","3057","118","172","56","174","51","110","39","157","52","196","73","114","42","186","85","186","63","137","53","229","65","365","76","421","85","246","79","167","60","121","51","76","36",
"0500000US29059","Dallas County, Missouri","6768","263","384","204","681","267","251","120","438","189","391","150","456","145","159","86","333","127","133","84","533","209","779","295","535","134","814","211","442","153","219","86","220","129",
"0500000US29061","Daviess County, Missouri","3020","114","101","35","149","49","143","45","126","40","158","69","140","48","124","53","132","41","113","37","208","53","363","76","393","72","274","66","246","61","177","52","173","51",
"0500000US29063","DeKalb County, Missouri","3732","767","112","89","130","63","151","116","303","204","127","88","166","111","104","85","171","78","75","57","157","109","454","127","722","166","395","114","209","83","252","103","204","84",
"0500000US29065","Dent County, Missouri","5618","255","224","67","312","98","229","84","380","172","316","122","384","93","315","85","273","81","181","72","351","103","545","137","700","184","662","167","386","178","242","79","118","66",
"0500000US29067","Douglas County, Missouri","4654","170","274","122","301","111","239","120","171","80","259","101","372","122","221","86","438","164","250","108","241","99","522","157","520","140","266","80","285","131","122","69","173","92",
"0500000US29069","Dunklin County, Missouri","11257","268","645","152","839","180","859","186","591","157","578","155","713","179","487","148","650","167","399","107","733","157","1368","200","1448","224","749","170","416","140","395","111","387","131",
"0500000US29071","Franklin County, Missouri","43036","493","1467","239","962","264","1364","338","1903","365","1378","269","1692","335","2048","356","1804","337","1484","284","3531","453","4464","441","6274","538","4848","549","3163","391","3519","478","3135","387",
"0500000US29073","Gasconade County, Missouri","6061","214","262","73","279","93","193","66","261","71","226","66","374","126","279","76","262","89","263","101","408","89","734","134","997","189","530","123","354","82","315","90","324","126",
"0500000US29075","Gentry County, Missouri","2426","83","132","47","107","39","122","41","107","41","94","39","141","45","139","61","105","40","139","46","191","49","266","57","376","67","241","55","114","41","93","41","59","35",
"0500000US29077","Greene County, Missouri","130951","851","6549","632","5247","636","5094","696","5772","675","6140","680","7408","752","6093","681","5842","624","5402","600","9981","783","14736","896","17099","1114","12224","824","7366","678","8154","704","7844","581",
"0500000US29079","Grundy County, Missouri","3907","184","305","103","199","87","301","112","248","70","152","50","127","61","181","67","209","83","143","55","314","97","307","97","512","105","399","99","196","73","203","63","111","44",
"0500000US29081","Harrison County, Missouri","3195","142","179","89","216","80","89","32","207","68","140","52","121","47","255","81","130","64","117","42","297","92","212","48","585","135","302","85","163","63","100","49","82","45",
"0500000US29083","Henry County, Missouri","9217","277","277","98","511","152","553","171","427","106","501","140","516","160","427","133","356","103","476","131","718","166","912","187","1464","239","746","169","560","160","474","121","299","93",
"0500000US29085","Hickory County, Missouri","3601","177","445","137","219","77","256","97","261","129","147","58","284","104","220","103","170","63","155","69","348","98","325","87","283","73","158","58","175","61","87","54","68","44",
"0500000US29087","Holt County, Missouri","1744","77","63","22","88","40","41","17","55","22","112","35","104","32","85","29","58","24","79","25","140","34","201","50","287","45","129","30","102","27","132","43","68","18",
"0500000US29089","Howard County, Missouri","3585","124","137","52","135","53","146","65","129","46","122","60","135","48","127","53","238","68","230","78","271","80","374","75","477","104","345","115","304","81","250","85","165","61",
"0500000US29091","Howell County, Missouri","15965","235","1025","251","1345","265","818","186","737","181","825","198","1051","262","689","181","684","149","571","180","1532","293","1841","360","1903","383","1050","229","691","180","637","154","566","141",
"0500000US29093","Iron County, Missouri","3861","137","195","65","266","68","158","55","366","103","217","98","214","60","130","51","193","57","226","78","226","64","281","78","547","115","445","108","158","65","158","55","81","36",
"0500000US29095","Jackson County, Missouri","306798","1461","18007","1082","11294","880","11049","1155","11913","1172","10611","947","11563","1030","14520","1249","12377","1155","11921","859","21684","1139","31144","1528","39933","1656","29921","1388","21222","1176","25474","1229","24165","1000",
"0500000US29097","Jasper County, Missouri","49489","528","2582","357","2621","391","2314","471","2430","390","2132","366","2020","375","2417","369","2275","332","2052","367","3669","422","5534","636","6825","600","4682","522","2901","392","2604","361","2431","441",
"0500000US29099","Jefferson County, Missouri","88309","678","3509","466","1858","388","1893","363","2513","466","2593","475","2717","455","3680","588","3311","494","2868","432","6182","609","8889","787","13156","920","9878","847","9219","840","8952","639","7091","642",
"0500000US29101","Johnson County, Missouri","21087","318","871","185","475","125","660","181","495","154","755","185","1161","282","1225","286","1049","244","856","192","1792","341","2505","352","3127","387","2339","326","1301","249","1559","302","917","215",
"0500000US29103","Knox County, Missouri","1288","81","70","31","74","30","53","28","63","33","91","36","61","28","44","26","82","31","55","29","74","34","153","39","197","52","84","37","36","23","86","46","65","29",
"0500000US29105","Laclede County, Missouri","14558","347","759","220","892","256","557","137","601","187","720","224","924","217","925","240","684","187","712","186","1345","321","1559","280","1934","409","1329","352","518","141","749","238","350","153",
"0500000US29107","Lafayette County, Missouri","12576","358","473","140","342","121","430","145","273","108","359","124","547","187","355","145","495","149","521","159","1035","252","1088","216","1678","267","1887","391","1107","226","1034","211","952","267",
"0500000US29109","Lawrence County, Missouri","14602","339","644","170","804","224","586","156","781","179","637","206","652","191","635","186","808","203","569","155","1064","207","1531","264","1855","274","1695","339","969","217","830","184","542","180",
"0500000US29111","Lewis County, Missouri","3185","143","145","58","201","72","112","48","185","68","104","49","146","62","121","43","194","79","117","49","270","76","324","93","479","79","263","75","223","69","150","57","151","95",
"0500000US29113","Lincoln County, Missouri","22817","265","1056","346","670","201","293","114","728","234","544","205","898","240","622","196","696","189","830","230","1262","265","1710","401","3783","492","3786","457","2021","307","2040","376","1878","397",
"0500000US29115","Linn County, Missouri","4801","175","221","77","180","55","174","56","284","91","182","54","168","71","295","118","226","78","159","69","435","97","495","114","591","110","457","107","328","101","316","104","290","130",
"0500000US29117","Livingston County, Missouri","5608","192","242","95","246","105","161","54","268","101","252","75","287","90","170","61","269","81","209","77","573","138","591","159","883","183","473","113","357","128","294","97","333","112",
"0500000US29119","McDonald County, Missouri","8558","212","333","91","506","141","412","130","451","139","597","184","441","122","463","127","531","156","298","94","671","161","951","206","1002","175","638","174","456","153","566","180","242","78",
"0500000US29121","Macon County, Missouri","6067","200","201","75","321","102","245","80","350","108","223","74","287","95","320","84","263","86","298","80","402","86","724","148","1009","160","674","144","340","117","256","90","154","54",
"0500000US29123","Madison County, Missouri","4683","239","187","85","209","102","186","71","260","100","202","92","190","107","415","164","163","74","278","102","412","139","477","137","608","128","353","102","242","129","294","116","207","95",
"0500000US29125","Maries County, Missouri","3428","197","199","90","169","70","135","63","101","43","195","97","167","86","197","85","75","43","241","98","247","97","319","89","539","150","371","109","131","64","159","83","183","76",
"0500000US29127","Marion County, Missouri","11323","267","724","184","571","173","501","142","453","131","318","134","488","133","499","165","417","122","432","149","942","207","1425","229","1743","269","938","162","748","169","744","217","380","108",
"0500000US29129","Mercer County, Missouri","1302","85","55","25","68","25","43","28","90","44","79","27","60","27","31","21","35","23","68","32","109","44","121","37","255","57","112","40","104","38","43","22","29","19",
"0500000US29131","Miller County, Missouri","9857","285","490","161","559","181","602","190","425","135","355","102","679","159","528","170","488","185","308","88","651","168","1023","186","1378","229","857","176","608","151","463","130","443","105",
"0500000US29133","Mississippi County, Missouri","4482","158","208","117","363","120","294","116","322","134","293","118","336","117","143","84","171","66","150","86","275","96","406","138","552","201","485","129","260","84","130","67","94","50",
"0500000US29135","Moniteau County, Missouri","5729","127","219","97","220","88","140","60","316","119","209","89","221","70","290","95","283","101","182","53","543","118","653","144","844","148","863","198","327","81","209","77","210","68",
"0500000US29137","Monroe County, Missouri","3468","138","294","93","175","78","140","54","200","96","129","58","180","74","206","81","192","76","127","52","245","65","262","73","463","110","354","84","167","60","186","71","148","54",
"0500000US29139","Montgomery County, Missouri","4640","199","265","84","243","78","210","71","191","67","177","71","166","47","220","56","143","51","140","53","353","78","567","114","723","150","514","117","321","84","207","62","200","84",
"0500000US29141","Morgan County, Missouri","8699","334","525","146","655","154","503","150","618","156","371","144","327","97","337","124","434","145","411","133","540","139","887","136","1070","221","659","170","486","150","320","96","556","160",
"0500000US29143","New Madrid County, Missouri","6695","249","387","112","460","125","371","122","326","103","368","95","406","140","353","107","418","122","175","74","543","124","606","178","799","151","589","147","266","86","363","107","265","93",
"0500000US29145","Newton County, Missouri","22129","345","749","164","770","251","854","221","663","206","1091","242","952","215","1061","229","1134","277","894","207","1883","355","2610","360","3193","380","2204","287","1191","256","1514","274","1366","236",
"0500000US29147","Nodaway County, Missouri","8460","201","462","121","438","129","328","102","396","116","478","128","468","163","493","125","266","81","252","64","689","160","837","142","1127","167","918","139","590","110","420","91","298","79",
"0500000US29149","Oregon County, Missouri","3380","179","254","79","214","78","286","127","271","128","247","101","132","67","210","76","154","69","35","27","282","105","473","160","249","79","221","100","132","65","149","73","71","37",
"0500000US29151","Osage County, Missouri","5287","189","249","73","176","62","226","89","292","101","143","63","175","86","254","112","209","81","133","57","278","78","450","107","735","140","598","126","445","106","595","152","329","129",
"0500000US29153","Ozark County, Missouri","3709","156","286","82","250","95","236","102","157","51","247","130","232","77","241","83","247","78","146","70","301","80","372","107","248","74","333","101","133","47","143","60","137","59",
"0500000US29155","Pemiscot County, Missouri","6333","203","813","182","500","127","402","135","472","142","310","127","384","117","281","107","216","93","261","115","486","121","453","119","545","126","389","116","294","97","309","85","218","83",
"0500000US29157","Perry County, Missouri","7525","184","278","84","371","110","236","102","293","94","510","158","287","108","289","130","346","98","321","114","644","139","785","146","955","165","614","142","489","138","630","166","477","149",
"0500000US29159","Pettis County, Missouri","16996","294","1015","178","768","187","627","136","570","140","542","145","889","180","977","222","705","196","763","177","1579","214","1989","297","2205","287","1567","228","1215","254","1055","210","530","142",
"0500000US29161","Phelps County, Missouri","17329","427","1020","227","754","177","765","194","883","186","1409","306","571","132","494","140","959","211","770","210","1214","283","1960","333","2137","300","1548","254","715","172","1248","245","882","187",
"0500000US29163","Pike County, Missouri","6424","228","282","106","277","115","449","154","327","102","185","82","296","116","435","125","367","127","204","69","592","134","335","98","1008","184","626","134","451","115","359","106","231","81",
"0500000US29165","Platte County, Missouri","43902","480","1827","343","555","143","973","326","968","262","919","269","1250","279","924","212","1396","300","1350","283","2638","394","3874","527","6168","557","5071","518","3852","435","5235","500","6902","497",
"0500000US29167","Polk County, Missouri","12059","295","521","154","637","204","579","156","756","242","579","201","503","151","362","117","513","156","662","196","957","250","1234","221","1459","229","1175","244","613","175","934","252","575","190",
"0500000US29169","Pulaski County, Missouri","16851","445","776","261","715","193","497","159","645","293","512","204","784","236","746","288","781","228","915","297","1314","291","1858","358","2690","422","1817","315","1275","306","816","214","710","232",
"0500000US29171","Putnam County, Missouri","1791","148","63","39","142","74","88","59","87","49","113","65","27","23","68","51","71","53","51","27","133","67","226","92","209","88","178","83","114","55","137","90","84","52",
"0500000US29173","Ralls County, Missouri","3970","173","351","85","73","39","132","60","122","58","99","48","169","69","188","88","115","56","155","67","319","116","476","93","592","137","444","119","333","76","207","82","195","75",
"0500000US29175","Randolph County, Missouri","9247","243","350","142","450","162","384","143","394","123","611","210","620","164","579","187","497","146","525","136","587","156","898","167","1392","239","620","144","519","127","469","136","352","109",
"0500000US29177","Ray County, Missouri","9116","171","346","123","476","143","258","88","351","95","417","132","359","128","349","119","232","98","186","74","541","142","1071","202","1543","229","992","157","560","120","896","199","539","154",
"0500000US29179","Reynolds County, Missouri","2335","147","146","60","177","70","119","40","125","50","184","93","119","53","158","57","139","54","96","57","224","69","218","61","247","60","161","63","127","50","58","33","37","30",
"0500000US29181","Ripley County, Missouri","4002","208","296","117","384","110","319","110","283","101","314","100","182","69","135","62","223","80","92","36","233","96","561","158","387","107","274","95","146","61","119","56","54","43",
"0500000US29183","St. Charles County, Missouri","161311","694","4132","470","2345","372","2255","396","2812","452","3206","482","3565","475","4056","471","4627","586","4977","555","9801","742","14236","880","20231","1098","19422","1097","16957","876","23064","993","25625","1143",
"0500000US29185","St. Clair County, Missouri","4071","180","234","102","284","93","242","77","164","61","165","58","268","90","176","87","194","99","226","98","288","89","504","110","475","122","350","115","228","94","140","65","133","53",
"0500000US29186","Ste. Genevieve County, Missouri","7137","232","194","88","221","86","79","55","341","186","373","163","413","151","290","97","283","107","356","132","627","157","713","167","808","178","635","184","663","185","727","239","414","134",
"0500000US29187","St. Francois County, Missouri","24816","445","1278","258","1067","240","1375","359","1275","286","1018","202","1209","284","1169","252","1206","297","1269","276","1818","354","2659","415","3266","455","2171","383","1623","363","1485","318","928","218",
"0500000US29189","St. Louis County, Missouri","413849","1712","16412","1030","11868","944","10254","1023","12301","990","13240","1016","14241","1060","14851","1026","15647","1189","13692","1115","28334","1371","38604","1670","50997","1887","41172","1912","30140","1483","38121","1532","63975","1803",
"0500000US29195","Saline County, Missouri","8053","245","435","132","458","158","403","123","321","90","348","104","260","80","431","131","385","126","410","143","669","180","754","142","1066","178","1028","210","372","100","479","149","234","81",
"0500000US29197","Schuyler County, Missouri","1307","80","29","13","74","30","70","40","54","20","76","33","37","17","53","24","71","38","57","30","119","41","126","46","247","53","128","42","98","39","51","22","17","10",
"0500000US29199","Scotland County, Missouri","1550","98","34","23","70","37","76","42","35","25","58","36","39","28","94","58","76","46","51","31","139","46","197","56","210","76","160","54","90","45","181","69","40","28",
"0500000US29201","Scott County, Missouri","15327","300","816","235","820","216","516","139","690","192","781","219","637","177","860","180","510","150","611","173","1204","273","1912","318","2241","280","1076","208","664","156","1179","230","810","193",
"0500000US29203","Shannon County, Missouri","2882","154","136","60","218","88","160","57","181","75","122","65","201","112","172","81","54","33","72","42","202","89","376","126","498","132","263","107","44","29","148","66","35","28",
"0500000US29205","Shelby County, Missouri","2391","111","131","57","111","31","128","45","101","36","129","42","176","61","133","48","156","43","105","48","119","47","254","60","358","77","222","58","79","36","109","42","80","41",
"0500000US29207","Stoddard County, Missouri","11585","244","639","136","639","135","488","122","574","168","466","146","508","141","587","153","473","136","635","187","1027","222","1228","223","1431","226","1280","261","707","150","527","155","376","119",
"0500000US29209","Stone County, Missouri","13530","458","744","205","507","132","412","105","794","219","641","187","487","134","475","128","785","196","544","137","892","153","1634","219","2079","274","1349","217","776","165","619","141","792","168",
"0500000US29211","Sullivan County, Missouri","2040","123","159","59","101","43","85","32","42","22","63","28","103","40","108","48","100","41","125","45","230","59","240","57","226","73","246","64","88","41","48","25","76","38",
"0500000US29213","Taney County, Missouri","22788","496","1068","248","885","233","1289","280","1477","306","1118","255","1080","258","718","178","1282","243","1110","275","1765","270","2939","428","2810","344","1897","289","857","190","1237","263","1256","242",
"0500000US29215","Texas County, Missouri","9503","289","608","148","612","152","582","138","379","109","706","221","519","172","520","146","376","104","446","115","835","161","1129","214","1131","197","890","214","279","87","326","147","165","78",
"0500000US29217","Vernon County, Missouri","7754","239","460","156","336","104","341","129","425","146","458","181","291","96","434","170","462","154","455","140","718","201","894","188","996","169","676","170","271","71","408","118","129","57",
"0500000US29219","Warren County, Missouri","13845","329","514","150","342","140","283","99","377","145","678","232","350","117","189","82","374","140","606","261","1155","240","1524","219","2039","319","1829","302","915","189","1506","279","1164","255",
"0500000US29221","Washington County, Missouri","8920","359","646","193","505","149","343","125","476","176","397","121","364","106","544","162","378","102","381","117","643","157","820","167","1317","299","943","227","375","135","582","186","206","123",
"0500000US29223","Wayne County, Missouri","4623","296","296","102","401","118","287","94","274","103","208","88","198","73","248","92","306","107","208","90","535","177","509","117","534","174","242","73","92","61","223","103","62","50",
"0500000US29225","Webster County, Missouri","13964","334","473","203","652","214","371","129","489","129","640","208","425","151","469","183","648","184","420","137","1155","233","1743","302","2164","306","1852","275","879","246","837","220","747","206",
"0500000US29227","Worth County, Missouri","847","63","43","22","48","26","57","31","57","32","46","30","47","23","31","18","61","31","49","26","41","21","58","28","142","42","63","23","35","20","42","28","27","19",
"0500000US29229","Wright County, Missouri","7187","263","668","167","416","139","282","122","423","147","401","151","444","163","408","183","259","125","428","173","601","184","763","171","638","144","704","197","294","114","237","96","221","83",
"0500000US29510","St. Louis city, Missouri","144891","1211","12645","1062","9470","928","6235","714","6062","575","6640","846","5917","724","6112","689","6257","751","5741","763","10850","1022","14094","1051","16029","1121","10578","878","8639","829","9823","940","9799","682",
"0500000US30001","Beaverhead County, Montana","4201","182","226","94","250","129","74","48","206","81","156","68","130","59","61","37","289","127","230","98","372","110","494","148","629","150","359","99","269","84","226","76","230","88",
"0500000US30003","Big Horn County, Montana","3827","105","203","71","103","42","314","113","211","97","143","68","183","83","137","63","166","64","105","50","464","142","548","139","444","130","290","104","189","97","214","92","113","57",
"0500000US30005","Blaine County, Montana","2280","101","206","57","113","46","106","47","108","41","136","51","48","26","78","45","58","25","79","35","101","49","237","53","376","70","182","57","157","51","140","46","155","57",
"0500000US30007","Broadwater County, Montana","2822","131","51","45","106","78","96","58","52","52","108","88","227","127","129","75","63","50","73","55","300","121","337","160","289","103","302","87","141","65","271","121","277","118",
"0500000US30009","Carbon County, Montana","4664","3324","128","69","117","182","235","94","256","232","158","138","137","117","164","135","239","110","112","140","241","202","434","292","602","532","627","502","290","387","413","275","511","404",
"0500000US30011","Carter County, Montana","600","63","11","7","59","36","36","27","16","14","35","19","43","42","14","10","21","17","37","18","37","20","72","27","97","33","77","29","13","10","15","9","17","11",
"0500000US30013","Cascade County, Montana","35615","397","1512","259","1757","303","1226","220","1247","291","1307","232","1529","307","1433","311","1904","378","1354","286","2953","356","3376","371","5235","502","3316","383","2241","324","2668","346","2557","361",
"0500000US30015","Chouteau County, Montana","2159","103","77","31","117","41","94","42","41","25","99","49","103","34","115","47","61","28","113","49","293","95","220","61","322","62","161","31","146","74","100","35","97","25",
"0500000US30017","Custer County, Montana","5038","151","279","113","209","88","207","88","156","73","153","56","251","84","192","67","209","66","275","87","297","83","462","113","720","148","576","121","376","103","389","89","287","75",
"0500000US30019","Daniels County, Montana","734","82","44","21","34","27","28","25","30","22","25","21","30","30","37","28","45","21","76","43","27","20","68","35","110","41","64","35","52","22","46","20","18","11",
"0500000US30021","Dawson County, Montana","3615","215","156","82","170","107","68","56","78","45","76","49","208","127","142","86","155","95","107","57","373","145","462","132","463","167","384","125","284","119","300","120","189","96",
"0500000US30023","Deer Lodge County, Montana","4473","221","220","101","331","126","182","89","179","97","121","70","273","131","158","95","252","94","262","121","394","158","458","122","620","144","384","115","234","86","203","94","202","78",
"0500000US30025","Fallon County, Montana","1178","96","61","56","108","64","31","30","28","29","28","29","0","11","29","29","52","40","21","23","79","59","147","89","149","63","161","70","40","37","101","53","143","65",
"0500000US30027","Fergus County, Montana","5303","195","217","88","199","87","115","52","298","107","307","115","149","66","316","127","264","113","239","87","368","130","693","177","846","171","640","149","187","62","189","67","276","90",
"0500000US30029","Flathead County, Montana","44233","567","1480","299","1746","346","1359","288","1710","367","1574","342","1718","357","2013","447","1733","354","1468","301","2985","425","4680","527","6285","572","4358","498","3009","404","3866","514","4249","428",
"0500000US30031","Gallatin County, Montana","51215","510","1526","314","1395","364","1192","306","1499","258","1110","303","1321","346","1526","356","1426","293","1440","312","2916","391","4621","559","7013","673","6068","635","4735","652","5239","600","8188","613",
"0500000US30033","Garfield County, Montana","432","61","29","13","21","16","11","9","6","5","29","16","8","8","30","13","13","8","11","9","38","17","29","16","61","28","58","27","27","14","39","19","22","12",
"0500000US30035","Glacier County, Montana","4291","173","533","123","372","121","231","99","140","53","209","68","256","82","175","86","192","88","88","45","292","90","394","127","407","103","327","108","282","155","267","88","126","70",
"0500000US30037","Golden Valley County, Montana","376","47","22","13","26","16","14","7","15","13","9","6","18","9","23","13","20","12","28","14","29","20","48","19","50","25","15","8","12","10","26","11","21","14",
"0500000US30039","Granite County, Montana","1514","144","114","56","56","27","63","41","65","43","70","65","53","32","37","22","58","38","91","50","160","66","131","63","161","53","158","65","117","51","112","44","68","33",
"0500000US30041","Hill County, Montana","6206","205","445","123","246","93","246","123","286","136","322","108","391","139","436","154","242","96","214","75","576","147","496","141","802","153","562","149","294","97","431","105","217","84",
"0500000US30043","Jefferson County, Montana","4996","136","129","63","109","53","63","45","212","84","113","66","146","76","121","56","159","78","181","91","356","90","625","169","378","97","561","174","464","139","595","155","784","165",
"0500000US30045","Judith Basin County, Montana","918","61","57","37","42","21","9","7","35","18","36","19","36","20","51","24","67","27","59","27","71","36","74","25","81","27","102","30","55","22","39","16","104","50",
"0500000US30047","Lake County, Montana","12576","252","1020","171","541","130","543","121","531","124","361","99","471","135","674","137","437","113","395","100","1025","166","1165","197","1783","223","1143","192","699","130","798","163","990","144",
"0500000US30049","Lewis and Clark County, Montana","31215","362","862","220","644","182","605","174","1089","249","1167","307","1139","303","1378","328","1322","302","1083","244","2273","365","3320","403","4237","487","3145","386","2782","387","3248","417","2921","404",
"0500000US30051","Liberty County, Montana","724","94","58","33","33","26","14","9","36","21","52","33","34","24","32","22","14","11","48","30","53","28","82","35","79","35","69","37","55","31","26","24","39","23",
"0500000US30053","Lincoln County, Montana","9082","263","550","189","553","183","370","126","643","148","803","249","362","114","550","184","482","165","383","142","710","161","671","162","1092","218","875","192","337","115","385","101","316","121",
"0500000US30055","McCone County, Montana","798","89","17","13","18","12","7","9","39","21","13","9","92","40","53","28","68","42","19","17","45","22","73","34","117","38","36","21","96","45","79","44","26","17",
"0500000US30057","Madison County, Montana","3740","194","60","28","153","92","71","30","75","39","166","78","76","45","194","100","135","49","279","120","194","60","458","100","573","133","457","107","306","99","281","96","262","76",
"0500000US30059","Meagher County, Montana","927","85","81","73","13","16","71","73","32","26","26","28","28","26","14","18","73","47","51","38","22","18","95","57","105","64","114","58","97","56","29","29","76","35",
"0500000US30061","Mineral County, Montana","2150","102","69","48","87","54","97","50","85","44","90","43","108","53","68","31","94","54","106","51","163","51","277","81","278","80","197","65","146","58","218","106","67","40",
"0500000US30063","Missoula County, Montana","52679","618","2246","406","1856","329","1698","360","1902","374","1893","333","1963","337","1907","322","2221","382","1900","332","3851","466","4737","436","7324","583","5611","578","3785","511","4438","424","5347","581",
"0500000US30065","Musselshell County, Montana","2148","139","151","79","74","44","34","26","250","96","93","52","114","56","67","40","70","46","74","47","166","69","196","58","408","116","121","63","115","64","80","39","135","59",
"0500000US30067","Park County, Montana","8366","218","260","91","390","135","300","130","399","144","396","161","258","101","320","118","175","68","398","148","695","209","855","187","996","223","1017","209","481","170","552","136","874","221",
"0500000US30069","Petroleum County, Montana","221","54","6","5","4","6","16","19","14","17","8","9","12","12","12","10","20","13","6","5","12","7","36","20","14","13","26","24","12","12","11","9","12","11",
"0500000US30071","Phillips County, Montana","1765","102","47","27","15","10","158","81","94","52","145","70","51","43","111","72","45","39","117","74","237","83","172","73","126","52","113","62","93","46","176","82","65","46",
"0500000US30073","Pondera County, Montana","2268","106","127","43","124","45","94","46","130","48","56","22","80","30","178","59","168","63","105","49","179","53","174","62","323","85","207","53","107","44","117","47","99","45",
"0500000US30075","Powder River County, Montana","708","69","20","13","28","25","22","12","29","25","33","21","45","26","39","33","61","29","7","7","51","28","52","22","63","25","94","44","62","33","49","26","53","36",
"0500000US30077","Powell County, Montana","2432","130","62","42","63","50","71","58","89","46","113","67","115","62","221","102","78","51","114","77","178","92","264","88","358","93","237","83","199","98","198","71","72","33",
"0500000US30079","Prairie County, Montana","545","69","44","32","33","33","77","44","8","11","17","18","22","21","8","11","30","19","18","14","49","29","49","25","73","45","20","16","35","26","32","21","30","21",
"0500000US30081","Ravalli County, Montana","18661","447","754","224","452","144","494","145","744","205","709","191","858","236","875","235","617","159","853","274","1135","270","2451","398","2632","393","2067","342","1274","289","1505","281","1241","253",
"0500000US30083","Richland County, Montana","4422","268","177","75","109","46","102","57","202","90","115","63","226","104","230","105","187","89","193","91","395","138","334","89","377","99","590","134","296","107","398","93","491","154",
"0500000US30085","Roosevelt County, Montana","3091","89","320","89","229","67","126","49","169","66","66","37","126","49","157","57","79","35","81","39","270","87","375","97","392","76","247","55","162","40","151","46","141","43",
"0500000US30087","Rosebud County, Montana","3070","134","326","94","135","50","211","83","124","56","109","54","132","65","208","77","98","60","193","100","98","42","306","98","280","87","211","68","189","67","289","95","161","48",
"0500000US30089","Sanders County, Montana","5451","203","252","106","318","83","257","77","366","134","232","71","258","88","168","61","229","95","227","106","461","138","584","133","794","194","615","195","183","70","313","111","194","71",
"0500000US30091","Sheridan County, Montana","1476","100","50","31","29","22","119","51","62","32","52","32","98","44","64","29","55","24","56","26","84","38","98","33","243","50","144","49","89","32","119","55","114","41",
"0500000US30093","Silver Bow County, Montana","15419","302","976","280","761","289","581","187","832","211","681","174","715","253","550","161","596","177","678","218","1169","216","1967","394","2015","296","1596","308","745","167","843","157","714","179",
"0500000US30095","Stillwater County, Montana","3810","136","115","36","136","55","113","53","137","45","130","50","185","62","151","63","160","67","77","35","210","63","227","61","497","99","435","92","298","82","457","104","482","113",
"0500000US30097","Sweet Grass County, Montana","1552","93","35","28","53","44","41","31","66","37","67","40","66","35","33","37","51","29","71","39","103","38","174","64","246","69","191","63","141","42","115","45","99","44",
"0500000US30099","Teton County, Montana","2469","94","123","53","89","43","101","51","75","33","93","37","85","37","71","24","127","55","126","47","195","60","199","54","573","102","192","44","140","47","146","51","134","43",
"0500000US30101","Toole County, Montana","1852","115","78","50","60","30","75","46","146","80","43","26","48","27","107","61","179","74","55","38","184","69","171","63","249","63","140","51","90","34","87","42","140","57",
"0500000US30103","Treasure County, Montana","360","61","19","16","28","19","7","6","9","9","12","13","31","17","20","14","10","9","9","10","21","18","27","14","92","45","26","16","9","7","15","11","25","14",
"0500000US30105","Valley County, Montana","2951","161","88","42","115","54","62","29","42","17","143","65","142","65","251","113","82","47","110","52","180","65","320","91","541","138","322","81","199","79","228","79","126","45",
"0500000US30107","Wheatland County, Montana","883","76","133","70","36","24","20","16","43","24","34","20","47","30","60","45","45","32","28","18","66","30","123","56","67","37","51","33","17","16","67","33","46","30",
"0500000US30109","Wibaux County, Montana","461","56","32","21","1","3","16","12","21","26","4","6","9","13","23","22","52","27","6","8","16","14","59","36","80","32","58","29","12","12","39","35","33","21",
"0500000US30111","Yellowstone County, Montana","69897","695","2301","393","2291","433","2104","395","2283","414","2139","323","3104","626","2456","377","2743","526","2636","449","4739","615","7392","713","9395","880","7372","749","5590","578","6330","600","7022","795",
"0500000US31001","Adams County, Nebraska","13076","212","567","157","608","163","609","155","749","214","449","112","385","126","521","145","490","191","392","123","909","182","1486","254","1505","298","1432","304","991","195","1070","202","913","204",
"0500000US31003","Antelope County, Nebraska","2636","83","117","41","107","43","78","29","60","33","110","40","178","63","89","31","119","37","97","35","200","52","383","69","404","64","258","48","133","46","188","55","115","36",
"0500000US31005","Arthur County, Nebraska","185","34","2","2","12","9","2","3","9","7","14","8","6","6","8","8","6","5","5","9","8","5","20","9","15","6","29","15","17","14","11","12","21","16",
"0500000US31007","Banner County, Nebraska","305","47","7","6","2","3","5","9","6","7","6","8","7","7","1","2","38","34","21","14","23","14","25","15","48","20","50","19","10","7","29","17","27","12",
"0500000US31009","Blaine County, Nebraska","197","37","10","8","12","10","0","10","5","5","21","15","0","10","7","7","0","10","7","10","11","9","49","21","36","17","18","11","3","4","10","11","8","6",
"0500000US31011","Boone County, Nebraska","2191","92","103","40","57","26","44","18","79","26","98","38","29","15","112","33","63","26","80","39","178","54","254","62","362","70","204","51","164","47","220","50","144","57",
"0500000US31013","Box Butte County, Nebraska","4505","182","318","135","272","140","114","79","193","110","163","103","101","75","71","45","284","126","174","101","208","92","655","204","752","195","424","167","433","174","190","104","153","80",
"0500000US31015","Boyd County, Nebraska","744","70","34","14","22","13","18","8","27","14","54","29","26","14","43","19","21","11","26","11","54","25","78","24","90","39","100","36","93","44","20","14","38","32",
"0500000US31017","Brown County, Nebraska","1275","80","76","35","111","41","38","23","94","42","31","22","58","30","101","61","24","14","56","37","107","41","147","51","171","49","74","33","54","34","46","26","87","49",
"0500000US31019","Buffalo County, Nebraska","19984","267","948","241","517","120","793","210","685","181","649","150","848","199","694","192","822","206","803","209","1327","223","1793","234","2873","344","2202","303","1642","318","1900","315","1488","248",
"0500000US31021","Burt County, Nebraska","2929","108","180","62","116","47","118","46","97","40","116","39","170","68","131","43","117","45","108","38","271","67","248","55","396","69","370","76","192","50","139","43","160","49",
"0500000US31023","Butler County, Nebraska","3524","147","221","86","70","31","126","64","162","76","96","63","76","40","147","66","134","76","104","37","188","56","349","100","477","93","512","108","250","85","358","88","254","89",
"0500000US31025","Cass County, Nebraska","10832","207","296","91","149","70","95","42","258","82","273","96","447","140","456","148","339","67","323","99","780","149","943","192","1606","212","1167","180","944","166","1454","235","1302","199",
"0500000US31027","Cedar County, Nebraska","3444","82","109","36","106","41","76","28","112","40","137","45","120","48","205","83","64","28","125","50","319","75","378","84","446","84","473","88","286","71","322","70","166","38",
"0500000US31029","Chase County, Nebraska","1476","107","27","20","36","24","83","44","23","20","46","34","39","30","48","27","71","48","147","72","105","56","213","69","207","63","180","52","113","64","61","30","77","43",
"0500000US31031","Cherry County, Nebraska","2233","150","35","23","98","54","87","63","65","38","85","54","207","81","151","71","55","31","27","20","204","68","347","114","331","80","189","76","96","48","129","70","127","67",
"0500000US31033","Cheyenne County, Nebraska","4464","119","268","81","207","80","196","88","201","70","162","72","230","109","224","96","279","111","174","73","258","89","437","127","705","176","324","108","353","95","319","92","127","47",
"0500000US31035","Clay County, Nebraska","2490","91","111","36","68","25","70","25","108","34","91","23","51","18","90","28","83","28","89","36","163","39","280","55","414","62","254","42","229","47","238","67","151","41",
"0500000US31037","Colfax County, Nebraska","3707","74","120","66","38","29","80","48","100","59","83","47","69","58","91","42","128","115","203","131","299","106","249","104","891","283","357","120","509","211","233","89","257","121",
"0500000US31039","Cuming County, Nebraska","3807","114","99","44","83","41","137","55","113","50","43","29","107","46","235","97","281","117","168","65","278","70","462","113","574","120","478","90","247","63","247","72","255","78",
"0500000US31041","Custer County, Nebraska","4502","159","108","41","145","57","163","58","216","78","133","49","210","74","148","53","243","75","211","68","438","94","545","115","626","97","513","85","271","71","297","102","235","54",
"0500000US31043","Dakota County, Nebraska","7459","146","293","114","145","73","229","134","208","84","249","119","266","115","381","178","285","103","228","84","814","254","888","221","1051","232","927","200","592","154","565","163","338","133",
"0500000US31045","Dawes County, Nebraska","3453","216","406","217","55","44","116","74","150","97","179","104","213","111","131","75","160","104","61","61","449","161","215","92","353","128","391","121","207","97","244","108","123","60",
"0500000US31047","Dawson County, Nebraska","9145","180","349","117","302","120","255","85","386","133","301","99","221","96","381","153","324","121","394","102","799","183","1141","253","1374","234","1070","194","595","150","670","144","583","211",
"0500000US31049","Deuel County, Nebraska","837","75","35","17","40","16","21","11","54","24","33","14","21","19","8","5","30","20","50","21","89","30","62","21","164","53","92","33","49","24","41","20","48","31",
"0500000US31051","Dixon County, Nebraska","2188","88","41","17","69","37","88","37","95","34","89","38","125","52","66","32","66","26","109","42","178","44","198","55","308","57","162","36","293","56","191","65","110","38",
"0500000US31053","Dodge County, Nebraska","15168","319","601","185","399","148","397","155","598","161","477","124","634","146","769","247","606","147","502","157","989","232","1645","276","2469","387","1822","267","1266","257","1167","234","827","160",
"0500000US31055","Douglas County, Nebraska","238430","938","11243","689","7544","785","7196","675","6730","583","6848","713","8237","719","8226","775","8622","707","7980","629","16857","944","22662","1130","29868","1360","26146","1071","17201","905","23175","963","29895","1195",
"0500000US31057","Dundy County, Nebraska","779","75","18","11","59","32","37","26","23","16","59","37","43","27","28","14","36","22","22","13","77","31","102","45","86","29","48","26","54","27","50","18","37","25",
"0500000US31059","Fillmore County, Nebraska","2357","91","78","33","54","26","78","36","79","34","77","31","118","43","106","39","109","40","87","33","164","43","200","46","395","64","291","62","172","42","173","51","176","56",
"0500000US31061","Franklin County, Nebraska","1293","52","54","22","88","28","41","29","63","28","47","26","46","22","40","20","93","34","44","19","128","48","137","30","162","38","92","27","88","26","97","26","73","29",
"0500000US31063","Frontier County, Nebraska","1074","72","73","29","39","20","36","22","29","16","39","19","51","22","41","20","40","16","42","19","41","15","159","43","156","30","170","52","64","29","65","17","29","14",
"0500000US31065","Furnas County, Nebraska","2010","91","80","30","163","47","104","39","113","36","104","41","78","33","52","21","63","20","68","25","154","52","214","50","279","49","208","50","120","37","161","40","49","18",
"0500000US31067","Gage County, Nebraska","9327","205","575","148","321","140","371","113","328","118","338","130","410","119","434","141","373","114","294","98","691","147","1077","175","1231","167","1048","180","640","148","722","137","474","92",
"0500000US31069","Garden County, Nebraska","858","90","48","22","31","25","70","48","27","16","110","49","51","28","22","17","103","41","19","15","37","22","111","41","117","35","57","35","23","15","25","15","7","9",
"0500000US31071","Garfield County, Nebraska","701","71","24","17","37","19","29","19","58","31","17","14","16","10","45","25","5","6","26","18","70","43","88","32","123","42","26","18","39","17","72","37","26","20",
"0500000US31073","Gosper County, Nebraska","836","84","37","20","31","26","7","6","57","53","23","18","27","25","18","16","27","17","28","16","74","30","76","34","179","53","75","25","48","28","60","24","69","31",
"0500000US31075","Grant County, Nebraska","284","50","17","17","22","22","17","13","13","12","23","18","8","10","12","7","1","2","6","7","16","11","29","13","41","15","27","11","20","16","14","7","18","12",
"0500000US31077","Greeley County, Nebraska","958","58","39","18","52","29","33","22","41","20","46","21","58","24","49","19","21","16","53","21","54","21","101","32","168","32","94","25","52","16","57","21","40","19",
"0500000US31079","Hall County, Nebraska","24587","266","1514","354","738","169","691","196","963","238","1120","268","949","231","962","242","881","252","1055","282","2042","367","2484","438","3430","440","2639","381","1878","295","1565","311","1676","298",
"0500000US31081","Hamilton County, Nebraska","3628","155","33","21","47","33","136","57","100","52","119","54","114","45","110","67","68","36","159","80","246","92","450","100","498","126","481","112","502","130","339","112","226","58",
"0500000US31083","Harlan County, Nebraska","1197","100","40","21","31","14","63","26","79","36","114","44","39","23","30","16","62","30","38","19","42","19","94","31","134","31","92","31","105","31","62","27","172","63",
"0500000US31085","Hayes County, Nebraska","377","49","9","9","28","29","10","11","16","17","19","16","18","11","8","6","25","15","17","10","23","17","59","28","58","21","27","14","28","19","13","10","19","14",
"0500000US31087","Hitchcock County, Nebraska","1111","71","61","30","49","20","30","16","117","34","70","40","60","29","39","18","33","17","57","23","123","47","137","36","91","27","91","36","64","25","38","16","51","24",
"0500000US31089","Holt County, Nebraska","4050","127","167","65","180","70","195","66","169","75","142","61","158","74","116","46","137","57","174","61","310","91","500","88","660","121","378","85","234","59","317","79","213","69",
"0500000US31091","Hooker County, Nebraska","327","40","0","10","9","13","31","30","19","15","24","19","28","19","2","3","18","11","34","28","24","20","15","12","55","24","45","23","4","5","14","13","5","6",
"0500000US31093","Howard County, Nebraska","2504","108","67","24","39","22","130","50","78","39","96","40","72","29","149","57","103","42","84","54","207","65","186","52","407","93","253","58","203","67","219","72","211","66",
"0500000US31095","Jefferson County, Nebraska","3136","138","147","60","150","72","135","72","63","38","75","43","184","63","187","64","126","70","136","62","404","122","374","125","370","91","331","101","134","56","233","75","87","50",
"0500000US31097","Johnson County, Nebraska","1708","92","86","36","81","53","49","25","43","20","105","44","104","49","73","35","122","47","84","59","125","36","161","44","206","56","169","45","100","32","128","39","72","31",
"0500000US31099","Kearney County, Nebraska","2814","86","77","55","95","51","138","75","69","40","46","32","84","64","94","56","125","55","74","43","159","56","417","114","396","118","313","88","254","78","245","72","228","70",
"0500000US31101","Keith County, Nebraska","4051","149","180","75","214","96","189","74","123","72","185","69","258","91","158","65","194","86","184","83","309","101","421","99","622","122","321","106","206","67","264","110","223","67",
"0500000US31103","Keya Paha County, Nebraska","302","41","14","11","8","9","20","12","19","14","15","13","4","4","12","9","21","11","12","8","18","9","24","16","45","14","23","13","18","12","26","18","23","14",
"0500000US31105","Kimball County, Nebraska","1489","93","46","29","84","51","54","32","121","60","45","25","77","39","85","37","103","47","43","27","124","48","225","72","171","56","132","38","68","52","74","40","37","27",
"0500000US31107","Knox County, Nebraska","3422","118","201","55","138","55","148","39","151","42","135","39","125","39","211","53","133","43","127","41","217","62","336","60","519","80","398","79","213","52","260","64","110","31",
"0500000US31109","Lancaster County, Nebraska","134126","753","6142","698","3791","498","3732","527","4664","632","4948","558","5113","716","5456","577","4806","572","5945","635","10026","727","12614","937","18145","1040","15466","984","10209","754","11377","704","11692","783",
"0500000US31111","Lincoln County, Nebraska","14890","264","557","196","791","240","532","161","719","184","568","161","720","195","771","199","542","175","508","186","1137","302","1543","291","2205","289","1619","222","860","193","1101","197","717","159",
"0500000US31113","Logan County, Nebraska","299","38","8","7","10","9","18","13","4","4","13","10","12","8","5","5","4","4","23","20","13","7","43","16","59","20","18","11","20","13","39","17","10","6",
"0500000US31115","Loup County, Nebraska","244","40","15","15","14","12","10","11","13","11","1","2","8","11","12","8","7","7","15","8","19","11","9","7","49","27","37","18","8","7","18","11","9","7",
"0500000US31117","McPherson County, Nebraska","212","54","2","3","7","10","8","6","4","4","19","13","6","5","33","43","2","3","16","10","19","21","24","13","23","13","21","11","7","5","9","7","12","9",
"0500000US31119","Madison County, Nebraska","14462","224","942","224","702","168","623","204","458","131","358","118","588","159","644","177","495","152","670","164","1457","281","1651","274","1785","256","1155","222","981","193","924","170","1029","197",
"0500000US31121","Merrick County, Nebraska","3205","127","229","101","43","23","190","88","140","65","87","37","112","43","40","18","106","54","168","72","290","89","310","77","553","109","364","91","251","70","166","54","156","61",
"0500000US31123","Morrill County, Nebraska","1918","92","104","42","160","62","98","40","115","56","124","56","84","36","43","28","57","38","47","33","133","49","219","70","233","68","217","66","96","44","133","51","55","24",
"0500000US31125","Nance County, Nebraska","1342","61","27","13","49","29","82","42","50","28","39","22","91","41","62","28","82","39","39","23","98","30","119","37","276","54","123","37","48","20","90","34","67","23",
"0500000US31127","Nemaha County, Nebraska","2847","137","126","69","71","45","184","86","114","49","109","48","182","76","97","53","161","99","115","75","229","74","365","113","363","120","175","67","184","67","184","61","188","65",
"0500000US31129","Nuckolls County, Nebraska","1919","89","87","52","34","20","39","23","102","45","72","38","78","27","83","49","115","42","44","27","89","36","246","62","341","67","228","57","77","29","148","64","136","42",
"0500000US31131","Otoe County, Nebraska","6383","187","180","74","207","102","245","95","187","64","275","95","117","57","307","103","148","66","204","87","512","134","590","143","813","151","700","155","767","140","649","137","482","113",
"0500000US31133","Pawnee County, Nebraska","1090","65","68","27","106","39","46","24","30","17","26","13","45","21","66","29","24","17","44","28","76","26","147","41","135","42","77","25","100","33","73","28","27","18",
"0500000US31135","Perkins County, Nebraska","1192","62","25","20","53","28","37","21","53","42","18","10","90","52","70","27","54","27","28","16","67","24","133","41","172","40","146","36","70","25","121","40","55","23",
"0500000US31137","Phelps County, Nebraska","3916","103","224","78","192","92","181","85","227","87","107","55","181","84","152","62","145","47","94","40","281","87","292","74","474","117","454","86","308","83","268","88","336","104",
"0500000US31139","Pierce County, Nebraska","2842","85","156","56","63","33","37","17","102","40","132","41","82","33","119","40","47","25","245","94","232","72","239","62","504","87","351","84","190","47","166","55","177","50",
"0500000US31141","Platte County, Nebraska","13658","221","369","151","472","155","667","222","304","118","478","182","651","203","498","177","503","162","564","166","1206","282","1450","254","1797","245","1699","275","1019","197","1288","196","693","141",
"0500000US31143","Polk County, Nebraska","2114","92","69","25","65","32","61","32","56","22","65","28","66","31","144","50","90","35","55","25","148","39","331","90","265","57","189","40","179","45","209","44","122","38",
"0500000US31145","Red Willow County, Nebraska","4504","217","170","113","295","151","198","115","105","58","175","98","200","77","191","123","408","134","144","77","237","96","395","145","710","187","388","122","314","111","277","116","297","122",
"0500000US31147","Richardson County, Nebraska","3554","125","109","51","200","78","177","66","195","78","161","71","151","56","290","87","153","73","139","62","198","72","415","111","375","111","332","92","179","62","240","76","240","94",
"0500000US31149","Rock County, Nebraska","600","53","36","17","19","12","5","8","46","20","47","29","14","9","32","14","51","25","27","20","26","16","73","28","57","20","50","20","27","16","56","21","34","17",
"0500000US31151","Saline County, Nebraska","5143","203","75","36","93","67","218","103","155","86","131","62","139","79","342","144","228","85","165","76","355","143","449","87","983","193","586","148","514","138","349","86","361","122",
"0500000US31153","Sarpy County, Nebraska","74097","490","1704","292","1025","186","1494","357","1505","309","1553","287","1886","317","1877","319","1777","266","1781","316","4597","485","6915","579","9766","759","9198","695","7987","597","9778","636","11254","707",
"0500000US31155","Saunders County, Nebraska","8899","249","235","94","230","115","289","113","206","59","222","83","211","88","228","81","216","76","162","68","743","155","783","144","1127","160","1483","290","687","127","1235","206","842","169",
"0500000US31157","Scotts Bluff County, Nebraska","15078","275","639","155","670","189","626","174","778","216","629","176","818","173","847","218","424","143","527","144","1159","217","1677","302","2107","275","1299","208","1181","217","1028","241","669","165",
"0500000US31159","Seward County, Nebraska","6788","154","135","54","255","113","97","48","246","78","123","52","151","61","333","117","249","86","225","68","438","113","929","181","954","139","749","143","643","128","757","132","504","116",
"0500000US31161","Sheridan County, Nebraska","2108","97","91","39","72","32","111","59","80","30","108","41","113","38","47","28","38","25","123","53","268","65","205","54","298","66","163","52","132","46","146","44","113","37",
"0500000US31163","Sherman County, Nebraska","1325","91","58","23","60","36","40","23","58","31","36","18","37","20","115","41","76","35","50","22","100","37","203","53","150","43","140","42","73","33","69","30","60","21",
"0500000US31165","Sioux County, Nebraska","490","57","12","11","32","15","15","11","32","20","24","14","18","10","26","15","11","10","18","12","89","45","29","18","63","24","37","16","15","9","44","17","25","14",
"0500000US31167","Stanton County, Nebraska","2313","70","192","65","44","29","66","38","115","57","24","19","48","38","97","52","72","39","29","19","165","66","239","58","369","90","284","67","190","63","203","68","176","63",
"0500000US31169","Thayer County, Nebraska","2087","75","77","25","69","24","69","21","132","54","76","31","71","23","132","32","67","32","57","24","172","43","238","43","280","65","273","55","133","38","127","32","114","31",
"0500000US31171","Thomas County, Nebraska","304","38","22","16","3","3","8","6","9","11","0","10","16","17","20","16","9","10","20","14","36","16","34","16","64","22","34","18","19","10","8","9","2","3",
"0500000US31173","Thurston County, Nebraska","1990","42","94","33","58","24","77","27","87","31","78","26","39","19","109","41","74","29","117","34","80","23","285","46","280","53","195","49","194","45","123","29","100","29",
"0500000US31175","Valley County, Nebraska","1796","107","65","33","70","35","46","24","88","37","37","24","59","39","53","28","128","50","34","22","278","72","201","64","256","64","168","54","71","30","114","44","128","55",
"0500000US31177","Washington County, Nebraska","8429","182","249","108","256","99","186","74","241","88","240","121","302","123","233","98","309","121","254","104","319","100","748","205","1116","200","845","164","952","185","1040","177","1139","190",
"0500000US31179","Wayne County, Nebraska","3753","105","169","117","344","171","110","102","94","72","139","77","112","62","59","46","195","120","99","52","288","124","540","155","570","143","369","113","151","64","319","109","195","66",
"0500000US31181","Webster County, Nebraska","1493","89","67","25","14","11","38","21","88","34","45","26","116","47","68","31","87","37","54","23","94","29","192","45","216","48","142","32","122","41","87","29","63","25",
"0500000US31183","Wheeler County, Nebraska","359","40","7","6","14","9","16","9","25","20","25","21","14","9","8","7","16","9","16","13","26","13","33","15","61","19","33","14","9","8","21","14","35","19",
"0500000US31185","York County, Nebraska","5712","181","264","93","145","71","187","105","170","80","159","75","243","77","285","112","252","107","191","83","448","107","460","99","953","160","646","121","478","116","408","96","423","87",
"0500000US32001","Churchill County, Nevada","9516","323","471","143","127","67","538","195","290","112","364","180","353","152","329","116","264","142","217","82","433","150","1104","273","1676","303","999","234","736","217","793","246","822","235",
"0500000US32003","Clark County, Nevada","862518","2566","49284","1848","22375","1507","22927","1319","29317","1468","28736","1518","31633","1531","32499","1691","31461","1513","31057","1494","58120","2044","85747","2332","117151","2776","89635","2241","63054","1733","78328","2079","91194","2468",
"0500000US32005","Douglas County, Nevada","21325","375","806","226","515","178","538","187","684","198","756","200","654","177","582","212","788","223","445","121","914","193","1814","304","3076","425","2270","367","1810","268","2391","306","3282","385",
"0500000US32007","Elko County, Nevada","19627","348","714","198","652","276","490","186","617","235","964","369","577","213","580","198","519","178","810","217","1196","293","1743","354","2333","381","2507","339","1882","339","2255","390","1788","355",
"0500000US32009","Esmeralda County, Nevada","503","140","13","16","114","108","0","14","21","20","14","13","49","26","11","15","53","53","0","14","1","3","31","30","50","53","60","55","31","26","55","53","0","14",
"0500000US32011","Eureka County, Nevada","622","144","42","48","4","10","23","28","27","39","9","16","65","62","12","22","38","55","17","23","0","14","104","78","130","115","85","72","0","14","42","41","24","34",
"0500000US32013","Humboldt County, Nevada","6911","214","304","147","247","129","92","65","260","120","339","132","230","112","197","114","273","130","104","80","508","213","653","188","1161","282","608","183","703","203","831","170","401","143",
"0500000US32015","Lander County, Nevada","2129","240","140","110","31","23","42","52","56","55","31","33","8","12","49","53","77","60","141","117","176","121","208","127","354","143","155","91","226","154","266","114","169","117",
"0500000US32017","Lincoln County, Nevada","1717","176","43","53","0","14","127","93","45","50","31","51","27","31","36","41","51","62","146","115","153","92","279","170","210","128","288","164","51","69","89","60","141","105",
"0500000US32019","Lyon County, Nevada","23745","381","1104","241","867","282","521","169","429","123","525","190","689","276","1051","301","822","200","942","220","1814","329","2546","346","2831","395","3594","494","2238","344","2107","353","1665","294",
"0500000US32021","Mineral County, Nevada","1830","227","82","60","89","67","41","33","70","53","94","69","204","117","56","56","103","87","17","15","230","92","195","101","208","108","207","103","135","103","69","47","30","25",
"0500000US32023","Nye County, Nevada","22175","438","1219","308","727","243","777","231","1143","359","1016","282","584","173","1896","496","919","298","1124","361","1594","312","2256","456","2322","335","2016","366","1694","391","1576","382","1312","327",
"0500000US32027","Pershing County, Nevada","1736","177","79","53","40","37","97","83","98","57","88","73","86","66","75","65","49","48","49","53","127","84","129","79","310","122","91","65","229","111","96","49","93","54",
"0500000US32029","Storey County, Nevada","1892","189","72","78","76","71","27","27","31","29","61","66","104","75","144","120","12","22","37","45","68","51","167","69","191","93","309","100","58","44","282","125","253","126",
"0500000US32031","Washoe County, Nevada","199296","1231","9027","763","4704","562","4657","523","5111","641","5455","647","6775","619","6069","648","6089","761","6607","596","12252","889","18418","1408","26807","1243","21923","1298","17071","992","20572","1120","27759","1294",
"0500000US32033","White Pine County, Nevada","3359","206","104","63","162","118","168","100","138","78","188","133","162","84","45","40","57","57","117","86","303","128","373","156","432","157","377","136","337","116","321","126","75","47",
"0500000US32510","Carson City, Nevada","23692","385","901","178","832","199","680","193","663","204","1034","349","722","193","967","261","1077","276","981","330","2290","354","2241","357","3546","465","2267","327","1508","291","1844","308","2139","349",
"0500000US33001","Belknap County, New Hampshire","26337","724","1079","271","751","230","744","204","609","206","664","180","898","272","910","270","816","256","821","274","1722","306","1966","360","3023","384","3461","478","2434","408","2963","384","3476","392",
"0500000US33003","Carroll County, New Hampshire","21847","657","832","215","708","241","619","239","874","224","474","151","839","304","640","155","713","228","703","207","1576","372","1659","259","2855","438","2518","385","1808","335","2267","369","2762","342",
"0500000US33005","Cheshire County, New Hampshire","30620","523","1019","231","807","236","856","199","966","199","820","181","1104","298","1058","205","1031","224","787","180","2183","335","3403","435","4026","418","3595","446","2675","381","3247","403","3043","321",
"0500000US33007","Coos County, New Hampshire","14002","321","752","154","607","151","819","170","680","169","698","191","638","146","723","136","497","134","566","126","1270","214","1212","203","2009","236","1177","186","768","127","900","136","686","129",
"0500000US33009","Grafton County, New Hampshire","37107","626","1571","288","1294","354","904","211","1060","250","1068","236","1370","296","1227","240","1227","232","1062","186","2326","321","2754","363","4791","423","4431","448","3081","332","3241","331","5700","490",
"0500000US33011","Hillsborough County, New Hampshire","168740","1106","4164","501","3578","474","3136","444","4456","549","3659","548","3681","457","4476","577","4969","726","4176","497","9691","828","14359","1038","21189","1023","18705","1036","14575","918","23011","1039","30915","1150",
"0500000US33013","Merrimack County, New Hampshire","60901","490","1857","321","1179","236","1768","320","1413","317","1967","361","1701","283","1781","340","1652","282","1665","260","3130","398","5573","475","7647","630","7354","631","5860","581","7751","581","8603","665",
"0500000US33015","Rockingham County, New Hampshire","127570","801","3545","437","1735","393","2722","532","2341","454","2492","397","2654","500","2450","389","2310","395","2890","466","6122","700","9588","797","14495","1116","14119","966","11803","915","18942","894","29362","1165",
"0500000US33017","Strafford County, New Hampshire","52080","479","1903","324","1584","338","1268","261","1214","288","1773","318","1808","458","1462","304","1455","360","1437","340","3221","525","4770","598","6469","623","5175","518","4508","438","6803","567","7230","554",
"0500000US33019","Sullivan County, New Hampshire","16618","461","866","220","540","169","457","161","472","155","505","174","576","216","548","180","508","188","511","161","1098","236","1765","338","2333","334","1923","305","1170","207","1692","283","1654","313",
"0500000US34001","Atlantic County, New Jersey","109557","883","4975","634","3468","654","3693","502","3897","651","3463","540","4298","574","4262","702","4391","689","3519","539","6932","846","9508","769","14226","955","11567","809","8457","921","10999","739","11902","881",
"0500000US34003","Bergen County, New Jersey","355127","1060","11500","822","7716","705","6258","622","6715","714","6275","692","8458","901","7725","670","7597","836","7276","665","14065","889","25197","1310","36019","1531","32912","1886","29289","1490","45029","1546","103096","1786",
"0500000US34005","Burlington County, New Jersey","177222","741","5829","707","2951","462","2410","333","3517","530","3777","429","3920","522","4141","499","4543","697","5032","549","9355","844","13004","724","22844","1171","21353","1014","14660","970","23674","1070","36212","1066",
"0500000US34007","Camden County, New Jersey","202540","891","10710","1012","6363","661","5807","637","6290","717","6006","777","6848","766","5437","620","6182","784","5296","598","11933","811","16607","1207","24021","1225","23071","1354","16561","1007","22735","1269","28673","1073",
"0500000US34009","Cape May County, New Jersey","44884","745","1500","285","1648","492","951","232","1295","277","1299","298","1604","423","1110","283","1486","396","1143","224","2326","323","3887","501","6293","577","5021","522","3295","420","5180","463","6846","508",
"0500000US34011","Cumberland County, New Jersey","53781","503","3187","550","2215","484","2062","409","2007","443","2520","421","2198","439","1757","316","2011","394","1958","486","3746","466","5862","645","6774","651","4711","568","4230","504","4514","440","4029","558",
"0500000US34013","Essex County, New Jersey","319788","1015","22489","1621","14643","1385","9580","872","10569","1176","9672","1094","10478","1416","9058","928","9934","1053","9699","943","18190","1339","27095","1323","34109","1828","27002","1576","20317","1214","27275","1380","59678","1738",
"0500000US34015","Gloucester County, New Jersey","112545","623","3819","435","2366","314","2445","432","2612","412","2349","347","2878","378","2466","345","2516","452","2930","572","5635","594","10160","824","13609","909","11869","788","11011","924","15213","784","20667","1070",
"0500000US34017","Hudson County, New Jersey","299682","1343","16555","1190","12242","1127","8296","1006","9162","792","8051","952","8679","877","6882","716","7517","808","7865","808","16815","1432","24365","1488","32304","1620","27473","1437","21470","1198","29800","1489","62206","2118",
"0500000US34019","Hunterdon County, New Jersey","50860","274","1312","262","500","140","544","171","884","250","972","242","577","109","871","210","1054","241","864","212","2039","315","3305","419","4439","467","4698","506","4827","508","7510","627","16464","778",
"0500000US34021","Mercer County, New Jersey","144114","834","7453","881","4028","550","2973","575","3556","565","3759","701","3961","710","4363","723","4153","623","3789","562","6955","776","10889","993","15763","1241","13809","1114","11135","919","16895","1226","30633","1207",
"0500000US34023","Middlesex County, New Jersey","307782","1150","10631","780","7119","984","6057","680","7368","684","6127","723","6044","686","7534","819","7290","927","6965","745","14843","1089","22482","1233","35748","1526","32513","1503","27453","1357","40864","1677","68744","1513",
"0500000US34025","Monmouth County, New Jersey","251712","1121","8092","753","5077","645","4711","631","5819","804","5429","535","4892","508","5765","729","5273","677","5742","607","10069","758","15504","1056","25836","1275","23782","1371","20465","1243","32579","1325","72677","1517",
"0500000US34027","Morris County, New Jersey","193245","705","5550","664","2517","415","2269","524","3023","464","3593","485","3360","424","3104","424","3179","447","3537","528","7253","686","12215","953","19742","1056","19440","1117","15149","871","26946","1097","62368","1388",
"0500000US34029","Ocean County, New Jersey","243843","1514","8609","777","5885","777","5386","607","7932","830","7228","749","8550","747","6950","683","8514","1046","6977","616","14663","1127","22580","1109","29647","1574","26340","1373","20932","1274","28937","1347","34713","1543",
"0500000US34031","Passaic County, New Jersey","178936","778","8241","857","6762","685","5204","676","5832","795","5739","720","5290","566","5481","676","5458","757","5736","687","10013","898","14277","991","21746","1126","18019","1196","13380","942","18936","867","28822","1093",
"0500000US34033","Salem County, New Jersey","24846","391","1081","218","1046","263","784","167","894","249","872","231","839","196","953","200","688","193","739","165","1340","259","2126","298","3647","344","2536","284","2185","302","2652","316","2464","275",
"0500000US34035","Somerset County, New Jersey","130802","435","3149","501","1864","475","2005","477","2340","519","2097","388","2188","435","1773","324","2177","408","2430","446","4703","518","7469","664","12587","839","13969","973","10776","882","17106","1027","44169","1174",
"0500000US34037","Sussex County, New Jersey","57767","572","1613","320","691","198","816","205","1176","272","1159","277","1179","305","1117","262","1132","212","1197","242","2369","277","4598","490","7600","624","6604","526","5865","483","8617","583","12034","642",
"0500000US34039","Union County, New Jersey","203277","863","6226","810","5144","538","4446","690","4307","591","4700","619","6094","844","5414","642","6046","687","5122","646","10554","975","16009","1037","24634","1288","18504","1167","16903","1100","23018","1417","46156","1407",
"0500000US34041","Warren County, New Jersey","45391","321","1904","351","825","224","1024","246","1287","326","1272","306","1197","347","721","166","1011","234","1405","316","2551","443","4061","424","5233","495","6087","537","4626","548","5613","628","6574","501",
"0500000US35001","Bernalillo County, New Mexico","285495","1070","18264","1453","11849","1196","10385","1138","11185","857","10553","982","11374","833","10874","880","9755","801","10438","953","20146","1388","28085","1573","36566","1618","27768","1429","19457","1181","23109","1194","25687","1292",
"0500000US35003","Catron County, New Mexico","1789","190","57","37","168","116","62","35","141","100","100","69","253","126","9","14","40","35","67","75","126","89","204","100","263","160","125","87","156","133","18","20","0","14",
"0500000US35005","Chaves County, New Mexico","23712","501","1708","367","1819","405","1705","372","1083","240","1064","275","1105","341","1267","307","789","227","789","237","1772","386","2346","316","2749","450","1712","272","1230","275","1569","348","1005","220",
"0500000US35006","Cibola County, New Mexico","8503","319","728","195","560","230","569","249","435","180","489","170","523","247","354","190","254","120","307","158","746","269","622","193","1054","310","765","385","560","211","204","89","333","149",
"0500000US35007","Colfax County, New Mexico","5368","242","309","101","261","114","300","85","240","108","373","138","344","113","185","90","269","115","110","52","707","172","710","189","496","77","413","128","195","93","161","62","295","97",
"0500000US35009","Curry County, New Mexico","18595","488","1325","291","1245","311","910","215","694","204","1064","238","508","158","826","282","917","251","778","264","1260","281","1865","351","2632","471","2058","387","702","158","970","215","841","227",
"0500000US35011","De Baca County, New Mexico","820","119","44","44","66","57","39","30","40","38","138","168","37","27","4","5","34","38","21","19","37","27","29","22","86","51","198","205","38","39","0","14","9","10",
"0500000US35013","Doña Ana County, New Mexico","84889","858","6254","803","4967","786","4678","675","4636","574","3949","702","3812","567","3637","614","2999","425","3113","546","6033","771","9925","1099","9959","1023","5902","646","4525","753","5884","621","4616","563",
"0500000US35015","Eddy County, New Mexico","23620","573","1687","347","1106","327","657","277","964","317","667","264","1119","280","678","238","889","330","507","194","1058","314","2142","467","2979","601","2142","476","2526","514","2133","381","2366","388",
"0500000US35017","Grant County, New Mexico","11295","395","676","199","710","222","724","235","552","201","744","208","809","248","869","258","568","189","618","203","562","161","851","248","1039","215","792","188","730","218","638","200","413","128",
"0500000US35019","Guadalupe County, New Mexico","1490","195","70","53","186","121","69","52","161","107","74","59","44","30","75","42","111","65","38","44","111","75","140","70","48","30","126","66","33","29","58","43","146","102",
"0500000US35021","Harding County, New Mexico","286","62","13","13","24","23","30","22","15","8","7","6","7","10","9","11","27","22","22","15","26","20","13","11","24","15","16","11","7","7","10","7","36","26",
"0500000US35023","Hidalgo County, New Mexico","1478","107","77","41","108","56","109","49","65","46","93","48","60","35","88","60","49","31","107","52","102","52","143","57","166","54","134","53","45","31","76","58","56","44",
"0500000US35025","Lea County, New Mexico","24670","504","2246","477","914","243","830","312","1154","306","1152","299","1075","378","1126","379","730","220","475","204","1769","380","1847","413","3238","478","2171","419","1548","294","2157","384","2238","579",
"0500000US35027","Lincoln County, New Mexico","10000","514","962","304","465","152","377","136","760","225","648","265","308","115","413","159","387","165","274","120","1129","346","660","186","1293","380","814","228","326","132","624","188","560","155",
"0500000US35028","Los Alamos County, New Mexico","8247","164","123","83","9","12","187","117","145","91","81","75","112","86","83","76","125","85","104","75","313","135","544","207","592","147","1207","247","582","180","1570","265","2470","307",
"0500000US35029","Luna County, New Mexico","9223","334","595","203","581","218","864","175","689","208","857","255","904","244","364","149","421","166","332","184","893","241","675","232","782","236","523","208","337","136","186","93","220","123",
"0500000US35031","McKinley County, New Mexico","21353","242","2697","307","1938","306","1164","193","1149","189","1072","217","837","161","661","105","775","141","821","188","1851","286","1819","273","2421","294","1566","271","848","171","903","195","831","182",
"0500000US35033","Mora County, New Mexico","1968","189","80","52","225","123","120","93","56","62","118","85","94","58","28","30","105","81","2","4","360","213","172","102","246","130","180","117","57","53","47","42","78","43",
"0500000US35035","Otero County, New Mexico","24480","637","1303","276","1155","277","1180","338","1054","257","1040","273","1208","294","1108","283","1497","334","1297","211","2267","429","2049","338","2921","421","2281","332","1490","373","1644","288","986","260",
"0500000US35037","Quay County, New Mexico","4389","240","834","317","273","129","152","78","289","119","237","131","195","108","153","96","83","58","137","109","531","177","297","125","270","115","331","166","156","113","260","114","191","122",
"0500000US35039","Rio Arriba County, New Mexico","15647","468","979","215","829","206","879","218","822","286","597","167","791","212","799","268","743","196","694","192","1039","270","1667","336","1815","344","1178","286","850","220","948","228","1017","268",
"0500000US35041","Roosevelt County, New Mexico","7441","266","582","164","550","201","728","298","125","74","242","100","314","142","231","126","167","100","452","168","755","216","982","256","798","211","546","162","335","135","499","226","135","72",
"0500000US35043","Sandoval County, New Mexico","56895","570","2168","345","1718","356","1261","290","1183","202","1471","279","1909","372","1350","247","1567","316","1864","360","4167","504","6425","670","7780","765","6667","679","5011","631","6392","718","5962","563",
"0500000US35045","San Juan County, New Mexico","41732","601","3140","415","2767","453","1775","285","2111","444","1769","296","1631","297","1883","335","2190","422","1724","315","2887","398","3866","454","5204","788","3351","370","2403","344","2620","428","2411","328",
"0500000US35047","San Miguel County, New Mexico","11931","366","1024","309","1123","294","730","231","663","235","801","281","362","150","465","220","416","171","457","179","1011","278","917","256","1144","245","797","200","830","248","905","247","286","104",
"0500000US35049","Santa Fe County, New Mexico","70767","567","3417","457","2319","379","2221","385","2450","436","2433","366","3393","601","2330","385","2206","324","2267","408","4269","508","6507","682","9346","647","6821","612","4847","518","6678","618","9263","662",
"0500000US35051","Sierra County, New Mexico","5440","340","384","143","470","142","381","142","433","163","445","205","216","102","238","115","270","141","194","104","560","170","315","129","660","233","432","197","295","162","138","113","9","14",
"0500000US35053","Socorro County, New Mexico","5269","288","481","176","921","310","281","143","318","193","373","180","182","150","159","92","209","145","174","116","452","160","295","121","694","265","284","144","80","64","189","94","177","96",
"0500000US35055","Taos County, New Mexico","15549","481","1177","353","1252","298","812","286","593","209","569","193","435","220","737","277","616","192","709","235","969","292","1389","339","1721","449","1210","347","1252","344","1053","308","1055","305",
"0500000US35057","Torrance County, New Mexico","6052","219","214","122","294","106","301","136","558","161","227","116","186","92","214","107","569","197","93","52","433","176","737","245","887","256","506","173","308","176","262","148","263","134",
"0500000US35059","Union County, New Mexico","1438","211","137","73","123","61","86","69","51","30","54","38","149","59","17","26","81","66","38","27","25","23","217","85","216","72","56","40","63","41","64","45","61","39",
"0500000US35061","Valencia County, New Mexico","27583","458","1826","371","1499","420","915","205","1090","292","1060","253","1353","309","1370","310","1172","264","1210","409","2460","446","2614","454","3491","494","2700","464","1921","344","1495","354","1407","287",
"0500000US36001","Albany County, New York","134703","1000","7449","767","5017","656","4046","620","3725","542","3161","427","3504","535","3836","603","3886","527","4048","567","8867","801","12481","854","16839","1009","13832","990","11470","837","15515","1078","17027","886",
"0500000US36003","Allegany County, New York","17710","319","1338","221","769","147","733","129","739","122","701","133","697","104","637","117","734","116","621","105","1522","155","1724","146","2844","231","1754","159","1169","136","958","125","770","106",
"0500000US36005","Bronx County, New York","534100","1505","63374","2396","47153","2577","26145","1704","27326","1756","23785","1605","21702","1580","20800","1510","21540","1409","20862","1596","35792","1875","45591","2262","55762","2296","37627","1882","25342","1401","31777","1812","29522","1686",
"0500000US36007","Broome County, New York","82005","806","5353","577","4027","682","3250","412","3600","489","3306","479","3221","519","3390","446","3743","530","2986","417","5946","649","8303","673","10170","590","8269","674","4820","439","5834","527","5787","537",
"0500000US36009","Cattaraugus County, New York","31895","379","1818","244","2068","320","1451","246","1487","207","1164","166","1654","246","1496","255","1353","226","1276","181","2283","237","3144","330","4309","348","3545","316","1838","229","1773","219","1236","155",
"0500000US36011","Cayuga County, New York","31524","438","1831","311","997","270","1049","245","1696","318","1027","211","1416","255","1218","242","1246","248","1030","187","2495","357","3166","345","4364","407","3014","314","2581","281","2334","294","2060","230",
"0500000US36013","Chautauqua County, New York","53393","785","3386","361","2728","334","2171","331","2742","295","2349","284","2573","372","2428","343","2336","383","2366","322","4305","455","5235","536","6992","504","4842","504","3239","353","3430","368","2271","291",
"0500000US36015","Chemung County, New York","35262","439","2138","332","1502","293","1560","298","1506","299","1085","198","1592","333","1385","267","1522","306","1322","241","2772","358","3880","421","4622","514","3529","424","2547","398","2165","262","2135","298",
"0500000US36017","Chenango County, New York","19890","381","655","126","687","142","907","188","974","216","975","168","945","219","829","150","928","187","956","234","1518","201","2255","271","2839","263","1999","247","1308","172","1220","195","895","186",
"0500000US36019","Clinton County, New York","33556","442","1868","324","1126","231","1522","297","1357","305","1201","234","1203","269","1138","268","1325","248","1189","224","2626","358","2958","349","4392","518","3857","391","2841","371","2546","329","2407","409",
"0500000US36021","Columbia County, New York","26627","558","1202","232","691","170","1044","288","930","219","1047","241","755","193","925","232","990","232","978","205","1596","262","2334","322","2624","296","2811","362","2100","307","2522","333","4078","373",
"0500000US36023","Cortland County, New York","18999","384","1042","231","703","219","914","216","571","134","575","160","648","126","708","182","737","195","576","131","1624","275","2150","301","2726","347","2009","329","1472","275","1314","195","1230","180",
"0500000US36025","Delaware County, New York","19203","485","1192","188","741","185","923","232","826","182","783","175","768","170","707","162","722","175","815","171","1598","216","1881","243","2510","292","1707","235","1260","211","1495","194","1275","180",
"0500000US36027","Dutchess County, New York","116275","524","4713","517","2883","471","2243","340","2270","316","2923","474","3324","502","3565","496","3635","532","3322","471","6188","609","9537","646","13806","767","12189","837","10010","769","13798","803","21869","981",
"0500000US36029","Erie County, New York","409665","1635","23085","1417","17107","1003","13646","930","14188","1163","16446","1120","14752","893","14490","1057","15403","1030","14681","1015","26666","1441","40184","1560","51008","1968","40425","1687","30200","1565","37531","1635","39853","1354",
"0500000US36031","Essex County, New York","16342","375","789","154","666","169","520","172","578","108","510","176","619","159","594","148","793","174","597","161","1226","180","1572","275","2274","329","1580","212","1249","205","1504","213","1271","244",
"0500000US36033","Franklin County, New York","19514","405","1215","216","724","163","856","257","837","178","816","199","807","184","822","167","689","157","698","166","1407","186","2243","324","2669","296","2378","285","1128","197","1145","178","1080","233",
"0500000US36035","Fulton County, New York","22866","476","927","261","794","194","933","200","920","175","940","221","1015","270","760","192","1239","362","1067","254","1637","301","2737","323","2807","328","2814","406","1453","278","1712","300","1111","215",
"0500000US36037","Genesee County, New York","24873","296","1111","262","994","273","607","133","775","219","796","170","1050","197","1247","324","1060","208","834","194","1800","281","2466","313","3552","325","2730","358","2049","319","2415","256","1387","252",
"0500000US36039","Greene County, New York","18674","510","611","147","570","155","839","189","851","296","674","187","589","155","746","182","760","177","588","133","1211","238","1573","252","2449","254","2270","333","1289","246","1690","288","1964","296",
"0500000US36041","Hamilton County, New York","2423","155","139","40","94","40","46","26","61","32","60","30","93","43","92","28","88","32","134","50","281","68","226","56","310","62","246","65","162","41","259","55","132","33",
"0500000US36043","Herkimer County, New York","25741","353","1178","255","943","219","1034","249","1445","308","1073","201","1046","237","814","174","1255","264","979","261","1942","295","2197","279","3789","398","2850","363","1893","361","1832","279","1471","246",
"0500000US36045","Jefferson County, New York","47606","645","2347","369","1964","351","1367","316","1685","269","2013","353","2028","376","2550","475","1900","405","2377","420","3435","432","4641","397","6674","588","5222","498","3141","397","3516","466","2746","319",
"0500000US36047","Kings County, New York","1009927","2338","70149","2423","52901","2017","36494","1756","35122","1515","31982","1847","32522","1846","30988","1821","30036","1491","28119","1709","56490","2463","75108","2560","112053","2889","86890","2449","66864","2123","92631","2603","171578","3043",
"0500000US36049","Lewis County, New York","11110","274","578","119","366","86","262","67","451","102","481","86","484","120","361","69","420","106","584","134","857","145","1258","193","1751","236","1287","167","810","123","637","102","523","122",
"0500000US36051","Livingston County, New York","24473","401","1158","275","655","190","838","202","727","163","896","192","914","211","982","228","995","254","812","163","1838","336","2646","286","3258","345","2742","324","2059","260","2145","267","1808","265",
"0500000US36053","Madison County, New York","26252","407","1182","183","890","181","1182","241","850","160","764","163","1040","187","823","156","885","146","919","200","1721","210","2795","285","3443","296","2637","276","2334","278","2483","230","2304","203",
"0500000US36055","Monroe County, New York","318428","1337","16077","954","12471","934","10467","1130","11509","936","11251","920","11615","794","11387","965","11275","798","11084","943","20680","1067","28799","1471","41717","1477","30668","1540","24573","1118","30922","1408","33933","1267",
"0500000US36057","Montgomery County, New York","19603","348","1294","230","708","150","797","216","782","179","726","196","779","165","761","184","848","197","804","198","1577","289","1761","214","2791","309","2196","306","1131","202","1573","260","1075","194",
"0500000US36059","Nassau County, New York","458166","1227","13298","1102","6347","621","6326","632","6422","713","7632","769","7623","744","7674","720","7813","701","7769","835","16423","1128","24300","1270","41217","1657","42597","1790","39111","1903","66484","1829","157130","2450",
"0500000US36061","New York County, New York","778281","4924","58438","2407","36938","2282","23297","1457","25048","2228","18414","1671","20002","1816","16235","1464","16856","1549","15320","1298","35411","2548","44788","2585","66414","2583","60263","3050","44483","2193","70703","2837","225671","4212",
"0500000US36063","Niagara County, New York","91884","707","5621","690","3267","430","3045","403","3813","506","3955","450","3179","330","3329","368","3402","398","4214","594","6474","638","8666","743","13306","841","8200","641","6437","626","7783","774","7193","618",
"0500000US36065","Oneida County, New York","95220","781","5046","588","4323","492","3494","413","3404","399","3534","499","4186","468","3397","407","3677","590","3617","475","6627","568","8729","669","12784","797","10882","742","7054","619","7935","594","6531","482",
"0500000US36067","Onondaga County, New York","197760","1030","11696","911","6746","566","6423","659","6916","697","6672","581","7302","691","6903","727","6670","690","6362","603","13042","871","17672","941","26032","1296","20896","1005","14263","896","19063","881","21102","965",
"0500000US36069","Ontario County, New York","48311","558","1632","283","1316","265","1414","270","1124","182","1772","347","1412","264","1757","344","1653","274","1640","273","3290","435","5176","569","6337","435","6165","547","3802","395","4664","443","5157","413",
"0500000US36071","Orange County, New York","138608","924","5591","697","3728","643","3869","603","4432","639","3735","663","3832","510","3952","487","3665","574","3733","489","7482","614","10140","775","16797","1003","15640","984","11325","814","17926","896","22761","1012",
"0500000US36073","Orleans County, New York","16220","282","673","190","652","227","603","188","648","201","802","230","734","164","867","206","536","125","736","198","1079","227","1660","265","2404","289","1569","241","1051","176","1600","273","606","146",
"0500000US36075","Oswego County, New York","47239","606","2308","340","1925","322","1737","286","1922","319","2106","315","1917","299","1942","278","2047","335","1828","298","3002","347","4617","382","5823","459","5661","471","3418","375","3837","456","3149","339",
"0500000US36077","Otsego County, New York","23189","482","810","206","873","185","911","196","1079","220","884","238","907","216","930","209","854","166","802","182","1860","256","2561","313","3432","401","2527","301","1359","178","1809","284","1591","227",
"0500000US36079","Putnam County, New York","35545","459","939","202","682","201","542","180","1008","287","706","172","588","188","820","199","739","213","603","198","1741","273","1993","350","3612","462","3620","457","3354","413","5517","571","9081","518",
"0500000US36081","Queens County, New York","841003","2217","45736","1602","27850","1537","22401","1285","26772","1703","26236","1532","26070","1382","25302","1590","25359","1233","23892","1341","47950","2100","73014","2430","106016","3107","86140","2450","65872","2407","91768","2420","120625","2828",
"0500000US36083","Rensselaer County, New York","66686","619","2556","398","1995","300","2219","468","2436","402","2147","423","1995","372","2198","378","2091","414","1874","376","3379","417","5842","498","9044","687","7334","584","6129","657","7942","589","7505","592",
"0500000US36085","Richmond County, New York","170777","1007","10287","909","4758","754","3740","499","4380","611","4072","475","4986","525","4424","699","4296","599","5023","628","8098","740","12826","1245","19851","1223","17172","1168","14167","942","20736","1379","31961","1333",
"0500000US36087","Rockland County, New York","103879","590","3872","466","2121","413","2776","437","2626","316","3246","470","2880","511","3030","551","2754","469","2322","367","4162","528","7625","808","10388","819","10132","735","8001","605","11937","787","26007","1040",
"0500000US36089","St. Lawrence County, New York","41666","542","2366","343","2334","402","1948","348","2227","416","1710","265","1666","293","1525","259","1526","212","1417","255","3173","366","4177","397","5604","487","3789","362","2904","299","2984","350","2316","331",
"0500000US36091","Saratoga County, New York","101911","833","2657","343","2491","454","2024","375","2369","381","2521","444","2717","385","2691","427","2631","346","2654","363","6351","710","7918","632","13609","916","11320","830","9163","713","13000","728","17795","932",
"0500000US36093","Schenectady County, New York","66902","527","4251","491","2126","398","2492","491","1679","271","1652","373","2166","396","2478","394","1934","308","1874","313","4507","547","6219","607","9468","795","6653","618","5266","494","6758","556","7379","598",
"0500000US36095","Schoharie County, New York","12861","253","440","106","748","205","388","111","464","132","465","108","561","129","509","145","585","174","672","139","909","170","1067","145","1876","243","1274","206","883","151","993","157","1027","149",
"0500000US36097","Schuyler County, New York","7355","259","272","82","348","133","357","108","197","69","277","90","427","121","231","69","189","69","309","89","639","138","775","155","1003","155","724","131","463","90","619","168","525","149",
"0500000US36099","Seneca County, New York","13606","256","614","158","579","166","618","162","390","112","548","164","668","182","538","198","574","139","611","146","984","170","1336","190","2020","271","1452","225","902","164","943","143","829","155",
"0500000US36101","Steuben County, New York","39219","465","2146","245","1594","274","1330","202","1387","217","1868","230","1878","324","1629","231","1570","221","1831","307","2642","259","3770","259","5365","439","3968","333","2609","303","3087","278","2545","280",
"0500000US36103","Suffolk County, New York","512565","1647","16241","923","8102","819","7596","738","9433","822","10204","885","8835","779","9917","803","9110","811","10459","1109","20314","1211","32967","1728","50590","1489","51630","1742","46710","1663","78275","2137","142182","2462",
"0500000US36105","Sullivan County, New York","31434","846","1407","312","1283","339","967","194","1268","272","1277","271","1468","268","1218","311","1208","252","791","212","2376","359","2836","366","4041","447","2818","360","2242","321","2746","393","3488","397",
"0500000US36107","Tioga County, New York","20347","312","866","204","647","181","843","268","620","183","809","210","961","256","800","195","860","240","944","233","1350","271","1809","322","2778","354","1968","272","1452","276","1939","321","1701","252",
"0500000US36109","Tompkins County, New York","43263","611","3635","597","1468","333","1049","280","1137","258","1436","342","1423","305","1479","310","2048","482","1873","436","2603","514","3655","713","5273","648","4211","425","2728","347","4109","498","5136","441",
"0500000US36111","Ulster County, New York","74278","803","3951","558","2734","476","2159","390","2521","436","2384","366","2322","424","2119","388","2280","405","2436","462","3616","515","6459","579","8689","642","7821","696","6130","586","7823","589","10834","690",
"0500000US36113","Warren County, New York","30133","454","1357","267","809","206","969","239","948","221","1040","264","1428","268","1100","239","991","221","858","189","2040","315","2930","412","3913","481","3252","328","2032","245","3411","412","3055","324",
"0500000US36115","Washington County, New York","24469","424","757","182","1069","277","675","176","867","169","970","240","1105","221","851","201","879","191","886","190","1637","249","2819","424","3973","457","2579","319","2115","373","1943","254","1344","217",
"0500000US36117","Wayne County, New York","38404","391","1942","361","1200","270","1233","353","1770","345","1270","252","1230","171","1299","212","1084","189","1202","223","2611","335","4509","546","5414","496","4590","431","3243","391","3444","432","2363","308",
"0500000US36119","Westchester County, New York","372883","1455","17086","1150","9839","1004","7422","766","8867","963","8555","887","7491","765","8242","811","8808","911","7921","900","16080","1172","24772","1458","37012","1622","31141","1611","26343","1463","40483","1632","112821","2313",
"0500000US36121","Wyoming County, New York","16453","292","763","164","512","161","516","145","603","153","735","216","697","168","683","160","557","153","554","135","1453","267","1884","234","2515","327","1736","228","1203","181","1088","187","954","156",
"0500000US36123","Yates County, New York","9490","278","383","102","341","117","357","117","434","127","273","84","366","93","465","139","316","107","421","125","732","132","1054","193","1189","176","943","177","539","129","821","161","856","147",
"0500000US37001","Alamance County, North Carolina","70062","653","3533","516","2312","366","2711","501","2656","450","3121","460","3190","607","3567","558","2801","430","2778","424","4949","532","7958","673","9283","642","6904","659","4889","566","5100","552","4310","490",
"0500000US37003","Alexander County, North Carolina","14126","362","336","133","648","220","484","205","822","267","613","201","851","216","635","178","481","168","632","193","1074","313","1570","329","2413","432","1216","261","1099","299","665","184","587","168",
"0500000US37005","Alleghany County, North Carolina","5177","285","311","122","276","117","369","153","258","118","403","182","243","105","336","142","303","101","224","95","320","116","494","142","754","183","348","132","194","74","160","71","184","100",
"0500000US37007","Anson County, North Carolina","8548","366","697","207","639","209","539","134","670","195","405","145","589","192","291","107","177","61","357","176","819","211","1006","225","945","205","646","165","261","97","279","91","228","130",
"0500000US37009","Ashe County, North Carolina","12201","470","827","234","556","181","609","194","476","130","766","205","651","195","373","112","563","158","479","181","1087","278","1329","282","1510","216","885","210","663","200","1017","224","410","134",
"0500000US37011","Avery County, North Carolina","6791","375","248","84","252","114","350","103","302","119","226","123","377","138","343","140","309","140","466","150","410","127","489","151","1037","212","495","146","508","146","536","161","443","171",
"0500000US37013","Beaufort County, North Carolina","19385","464","1043","225","1456","351","1070","292","901","239","739","209","981","250","822","257","810","203","597","195","1543","311","1874","380","2426","332","1711","272","1170","242","1170","223","1072","192",
"0500000US37015","Bertie County, North Carolina","7143","318","474","199","440","163","477","197","284","104","810","327","232","92","339","124","352","184","173","89","571","161","709","223","700","204","373","164","321","151","448","178","440","161",
"0500000US37017","Bladen County, North Carolina","11824","364","1379","304","800","233","626","183","704","219","697","206","809","256","772","238","357","159","397","114","667","187","939","211","1369","306","948","238","528","186","369","129","463","175",
"0500000US37019","Brunswick County, North Carolina","69124","1093","2755","427","2070","460","1809","324","2374","440","2491","367","1905","401","2081","334","2604","420","2446","434","5193","517","7976","786","10343","856","7956","805","4862","499","6892","715","5367","538",
"0500000US37021","Buncombe County, North Carolina","101855","2041","4388","644","3573","521","3633","506","3337","595","3761","565","4041","752","3608","562","3938","675","3692","542","6997","727","10321","865","14233","956","9617","742","7120","689","8540","855","11056","913",
"0500000US37023","Burke County, North Carolina","36306","496","2036","355","1228","317","1650","255","2277","428","1661","327","1308","261","1664","356","1389","313","1798","293","3489","457","3854","523","4458","480","3409","489","2316","351","2242","361","1527","294",
"0500000US37025","Cabarrus County, North Carolina","84246","966","3563","602","1685","433","2358","474","2245","402","1932","423","2939","555","2166","410","2834","503","2546","509","5759","696","7595","790","11721","983","9042","961","6747","775","8841","720","12273","1016",
"0500000US37027","Caldwell County, North Carolina","32919","534","1260","300","1692","433","1653","323","1730","348","1880","402","1461","291","1645","337","1361","335","1889","403","2973","599","3093","406","3985","540","2821","454","2121","386","2240","380","1115","211",
"0500000US37029","Camden County, North Carolina","4011","139","112","71","61","48","50","54","271","161","167","123","145","100","111","79","68","54","82","51","207","119","232","124","804","262","659","210","131","65","544","169","367","122",
"0500000US37031","Carteret County, North Carolina","31977","549","1407","270","1166","248","1150","278","1425","292","1248","270","1302","368","1020","227","1172","236","1346","272","2274","312","3175","366","4147","355","3399","384","1829","246","2794","350","3123","314",
"0500000US37033","Caswell County, North Carolina","8830","297","447","136","566","175","572","210","469","172","443","174","227","111","338","126","369","149","425","154","579","185","1082","294","1233","248","802","231","540","166","415","122","323","111",
"0500000US37035","Catawba County, North Carolina","66227","707","3218","513","2375","450","2543","436","2785","461","2359","431","2425","352","3162","558","2261","427","3645","623","4712","562","6848","755","9162","829","6779","643","4572","590","4541","571","4840","510",
"0500000US37037","Chatham County, North Carolina","33004","461","807","202","1306","329","930","262","1088","302","912","307","1214","425","1083","324","718","211","717","242","1872","349","3301","503","3416","456","2696","422","2545","416","3571","457","6828","695",
"0500000US37039","Cherokee County, North Carolina","13241","406","680","170","757","253","536","162","525","147","734","180","653","187","934","223","650","174","644","181","1157","241","1562","296","1528","233","1196","227","713","199","558","202","414","123",
"0500000US37041","Chowan County, North Carolina","6134","271","313","184","526","178","134","87","435","189","258","137","157","96","414","205","136","96","329","155","535","177","485","152","799","234","549","181","262","123","295","137","507","169",
"0500000US37043","Clay County, North Carolina","5081","321","187","94","420","211","312","131","216","113","180","97","308","146","249","116","102","63","275","187","375","172","301","123","578","146","476","159","480","207","402","126","220","87",
"0500000US37045","Cleveland County, North Carolina","38850","585","2431","424","1832","410","1890","369","1601","293","1872","334","1920","359","2021","391","1824","360","1695","398","2730","411","4163","573","4307","485","4375","470","2180","366","2261","396","1748","315",
"0500000US37047","Columbus County, North Carolina","20048","392","1507","333","1385","323","980","245","1625","366","1268","300","917","220","1023","232","738","201","627","148","1344","269","1766","243","2804","399","1483","285","811","215","1113","307","657","156",
"0500000US37049","Craven County, North Carolina","42871","587","2119","430","1907","401","1757","308","1484","328","1810","358","2017","356","2205","514","1688","263","1698","317","3393","489","4070","613","5980","517","4462","523","3129","399","2767","397","2385","350",
"0500000US37051","Cumberland County, North Carolina","129758","563","8383","590","5487","509","4862","506","4625","528","5666","519","5824","502","6038","559","6638","521","5310","485","10587","621","14072","755","18505","834","11103","676","7503","544","8143","570","7012","556",
"0500000US37053","Currituck County, North Carolina","11845","295","356","128","307","112","279","113","334","136","272","129","364","171","277","105","266","124","311","116","644","194","1190","253","1590","313","1484","286","1146","254","1295","246","1730","316",
"0500000US37055","Dare County, North Carolina","16836","642","471","152","268","118","406","154","427","176","563","197","725","243","630","198","381","139","498","162","982","243","1673","313","2364","354","2031","372","1200","232","1885","321","2332","315",
"0500000US37057","Davidson County, North Carolina","69846","661","3121","525","2894","465","2767","501","2871","466","3438","545","3099","484","3249","623","3535","546","2784","442","4564","656","7666","694","9561","892","6752","699","4647","630","4421","636","4477","585",
"0500000US37059","Davie County, North Carolina","17270","369","798","256","383","146","577","144","668","179","261","118","496","151","726","213","660","167","535","150","1759","417","1761","390","2464","348","1650","325","1260","247","1510","330","1762","293",
"0500000US37061","Duplin County, North Carolina","20787","424","1188","225","1189","245","1217","274","860","217","1147","268","1226","303","1033","243","966","226","801","246","1394","279","2411","376","2849","314","1685","309","1247","251","766","146","808","163",
"0500000US37063","Durham County, North Carolina","141847","932","6190","746","3439","551","3656","586","4311","650","4210","612","4306","690","5091","798","5110","796","4345","826","9903","1047","13218","1091","18267","1193","14809","1159","11299","965","14389","1076","19304","972",
"0500000US37065","Edgecombe County, North Carolina","19652","475","1602","316","1001","212","1037","270","1111","327","1097","320","1143","290","994","281","709","226","963","246","1610","274","1594","274","2418","370","1356","270","893","231","1474","377","650","181",
"0500000US37067","Forsyth County, North Carolina","159925","1210","8790","810","7429","763","5004","555","6016","628","6608","720","6457","785","6880","879","6641","766","6396","630","11942","947","15536","1144","21431","1362","14245","925","10272","916","12605","769","13673","807",
"0500000US37069","Franklin County, North Carolina","28529","518","1384","266","1125","338","793","217","983","315","1277","365","727","187","938","203","1284","321","1158","254","1991","349","2728","500","4186","566","3108","467","2345","408","2558","450","1944","415",
"0500000US37071","Gaston County, North Carolina","93576","663","5429","667","3742","616","3899","482","3399","559","3721","574","3998","544","3768","680","3718","460","3629","487","6938","636","9622","860","12106","869","8797","657","6515","651","7036","541","7259","533",
"0500000US37073","Gates County, North Carolina","4192","180","165","85","195","88","145","91","218","129","155","77","193","101","85","56","101","47","308","149","418","150","423","160","747","186","416","131","328","133","208","83","87","55",
"0500000US37075","Graham County, North Carolina","3524","201","114","56","131","72","196","98","173","89","168","84","149","88","366","154","182","87","303","117","235","113","409","137","339","130","236","107","162","82","208","102","153","99",
"0500000US37077","Granville County, North Carolina","22474","482","1200","278","1108","308","887","221","921","255","647","178","869","266","818","232","1057","298","493","179","1539","282","2302","369","2631","405","2565","364","1759","302","1838","334","1840","319",
"0500000US37079","Greene County, North Carolina","6912","204","484","136","363","119","229","97","359","106","324","92","295","104","286","121","445","137","472","156","761","147","941","222","745","171","478","144","349","110","279","106","102","52",
"0500000US37081","Guilford County, North Carolina","219718","1067","12806","1043","8800","1011","6703","694","7997","934","8079","879","8822","957","9445","938","10564","1005","8445","819","15545","1173","21187","1231","28528","1424","20962","1358","15090","1328","16770","917","19975","1100",
"0500000US37083","Halifax County, North Carolina","20383","418","1866","319","1847","311","1521","319","1137","286","802","191","1123","204","919","220","893","243","950","228","1336","254","1749","295","2178","317","1837","444","596","191","919","201","710","202",
"0500000US37085","Harnett County, North Carolina","49845","512","2588","363","1948","317","1806","331","1721","353","1821","351","2155","394","1943","277","2028","458","1603","257","3541","503","4946","440","7757","694","5023","534","3083","411","4761","507","3121","419",
"0500000US37087","Haywood County, North Carolina","27123","647","1214","300","1409","322","1346","347","1277","276","1081","274","1063","276","957","246","1605","397","1266","257","1792","295","2408","382","3797","441","2588","353","2164","355","1661","275","1495","355",
"0500000US37089","Henderson County, North Carolina","51067","711","2291","389","1535","275","1435","268","1774","338","2160","413","2496","465","2243","378","2105","379","1896","272","4447","484","5212","633","6536","539","5318","643","3825","490","4000","440","3794","475",
"0500000US37091","Hertford County, North Carolina","8285","224","634","156","573","126","481","133","536","128","609","181","407","116","388","131","475","144","369","117","552","117","734","138","859","135","723","159","280","73","282","86","383","105",
"0500000US37093","Hoke County, North Carolina","19258","213","1406","249","748","159","681","175","784","167","786","168","788","220","1032","269","826","219","605","151","1211","248","2356","356","2338","327","1911","302","1206","212","1199","253","1381","320",
"0500000US37095","Hyde County, North Carolina","1939","239","150","89","24","25","164","100","106","85","197","132","69","53","50","49","79","62","84","72","158","93","176","95","401","139","87","65","99","99","57","42","38","38",
"0500000US37097","Iredell County, North Carolina","76344","724","2960","433","2028","433","2183","407","2415","375","1927","291","2731","463","2717","404","2836","437","2895","416","5207","688","7320","776","11006","911","8205","709","5735","643","6701","572","9478","763",
"0500000US37099","Jackson County, North Carolina","18430","616","845","303","1265","309","1046","263","754","232","669","249","644","222","1399","481","860","278","921","271","1376","308","2038","412","2360","365","1528","269","757","224","922","293","1046","249",
"0500000US37101","Johnston County, North Carolina","85591","730","3474","713","2342","450","2844","645","1743","321","3579","625","2636","463","2092","474","2407","365","2939","536","5155","616","9296","906","11116","940","10939","886","7778","820","9505","958","7746","662",
"0500000US37103","Jones County, North Carolina","4125","151","270","107","250","84","162","83","219","86","258","94","194","106","145","84","96","51","145","76","336","107","560","141","605","148","352","107","177","73","147","61","209","88",
"0500000US37105","Lee County, North Carolina","25145","420","1142","241","910","251","1033","265","1042","251","1095","320","1253","316","825","203","951","256","1055","296","1882","371","3099","555","3865","558","2434","376","1602","309","1642","317","1315","304",
"0500000US37107","Lenoir County, North Carolina","23351","486","1763","324","1698","329","1675","368","1220","309","1245","301","1582","385","1370","338","1090","252","1156","283","1389","272","1976","349","2964","362","1332","286","1051","229","1085","247","755","208",
"0500000US37109","Lincoln County, North Carolina","36811","527","1557","430","1246","399","1358","373","1005","232","1248","307","1391","357","1320","361","1455","470","1242","357","2940","489","2963","400","4973","497","3562","469","2674","500","2821","470","5056","553",
"0500000US37111","McDowell County, North Carolina","18638","439","814","244","992","244","800","225","1001","187","699","172","1000","244","1101","302","802","239","722","254","1742","341","2136","368","2583","355","1770","307","794","208","932","225","750","218",
"0500000US37113","Macon County, North Carolina","18406","675","1042","306","1048","330","791","233","885","239","819","268","891","195","849","215","830","296","842","241","1283","302","2394","499","2004","338","1495","320","906","203","860","200","1467","330",
"0500000US37115","Madison County, North Carolina","8342","292","683","197","401","147","369","128","359","135","413","181","484","148","432","158","300","139","222","110","612","197","680","154","1238","218","539","136","484","137","613","176","513","163",
"0500000US37117","Martin County, North Carolina","9502","262","614","195","788","189","455","159","390","148","479","188","428","170","686","173","502","160","529","225","609","154","803","192","1520","288","794","208","340","147","205","115","360","145",
"0500000US37119","Mecklenburg County, North Carolina","466527","1677","19684","1321","10728","987","10930","829","11667","1143","11262","907","13807","1033","15855","1267","16592","1387","16586","1062","32429","1599","43187","2016","59388","2133","46602","1850","34678","1491","47215","1764","75917","2009",
"0500000US37121","Mitchell County, North Carolina","6587","269","331","153","421","151","459","146","256","104","214","99","279","104","372","138","393","149","211","87","510","148","634","191","966","213","610","194","316","108","308","116","307","116",
"0500000US37123","Montgomery County, North Carolina","10643","460","356","107","619","191","665","182","464","175","452","135","547","177","675","236","428","153","517","185","930","171","1258","243","1169","239","841","183","509","140","609","161","604","138",
"0500000US37125","Moore County, North Carolina","44013","659","1954","373","1525","280","1346","300","991","244","1443","296","1696","375","1142","273","1459","275","1691","351","2817","438","3734","473","5687","563","5947","575","3351","489","4061","468","5169","524",
"0500000US37127","Nash County, North Carolina","38797","583","1924","410","1636","372","1657","370","1468","332","1657","433","1359","299","1451","367","1608","333","1854","419","3517","700","4340","654","5469","565","3950","496","1900","341","2800","400","2207","381",
"0500000US37129","New Hanover County, North Carolina","104856","1084","5139","797","2828","442","3131","500","4674","812","3464","685","3471","587","3625","538","3565","516","4434","748","7882","846","10117","951","12894","913","10794","757","7303","746","9615","852","11920","849",
"0500000US37131","Northampton County, North Carolina","7857","248","541","155","826","187","505","139","427","136","262","78","297","101","310","83","472","159","276","107","817","230","560","122","756","161","559","142","359","117","567","156","323","86",
"0500000US37133","Onslow County, North Carolina","75265","796","3342","571","2358","573","2367","546","2184","437","3113","516","2960","458","2571","492","4377","711","3440","608","5837","707","9082","869","12152","1115","7502","903","4693","589","5127","729","4160","580",
"0500000US37135","Orange County, North Carolina","57342","691","3315","447","1634","317","1983","405","1560","293","1363","273","1628","287","1906","333","2021","459","1426","270","3155","364","5295","606","6076","563","5082","521","3921","416","5194","487","11783","569",
"0500000US37137","Pamlico County, North Carolina","5456","231","392","117","327","92","229","88","321","112","209","61","279","129","172","76","195","76","115","50","506","125","506","121","607","138","550","127","382","98","430","112","236","64",
"0500000US37139","Pasquotank County, North Carolina","15785","384","690","215","755","184","526","154","573","206","948","275","624","159","596","183","595","204","633","235","1492","372","1330","273","2505","451","1551","325","918","234","1203","326","846","220",
"0500000US37141","Pender County, North Carolina","25291","522","1041","291","998","344","428","119","857","259","731","204","954","307","1084","244","807","265","763","199","1697","325","2562","414","3209","452","2911","436","2404","479","2558","358","2287","359",
"0500000US37143","Perquimans County, North Carolina","5614","213","248","112","129","62","267","99","290","135","204","86","212","81","216","76","260","101","193","81","444","125","549","169","716","184","755","220","442","175","465","119","224","74",
"0500000US37145","Person County, North Carolina","16063","464","1147","275","829","274","577","163","745","247","771","223","652","216","568","202","600","223","728","235","1027","259","1397","311","2043","361","1559","356","1003","277","1276","259","1141","320",
"0500000US37147","Pitt County, North Carolina","74533","816","6600","766","3271","357","3432","624","2633","442","3102","569","2657","481","3933","598","4145","700","3350","439","5245","854","6422","703","10005","1033","6619","700","4150","592","4261","539","4708","524",
"0500000US37149","Polk County, North Carolina","8976","238","506","177","381","125","517","148","408","126","349","102","323","95","333","110","288","103","277","113","683","151","903","186","1092","193","828","187","516","127","670","167","902","191",
"0500000US37151","Randolph County, North Carolina","57721","548","2253","336","2730","497","2232","378","2921","641","2515","406","2479","401","3303","458","2665","475","2654","510","4702","642","6398","765","7859","808","5360","606","3536","504","3802","495","2312","324",
"0500000US37153","Richmond County, North Carolina","17026","468","1595","395","1539","377","730","215","839","241","1170","279","713","243","1060","280","889","201","600","223","1339","424","1570","324","2073","385","1076","338","659","208","745","199","429","132",
"0500000US37155","Robeson County, North Carolina","43134","344","4534","382","3420","320","2959","372","2514","302","2523","252","2608","353","2072","274","1931","233","1845","266","3024","254","3965","303","4642","378","2941","309","1579","212","1516","218","1061","171",
"0500000US37157","Rockingham County, North Carolina","39606","526","2390","432","2068","424","2423","439","1958","327","1848","325","1571","317","2142","411","1525","365","1487","306","3490","515","3905","554","4684","506","3462","540","2820","495","2392","386","1441","279",
"0500000US37159","Rowan County, North Carolina","58899","715","3484","608","2727","587","2257","476","1907","316","2353","451","2233","404","2484","519","1947","350","2727","467","4638","620","6985","674","7644","673","6383","666","3230","479","4069","485","3831","593",
"0500000US37161","Rutherford County, North Carolina","26642","396","1447","256","1503","385","1337","261","1621","323","1441","278","1664","355","1459","356","1436","344","1034","261","2015","372","2534","398","3530","395","1964","295","1375","238","1233","323","1049","187",
"0500000US37163","Sampson County, North Carolina","21607","439","1472","331","1550","298","1093","263","1050","221","1012","243","838","192","1306","286","1005","231","1103","269","1442","250","1845","338","2721","326","1996","315","1512","338","1055","233","607","164",
"0500000US37165","Scotland County, North Carolina","12580","200","1123","194","1024","167","1000","197","814","171","494","115","699","126","570","153","512","123","364","104","1006","163","1281","190","1504","229","656","122","520","119","403","121","610","104",
"0500000US37167","Stanly County, North Carolina","25240","380","1489","350","1099","274","910","161","1217","289","1201","265","1395","315","1120","267","1248","284","894","204","1940","309","2130","279","3417","416","2294","364","1826","333","1709","324","1351","245",
"0500000US37169","Stokes County, North Carolina","19546","331","966","202","679","239","920","240","1014","261","636","186","592","170","1129","348","986","237","829","258","1396","318","2845","471","3166","450","1842","362","785","177","1072","271","689","183",
"0500000US37171","Surry County, North Carolina","29869","421","1890","288","1768","288","1621","277","1442","283","1655","321","1742","288","1263","227","1451","245","1221","242","1753","307","2767","359","3826","495","2481","346","1988","329","1780","277","1221","207",
"0500000US37173","Swain County, North Carolina","6013","250","498","180","394","134","238","111","215","87","316","107","313","115","324","158","216","108","220","90","540","143","534","163","552","167","631","191","258","111","446","147","318","130",
"0500000US37175","Transylvania County, North Carolina","14584","428","745","336","646","186","715","180","459","134","492","140","675","219","806","273","531","175","496","130","1255","358","1292","335","2031","254","1325","309","975","224","1077","260","1064","204",
"0500000US37177","Tyrrell County, North Carolina","1547","130","106","66","58","40","145","86","101","52","114","62","145","89","89","69","84","85","11","20","102","58","237","105","148","81","106","93","35","37","16","21","50","55",
"0500000US37179","Union County, North Carolina","84237","575","2510","391","1308","312","1667","332","1829","351","1798","306","2451","608","2053","401","2213","395","2563","384","4390","522","6607","536","11018","785","9635","909","7985","720","10126","682","16084","817",
"0500000US37181","Vance County, North Carolina","16147","422","1193","286","940","295","962","263","752","237","965","260","656","183","907","288","906","250","736","236","1491","388","1334","296","1684","313","1101","223","755","248","1252","234","513","176",
"0500000US37183","Wake County, North Carolina","460175","2096","14710","1164","8672","890","9108","1124","10752","1130","9884","893","11087","1061","12823","1346","13316","1328","12223","1308","26190","1647","35784","1634","54112","2130","49370","2328","38709","1512","57195","2052","96240","2116",
"0500000US37185","Warren County, North Carolina","8147","272","477","109","454","110","593","150","510","138","647","191","399","134","373","112","260","105","323","130","797","213","784","171","888","170","581","144","344","104","301","85","416","120",
"0500000US37187","Washington County, North Carolina","4744","237","632","168","279","156","264","128","201","100","281","154","235","123","348","180","207","109","193","90","268","98","464","139","499","150","301","142","186","107","251","137","135","65",
"0500000US37189","Watauga County, North Carolina","21198","594","2432","435","916","283","1268","386","988","301","741","213","1309","312","781","234","857","310","1009","271","1472","326","1668","300","2185","354","1327","255","1191","250","1506","281","1548","302",
"0500000US37191","Wayne County, North Carolina","47507","632","2392","377","1955","402","2106","397","2513","385","2329","398","2037","418","2099","389","2077","380","2511","392","3818","467","4447","552","6837","747","3952","474","3135","531","2821","428","2478","397",
"0500000US37193","Wilkes County, North Carolina","27107","553","1435","303","1508","280","1451","352","1164","320","1341","310","1335","306","1832","377","1644","346","1449","327","2335","357","2572","330","3518","471","2638","341","1388","330","910","209","587","156",
"0500000US37195","Wilson County, North Carolina","33068","423","2539","398","1562","292","1814","399","1489","331","1697","379","1275","304","1639","332","1515","291","1108","251","2834","501","3185","440","4348","526","2812","377","1961","342","1559","257","1731","298",
"0500000US37197","Yadkin County, North Carolina","15009","366","658","185","498","148","814","218","984","283","747","218","581","176","676","177","614","175","674","269","973","230","1648","293","1976","234","1163","225","993","162","962","188","1048","232",
"0500000US37199","Yancey County, North Carolina","8130","353","372","122","807","208","373","130","343","129","347","120","292","120","233","109","259","106","338","149","812","208","596","140","1054","207","755","176","436","134","575","187","538","185",
"0500000US38001","Adams County, North Dakota","1030","63","50","29","94","53","54","30","49","26","61","28","72","36","15","13","35","29","23","20","41","22","92","30","126","56","105","36","96","34","64","28","53","29",
"0500000US38003","Barnes County, North Dakota","4908","169","313","126","274","119","170","90","221","89","125","59","278","123","41","30","280","93","110","49","325","114","482","99","662","134","457","118","507","153","419","123","244","74",
"0500000US38005","Benson County, North Dakota","2025","90","283","65","132","40","86","32","115","54","68","40","50","31","41","19","57","26","42","22","71","25","236","56","298","70","197","49","79","28","138","42","132","51",
"0500000US38007","Billings County, North Dakota","407","45","11","11","4","5","37","28","5","6","0","10","17","18","3","4","12","9","24","20","26","20","5","6","73","27","44","19","35","17","64","32","47","22",
"0500000US38009","Bottineau County, North Dakota","2674","133","114","51","94","40","49","26","95","49","55","21","138","64","92","47","76","40","90","42","167","40","307","71","311","69","339","90","252","73","207","68","288","75",
"0500000US38011","Bowman County, North Dakota","1291","76","24","15","57","24","47","28","21","15","43","27","33","25","64","34","92","39","70","37","54","23","153","53","167","50","165","50","100","34","144","40","57","17",
"0500000US38013","Burke County, North Dakota","904","68","44","21","32","30","17","9","38","22","12","8","24","18","18","13","39","21","15","8","20","16","39","15","184","45","121","50","68","22","54","19","179","50",
"0500000US38015","Burleigh County, North Dakota","41269","449","1510","311","945","227","1275","321","1095","332","1223","277","1178","298","1269","248","1361","321","1217","268","2634","453","4329","568","5531","699","4447","485","3706","508","4685","464","4864","649",
"0500000US38017","Cass County, North Dakota","83945","742","3491","602","2746","512","2301","415","2837","490","3530","612","3106","426","2829","489","3635","492","3099","492","6167","653","7906","894","11529","799","8911","841","5961","620","7045","698","8852","756",
"0500000US38019","Cavalier County, North Dakota","1560","106","96","49","42","24","75","49","61","38","69","43","13","13","48","25","74","37","89","54","100","36","165","52","159","53","184","61","80","33","113","42","192","58",
"0500000US38021","Dickey County, North Dakota","1962","83","70","35","102","47","57","30","95","42","61","39","60","35","91","45","85","60","82","47","197","56","119","62","231","59","205","71","212","59","133","51","162","52",
"0500000US38023","Divide County, North Dakota","1016","69","31","24","22","28","53","39","23","22","17","20","27","25","12","17","52","32","9","9","73","35","81","43","149","50","162","52","74","35","127","57","104","51",
"0500000US38025","Dunn County, North Dakota","1571","79","44","23","43","27","44","25","30","21","53","35","32","19","60","40","61","35","42","25","58","31","78","30","271","66","204","66","114","45","165","42","272","54",
"0500000US38027","Eddy County, North Dakota","1173","83","82","32","36","34","70","41","104","48","23","14","45","19","105","66","50","25","63","39","103","43","45","19","157","48","94","38","61","28","70","33","65","25",
"0500000US38029","Emmons County, North Dakota","1528","84","64","23","73","33","106","41","123","48","54","25","48","26","40","19","66","22","55","23","58","23","161","43","205","44","148","41","108","30","122","40","97","30",
"0500000US38031","Foster County, North Dakota","1531","84","128","52","50","41","51","37","46","29","37","26","69","40","11","11","19","17","34","26","61","39","159","67","209","55","202","61","140","55","136","57","179","63",
"0500000US38033","Golden Valley County, North Dakota","699","60","34","23","25","19","24","17","15","17","14","9","13","15","19","12","24","23","51","31","61","29","88","33","67","26","103","51","22","14","49","25","90","32",
"0500000US38035","Grand Forks County, North Dakota","31295","469","1991","370","945","212","1016","238","1053","273","981","261","1270","318","1254","256","1371","289","1318","300","2371","412","3279","459","4343","466","3081","390","2278","302","2382","371","2362","299",
"0500000US38037","Grant County, North Dakota","1059","57","88","34","72","33","31","18","48","26","69","29","72","27","55","21","25","13","33","17","45","15","93","28","146","31","98","31","40","14","64","26","80","22",
"0500000US38039","Griggs County, North Dakota","992","76","91","33","32","21","39","23","35","17","56","25","41","21","32","17","22","17","51","25","84","34","88","29","147","43","66","29","46","22","52","25","110","41",
"0500000US38041","Hettinger County, North Dakota","1130","68","66","37","64","28","40","21","78","36","55","23","15","11","39","23","61","26","44","31","59","23","89","35","127","38","131","50","115","38","60","16","87","36",
"0500000US38043","Kidder County, North Dakota","1170","82","60","37","63","28","80","36","17","12","62","31","63","45","25","18","34","15","55","25","91","42","106","39","233","75","93","35","46","19","81","39","61","30",
"0500000US38045","LaMoure County, North Dakota","1745","82","45","22","88","35","39","17","54","22","78","44","73","50","56","28","71","23","85","28","75","21","180","44","238","52","203","43","191","46","176","43","93","25",
"0500000US38047","Logan County, North Dakota","777","56","71","33","27","16","29","14","34","18","34","21","54","22","38","24","22","17","18","14","38","18","72","26","156","45","71","27","34","15","39","16","40","18",
"0500000US38049","McHenry County, North Dakota","2244","97","67","30","93","46","52","21","106","48","74","37","113","32","60","22","67","26","86","37","149","39","207","67","325","67","317","71","165","46","190","51","173","63",
"0500000US38051","McIntosh County, North Dakota","1196","88","67","28","58","22","86","39","63","29","34","15","38","16","35","17","71","39","28","14","69","24","148","43","215","48","107","36","48","24","92","34","37","19",
"0500000US38053","McKenzie County, North Dakota","5997","237","269","114","38","40","126","127","106","64","192","128","134","84","36","29","60","46","170","141","403","160","564","202","1000","253","517","182","645","211","728","200","1009","209",
"0500000US38055","McLean County, North Dakota","4377","138","137","56","112","47","101","39","143","48","122","66","156","69","96","30","191","63","151","42","339","85","479","79","520","74","512","99","470","75","541","112","307","64",
"0500000US38057","Mercer County, North Dakota","3594","173","163","99","64","38","122","83","93","49","145","71","100","58","203","130","90","43","79","45","278","100","286","91","521","126","438","102","302","100","467","107","243","73",
"0500000US38059","Morton County, North Dakota","13946","353","278","154","263","95","253","122","471","166","740","350","535","171","332","131","666","171","836","284","1068","229","1219","289","1695","321","1781","319","1100","209","1621","326","1088","232",
"0500000US38061","Mountrail County, North Dakota","3901","164","294","100","107","63","79","41","117","55","147","89","126","68","197","76","99","70","124","64","211","88","332","111","487","114","502","112","301","115","382","115","396","112",
"0500000US38063","Nelson County, North Dakota","1338","71","68","27","19","11","49","20","98","58","54","26","55","25","32","19","60","27","55","21","69","34","165","45","170","43","127","40","120","50","101","30","96","29",
"0500000US38065","Oliver County, North Dakota","725","53","18","12","15","9","21","13","8","8","21","17","18","17","29","17","30","15","15","14","34","21","132","54","113","40","45","21","53","18","71","25","102","33",
"0500000US38067","Pembina County, North Dakota","2973","99","94","32","108","49","186","76","103","44","141","53","108","41","167","62","79","27","117","43","185","50","334","82","353","66","279","59","253","59","235","58","231","52",
"0500000US38069","Pierce County, North Dakota","1854","124","88","49","60","26","84","46","50","28","85","67","92","42","66","55","75","39","184","92","159","71","107","40","225","77","191","78","159","53","133","61","96","44",
"0500000US38071","Ramsey County, North Dakota","5410","176","288","148","159","93","444","155","223","120","294","141","207","118","362","129","242","137","194","121","191","112","600","200","614","152","518","159","260","112","407","135","407","117",
"0500000US38073","Ransom County, North Dakota","2337","76","107","52","56","31","101","50","75","41","58","31","56","31","103","42","50","35","105","48","137","47","299","83","341","84","206","65","310","68","217","60","116","43",
"0500000US38075","Renville County, North Dakota","969","51","48","21","15","11","50","23","19","11","25","15","17","12","37","22","29","15","45","24","65","29","144","39","193","46","100","27","29","13","67","23","86","33",
"0500000US38077","Richland County, North Dakota","6849","195","260","90","206","118","308","113","238","86","199","74","267","91","163","56","273","85","311","106","490","143","682","157","982","144","727","150","565","97","537","95","641","122",
"0500000US38079","Rolette County, North Dakota","3769","110","445","105","276","99","132","51","171","74","89","45","113","49","102","58","100","47","107","48","358","102","267","88","478","123","377","97","307","101","251","84","196","65",
"0500000US38081","Sargent County, North Dakota","1751","65","71","26","19","12","41","18","41","20","57","22","34","15","78","28","46","19","99","34","157","31","211","54","277","56","178","43","160","51","156","42","126","34",
"0500000US38083","Sheridan County, North Dakota","675","56","10","5","56","27","27","12","27","13","20","15","23","10","26","13","34","15","41","31","68","29","61","26","81","30","62","21","61","23","35","20","43","20",
"0500000US38085","Sioux County, North Dakota","1112","29","152","49","90","40","44","27","65","35","77","31","70","40","23","15","65","29","20","17","81","33","83","34","129","40","102","35","31","17","34","21","46","26",
"0500000US38087","Slope County, North Dakota","374","39","6","6","13","11","39","31","34","18","5","5","17","16","10","8","2","2","6","7","28","19","33","17","64","20","40","21","7","8","35","21","35","14",
"0500000US38089","Stark County, North Dakota","13537","361","769","255","508","204","470","182","490","171","484","185","199","114","384","160","408","189","211","133","739","212","1184","270","2354","362","1568","270","1549","306","1119","272","1101","262",
"0500000US38091","Steele County, North Dakota","806","72","76","42","9","8","35","21","25","16","49","39","19","12","6","6","37","27","31","20","49","25","61","22","96","34","76","20","49","30","114","35","74","31",
"0500000US38093","Stutsman County, North Dakota","9437","226","686","209","512","195","619","192","308","126","485","174","411","130","456","120","246","107","180","89","644","201","758","193","1093","187","1010","203","720","143","711","146","598","144",
"0500000US38095","Towner County, North Dakota","989","102","73","38","48","34","44","28","57","41","60","37","19","26","28","28","42","25","14","21","48","34","124","43","106","41","86","54","94","49","82","36","64","28",
"0500000US38097","Traill County, North Dakota","3333","103","176","59","143","45","103","58","111","55","58","25","90","42","84","29","108","43","95","30","215","51","264","66","425","86","462","78","347","68","294","64","358","54",
"0500000US38099","Walsh County, North Dakota","4400","150","216","95","111","45","91","32","134","52","156","51","209","75","146","41","205","94","243","81","281","77","489","134","660","131","534","103","335","80","336","90","254","54",
"0500000US38101","Ward County, North Dakota","28568","541","1078","359","940","289","1115","360","630","150","804","233","851","252","752","255","991","255","1332","318","1992","326","3271","504","4255","458","2798","479","2521","376","2298","398","2940","421",
"0500000US38103","Wells County, North Dakota","1787","93","51","23","71","38","87","43","138","61","111","51","92","46","78","38","77","47","37","25","90","39","176","61","244","55","135","46","152","52","75","34","173","52",
"0500000US38105","Williams County, North Dakota","15154","764","486","196","433","245","246","130","246","129","801","341","341","230","624","284","583","278","445","223","1394","412","1102","369","2205","493","1288","368","1120","414","1717","373","2123","452",
"0500000US39001","Adams County, Ohio","10421","324","846","207","746","180","552","211","669","173","559","146","356","115","609","181","453","118","404","121","844","214","918","187","1248","261","757","165","565","224","606","183","289","133",
"0500000US39003","Allen County, Ohio","41295","415","2024","291","1678","322","1686","320","1928","369","1707","343","1702","346","1828","337","1889","326","1798","300","2950","349","4616","535","5805","503","4523","479","2529","355","2312","264","2320","334",
"0500000US39005","Ashland County, Ohio","20720","350","826","231","723","183","557","138","861","194","841","237","751","159","948","209","951","209","759","211","1598","281","2321","318","3553","351","2757","402","1421","240","984","212","869","182",
"0500000US39007","Ashtabula County, Ohio","39245","594","2114","356","1689","281","1857","321","1819","332","1989","354","1861","326","1601","263","1821","321","1947","362","3618","493","4018","441","5368","536","3531","374","2125","246","2423","344","1464","268",
"0500000US39009","Athens County, Ohio","23014","428","2039","388","1468","318","893","225","1291","245","1037","280","1088","235","832","243","930","181","884","220","1775","312","2000","269","2909","457","2212","425","1063","227","1326","245","1267","221",
"0500000US39011","Auglaize County, Ohio","18940","297","650","185","377","143","464","128","742","206","532","164","586","165","607","168","662","181","783","203","1380","235","2300","279","2842","339","2439","335","1370","261","1962","282","1244","233",
"0500000US39013","Belmont County, Ohio","27195","479","1487","278","1716","253","1029","184","1102","179","1429","313","1460","341","1095","232","1252","264","1188","230","2253","292","2743","299","3561","367","2683","403","1549","211","1389","222","1259","197",
"0500000US39015","Brown County, Ohio","17138","370","722","172","1206","288","658","187","701","182","549","188","591","157","502","143","580","135","793","183","1000","245","1941","342","2551","357","1834","328","1365","316","957","244","1188","278",
"0500000US39017","Butler County, Ohio","146822","835","7156","752","4699","561","3290","468","4754","667","4648","589","5419","559","4893","566","5265","710","4771","606","9244","746","13663","1134","19169","1030","16146","1053","11718","1071","15838","981","16149","974",
"0500000US39019","Carroll County, Ohio","11206","359","430","125","397","137","476","135","461","144","471","138","621","205","536","167","429","152","294","117","1001","171","1478","327","1576","270","1084","258","573","160","723","164","656","180",
"0500000US39021","Champaign County, Ohio","15646","318","445","156","473","152","461","173","466","155","717","188","501","127","617","153","668","199","736","191","1042","181","1649","288","2389","290","2200","310","1294","228","1129","244","859","230",
"0500000US39023","Clark County, Ohio","55975","587","2826","365","3217","367","2088","301","2049","297","2239","365","2482","356","2457","365","2769","428","2246","320","4194","505","6100","522","6945","509","5685","513","3977","408","4021","523","2680","298",
"0500000US39025","Clermont County, Ohio","84955","525","3184","440","2213","480","1991","429","2766","494","2484","399","2956","484","3001","504","2779","493","2099","399","5466","632","8619","677","12585","877","9553","784","6284","588","9162","729","9813","621",
"0500000US39027","Clinton County, Ohio","16761","293","823","207","598","166","771","211","618","166","571","164","845","234","620","181","556","183","608","141","1486","341","1411","297","2394","301","1979","346","1014","236","1370","287","1097","210",
"0500000US39029","Columbiana County, Ohio","41459","607","2454","444","1930","395","1944","297","2727","448","1838","365","1624","272","2332","402","1609","292","1694","339","3210","465","4266","504","5574","520","3644","422","2136","383","2565","335","1912","295",
"0500000US39031","Coshocton County, Ohio","14786","317","1072","262","784","199","597","158","784","201","650","135","846","221","738","169","698","183","645","151","1081","207","1555","259","1896","261","1234","214","741","158","885","185","580","131",
"0500000US39033","Crawford County, Ohio","18059","354","820","180","786","181","757","160","784","191","943","238","775","187","1020","220","1016","231","591","153","1870","288","1793","246","2389","301","1646","271","1140","218","1204","260","525","116",
"0500000US39035","Cuyahoga County, Ohio","554551","1919","39657","1618","27824","1393","20691","1048","22900","1356","21908","1298","23275","1221","21201","1107","22158","1316","20368","1210","39531","1890","53729","1572","67473","2006","47711","1809","32390","1017","41678","1452","52057","1357",
"0500000US39037","Darke County, Ohio","21297","276","1134","241","746","191","1020","221","772","166","828","186","977","204","779","171","1135","227","1004","190","1672","313","2120","260","3177","348","2030","241","1269","233","1427","190","1207","203",
"0500000US39039","Defiance County, Ohio","15327","236","447","167","570","152","447","161","595","179","463","148","548","175","578","203","563","175","869","224","1063","205","1694","297","2438","298","2025","349","1096","197","1341","229","590","151",
"0500000US39041","Delaware County, Ohio","82287","534","2170","431","974","381","902","282","1193","230","1142","202","1415","301","1406","243","1548","365","1650","259","3843","520","5462","557","7862","630","8757","840","7695","712","12744","874","23524","1060",
"0500000US39043","Erie County, Ohio","32482","572","1795","341","1451","311","989","221","1224","305","1492","313","1111","268","815","205","969","229","1463","335","2229","273","3423","398","4548","498","3675","533","2562","419","2532","368","2204","392",
"0500000US39045","Fairfield County, Ohio","60357","513","1808","298","1617","303","1412","283","1583","275","1964","394","1681","340","1851","255","1931","357","2104","348","4049","469","5024","518","7915","677","7919","692","5475","479","6761","487","7263","577",
"0500000US39047","Fayette County, Ohio","11582","269","703","173","546","185","484","182","555","176","380","132","735","186","363","138","450","166","299","102","1032","262","1061","187","1742","297","1139","207","558","202","739","159","796","232",
"0500000US39049","Franklin County, Ohio","553099","1958","27432","1271","19015","1302","16657","1185","16421","1020","16881","1163","20091","1278","20720","1235","23482","1577","20883","1380","40731","1978","53716","1932","71190","2227","55047","1703","40204","1653","48472","1852","62157","2040",
"0500000US39051","Fulton County, Ohio","16986","193","451","140","664","189","491","149","544","163","563","140","657","154","669","155","732","161","894","216","1243","278","1902","318","2213","332","1696","242","1281","207","1713","254","1273","219",
"0500000US39053","Gallia County, Ohio","11614","264","1004","222","511","147","426","124","635","170","515","165","311","128","711","181","590","167","460","139","893","246","1229","226","1266","268","1051","236","881","196","663","195","468","176",
"0500000US39055","Geauga County, Ohio","35807","426","902","217","534","178","587","191","850","183","691","158","1006","207","950","180","963","164","903","236","2257","335","2761","331","4103","458","4151","406","3218","374","4648","476","7283","552",
"0500000US39057","Greene County, Ohio","68166","556","2599","437","2048","417","1448","344","2462","404","1820","335","1970","320","2179","339","2471","399","2190","354","4038","565","5969","573","8812","640","7651","566","5568","586","8050","646","8891","601",
"0500000US39059","Guernsey County, Ohio","16318","311","949","201","749","201","582","204","988","214","499","107","891","258","738","200","765","211","951","229","1271","267","1500","257","2690","371","1316","246","1042","230","768","167","619","172",
"0500000US39061","Hamilton County, Ohio","354739","1411","24016","1455","14195","1199","10778","1071","12567","1122","13091","1138","13021","1157","12649","1059","14792","1151","13337","1133","22657","1237","31513","1767","42710","1568","33883","1352","23865","1367","30760","1513","40905","1384",
"0500000US39063","Hancock County, Ohio","31615","413","972","258","1347","353","799","221","999","293","1251","364","1411","308","1295","320","1503","325","1132","238","2477","423","3006","402","4848","587","3161","394","2682","350","2273","408","2459","338",
"0500000US39065","Hardin County, Ohio","11724","249","867","240","279","105","351","129","415","160","337","100","419","124","580","150","722","206","624","148","790","169","1457","279","1498","253","1302","252","786","175","718","163","579","136",
"0500000US39067","Harrison County, Ohio","5948","190","297","103","285","104","291","105","241","79","427","110","360","120","389","125","212","87","269","126","505","138","407","101","904","160","547","120","384","110","237","78","193","76",
"0500000US39069","Henry County, Ohio","11451","193","311","124","271","121","382","135","370","91","444","114","353","96","456","135","315","125","264","83","1057","214","1134","181","2217","276","1303","221","1089","220","659","134","826","139",
"0500000US39071","Highland County, Ohio","16938","311","694","169","925","236","790","198","821","236","550","138","599","174","618","169","676","202","583","149","1428","243","2316","370","2278","339","1938","329","984","206","1171","267","567","182",
"0500000US39073","Hocking County, Ohio","11568","266","531","145","455","132","557","176","648","195","492","154","465","144","644","179","471","155","300","122","976","195","1009","221","1764","253","1301","209","815","243","712","210","428","113",
"0500000US39075","Holmes County, Ohio","13395","305","499","138","237","84","374","137","422","127","470","133","368","147","351","142","542","142","444","158","1392","276","1479","251","1740","231","1727","258","789","200","1327","216","1234","230",
"0500000US39077","Huron County, Ohio","23490","385","1033","269","877","222","795","222","1027","202","815","192","1120","246","925","214","1023","217","1129","250","1681","289","2426","336","3417","359","2724","402","1847","237","1588","271","1063","161",
"0500000US39079","Jackson County, Ohio","12933","355","912","265","821","252","643","220","611","224","763","275","393","148","363","140","561","147","671","236","974","255","1669","390","1678","361","1153","246","380","132","731","233","610","222",
"0500000US39081","Jefferson County, Ohio","27143","394","1978","325","1215","211","1279","223","1395","271","1365","262","1241","233","1130","201","870","181","1055","175","2318","276","3003","345","3540","374","2735","308","1523","245","1571","286","925","171",
"0500000US39083","Knox County, Ohio","23491","411","987","203","705","222","685","192","581","190","890","193","840","209","1062","257","1006","257","981","223","1823","294","2423","367","3432","409","2469","411","1847","327","1988","332","1772","278",
"0500000US39085","Lake County, Ohio","101144","664","3303","390","2782","483","1990","346","3478","498","3838","588","3462","405","4165","602","3717","452","3879","549","6843","696","9719","716","13799","878","12132","823","8722","632","9894","635","9421","599",
"0500000US39087","Lawrence County, Ohio","22650","476","1471","309","1257","276","1133","308","1355","298","913","226","796","192","834","202","1026","224","1170","302","1707","273","2719","422","2932","414","1856","297","1054","200","1351","222","1076","221",
"0500000US39089","Licking County, Ohio","68620","589","2444","331","2552","421","1921","330","1904","342","1978","325","2114","332","2087","317","2332","379","2479","322","4317","502","6244","602","9435","784","7500","565","5870","555","7551","722","7892","527",
"0500000US39091","Logan County, Ohio","19560","383","974","230","537","177","1061","294","539","138","608","177","454","101","667","190","806","178","867","218","1555","277","2187","388","2838","351","2275","315","1273","245","1826","325","1093","223",
"0500000US39093","Lorain County, Ohio","127544","756","6471","718","5111","598","3791","452","4458","646","4876","590","5067","517","4599","569","5246","581","4763","648","8425","676","12385","789","16360","1049","13220","820","9303","796","10613","640","12856","817",
"0500000US39095","Lucas County, Ohio","183243","898","12988","1103","9708","848","7026","700","7769","630","7330","742","7630","611","7307","713","8049","662","7232","900","13053","906","17846","961","22943","1141","17681","967","11539","879","12347","726","12795","825",
"0500000US39097","Madison County, Ohio","15686","241","470","132","457","155","263","95","350","118","444","148","329","111","717","220","571","176","846","219","1079","238","1349","237","1822","232","2242","338","1550","278","1761","307","1436","217",
"0500000US39099","Mahoning County, Ohio","98065","687","7368","679","5831","544","4151","441","4341","545","4126","528","4843","589","4139","512","4233","525","4388","512","7584","662","9670","608","12094","717","8484","615","5715","590","5490","471","5608","501",
"0500000US39101","Marion County, Ohio","24683","368","1089","231","1314","342","1557","300","1145","255","1300","290","1069","285","875","211","1294","307","1166","262","1606","268","2543","404","3327","401","2478","337","1187","235","1720","365","1013","199",
"0500000US39103","Medina County, Ohio","73086","503","2062","369","1385","249","1474","314","1843","338","2051","294","1840","313","2322","381","2078","314","2295","316","4869","546","6600","645","9887","586","7982","612","7151","616","9005","587","10242","527",
"0500000US39105","Meigs County, Ohio","9102","253","686","204","592","141","442","150","658","153","381","113","605","194","617","168","373","103","486","133","677","139","727","164","1201","235","704","172","392","108","431","147","130","65",
"0500000US39107","Mercer County, Ohio","16408","243","447","190","360","130","727","220","632","178","580","156","708","153","552","149","457","100","879","271","1111","223","1565","277","2325","287","2361","337","1561","238","1355","256","788","166",
"0500000US39109","Miami County, Ohio","44906","399","1231","283","1594","341","1547","317","1819","401","1497","302","1163","273","1354","226","2039","524","1408","239","2956","419","5342","663","6399","573","4748","514","3626","412","4613","472","3570","412",
"0500000US39111","Monroe County, Ohio","5651","199","272","107","227","88","196","82","270","81","259","93","316","121","279","91","225","73","382","132","392","91","659","142","734","134","485","134","341","114","358","98","256","81",
"0500000US39113","Montgomery County, Ohio","231319","1238","13435","968","10336","923","8417","880","9551","856","8489","758","9048","915","9721","835","9906","862","10009","907","16047","919","23616","1338","31787","1287","22412","1152","14531","982","17088","881","16926","1031",
"0500000US39115","Morgan County, Ohio","5713","230","209","67","285","92","483","107","264","84","191","69","256","111","255","78","169","93","239","101","546","144","783","172","816","179","476","116","219","92","358","115","164","100",
"0500000US39117","Morrow County, Ohio","13463","258","297","103","548","148","421","155","384","149","435","130","394","146","458","170","376","119","421","157","1069","182","1906","367","2022","344","1587","285","927","215","1321","274","897","185",
"0500000US39119","Muskingum County, Ohio","34357","520","1744","332","1503","291","1770","239","1809","349","1448","265","1854","296","1566","273","1128","239","1431","320","2781","408","3382","496","4544","526","3344","459","2241","292","2047","365","1765","395",
"0500000US39121","Noble County, Ohio","4619","185","188","77","369","155","305","140","229","101","252","153","310","158","190","78","195","84","96","52","281","91","290","96","585","147","456","160","231","107","425","158","217","92",
"0500000US39123","Ottawa County, Ohio","18504","406","602","155","608","210","424","118","736","191","572","183","708","201","742","187","796","179","688","221","1289","193","1961","338","2476","293","2175","290","1330","219","1903","293","1494","199",
"0500000US39125","Paulding County, Ohio","7624","183","340","122","158","63","214","99","258","64","344","91","422","131","426","139","398","142","246","89","565","144","722","113","1235","170","805","171","502","114","519","112","470","111",
"0500000US39127","Perry County, Ohio","13452","242","861","219","636","137","525","164","662","195","432","121","537","147","412","115","726","271","552","152","771","164","1128","201","2118","331","1324","241","828","192","1053","234","887","235",
"0500000US39129","Pickaway County, Ohio","21899","224","1045","342","682","210","588","166","614","166","674","190","881","222","594","148","814","208","716","228","1923","364","2594","449","2999","386","2602","339","1699","287","1793","232","1681","254",
"0500000US39131","Pike County, Ohio","10866","278","885","231","852","232","629","193","380","162","463","169","598","238","541","187","423","165","427","158","800","237","784","203","1214","320","1073","250","587","153","698","193","512","144",
"0500000US39133","Portage County, Ohio","65249","582","3073","494","2461","485","1863","303","2809","518","2350","410","2387","453","2228","401","2772","540","2129","372","4299","539","6000","619","8746","570","7419","658","5143","527","6149","704","5421","497",
"0500000US39135","Preble County, Ohio","16725","248","660","161","580","146","571","171","609","155","676","175","675","175","646","130","599","123","948","221","1231","191","1763","195","2569","315","1921","261","1415","230","1221","243","641","143",
"0500000US39137","Putnam County, Ohio","13153","206","338","91","395","120","311","105","285","80","279","66","361","127","502","135","555","151","472","132","831","135","1436","224","2142","234","1602","250","1374","209","1168","187","1102","174",
"0500000US39139","Richland County, Ohio","50111","552","2237","386","2541","408","2172","357","2001","352","2045","496","2775","456","2163","397","2719","458","2249","395","4408","565","5317","470","6891","646","4782","549","3074","473","2732","354","2005","321",
"0500000US39141","Ross County, Ohio","29808","434","1439","319","1277","309","1007","258","1307","271","1566","314","1645","384","1556","305","1370","328","1112","274","2306","377","3481","524","3580","397","3321","376","1819","324","1591","268","1431","264",
"0500000US39143","Sandusky County, Ohio","24686","314","1448","307","832","178","1017","226","1315","297","1121","269","773","171","1171","305","1303","336","889","188","2071","383","2559","373","3261","419","2220","350","1722","230","1796","225","1188","212",
"0500000US39145","Scioto County, Ohio","28864","467","2004","309","2411","466","1800","342","2065","338","1185","244","1205","236","1392","282","1086","218","1150","264","1970","347","3016","447","2646","457","2456","366","1684","274","1732","310","1062","217",
"0500000US39147","Seneca County, Ohio","22279","341","894","187","836","210","1053","254","869","184","1102","254","831","193","753","182","1082","235","889","196","1581","280","2655","328","3444","378","2256","275","1750","236","1198","178","1086","180",
"0500000US39149","Shelby County, Ohio","18906","316","605","149","330","118","585","216","560","173","650","167","825","176","666","214","789","220","1061","270","1320","223","2244","382","2864","411","1891","266","1580","278","1572","244","1364","247",
"0500000US39151","Stark County, Ohio","155955","762","7377","690","5716","592","5341","626","6262","639","6720","639","6256","719","6862","642","6546","645","5525","573","12368","916","16817","895","22812","1005","15957","914","10010","753","11689","835","9697","747",
"0500000US39153","Summit County, Ohio","231267","1212","12164","1103","8897","795","7940","782","8325","844","9042","874","9540","804","8838","684","8873","826","9207","867","15865","1016","22132","1004","29705","1341","23383","1133","15621","922","19990","966","21745","906",
"0500000US39155","Trumbull County, Ohio","86550","664","5534","625","4440","522","3931","573","4584","568","3887","521","4699","594","3808","457","3775","473","3535","514","7010","689","9406","623","10853","754","7452","737","4952","574","4908","579","3776","467",
"0500000US39157","Tuscarawas County, Ohio","38492","358","2120","397","1607","374","1832","340","1069","230","1842","383","1736","315","1519","286","1603","307","1224","249","3036","436","4400","485","5564","508","3637","436","3006","461","2667","435","1630","296",
"0500000US39159","Union County, Ohio","24232","268","581","156","239","110","404","156","403","150","334","122","423","112","502","187","986","293","519","143","1416","243","1989","365","2921","366","2938","391","2907","379","3481","422","4189","503",
"0500000US39161","Van Wert County, Ohio","11549","204","368","125","289","81","377","127","344","84","458","127","491","131","597","159","369","90","538","140","1203","199","1289","221","1952","261","1220","216","759","142","901","133","394","108",
"0500000US39163","Vinton County, Ohio","5328","181","428","138","332","133","163","78","223","109","202","95","111","76","368","208","239","93","342","128","471","186","434","148","690","177","391","130","291","105","455","157","188","111",
"0500000US39165","Warren County, Ohio","92052","741","2499","395","1589","317","1634","466","2154","398","1314","252","1859","394","1998","410","2091","310","2273","336","5059","799","6953","744","12044","827","11077","922","8679","799","11989","907","18840","873",
"0500000US39167","Washington County, Ohio","24779","372","1344","237","943","192","1151","231","1245","277","1207","246","1231","248","852","168","1023","218","1076","220","1652","278","2389","338","3833","435","2455","382","1472","254","1585","253","1321","228",
"0500000US39169","Wayne County, Ohio","44365","435","1437","266","1399","293","1363","224","1444","276","1536","287","1893","314","1525","269","1480","295","1902","306","3631","363","4942","482","7400","454","4835","449","3363","301","3250","403","2965","333",
"0500000US39171","Williams County, Ohio","15476","238","754","196","601","173","362","136","638","191","743","212","958","247","660","145","797","192","537","162","1509","233","1672","267","2280","276","2074","301","737","198","654","136","500","118",
"0500000US39173","Wood County, Ohio","54257","481","2526","378","2021","336","1860","415","2169","351","1623","389","2076","385","1846","269","2150","360","1933","375","3402","428","5774","630","6879","661","5296","465","4258","412","5113","501","5331","557",
"0500000US39175","Wyandot County, Ohio","8999","237","339","119","182","83","453","148","418","128","243","85","285","88","467","152","369","141","361","129","680","167","1046","191","1405","202","901","204","834","172","559","129","457","119",
"0500000US40001","Adair County, Oklahoma","7133","155","642","112","409","90","476","107","430","98","418","103","413","96","339","104","298","75","252","63","729","169","691","139","793","143","569","112","280","79","215","58","179","53",
"0500000US40003","Alfalfa County, Oklahoma","1938","103","98","35","88","38","81","36","109","34","45","18","62","31","93","36","103","41","36","18","199","64","138","30","263","60","244","61","149","59","146","39","84","32",
"0500000US40005","Atoka County, Oklahoma","4975","124","195","54","311","78","302","72","232","55","305","58","194","46","292","100","274","77","150","40","407","85","469","94","726","120","317","60","255","67","293","63","253","69",
"0500000US40007","Beaver County, Oklahoma","1673","89","70","43","34","25","100","52","27","17","176","68","38","18","69","33","47","35","64","36","178","63","220","61","169","51","155","40","97","51","149","67","80","31",
"0500000US40009","Beckham County, Oklahoma","8188","293","444","175","714","224","316","113","344","132","379","137","465","226","383","139","269","125","403","183","721","184","762","206","1070","273","617","205","535","266","470","189","296","117",
"0500000US40011","Blaine County, Oklahoma","3381","146","211","66","137","41","127","51","98","35","167","76","115","41","175","62","110","38","129","42","321","113","371","96","466","81","355","103","181","60","240","68","178","55",
"0500000US40013","Bryan County, Oklahoma","18397","228","936","143","694","125","978","191","870","167","872","195","942","165","1010","189","1002","171","929","198","1234","211","1916","270","2410","306","1869","251","832","168","1168","217","735","144",
"0500000US40015","Caddo County, Oklahoma","9053","214","511","89","440","80","436","86","483","99","599","99","492","111","409","67","328","73","441","106","772","107","1030","151","1051","138","813","105","528","99","461","82","259","50",
"0500000US40017","Canadian County, Oklahoma","58227","512","1722","271","1169","231","1114","252","1452","297","1877","405","1268","229","1332","256","1998","384","2320","445","3841","548","6177","557","8845","695","7055","616","6004","688","6600","591","5453","610",
"0500000US40019","Carter County, Oklahoma","19046","258","1105","176","805","120","785","144","940","172","1105","212","859","174","656","166","1029","188","731","160","1337","190","2254","248","2196","243","1580","155","1261","187","1263","162","1140","176",
"0500000US40021","Cherokee County, Oklahoma","18698","271","1406","202","863","197","743","158","1007","212","1161","256","928","153","766","210","1061","207","933","214","1228","207","1930","289","2372","233","1713","272","748","140","1033","230","806","195",
"0500000US40023","Choctaw County, Oklahoma","5923","120","485","96","511","106","377","87","296","56","493","132","320","77","276","76","248","74","246","74","503","111","487","101","648","120","369","80","241","69","248","53","175","49",
"0500000US40025","Cimarron County, Oklahoma","707","100","25","19","38","27","19","30","55","44","29","29","18","18","22","19","37","29","32","26","75","61","30","21","38","25","50","31","87","54","82","40","70","35",
"0500000US40027","Cleveland County, Oklahoma","116799","801","6469","736","2676","356","3309","505","3126","492","4237","705","4406","522","4128","496","4539","658","3930","536","9094","935","11206","841","16245","1012","13541","1096","9439","830","10847","937","9607","701",
"0500000US40029","Coal County, Oklahoma","2051","69","97","34","155","40","105","38","150","35","98","37","157","39","104","35","89","28","60","19","236","60","146","29","219","44","157","36","112","39","75","30","91","47",
"0500000US40031","Comanche County, Oklahoma","44898","474","2642","324","2286","357","1971","326","1896","255","1790","268","2021","277","1679","266","1891","261","1812","321","4051","489","5489","406","5987","448","3961","318","2582","333","2685","305","2155","321",
"0500000US40033","Cotton County, Oklahoma","2040","86","141","46","49","29","173","59","60","29","135","43","78","36","97","42","82","39","73","27","178","65","188","52","281","71","163","65","87","41","107","47","148","58",
"0500000US40035","Craig County, Oklahoma","5190","123","316","77","181","58","288","73","280","91","329","78","350","97","252","65","215","70","221","63","523","116","569","99","686","114","409","86","190","45","215","65","166","50",
"0500000US40037","Creek County, Oklahoma","28246","220","1572","217","1225","184","1225","190","1090","151","1702","256","1213","211","1172","188","1073","179","930","140","2331","218","2969","265","3263","303","3123","376","1792","250","1992","218","1574","164",
"0500000US40039","Custer County, Oklahoma","11044","307","643","188","635","205","528","150","399","110","554","178","396","107","428","134","395","149","595","211","975","222","1180","203","1640","300","961","189","318","89","635","147","762","187",
"0500000US40041","Delaware County, Oklahoma","17161","307","979","153","1046","150","752","127","899","147","959","215","853","165","790","150","621","107","782","145","1442","208","1803","217","2105","273","1645","227","772","137","725","124","988","162",
"0500000US40043","Dewey County, Oklahoma","1631","64","67","27","67","19","56","21","60","20","70","26","80","23","54","26","140","51","80","25","115","32","182","44","177","37","175","34","138","38","105","27","65","20",
"0500000US40045","Ellis County, Oklahoma","1478","87","81","36","41","25","54","23","78","39","73","31","93","57","41","17","76","27","46","31","143","46","182","43","244","57","114","36","82","39","104","39","26","16",
"0500000US40047","Garfield County, Oklahoma","23893","487","1235","268","765","188","960","251","895","250","1429","319","857","205","995","278","916","207","755","214","1767","355","2950","339","3481","443","2284","315","1515","254","1739","306","1350","256",
"0500000US40049","Garvin County, Oklahoma","10110","151","457","85","606","135","362","78","522","106","503","95","505","116","451","94","447","87","450","92","875","176","1203","151","1117","155","986","139","562","99","649","126","415","85",
"0500000US40051","Grady County, Oklahoma","20688","224","852","147","731","133","653","116","702","131","918","191","970","208","616","134","713","120","663","128","1514","199","1977","220","2993","315","2284","316","1611","210","1911","219","1580","224",
"0500000US40053","Grant County, Oklahoma","1612","82","141","66","70","30","41","25","73","28","85","34","89","43","74","33","57","20","69","43","97","36","138","37","223","46","140","45","88","33","139","40","88","37",
"0500000US40055","Greer County, Oklahoma","1948","113","164","63","169","74","122","61","115","70","42","29","72","38","83","45","35","26","42","33","149","66","315","112","211","88","160","79","71","42","134","55","64","35",
"0500000US40057","Harmon County, Oklahoma","964","72","91","32","53","36","44","24","89","38","52","25","56","26","62","27","53","36","47","23","45","22","60","28","139","61","50","32","22","12","41","23","60","41",
"0500000US40059","Harper County, Oklahoma","1333","74","69","40","76","57","38","26","70","43","65","46","23","18","27","27","66","43","33","35","142","52","212","74","168","63","164","62","22","17","96","46","62","42",
"0500000US40061","Haskell County, Oklahoma","4584","121","313","96","303","62","257","61","197","52","274","84","239","56","245","67","300","84","171","46","363","85","467","102","535","87","246","55","266","77","212","62","196","57",
"0500000US40063","Hughes County, Oklahoma","4034","135","290","72","212","53","202","50","260","74","300","96","205","62","166","46","186","47","122","40","394","80","444","82","526","106","373","70","151","48","114","34","89","42",
"0500000US40065","Jackson County, Oklahoma","9775","253","460","108","356","121","464","109","416","141","421","117","570","168","431","109","412","146","408","135","770","149","942","199","1335","220","992","192","603","134","675","146","520","129",
"0500000US40067","Jefferson County, Oklahoma","2163","59","190","55","154","34","165","41","72","23","119","36","148","42","74","22","83","25","101","39","260","55","247","68","217","56","147","42","65","25","78","25","43","23",
"0500000US40069","Johnston County, Oklahoma","3891","90","345","90","227","56","154","40","165","49","247","77","190","50","111","43","233","82","178","53","303","75","426","83","418","90","423","91","129","39","218","67","124","38",
"0500000US40071","Kay County, Oklahoma","16776","298","903","162","762","153","722","127","862","171","787","172","759","161","691","126","871","174","870","183","1342","192","1765","229","2287","289","1564","243","802","149","996","203","793","136",
"0500000US40073","Kingfisher County, Oklahoma","5684","154","142","45","337","113","153","64","152","74","255","124","256","98","201","99","139","53","238","126","505","153","577","145","911","180","613","150","407","111","411","104","387","116",
"0500000US40075","Kiowa County, Oklahoma","3438","149","295","86","199","59","187","56","283","81","222","69","188","49","130","42","216","65","112","37","254","60","329","97","369","83","274","78","190","81","105","57","85","40",
"0500000US40077","Latimer County, Oklahoma","3901","106","287","70","242","51","270","71","260","69","387","87","141","46","250","71","301","84","144","53","181","57","367","76","404","79","203","56","215","61","149","47","100","33",
"0500000US40079","Le Flore County, Oklahoma","17997","209","1131","138","1230","114","918","154","933","131","934","137","1047","169","923","184","709","132","910","165","1454","185","1952","249","2277","223","1501","183","779","130","756","131","543","98",
"0500000US40081","Lincoln County, Oklahoma","13141","147","669","137","693","126","640","126","631","116","746","171","531","99","491","85","455","130","499","100","939","151","1626","226","1358","158","1617","231","746","134","805","133","695","115",
"0500000US40083","Logan County, Oklahoma","17834","326","671","166","399","124","529","181","633","178","831","297","487","151","441","152","675","229","612","165","982","253","1800","269","2774","417","1560","224","1428","261","1644","289","2368","373",
"0500000US40085","Love County, Oklahoma","3899","106","198","62","187","50","134","43","116","39","110","40","180","50","166","54","138","50","161","49","385","89","432","95","578","102","371","99","313","74","192","69","238","57",
"0500000US40087","McClain County, Oklahoma","16421","184","376","105","521","149","376","137","478","153","629","206","683","149","553","141","645","152","308","104","1025","240","1794","231","2348","305","1766","271","1673","286","1594","276","1652","265",
"0500000US40089","McCurtain County, Oklahoma","11143","221","986","160","633","138","662","105","568","110","528","144","458","94","614","138","394","87","507","96","891","136","1114","162","1345","184","1087","151","549","115","552","101","255","62",
"0500000US40091","McIntosh County, Oklahoma","7784","193","784","158","452","112","396","108","429","82","426","101","445","114","569","144","309","87","368","110","667","145","862","213","720","127","343","91","338","92","377","105","299","104",
"0500000US40093","Major County, Oklahoma","3182","118","121","46","98","33","70","35","122","47","168","66","96","39","62","24","150","63","129","52","296","79","406","88","420","77","385","87","197","59","298","82","164","61",
"0500000US40095","Marshall County, Oklahoma","5982","177","327","91","356","93","334","95","338","94","250","95","219","75","242","88","345","99","232","76","458","99","700","137","705","109","558","108","302","85","320","91","296","121",
"0500000US40097","Mayes County, Oklahoma","15315","225","857","170","577","104","547","124","801","151","1018","145","812","170","837","151","551","137","611","131","1021","156","1417","186","1748","232","1784","236","1110","182","911","172","713","132",
"0500000US40099","Murray County, Oklahoma","4956","184","241","77","221","78","178","63","279","106","236","81","157","53","161","56","223","74","156","73","409","137","484","113","685","131","621","119","279","73","329","86","297","106",
"0500000US40101","Muskogee County, Oklahoma","25739","292","1880","270","1562","219","958","185","1347","247","1835","310","1013","204","1128","178","1207","225","1170","263","2237","327","2714","291","3194","278","2240","248","1230","174","1208","207","816","126",
"0500000US40103","Noble County, Oklahoma","4147","154","235","108","194","88","108","54","93","49","252","124","188","80","160","78","234","87","162","71","273","82","288","91","665","144","316","93","373","130","353","113","253","84",
"0500000US40105","Nowata County, Oklahoma","3686","105","184","56","260","80","185","63","188","52","125","44","184","46","183","53","152","51","211","83","290","72","383","66","477","93","266","65","193","51","200","53","205","66",
"0500000US40107","Okfuskee County, Oklahoma","4009","102","286","70","283","72","255","67","235","61","226","62","231","47","206","58","197","57","132","37","284","56","362","62","482","84","292","63","188","42","248","68","102","40",
"0500000US40109","Oklahoma County, Oklahoma","328101","1481","21221","1500","13071","892","10405","958","12430","871","12648","1145","13634","1093","12368","914","14287","1131","13088","861","25648","1326","32406","1461","43298","1683","29497","1273","19923","1168","24052","1231","30125","1437",
"0500000US40111","Okmulgee County, Oklahoma","14246","231","1031","176","648","116","686","155","800","139","777","146","655","128","592","110","713","137","725","129","1273","220","1304","138","1715","191","1288","185","764","130","716","112","559","116",
"0500000US40113","Osage County, Oklahoma","17374","179","922","181","759","163","688","132","671","116","750","134","895","202","835","172","743","160","612","145","1305","198","1749","234","2326","257","1574","192","1053","175","1296","160","1196","171",
"0500000US40115","Ottawa County, Oklahoma","11921","157","801","96","677","72","618","85","753","89","871","111","536","64","556","62","608","85","547","73","1052","131","1374","129","1464","127","781","86","508","76","475","63","300","55",
"0500000US40117","Pawnee County, Oklahoma","6108","113","504","116","264","81","236","63","230","61","258","61","316","86","199","54","294","71","335","70","471","88","680","130","833","109","504","99","321","66","340","102","323","90",
"0500000US40119","Payne County, Oklahoma","32609","635","3607","585","2025","525","1589","313","1465","328","1429","272","1759","449","1478","318","1642","380","1349","283","2165","400","3135","575","3422","403","2671","404","1318","238","1616","271","1939","336",
"0500000US40121","Pittsburg County, Oklahoma","17851","240","1001","168","1180","177","896","157","931","129","996","172","872","170","731","145","737","130","822","163","1332","178","1941","256","2334","266","1482","211","1002","154","827","133","767","140",
"0500000US40123","Pontotoc County, Oklahoma","15134","200","629","118","799","152","567","128","593","121","618","158","799","165","590","119","749","132","568","134","1230","186","1804","225","1921","206","1542","177","1037","181","1046","177","642","128",
"0500000US40125","Pottawatomie County, Oklahoma","26927","255","1722","215","1194","180","933","140","1306","206","1431","233","1357","209","1130","171","961","170","1188","213","1949","234","2888","304","3884","376","2618","317","1619","228","1508","188","1239","210",
"0500000US40127","Pushmataha County, Oklahoma","4431","112","374","89","310","63","325","70","318","68","253","75","240","62","171","56","152","60","145","58","350","75","532","96","447","94","315","64","202","50","145","47","152","55",
"0500000US40129","Roger Mills County, Oklahoma","1416","67","43","20","62","21","76","22","46","17","68","24","63","22","67","34","24","12","56","24","138","37","155","50","199","41","133","31","88","29","87","30","111","45",
"0500000US40131","Rogers County, Oklahoma","36672","282","1133","179","801","137","905","182","1104","182","1213","202","1163","204","1267","208","1400","236","1359","197","2779","302","3999","348","5441","383","4008","350","3163","276","3689","317","3248","256",
"0500000US40133","Seminole County, Oklahoma","8782","146","579","102","604","106","555","95","659","114","513","104","510","101","444","64","326","57","339","79","713","97","854","133","986","114","697","121","346","66","426","66","231","56",
"0500000US40135","Sequoyah County, Oklahoma","15454","212","863","132","889","105","887","125","936","156","971","197","715","125","849","182","696","125","792","146","1205","185","1574","208","1908","219","1162","159","750","123","709","122","548","129",
"0500000US40137","Stephens County, Oklahoma","17567","216","998","181","1048","168","745","149","704","137","759","147","947","190","778","169","749","140","532","128","1322","215","1601","237","2552","337","1549","211","1118","180","1150","220","1015","188",
"0500000US40139","Texas County, Oklahoma","6824","223","656","202","142","75","418","190","385","149","275","97","306","126","145","119","333","144","298","114","449","128","789","220","838","252","651","178","498","155","457","135","184","93",
"0500000US40141","Tillman County, Oklahoma","2668","106","253","73","225","78","101","38","123","38","221","60","123","56","66","28","139","60","111","50","147","36","313","74","323","70","159","43","151","56","129","42","84","30",
"0500000US40143","Tulsa County, Oklahoma","272422","759","16280","880","9049","516","8402","653","9105","508","11342","777","11258","821","10499","563","11432","615","10361","602","21288","957","27156","983","34536","1233","26933","923","18319","878","20911","942","25551","914",
"0500000US40145","Wagoner County, Oklahoma","31379","221","1009","138","667","139","827","151","974","169","864","190","1103","230","1249","211","1087","174","1113","163","2232","260","3413","346","4408","313","4245","384","2463","243","3449","315","2276","185",
"0500000US40147","Washington County, Oklahoma","20957","233","1136","173","867","171","840","162","1050","185","1095","244","1060","267","1163","212","911","207","778","202","1544","229","1856","341","2413","286","1887","253","1385","241","1429","226","1543","222",
"0500000US40149","Washita County, Oklahoma","4131","129","154","43","144","46","152","40","263","80","184","64","190","68","224","96","140","47","180","48","283","59","590","144","492","100","350","68","426","151","180","64","179","54",
"0500000US40151","Woods County, Oklahoma","3584","177","207","84","252","116","170","93","88","62","317","155","200","124","137","70","163","85","117","62","396","149","268","89","388","103","318","123","244","101","159","67","160","58",
"0500000US40153","Woodward County, Oklahoma","7925","248","459","176","201","95","406","138","266","125","305","99","338","153","473","148","250","115","284","142","887","298","894","219","1009","195","752","193","436","155","552","159","413","157",
"0500000US41001","Baker County, Oregon","7355","192","500","144","464","135","294","109","246","89","315","108","288","118","286","105","319","95","285","79","615","163","637","138","1137","217","796","169","584","137","232","83","357","112",
"0500000US41003","Benton County, Oregon","38537","470","2772","366","1450","240","1335","242","1502","296","1319","270","1102","249","1243","301","1458","317","966","197","2489","343","3304","438","4326","387","3777","422","2852","432","3716","418","4926","403",
"0500000US41005","Clackamas County, Oregon","163845","878","5350","582","3159","531","3056","544","4240","614","3241","509","4221","685","4109","502","4274","547","4495","557","10016","873","12501","942","20743","1130","18074","1016","14513","917","21021","1110","30832","1294",
"0500000US41007","Clatsop County, Oregon","17984","527","900","235","526","191","821","267","527","171","579","206","744","215","975","316","494","207","904","242","1052","262","1923","376","2463","372","1655","293","1042","272","1985","342","1394","245",
"0500000US41009","Columbia County, Oregon","20928","341","673","171","634","203","407","164","559","177","607","197","674","214","788","246","509","193","608","196","1582","267","1753","285","3541","390","2517","378","1869","316","2602","480","1605","324",
"0500000US41011","Coos County, Oregon","28731","472","1862","319","1221","250","1409","302","1587","267","1284","307","1354","306","1167","239","1046","277","1039","225","2009","344","2862","391","3618","442","2561","334","2239","375","1429","266","2044","352",
"0500000US41013","Crook County, Oregon","10782","296","165","89","330","146","286","125","439","165","254","113","415","154","340","167","265","124","370","126","593","229","1377","321","1956","331","1026","222","916","217","934","257","1116","282",
"0500000US41015","Curry County, Oregon","11159","349","321","146","407","198","658","191","625","216","652","190","424","157","390","147","674","227","412","158","872","225","1007","263","1290","267","1310","293","614","182","671","214","832","299",
"0500000US41017","Deschutes County, Oregon","84933","994","3538","591","1267","266","1956","420","1786","311","2266","475","2210","441","2480","443","2886","479","2672","497","5054","629","7628","671","11527","994","10172","816","7681","699","8703","811","13107","907",
"0500000US41019","Douglas County, Oregon","47519","437","2498","372","1806","328","2676","488","2129","330","2029","412","1751","283","2256","405","2402","437","1837","321","3760","418","4829","516","6340","635","4568","561","2682","346","3307","435","2649","423",
"0500000US41021","Gilliam County, Oregon","875","96","72","45","59","46","52","36","18","13","33","34","21","20","47","29","10","13","11","16","69","33","119","43","122","46","77","28","64","39","44","24","57","37",
"0500000US41023","Grant County, Oregon","3444","110","207","68","65","32","201","89","189","73","100","58","126","58","223","78","154","66","106","60","382","120","351","101","461","102","305","87","238","64","210","77","126","62",
"0500000US41025","Harney County, Oregon","3129","143","204","82","122","79","168","91","259","120","114","62","108","54","196","89","82","62","172","66","204","95","306","98","416","118","293","92","118","66","165","82","202","112",
"0500000US41027","Hood River County, Oregon","8939","233","276","105","243","101","261","117","204","115","333","155","266","118","186","79","330","143","407","130","498","171","816","207","1022","194","833","219","625","154","1130","194","1509","250",
"0500000US41029","Jackson County, Oregon","92035","634","3991","651","3251","469","3317","579","3188","405","3783","555","3611","497","3174","512","4156","471","3264","503","6545","821","8450","771","13311","923","9684","720","7100","628","7493","772","7717","689",
"0500000US41031","Jefferson County, Oregon","8814","249","458","140","449","168","220","107","194","91","356","114","290","101","236","96","243","76","384","145","506","137","1010","180","1440","266","798","167","703","151","852","185","675","178",
"0500000US41033","Josephine County, Oregon","36715","421","2120","414","1549","361","1713","347","1892","383","1577","319","1619","284","1838","417","1447","311","1899","359","2685","424","3503","456","4330","446","3278","458","2103","324","2238","323","2924","435",
"0500000US41035","Klamath County, Oregon","28999","470","2337","378","1829","336","1470","280","1109","226","1107","265","1206","233","1177","266","1359","278","1282","296","1866","277","3266","468","3503","412","2556","368","1674","312","1678","314","1580","292",
"0500000US41037","Lake County, Oregon","3480","167","198","94","225","120","281","122","222","88","101","67","114","59","125","77","71","48","69","47","287","86","361","129","566","153","341","113","267","100","171","72","81","64",
"0500000US41039","Lane County, Oregon","160445","760","9254","897","6775","802","5672","675","5898","675","5586","585","5843","645","5556","604","7067","748","6550","662","11443","959","13982","903","22719","977","17247","1097","12293","822","12115","666","12445","827",
"0500000US41041","Lincoln County, Oregon","23115","555","1133","228","980","224","1124","240","856","249","744","184","1195","259","793","186","919","179","999","240","2142","284","2730","386","3043","384","2202","266","1441","254","1364","277","1450","263",
"0500000US41043","Linn County, Oregon","50729","426","2359","398","1666","346","1200","259","2029","406","1978","306","1903","349","1685","386","1887","376","1987","341","3646","487","4580","439","8245","721","5798","548","4706","517","4239","437","2821","344",
"0500000US41045","Malheur County, Oregon","10292","236","630","166","375","96","667","148","548","187","691","247","612","160","414","129","505","129","447","144","630","152","990","181","1414","229","825","148","547","136","486","135","511","142",
"0500000US41047","Marion County, Oregon","126870","667","5133","651","3884","604","3351","514","4565","619","4433","594","4414","642","4427","620","4412","516","4256","450","9387","846","13393","998","17487","994","13708","892","10946","842","11361","863","11713","793",
"0500000US41049","Morrow County, Oregon","4326","159","206","105","127","84","101","69","276","119","127","60","69","38","101","57","157","76","307","129","377","126","286","99","684","162","630","169","259","106","444","124","175","74",
"0500000US41051","Multnomah County, Oregon","349803","1598","16985","1166","12741","1046","10168","968","9066","853","10104","994","9320","819","9768","926","11637","1012","10774","928","20546","1309","29050","1438","42587","1577","35776","1724","25963","1051","37989","1577","57329","1638",
"0500000US41053","Polk County, Oregon","32986","487","1573","291","1600","380","707","174","968","259","767","213","919","318","858","234","1245","237","837","204","2371","376","2869","441","4044","473","3450","436","3127","459","3913","450","3738","549",
"0500000US41055","Sherman County, Oregon","804","66","57","36","26","15","48","26","88","41","33","25","16","11","26","16","39","28","16","9","51","23","64","29","108","36","83","27","72","33","45","22","32","19",
"0500000US41057","Tillamook County, Oregon","11936","524","705","247","501","146","458","133","326","115","549","181","517","191","351","126","426","147","488","189","868","177","1353","245","1730","334","1231","224","747","171","869","222","817","215",
"0500000US41059","Umatilla County, Oregon","28707","451","1002","293","1276","248","1066","303","1116","298","1313","306","870","243","1361","300","1080","321","1060","237","2468","413","3153","457","4188","456","2844","392","1754","334","2366","334","1790","340",
"0500000US41061","Union County, Oregon","10900","156","656","142","515","187","504","157","327","107","308","88","538","159","495","149","541","158","422","170","771","157","1004","185","1411","211","1165","173","751","164","795","162","697","130",
"0500000US41063","Wallowa County, Oregon","3387","159","177","77","54","33","215","90","39","31","82","39","194","83","192","67","109","57","176","75","321","103","367","107","580","119","295","79","127","42","289","67","170","69",
"0500000US41065","Wasco County, Oregon","10563","236","331","126","384","139","513","161","486","170","503","155","507","141","581","162","526","167","229","85","868","209","1292","247","1259","195","888","164","837","194","727","153","632","144",
"0500000US41067","Washington County, Oregon","235406","893","7075","716","4304","564","4027","558","5393","710","4661","590","5433","692","5086","691","6220","781","5835","604","10721","713","19224","1356","30522","1252","27776","1323","19829","1067","33182","1630","46118","1636",
"0500000US41069","Wheeler County, Oregon","703","70","15","11","25","14","71","35","18","13","28","18","40","27","54","25","38","22","13","9","101","45","96","35","58","23","24","12","51","46","23","22","48","28",
"0500000US41071","Yamhill County, Oregon","39247","432","1542","303","1361","374","1297","307","891","199","1277","300","877","183","1410","340","1211","249","844","226","2333","351","3534","461","5420","432","4541","557","3375","404","5053","499","4281","474",
"0500000US42001","Adams County, Pennsylvania","40841","393","1227","215","682","176","1044","188","1217","234","1282","247","1315","211","1219","240","1586","334","1676","266","2862","303","4361","406","5632","439","4852","432","3876","429","4184","397","3826","294",
"0500000US42003","Allegheny County, Pennsylvania","545802","1976","30157","1548","20853","1117","17640","1010","17972","985","17231","1171","19157","1199","18657","1108","20433","1080","17845","1061","33659","1460","48998","1586","67373","2000","54016","1787","39164","1510","53234","1504","69413","1670",
"0500000US42005","Armstrong County, Pennsylvania","28035","303","1281","180","1232","233","1204","172","1018","173","1049","114","1316","177","1364","245","962","156","1323","216","1987","226","2881","316","4080","376","3182","292","1811","236","2016","206","1329","181",
"0500000US42007","Beaver County, Pennsylvania","72257","632","3154","431","2322","332","2404","327","3124","367","2885","347","2836","406","2748","364","2740","345","2660","369","5055","503","8075","645","9389","590","7898","579","5287","401","6165","512","5515","550",
"0500000US42009","Bedford County, Pennsylvania","19750","349","835","148","865","176","997","207","1187","240","951","185","1059","217","836","140","836","209","735","129","1575","235","1799","189","2710","294","1975","210","1417","216","1095","209","878","203",
"0500000US42011","Berks County, Pennsylvania","163236","819","7499","628","4533","633","4979","709","6068","515","5138","538","6437","712","5720","681","4953","586","5162","624","10468","699","15713","841","22889","1114","18020","946","12989","769","16255","1043","16413","884",
"0500000US42013","Blair County, Pennsylvania","50558","548","2700","369","2107","340","2104","312","2291","338","2001","304","2252","309","2464","361","2493","322","1900","226","3935","361","4736","513","6823","552","5390","441","3155","368","3736","503","2471","313",
"0500000US42015","Bradford County, Pennsylvania","24610","272","1013","160","1121","145","912","153","990","184","1308","235","944","140","995","176","1002","175","1270","225","2139","252","2194","197","3254","332","2543","234","1724","193","1807","203","1394","160",
"0500000US42017","Bucks County, Pennsylvania","249187","727","7388","738","4262","522","4024","583","5400","567","4890","478","4950","493","5809","616","5958","570","6166","676","12744","958","20287","1399","26917","1444","25215","1336","22828","1183","34601","1403","57748","1716",
"0500000US42019","Butler County, Pennsylvania","80824","596","3402","377","1997","304","2473","409","2439","371","2122","302","2588","378","2543","289","2478","349","2321","342","5372","455","7170","553","9687","746","9204","674","7006","605","8795","591","11227","756",
"0500000US42021","Cambria County, Pennsylvania","55973","615","2842","328","3017","406","2462","339","2640","290","2993","381","2342","247","2608","382","2813","362","2184","280","4795","456","5438","416","7521","552","4838","388","3634","328","3177","312","2669","323",
"0500000US42023","Cameron County, Pennsylvania","2216","120","112","50","120","51","105","63","155","61","148","54","125","50","93","46","93","37","146","67","207","62","254","91","243","51","190","66","128","55","46","22","51","30",
"0500000US42025","Carbon County, Pennsylvania","27255","500","1267","272","967","364","1107","340","1233","257","920","199","942","241","1060","299","1392","255","1286","296","1967","315","2946","420","3602","380","2880","382","2139","302","1878","273","1669","347",
"0500000US42027","Centre County, Pennsylvania","59013","594","4037","536","2043","392","2227","417","1916","388","2005","330","2232","403","2255","359","2360","480","1956","329","3648","398","5042","502","6984","575","6253","572","4267","434","5312","439","6476","541",
"0500000US42029","Chester County, Pennsylvania","204774","936","4825","527","2811","490","3255","443","3834","515","4143","581","3739","598","4336","552","4120","485","4712","477","8392","703","13424","888","22071","1238","21228","1098","18408","1085","27697","1229","57779","1257",
"0500000US42031","Clarion County, Pennsylvania","15049","257","712","136","819","196","589","152","676","112","594","96","718","119","675","98","668","112","489","84","1322","151","1661","177","2005","193","1444","148","1032","135","964","140","681","98",
"0500000US42033","Clearfield County, Pennsylvania","32518","492","1510","256","1486","222","1352","261","1835","329","1197","215","1270","197","1465","283","1231","194","1468","247","2697","357","3513","314","5173","499","3219","398","1960","271","1778","257","1364","260",
"0500000US42035","Clinton County, Pennsylvania","15424","265","933","200","643","163","645","155","716","154","516","111","912","216","644","159","680","142","857","183","1086","208","1430","167","2063","252","1681","205","861","135","963","156","794","135",
"0500000US42037","Columbia County, Pennsylvania","26350","358","1320","268","1051","233","1316","216","1359","279","1176","212","1000","211","1202","246","1005","200","1093","268","1936","271","2646","345","3508","379","2657","286","1782","255","1884","252","1415","178",
"0500000US42039","Crawford County, Pennsylvania","33838","493","1526","218","1666","226","1549","272","1464","199","1766","269","1590","228","1540","187","1260","140","1499","225","2957","303","3566","315","5040","362","3212","262","2152","236","1715","203","1336","200",
"0500000US42041","Cumberland County, Pennsylvania","106427","704","3277","494","1994","347","2785","484","2481","522","3103","472","2736","410","3136","524","3683","542","3875","567","7250","674","10903","914","14432","952","12619","879","9865","777","11223","894","13065","776",
"0500000US42043","Dauphin County, Pennsylvania","121358","730","7743","739","3977","539","3261","460","3273","455","4371","629","3486","543","4207","565","4223","647","4288","599","7866","661","13074","969","17269","1241","12874","861","9246","725","10062","751","12138","1041",
"0500000US42045","Delaware County, Pennsylvania","216946","987","10162","954","6829","870","5160","637","6030","708","5623","688","6623","590","7031","699","6919","766","7331","804","12959","1053","17833","1033","26314","1180","20787","1010","16804","1093","21921","1169","38620","1351",
"0500000US42047","Elk County, Pennsylvania","13325","316","558","148","305","103","536","125","652","212","456","125","505","128","777","234","837","192","393","100","1120","195","1481","236","2185","298","1453","208","763","146","721","169","583","132",
"0500000US42049","Erie County, Pennsylvania","110587","821","6645","669","4772","464","4764","539","4956","590","4603","542","5033","556","5035","538","4314","466","4570","488","7868","649","10787","786","14679","835","10197","685","6418","607","8469","745","7477","657",
"0500000US42051","Fayette County, Pennsylvania","55182","708","3898","493","3510","473","2062","295","3069","366","2271","378","2591","404","2051","311","2249","302","2454","371","4172","470","5402","565","7280","660","4706","476","3604","460","3516","301","2347","373",
"0500000US42053","Forest County, Pennsylvania","1920","90","88","33","80","28","121","36","52","19","162","47","108","25","103","35","62","21","113","36","210","64","213","39","266","44","145","33","62","19","103","35","32","14",
"0500000US42055","Franklin County, Pennsylvania","63510","548","1961","345","1594","315","1625","284","1762","348","2022","296","2268","421","2637","445","2032","439","2965","462","4131","532","7834","688","9913","660","6763","707","5315","588","5647","609","5041","521",
"0500000US42057","Fulton County, Pennsylvania","6339","124","279","61","183","51","305","59","270","62","313","70","282","70","231","67","248","58","270","61","532","101","608","99","809","87","745","102","412","77","553","95","299","64",
"0500000US42059","Greene County, Pennsylvania","14324","234","724","175","586","132","552","151","696","157","540","127","668","210","653","157","482","143","533","134","1057","185","1289","219","1993","269","1530","217","1045","181","1286","233","690","137",
"0500000US42061","Huntingdon County, Pennsylvania","16341","342","658","136","611","136","578","107","853","140","681","120","639","156","694","113","848","146","582","90","1390","189","1694","183","2272","206","1821","141","969","88","1219","184","832","141",
"0500000US42063","Indiana County, Pennsylvania","32487","467","1868","291","1770","363","1139","235","2013","398","1322","259","1685","245","1509","287","1246","207","1167","188","2477","318","3424","366","4550","378","2764","297","1905","272","2126","260","1522","242",
"0500000US42065","Jefferson County, Pennsylvania","18344","206","1315","236","685","132","842","163","726","130","797","118","762","120","1036","158","731","137","960","160","1472","167","1939","173","2535","252","1635","159","1136","165","1029","117","744","130",
"0500000US42067","Juniata County, Pennsylvania","9025","164","316","83","283","106","332","97","297","70","280","69","340","81","350","64","573","116","491","151","743","126","1067","141","1196","154","1073","175","591","109","621","99","472","96",
"0500000US42069","Lackawanna County, Pennsylvania","88263","725","5083","515","4424","553","3545","429","3567","383","4138","568","3067","381","3496","410","3750","462","3096","381","5975","514","8929","771","11003","668","8215","596","6347","571","7275","543","6353","467",
"0500000US42071","Lancaster County, Pennsylvania","212748","813","6706","698","4868","661","4528","449","5431","545","6080","696","6489","672","6422","704","7494","700","7142","635","12997","829","22576","1389","30947","1351","25273","1255","18936","1167","22482","1114","24377","1127",
"0500000US42073","Lawrence County, Pennsylvania","36121","429","1373","254","1652","231","1669","332","1989","303","1567","254","1730","278","1751","311","1299","219","1492","274","3167","438","3398","355","4427","374","4071","440","2334","288","2367","317","1835","247",
"0500000US42075","Lebanon County, Pennsylvania","56712","463","2310","423","1181","231","1689","359","1992","374","1897","349","2533","379","1915","337","2292","435","2143","345","3630","497","5666","555","7933","631","6456","525","4852","612","5444","597","4779","432",
"0500000US42077","Lehigh County, Pennsylvania","144386","695","4778","522","4638","595","4534","574","4759","492","5044","576","5639","642","4726","647","5681","691","4721","588","9211","852","14373","1002","18666","1183","14465","886","10619","751","14610","912","17922","1053",
"0500000US42079","Luzerne County, Pennsylvania","135055","904","8241","708","6281","688","5285","573","5664","621","4685","451","6255","592","6492","670","5385","552","4940","521","10413","918","13094","962","17621","1075","12859","913","9412","668","8923","626","9505","640",
"0500000US42081","Lycoming County, Pennsylvania","46861","491","2193","365","1897","288","1991","378","2159","350","1864","327","1900","336","2333","347","1784","312","1808","317","4056","493","4935","459","6618","502","4471","447","2698","314","3740","464","2414","276",
"0500000US42083","McKean County, Pennsylvania","16369","264","744","150","699","143","657","172","768","156","697","142","636","139","842","166","660","132","647","140","1427","194","1759","243","2548","293","1625","211","1000","149","954","139","706","146",
"0500000US42085","Mercer County, Pennsylvania","46524","489","2420","318","2025","355","1835","266","2483","441","2421","344","2025","318","1852","253","2096","290","1987","241","4126","400","4502","419","5853","370","4550","450","2990","373","3216","389","2143","276",
"0500000US42087","Mifflin County, Pennsylvania","18510","399","612","159","686","185","867","223","863","173","750","175","810","140","1059","228","819","145","666","138","1417","235","2095","296","3175","394","1948","298","1139","214","1054","222","550","141",
"0500000US42089","Monroe County, Pennsylvania","61212","979","2530","442","1515","333","1669","345","2402","456","2018","380","2289","405","2109","409","2041","375","1993","372","3662","499","5595","580","8056","823","7510","685","5440","594","6284","662","6099","667",
"0500000US42091","Montgomery County, Pennsylvania","335505","932","10919","885","5862","593","5847","554","7229","626","7556","613","7421","619","8046","740","8112","712","7657","736","17080","1168","23501","1155","38210","1522","34727","1312","30142","1284","41744","1417","81452","1880",
"0500000US42093","Montour County, Pennsylvania","7862","155","379","141","244","101","386","150","240","81","204","100","229","97","371","124","390","115","115","50","488","140","836","182","1067","211","796","125","497","91","687","142","933","176",
"0500000US42095","Northampton County, Pennsylvania","122624","772","3989","584","2923","429","2748","472","3731","448","3357","416","4081","557","4034","493","3575","436","4595","513","7599","688","11410","963","15422","886","14164","899","11560","793","13796","991","15640","765",
"0500000US42097","Northumberland County, Pennsylvania","37886","421","1703","237","1661","372","1755","267","1850","270","1520","268","1978","278","1512","236","1324","183","1794","341","3600","385","3984","442","4803","395","3783","348","2349","284","2543","330","1727","266",
"0500000US42099","Perry County, Pennsylvania","18299","207","473","88","520","150","486","124","649","129","467","103","684","123","734","218","647","141","749","157","1396","152","1837","222","2679","272","2468","335","1432","188","1672","191","1406","274",
"0500000US42101","Philadelphia County, Pennsylvania","679428","2660","58035","2851","40890","2118","28734","2198","30388","1900","25567","1585","31279","1787","23741","1679","24096","1573","24493","1733","43201","1900","63463","2504","77756","2876","59868","2332","39348","1660","48240","2264","60329","2030",
"0500000US42103","Pike County, Pennsylvania","24262","601","897","222","592","179","837","338","589","148","847","236","646","179","787","201","726","193","761","217","1876","279","2550","381","3758","429","3008","388","1596","235","2213","349","2579","381",
"0500000US42105","Potter County, Pennsylvania","6992","154","249","48","306","72","263","53","339","77","400","75","422","75","343","63","373","76","300","70","530","65","722","73","986","100","697","112","433","85","366","69","263","40",
"0500000US42107","Schuylkill County, Pennsylvania","57988","731","2540","321","2251","299","2085","278","2942","520","2279","314","1981","244","2298","302","2392","335","2260","341","4226","409","6786","435","8621","659","5466","487","4303","414","4395","412","3163","350",
"0500000US42109","Snyder County, Pennsylvania","14600","241","445","101","352","123","579","176","637","152","700","155","575","130","562","133","625","136","801","160","1178","177","1753","187","2050","239","1582","197","882","142","978","169","901","122",
"0500000US42111","Somerset County, Pennsylvania","29344","423","1150","163","1204","209","1252","229","1557","213","1389","199","1213","147","1372","218","1601","295","1041","185","2554","307","2980","287","4133","364","3077","335","1895","193","1746","194","1180","201",
"0500000US42113","Sullivan County, Pennsylvania","2551","120","119","36","69","27","113","44","159","38","72","20","89","28","126","35","129","41","70","20","189","38","238","35","390","65","250","52","165","35","184","42","189","41",
"0500000US42115","Susquehanna County, Pennsylvania","15517","250","532","82","528","84","738","138","730","106","696","100","712","122","631","96","553","83","631","106","1010","110","1666","147","2134","176","1578","172","941","142","1162","144","1275","157",
"0500000US42117","Tioga County, Pennsylvania","16687","281","661","97","584","130","604","130","849","128","757","140","750","123","765","117","762","107","691","130","1326","153","1949","253","2319","221","1543","167","1237","164","952","118","938","167",
"0500000US42119","Union County, Pennsylvania","14546","327","476","182","425","135","449","143","507","155","708","210","402","163","633","180","664","205","454","145","938","190","1467","256","2048","324","1613","271","1279","227","1239","206","1244","200",
"0500000US42121","Venango County, Pennsylvania","21397","317","962","162","853","160","899","164","1170","194","1100","185","976","216","1017","196","999","188","922","155","1532","222","2264","264","3060","224","2212","265","1391","216","1356","202","684","97",
"0500000US42123","Warren County, Pennsylvania","16123","299","664","122","695","151","554","88","648","127","975","164","849","148","784","158","748","145","531","114","1535","186","1767","198","2390","262","1491","173","929","141","912","167","651","138",
"0500000US42125","Washington County, Pennsylvania","88505","781","3442","416","2998","436","2790","421","3276","370","2588","361","3077","448","3378","450","3352","463","3016","338","5854","558","8292","673","11694","749","9145","662","7224","647","8453","661","9926","709",
"0500000US42127","Wayne County, Pennsylvania","20877","475","1111","227","658","181","674","179","1091","237","960","256","886","155","861","185","834","188","904","257","2010","367","2018","247","2950","323","1890","259","1276","212","1435","204","1319","189",
"0500000US42129","Westmoreland County, Pennsylvania","154979","839","6702","615","5759","525","5475","556","6171","565","6110","653","5804","574","5514","493","5899","487","5854","595","10793","662","14247","852","20383","962","17103","974","10614","672","14481","865","14070","814",
"0500000US42131","Wyoming County, Pennsylvania","10912","217","344","82","388","71","394","124","500","95","400","90","350","67","361","87","614","144","320","76","863","138","1087","156","1643","176","1200","135","816","124","908","140","724","128",
"0500000US42133","York County, Pennsylvania","181583","763","6481","911","4152","545","4042","519","4854","576","5389","549","6040","616","7255","780","6257","594","5651","578","12187","897","17448","1157","26859","1352","22138","1033","15657","849","19169","1039","18004","976",
"0500000US44001","Bristol County, Rhode Island","20104","322","702","233","580","196","450","164","445","129","277","124","400","162","317","100","573","206","595","197","931","220","1099","242","2673","384","1975","331","1881","306","2382","323","4824","424",
"0500000US44003","Kent County, Rhode Island","72839","553","2734","566","2178","444","2357","414","1915","428","1980","376","1981","349","2196","388","2058","436","2117","456","4315","560","5790","624","8901","754","7417","731","7436","651","8417","733","11047","751",
"0500000US44005","Newport County, Rhode Island","36868","642","1295","266","1204","256","995","247","838","243","771","206","859","240","952","297","779","188","797","240","2053","381","2635","435","4649","506","3812","429","3431","434","4914","554","6884","584",
"0500000US44007","Providence County, Rhode Island","259210","1297","13540","1228","12890","1132","9686","1152","7546","727","7628","1053","8930","964","8035","985","8117","763","7848","762","16373","1218","24050","1478","33106","1441","26300","1471","20909","1141","26590","1193","27662","1405",
"0500000US44009","Washington County, Rhode Island","52549","710","2180","464","1108","262","1440","316","1391","285","1410","317","896","192","811","203","952","249","995","242","2522","413","4284","537","6067","595","6302","800","4713","470","6880","659","10598","749",
"0500000US45001","Abbeville County, South Carolina","9762","394","442","169","493","154","859","196","433","185","326","136","586","161","586","170","605","173","356","135","670","187","881","183","906","239","845","259","442","139","708","190","624","170",
"0500000US45003","Aiken County, South Carolina","69916","942","4066","581","3174","475","1931","327","2306","416","2577","420","2925","561","3137","605","2734","510","2746","464","4494","656","6666","853","9952","893","6940","629","4740","593","5444","587","6084","604",
"0500000US45005","Allendale County, South Carolina","3238","148","334","119","412","135","324","130","112","53","356","124","127","83","152","104","152","100","65","57","279","113","219","93","220","91","260","130","36","42","79","61","111","78",
"0500000US45007","Anderson County, South Carolina","83904","631","5511","553","2842","431","3248","452","3671","614","2932","435","3409","521","3622","531","3587","514","3524","506","5841","640","8403","694","11227","847","8267","655","5884","598","6193","626","5743","604",
"0500000US45009","Bamberg County, South Carolina","4644","250","533","179","517","125","240","93","232","106","219","96","128","63","236","92","250","151","204","116","511","192","285","104","441","125","369","126","210","113","214","92","55","35",
"0500000US45011","Barnwell County, South Carolina","8116","235","973","250","606","143","589","174","348","122","441","144","196","80","347","159","452","142","313","139","597","172","487","139","1013","243","620","135","525","151","264","113","345","129",
"0500000US45013","Beaufort County, South Carolina","82333","953","3009","613","1909","430","1790","545","2212","433","2145","432","2393","507","2523","510","2228","453","3145","533","5134","589","8699","892","11386","1028","8708","922","6630","784","7948","826","12474","975",
"0500000US45015","Berkeley County, South Carolina","93711","781","3648","552","2098","414","2266","439","2596","519","2949","467","2575","478","3239","547","2839","534","2746","415","6775","879","9769","962","14404","1018","11867","833","8097","746","9462","796","8381","678",
"0500000US45017","Calhoun County, South Carolina","6179","207","593","227","278","130","209","91","233","119","373","155","394","195","162","92","241","108","195","83","489","158","622","201","676","169","547","178","473","143","368","111","326","123",
"0500000US45019","Charleston County, South Carolina","178975","1483","9714","1038","4792","552","4466","631","5816","608","4604","688","5131","734","6018","994","5603","735","5640","840","11549","1047","15253","1193","20302","1229","17521","1303","14756","1157","17036","1123","30774","1464",
"0500000US45021","Cherokee County, South Carolina","22063","448","1820","373","1274","313","968","240","1217","275","1157","249","1058","221","1257","263","1193","274","1030","209","1561","271","2237","332","2870","347","1654","247","1025","211","979","199","763","194",
"0500000US45023","Chester County, South Carolina","13159","265","670","184","820","205","970","226","543","179","482","163","725","183","618","156","635","181","619","190","1331","240","1420","233","1892","290","955","229","570","144","530","163","379","124",
"0500000US45025","Chesterfield County, South Carolina","17534","406","1320","231","1191","253","1017","247","816","221","1164","245","732","194","984","225","822","216","885","215","1351","254","1592","282","1953","280","1408","254","771","186","1027","228","501","163",
"0500000US45027","Clarendon County, South Carolina","12356","320","786","185","915","198","681","199","737","174","798","223","430","134","579","152","501","145","484","146","996","220","1246","281","1437","222","1116","195","595","160","687","159","368","96",
"0500000US45029","Colleton County, South Carolina","16408","399","1094","282","946","276","1036","310","954","228","722","246","1141","327","694","241","582","134","764","189","1493","289","1469","333","1626","237","1469","327","871","232","666","167","881","233",
"0500000US45031","Darlington County, South Carolina","25561","414","2454","416","1164","235","1810","321","1435","286","1945","396","1057","269","1257","309","819","211","1062","301","1824","343","2388","433","2753","394","1441","307","1227","306","1366","243","1559","359",
"0500000US45033","Dillon County, South Carolina","10829","315","889","202","918","222","454","156","674","174","566","173","703","201","385","165","568","183","809","261","843","211","994","226","1025","212","944","242","347","151","419","173","291","138",
"0500000US45035","Dorchester County, South Carolina","63179","563","2636","504","1713","456","1223","329","1795","454","2520","556","1857","413","1957","451","2169","464","2243","604","5040","866","7189","859","8540","745","6657","645","4982","607","6827","743","5831","606",
"0500000US45037","Edgefield County, South Carolina","9768","275","758","165","570","167","450","139","312","125","399","147","430","144","432","155","204","80","202","94","603","175","658","226","1271","255","1172","264","762","178","997","242","548","160",
"0500000US45039","Fairfield County, South Carolina","8930","330","577","187","551","198","648","208","459","158","460","195","465","172","636","195","435","163","448","172","524","165","689","196","942","224","603","158","551","208","531","162","411","123",
"0500000US45041","Florence County, South Carolina","52856","752","4287","512","2637","395","2637","419","2511","484","2310","432","2573","320","1766","291","2404","428","2397","463","3380","480","4961","622","6637","657","4124","433","3344","503","3632","505","3256","442",
"0500000US45043","Georgetown County, South Carolina","27129","616","1323","294","973","216","1121","269","1117","320","901","215","665","144","1388","262","1040","265","1092","244","2258","346","3201","450","3378","467","2496","353","1480","291","1946","354","2750","325",
"0500000US45045","Greenville County, South Carolina","220565","1294","10018","896","6615","900","6107","878","7067","807","7104","744","8580","1052","8437","740","8650","746","7969","660","15145","1043","22198","1384","29339","1409","22249","1290","16047","1125","20591","1191","24449","1220",
"0500000US45047","Greenwood County, South Carolina","27884","487","1924","363","1595","425","1203","261","1910","373","1177","269","1125","261","1382","380","1661","401","1357","254","2106","354","2530","411","3374","447","2133","375","1838","380","1343","233","1226","253",
"0500000US45049","Hampton County, South Carolina","7225","230","690","184","533","158","265","110","432","130","410","138","450","139","444","149","428","145","195","87","625","220","608","165","944","207","592","179","227","82","278","120","104","48",
"0500000US45051","Horry County, South Carolina","158779","1593","8293","855","5193","599","5210","572","6653","677","7286","900","5821","749","7020","786","7427","952","6547","794","12682","1058","16085","1071","22671","1138","16844","1189","9805","721","10758","914","10484","896",
"0500000US45053","Jasper County, South Carolina","13118","354","1203","358","523","277","395","156","417","192","237","119","475","203","578","224","514","308","728","339","956","348","1563","355","1479","319","1555","363","706","229","1064","269","725","199",
"0500000US45055","Kershaw County, South Carolina","26897","357","1533","316","900","194","901","254","1019","245","1016","247","821","215","1114","247","1640","329","839","236","1859","290","2994","442","3847","447","2430","369","2125","412","2133","323","1726","304",
"0500000US45057","Lancaster County, South Carolina","40128","616","1639","431","1270","323","1535","336","1710","343","1420","348","1020","256","1584","384","1245","352","1648","336","2309","367","3429","484","5167","597","4534","674","3031","469","4162","645","4425","728",
"0500000US45059","Laurens County, South Carolina","26959","472","1631","351","1431","268","1437","345","1224","231","1149","269","1461","327","1238","324","1284","289","1021","287","2115","404","2927","486","3838","431","2415","351","1457","296","1311","262","1020","218",
"0500000US45061","Lee County, South Carolina","6351","223","547","155","447","144","453","160","484","162","397","186","333","147","303","97","221","81","407","94","503","145","632","140","783","224","406","125","183","76","199","70","53","26",
"0500000US45063","Lexington County, South Carolina","121964","765","5643","698","2978","439","3211","467","3610","526","4671","642","4185","505","3899","440","5055","638","4637","491","8804","776","12779","939","18076","1022","13656","894","9407","612","11045","844","10308","668",
"0500000US45065","McCormick County, South Carolina","4199","226","366","116","217","90","126","64","259","98","153","76","160","76","276","122","280","134","99","49","256","98","355","116","729","135","322","95","275","108","212","83","114","51",
"0500000US45067","Marion County, South Carolina","12177","376","1487","308","931","254","983","298","1000","307","553","179","1032","317","361","137","621","249","752","241","1165","286","939","219","915","265","612","195","334","118","158","82","334","149",
"0500000US45069","Marlboro County, South Carolina","9789","374","1080","195","1078","215","868","251","729","187","667","189","577","161","203","80","684","213","435","134","717","174","522","128","911","208","587","156","236","71","308","137","187","90",
"0500000US45071","Newberry County, South Carolina","15325","371","715","199","891","247","717","207","665","222","774","196","360","142","971","278","727","206","544","195","1023","245","2009","348","2059","285","1527","234","772","194","941","206","630","163",
"0500000US45073","Oconee County, South Carolina","34515","680","1902","321","1921","422","1468","328","1489","379","1524","316","1723","362","1105","250","1639","403","1427","324","2348","354","3245","473","4161","420","3236","577","2377","402","2257","300","2693","497",
"0500000US45075","Orangeburg County, South Carolina","33077","620","3424","537","2749","444","2126","365","1311","273","1932","367","1579","282","1618","362","1624","370","1563","372","2380","325","2721","398","3205","444","2501","449","1571","279","1634","318","1139","299",
"0500000US45077","Pickens County, South Carolina","52414","676","3505","680","2076","321","2538","402","2349","385","2591","488","2265","363","2213","395","2010","371","2243","446","3920","523","4984","587","6930","701","5229","590","3257","433","2784","380","3520","528",
"0500000US45079","Richland County, South Carolina","167961","1263","13257","1334","6484","757","5540","656","5814","910","6709","1062","7379","859","7035","898","6869","1068","7180","1072","13289","1262","15728","1103","21510","1469","14293","1129","8395","781","13550","1027","14929","1247",
"0500000US45081","Saluda County, South Carolina","7670","217","429","121","381","120","392","132","547","185","284","95","527","161","222","89","623","168","386","178","371","117","708","161","956","163","578","174","445","136","514","147","307","99",
"0500000US45083","Spartanburg County, South Carolina","131672","878","7345","751","4576","553","5017","599","4795","517","5073","582","5328","703","6094","704","5043","555","6055","756","11088","898","13077","936","18427","1223","12693","944","8929","770","9530","834","8602","774",
"0500000US45085","Sumter County, South Carolina","41083","635","3211","617","2613","488","1781","420","1687","311","1448","311","1903","375","2041","424","2222","436","1458","377","3201","425","4477","516","4533","586","3741","463","2270","385","2344","529","2153","375",
"0500000US45087","Union County, South Carolina","11611","284","913","215","844","171","829","188","943","210","711","209","721","194","674","192","595","164","397","122","589","139","889","218","1636","316","601","173","389","144","595","182","285","105",
"0500000US45089","Williamsburg County, South Carolina","12291","334","1743","309","952","249","683","189","633","206","472","223","667","160","430","153","435","130","752","183","1048","209","1353","325","1091","244","795","228","427","135","431","127","379","138",
"0500000US45091","York County, South Carolina","113785","854","4076","609","2424","408","2686","477","2950","564","3105","472","3585","578","3485","507","3628","552","3391","554","7343","802","10952","784","15391","1042","12652","930","9319","866","12978","882","15820","1083",
"0500000US46003","Aurora County, South Dakota","1064","66","22","16","28","16","41","16","62","30","53","29","20","12","51","27","28","14","30","14","91","34","139","40","177","48","122","29","90","29","67","18","43","22",
"0500000US46005","Beadle County, South Dakota","7536","234","483","148","347","145","288","109","212","111","228","98","316","132","230","146","271","116","438","131","570","179","685","181","1191","203","942","210","468","109","442","152","425","119",
"0500000US46007","Bennett County, South Dakota","920","92","144","73","71","42","23","16","18","19","72","44","23","18","24","18","36","30","23","24","48","27","131","57","135","50","119","59","20","17","22","19","11","13",
"0500000US46009","Bon Homme County, South Dakota","2418","99","70","33","108","34","103","55","83","31","132","56","100","36","153","60","101","42","96","41","190","47","232","55","380","65","313","79","110","34","150","54","97","32",
"0500000US46011","Brookings County, South Dakota","13798","279","465","166","516","175","531","195","663","204","352","167","429","158","669","216","507","129","569","181","1152","304","1452","281","1498","306","1743","301","1157","251","1286","260","809","145",
"0500000US46013","Brown County, South Dakota","16285","330","828","240","661","183","535","162","747","234","626","169","766","209","445","213","672","203","701","226","1091","290","1653","298","2238","291","1632","252","950","250","1523","247","1217","207",
"0500000US46015","Brule County, South Dakota","1955","100","82","50","96","45","70","50","79","45","102","48","75","36","32","22","82","46","107","48","91","32","183","56","207","61","329","76","105","35","168","53","147","58",
"0500000US46017","Buffalo County, South Dakota","508","54","84","39","70","28","30","18","10","12","7","8","6","8","2","3","36","25","19","20","39","24","62","34","48","25","54","31","12","12","10","11","19","14",
"0500000US46019","Butte County, South Dakota","4306","202","188","115","132","76","228","112","220","119","184","65","110","76","271","119","203","112","86","72","201","72","318","117","588","172","462","152","331","148","400","136","384","129",
"0500000US46021","Campbell County, South Dakota","754","55","16","16","24","18","47","20","42","27","17","10","13","9","15","13","52","26","57","33","63","25","43","19","85","31","105","39","65","32","55","25","55","25",
"0500000US46023","Charles Mix County, South Dakota","3032","85","178","46","212","72","129","45","106","34","125","49","109","34","96","40","89","28","150","44","219","60","289","71","447","84","280","62","154","44","259","64","190","46",
"0500000US46025","Clark County, South Dakota","1336","76","56","28","40","20","68","33","23","26","38","20","83","35","36","19","39","21","87","46","96","40","161","44","170","50","249","65","59","32","57","30","74","32",
"0500000US46027","Clay County, South Dakota","5547","215","701","222","250","131","180","93","229","160","189","98","134","106","207","105","232","110","277","158","491","134","406","125","717","200","541","169","290","108","350","98","353","101",
"0500000US46029","Codington County, South Dakota","12526","269","485","157","413","165","498","155","289","126","550","199","407","119","309","101","459","130","831","298","966","245","1246","243","1949","314","1780","283","914","189","835","185","595","161",
"0500000US46031","Corson County, South Dakota","1128","40","107","33","107","36","63","23","76","26","72","31","66","22","34","16","30","16","23","15","37","20","115","38","153","30","71","23","42","17","55","20","77","26",
"0500000US46033","Custer County, South Dakota","4451","167","200","116","118","75","161","71","239","119","87","55","79","62","146","99","161","96","117","73","304","118","342","118","799","168","460","143","370","143","460","143","408","148",
"0500000US46035","Davison County, South Dakota","8899","217","279","107","348","169","559","202","497","212","263","108","352","164","371","198","327","144","328","139","903","229","658","177","1481","359","800","219","549","141","700","204","484","149",
"0500000US46037","Day County, South Dakota","2371","104","99","38","145","51","47","23","80","43","99","40","103","35","99","34","131","61","113","44","221","49","120","34","331","59","243","54","172","58","163","72","205","59",
"0500000US46039","Deuel County, South Dakota","1754","95","45","27","89","37","52","29","94","46","56","26","48","27","54","29","53","35","43","24","85","29","147","42","382","87","162","39","183","62","173","55","88","33",
"0500000US46041","Dewey County, South Dakota","1692","53","164","51","112","38","54","21","81","33","97","45","87","35","94","35","61","40","52","30","100","38","211","66","167","51","166","43","55","24","145","44","46","23",
"0500000US46043","Douglas County, South Dakota","1138","60","65","48","28","16","47","23","35","29","19","13","61","33","31","25","42","33","34","18","54","27","80","29","153","44","158","45","101","35","117","36","113","37",
"0500000US46045","Edmunds County, South Dakota","1630","74","73","36","72","60","32","18","41","19","64","28","42","22","39","39","24","13","96","43","96","33","193","67","256","64","165","38","106","41","154","51","177","45",
"0500000US46047","Fall River County, South Dakota","3632","130","150","73","207","84","213","88","98","54","133","78","174","81","101","69","143","86","181","82","125","67","423","141","610","157","380","111","402","131","162","97","130","69",
"0500000US46049","Faulk County, South Dakota","862","67","37","26","61","52","45","28","51","36","18","14","40","22","32","16","55","28","41","27","60","36","57","40","123","38","56","25","57","26","62","23","67","32",
"0500000US46051","Grant County, South Dakota","3029","159","105","59","115","75","122","91","175","87","139","71","106","71","73","44","107","66","112","77","226","84","234","106","456","126","404","115","288","98","177","69","190","72",
"0500000US46053","Gregory County, South Dakota","1609","111","53","23","96","42","73","27","53","28","52","28","89","31","114","42","69","30","79","30","102","26","159","48","228","44","148","43","100","28","82","33","112","37",
"0500000US46055","Haakon County, South Dakota","687","74","44","43","7","10","23","20","19","21","15","13","38","23","0","10","38","21","13","14","119","50","64","33","95","47","57","28","19","19","92","58","44","22",
"0500000US46057","Hamlin County, South Dakota","2194","109","36","23","30","15","35","20","35","22","82","32","102","43","31","20","114","45","76","40","94","32","249","56","449","77","391","67","151","49","146","38","173","42",
"0500000US46059","Hand County, South Dakota","1405","96","32","21","46","22","27","17","116","43","51","32","70","34","35","18","64","41","57","25","95","39","113","40","194","65","129","43","159","62","114","45","103","35",
"0500000US46061","Hanson County, South Dakota","1132","55","22","11","18","11","42","25","19","15","29","19","50","31","29","15","27","16","78","35","67","25","149","38","123","34","157","40","124","37","114","30","84","24",
"0500000US46063","Harding County, South Dakota","498","62","2","3","25","19","8","8","7","9","15","15","7","8","21","22","8","7","27","17","30","13","77","36","96","31","74","35","22","13","30","16","49","19",
"0500000US46065","Hughes County, South Dakota","7253","208","368","139","156","101","108","68","167","113","298","139","333","169","215","93","438","156","171","104","450","146","569","170","1250","231","853","211","535","148","706","202","636","151",
"0500000US46067","Hutchinson County, South Dakota","2908","72","109","38","76","36","141","47","107","45","46","25","99","39","93","34","111","39","171","55","208","61","302","70","360","78","353","69","232","50","234","60","266","60",
"0500000US46069","Hyde County, South Dakota","503","60","19","13","8","8","1","2","12","14","47","32","24","18","2","4","22","17","49","30","44","26","29","18","49","25","65","28","29","20","74","43","29","20",
"0500000US46071","Jackson County, South Dakota","830","95","184","70","24","23","60","40","114","63","26","21","5","6","25","20","31","24","9","12","82","32","74","38","52","31","59","34","7","10","66","36","12","20",
"0500000US46073","Jerauld County, South Dakota","785","72","32","20","42","29","27","13","17","10","21","14","25","16","32","18","27","19","42","24","60","27","68","26","116","45","77","27","103","54","44","22","52","29",
"0500000US46075","Jones County, South Dakota","342","54","8","13","21","14","25","23","10","16","6","7","13","11","20","16","16","16","3","4","40","22","33","19","41","22","49","30","14","11","20","16","23","23",
"0500000US46077","Kingsbury County, South Dakota","2112","79","79","28","72","34","58","22","85","38","86","37","43","20","106","34","74","24","81","32","172","46","210","51","284","50","335","59","164","43","142","37","121","32",
"0500000US46079","Lake County, South Dakota","4716","171","157","83","80","41","235","102","285","115","204","116","75","57","137","73","235","114","132","49","281","110","456","122","637","141","619","138","407","107","344","116","432","107",
"0500000US46081","Lawrence County, South Dakota","12054","374","408","152","526","190","318","130","568","196","637","202","475","134","525","174","513","216","473","221","772","201","991","197","2004","334","1149","237","966","228","810","224","919","233",
"0500000US46083","Lincoln County, South Dakota","27879","265","609","244","309","158","311","133","523","166","442","175","648","264","838","237","905","283","890","247","1738","324","2390","350","4550","439","3826","496","2570","449","3628","448","3702","442",
"0500000US46085","Lyman County, South Dakota","1188","83","48","25","82","30","75","41","15","9","55","28","50","29","30","15","40","19","39","23","65","33","166","44","141","49","105","43","62","27","130","47","85","34",
"0500000US46087","McCook County, South Dakota","2221","84","66","31","45","24","56","27","79","25","26","15","73","26","78","41","76","33","71","29","113","39","246","65","408","70","309","53","171","40","188","35","216","49",
"0500000US46089","McPherson County, South Dakota","915","67","31","22","62","34","26","18","28","18","43","24","30","16","40","20","21","15","60","27","48","25","123","53","118","38","65","26","70","34","77","32","73","34",
"0500000US46091","Marshall County, South Dakota","1651","114","28","18","58","35","45","31","65","44","25","21","94","43","128","55","15","16","52","33","99","39","193","64","244","68","190","69","144","53","130","50","141","66",
"0500000US46093","Meade County, South Dakota","11968","425","401","132","140","85","355","139","258","123","294","105","447","237","464","213","361","148","629","177","1503","304","1153","247","1803","280","1158","260","999","245","1129","211","874","241",
"0500000US46095","Mellette County, South Dakota","641","62","83","37","29","23","4","5","13","14","30","23","77","45","25","22","19","21","19","15","81","46","71","39","70","44","31","23","0","10","30","20","59","38",
"0500000US46097","Miner County, South Dakota","932","56","59","28","20","12","62","27","14","7","7","6","32","21","21","16","28","17","36","17","36","23","125","41","181","42","116","44","84","37","45","25","66","32",
"0500000US46099","Minnehaha County, South Dakota","84814","560","2759","404","1950","352","2251","346","2505","402","3277","594","2940","502","3534","557","3336","502","3394","500","6395","639","9157","802","11303","741","9094","590","7276","569","7855","690","7788","641",
"0500000US46101","Moody County, South Dakota","2559","95","129","51","73","32","111","51","86","34","105","47","60","35","102","48","109","37","74","43","119","41","261","71","399","88","332","75","125","38","299","70","175","67",
"0500000US46102","Oglala Lakota County, South Dakota","2923","214","450","164","274","144","149","100","208","130","158","120","119","88","95","89","84","88","56","54","359","136","196","100","456","238","140","108","24","36","62","58","93","107",
"0500000US46103","Pennington County, South Dakota","46370","532","1951","313","1575","258","1373","268","1487","270","1610","326","1718","331","1778","340","1592","295","1657","296","4287","539","4306","556","7227","655","5262","601","3073","432","3352","393","4122","480",
"0500000US46105","Perkins County, South Dakota","1309","95","42","18","49","29","57","30","55","32","91","42","62","34","36","19","58","30","26","25","109","51","136","43","132","58","134","41","148","49","64","27","110","45",
"0500000US46107","Potter County, South Dakota","1066","75","16","9","51","28","40","19","42","28","24","13","33","23","39","25","50","30","64","33","104","38","80","23","218","49","92","38","69","27","68","38","76","30",
"0500000US46109","Roberts County, South Dakota","3625","100","173","40","104","33","196","56","117","38","118","41","172","46","147","40","180","50","150","46","272","63","435","70","542","89","308","67","232","50","274","57","205","56",
"0500000US46111","Sanborn County, South Dakota","946","61","28","20","43","21","48","28","33","22","16","11","38","26","24","15","36","18","8","8","76","38","104","39","153","40","146","54","74","28","57","23","62","19",
"0500000US46115","Spink County, South Dakota","2486","103","68","30","79","34","77","27","103","32","110","39","100","34","89","38","100","44","60","32","274","88","248","64","365","76","348","85","149","48","130","42","186","50",
"0500000US46117","Stanley County, South Dakota","1290","100","12","19","0","10","58","50","52","40","49","43","97","57","36","27","13","20","102","69","92","53","97","45","156","63","103","63","184","69","183","88","56","28",
"0500000US46119","Sully County, South Dakota","637","60","17","15","27","17","26","15","15","10","13","12","6","6","8","6","10","8","51","25","58","28","103","38","67","21","66","23","61","21","60","25","49","16",
"0500000US46121","Todd County, South Dakota","2544","70","427","119","225","90","170","66","210","85","54","47","26","21","116","89","111","58","85","64","306","119","250","85","185","81","64","40","109","57","147","103","59","46",
"0500000US46123","Tripp County, South Dakota","2258","128","41","32","157","74","91","57","218","81","78","46","70","56","126","77","95","54","99","55","186","78","190","78","312","100","189","76","175","77","108","54","123","68",
"0500000US46125","Turner County, South Dakota","3568","84","97","35","111","43","138","41","131","37","94","34","127","36","205","73","160","43","98","37","225","51","369","68","599","108","428","77","309","97","295","72","182","48",
"0500000US46127","Union County, South Dakota","7310","118","375","133","96","51","124","68","217","108","140","55","96","47","203","91","384","154","241","86","445","112","607","159","1215","242","801","200","589","132","817","181","960","231",
"0500000US46129","Walworth County, South Dakota","2415","125","107","46","59","44","133","73","106","63","121","67","85","38","69","53","178","100","61","32","224","86","268","108","326","111","215","75","238","116","106","57","119","61",
"0500000US46135","Yankton County, South Dakota","9695","258","408","137","315","128","232","148","314","149","308","133","419","148","308","149","418","156","359","129","790","205","1102","254","1406","269","1145","251","929","239","643","168","599","172",
"0500000US46137","Ziebach County, South Dakota","735","26","94","30","25","17","42","21","46","24","22","16","31","18","35","18","33","17","27","16","55","23","53","24","105","36","12","11","43","21","23","19","89","35",
"0500000US47001","Anderson County, Tennessee","32755","523","1737","278","1585","315","1225","308","1308","282","907","184","1392","307","1242","311","1375","356","1672","387","2315","387","3285","547","3959","473","3593","464","2269","410","2468","349","2423","315",
"0500000US47003","Bedford County, Tennessee","19505","302","739","207","726","267","490","192","721","239","910","313","894","282","610","202","922","296","878","260","1365","322","2463","439","3205","490","2060","339","1274","326","968","271","1280","276",
"0500000US47005","Benton County, Tennessee","7121","272","453","153","330","123","439","116","267","103","367","133","428","118","518","145","380","135","280","124","533","139","901","214","938","204","543","152","231","94","331","115","182","91",
"0500000US47007","Bledsoe County, Tennessee","4858","149","277","100","284","156","414","141","244","120","154","65","287","116","243","107","162","78","198","101","342","124","692","195","506","159","405","145","207","104","289","154","154","75",
"0500000US47009","Blount County, Tennessee","55522","683","1871","346","1337","283","1315","273","1905","334","1672","319","1668","333","2046","361","2092","443","2207","406","4433","517","6131","601","8562","674","6178","711","5000","681","4245","529","4860","587",
"0500000US47011","Bradley County, Tennessee","42596","464","2004","313","1660","309","1762","363","1844","371","1766","416","1963","408","1738","355","1687","333","1674","336","2846","441","4678","586","6464","656","4460","486","3079","454","2421","400","2550","379",
"0500000US47013","Campbell County, Tennessee","17186","413","957","257","1261","236","1096","249","1074","196","824","224","743","175","851","250","1035","271","481","133","1376","260","1675","276","2358","367","1397","299","789","264","630","192","639","234",
"0500000US47015","Cannon County, Tennessee","5776","159","369","123","398","142","317","125","222","113","95","59","324","99","232","127","281","133","184","77","505","135","561","152","732","162","653","168","407","121","227","104","269","129",
"0500000US47017","Carroll County, Tennessee","11541","306","715","186","593","167","884","238","600","129","359","89","779","183","620","162","391","106","595","168","989","203","939","169","1711","256","713","181","600","158","575","179","478","175",
"0500000US47019","Carter County, Tennessee","24425","463","1621","263","1395","277","1748","340","1367","285","1144","299","1195","268","1461","333","1394","286","857","223","2162","346","2068","294","3107","383","2025","284","1140","212","1098","227","643","127",
"0500000US47021","Cheatham County, Tennessee","16279","308","552","200","298","122","461","215","508","237","398","166","294","106","652","195","645","206","573","168","974","225","1388","271","2420","390","2335","361","1614","276","1950","268","1217","207",
"0500000US47023","Chester County, Tennessee","6430","217","443","142","247","110","318","114","442","176","363","170","322","117","267","190","264","107","248","125","330","123","811","283","741","188","487","152","581","224","228","120","338","134",
"0500000US47025","Claiborne County, Tennessee","13724","363","924","213","1051","260","681","169","737","197","784","248","688","184","554","142","790","217","764","268","983","204","1449","256","1537","262","1004","253","603","214","612","193","563","203",
"0500000US47027","Clay County, Tennessee","3486","181","275","115","356","141","320","130","185","82","176","83","188","125","245","112","75","46","75","61","349","118","191","74","443","147","347","130","142","87","103","72","16","20",
"0500000US47029","Cocke County, Tennessee","15509","442","811","222","847","235","950","270","1415","320","1326","276","559","197","747","197","787","249","568","169","1310","242","1446","286","1885","392","1417","311","438","153","563","181","440","158",
"0500000US47031","Coffee County, Tennessee","23097","453","1066","296","941","269","1020","267","920","229","972","267","1069","291","1161","229","1329","334","1015","334","1828","358","2954","482","3457","420","1731","303","1486","318","1236","254","912","206",
"0500000US47033","Crockett County, Tennessee","5508","139","216","79","250","102","391","173","267","78","230","118","258","86","229","81","166","66","265","92","372","96","642","158","793","177","578","116","260","101","427","111","164","58",
"0500000US47035","Cumberland County, Tennessee","28195","410","1690","313","1127","308","964","248","1031","304","1124","252","1135","238","1493","316","1443","285","1638","353","2370","397","3545","431","4191","436","2869","399","1214","240","1271","241","1090","202",
"0500000US47037","Davidson County, Tennessee","324907","1705","18149","1278","9550","974","7512","884","9570","1083","8928","1080","10880","1136","10784","1092","13346","1174","12398","1148","23571","1436","32478","1697","42135","1948","32106","1517","24356","1387","27506","1217","41638","1474",
"0500000US47039","Decatur County, Tennessee","4568","215","384","116","406","138","191","95","181","66","191","73","293","107","312","130","317","107","161","84","326","86","373","94","607","136","327","95","178","73","176","72","145","66",
"0500000US47041","DeKalb County, Tennessee","8652","250","525","182","478","179","413","136","615","222","412","149","464","184","287","92","414","230","466","185","555","178","871","219","1132","237","669","221","604","258","467","161","280","101",
"0500000US47043","Dickson County, Tennessee","21757","407","762","217","768","219","750","218","483","145","444","108","623","208","680","212","925","248","798","266","1928","355","2717","420","3486","515","2425","307","1411","248","1840","356","1717","292",
"0500000US47045","Dyer County, Tennessee","14769","384","876","225","973","317","671","219","866","272","535","211","475","154","463","182","645","189","609","242","1657","433","1630","420","1678","306","1263","336","906","259","775","230","747","251",
"0500000US47047","Fayette County, Tennessee","17210","288","659","170","639","177","541","179","578","211","564","182","541","189","622","168","573","174","616","151","918","211","1254","211","2232","265","2337","384","1427","255","1862","247","1847","228",
"0500000US47049","Fentress County, Tennessee","7831","258","489","140","767","211","482","164","340","105","519","169","432","157","339","113","154","68","263","109","1064","249","730","197","1180","269","498","192","321","137","97","47","156","91",
"0500000US47051","Franklin County, Tennessee","17445","368","886","247","578","173","677","185","651","158","954","273","651","214","874","209","959","273","793","217","1303","272","2171","388","1983","276","1524","242","1138","220","1340","273","963","197",
"0500000US47053","Gibson County, Tennessee","20360","396","1083","251","1316","306","672","179","1071","273","681","222","786","210","712","168","993","256","851","225","1408","262","2734","387","2496","339","2242","367","1196","347","1104","271","1015","226",
"0500000US47055","Giles County, Tennessee","12058","374","707","175","358","127","630","203","490","169","424","143","722","186","455","126","580","165","615","169","881","173","1197","241","1331","277","971","215","703","187","1243","270","751","157",
"0500000US47057","Grainger County, Tennessee","9660","277","680","188","456","127","743","194","491","153","531","187","670","173","297","119","426","127","462","148","945","196","766","202","1077","239","751","173","540","119","428","141","397","114",
"0500000US47059","Greene County, Tennessee","28400","568","1335","283","1792","452","1594","356","1386","317","1445","382","1385","350","1340","342","1332","346","1143","230","2266","387","2932","449","3991","486","2261","342","1461","231","1587","334","1150","225",
"0500000US47061","Grundy County, Tennessee","5161","163","303","139","328","127","262","81","232","87","217","87","429","147","294","79","397","119","183","86","680","183","598","148","480","129","269","86","210","78","132","56","147","74",
"0500000US47063","Hamblen County, Tennessee","26146","362","1966","452","1191","353","1347","354","1257","236","1001","257","1647","401","1353","354","1280","340","861","270","2022","396","2139","421","3711","519","2154","390","1617","306","1296","360","1304","269",
"0500000US47065","Hamilton County, Tennessee","154181","1015","7004","770","6165","674","4567","505","5235","729","4698","529","5436","621","6038","787","6063","866","5715","646","10260","743","14946","1055","19329","1130","17541","1021","10622","628","12905","929","17657","963",
"0500000US47067","Hancock County, Tennessee","2828","135","317","88","379","116","206","80","136","75","151","85","227","107","143","60","127","75","80","47","138","57","249","110","252","117","195","88","113","73","70","53","45","44",
"0500000US47069","Hardeman County, Tennessee","9110","338","730","197","598","184","470","143","457","143","423","166","467","161","645","210","650","157","527","166","726","202","833","183","1030","217","606","164","250","111","495","178","203","100",
"0500000US47071","Hardin County, Tennessee","11001","312","671","180","1039","272","655","247","462","144","647","195","436","141","449","139","465","166","685","202","946","233","1002","213","1156","242","1017","288","414","164","560","170","397","115",
"0500000US47073","Hawkins County, Tennessee","23567","457","1396","294","1075","275","1383","390","1172","227","966","231","1022","243","1285","291","945","284","1122","308","1934","313","2860","387","3123","437","2220","329","763","160","1408","360","893","254",
"0500000US47075","Haywood County, Tennessee","7167","228","424","147","741","219","455","164","239","104","344","120","300","112","231","108","479","150","332","122","624","148","731","170","705","195","702","196","337","113","249","106","274","99",
"0500000US47077","Henderson County, Tennessee","10920","325","664","188","799","216","541","175","521","201","635","205","517","183","562","175","257","125","449","172","1142","274","826","173","1391","335","970","236","669","230","532","166","445","160",
"0500000US47079","Henry County, Tennessee","13452","342","765","142","560","137","1081","228","775","176","629","160","881","216","709","222","739","233","485","138","1344","250","1184","182","1520","239","1015","196","646","219","621","172","498","117",
"0500000US47081","Hickman County, Tennessee","9435","262","378","151","338","130","245","104","407","141","313","117","396","167","198","91","582","178","447","180","870","224","1082","252","1623","323","1027","216","536","176","510","172","483","156",
"0500000US47083","Houston County, Tennessee","3353","104","143","60","169","66","122","55","82","47","135","65","95","50","97","50","186","74","129","59","546","161","236","72","597","153","340","107","244","99","99","60","133","65",
"0500000US47085","Humphreys County, Tennessee","7241","301","399","185","194","116","279","110","452","157","426","188","203","73","316","143","432","187","326","164","560","183","556","167","1145","235","731","178","379","156","474","155","369","139",
"0500000US47087","Jackson County, Tennessee","4795","198","357","110","347","124","316","127","268","132","303","142","183","75","290","100","277","123","127","58","290","103","366","100","491","151","407","152","398","147","228","98","147","71",
"0500000US47089","Jefferson County, Tennessee","21817","574","534","169","739","244","891","269","774","265","1227","337","886","252","1332","282","768","186","978","284","1681","313","2362","441","3075","425","2563","435","1589","376","1110","265","1308","331",
"0500000US47091","Johnson County, Tennessee","7298","327","490","172","468","143","252","111","349","121","376","122","422","163","445","159","244","88","387","167","593","193","710","200","985","200","655","172","329","126","358","177","235","85",
"0500000US47093","Knox County, Tennessee","201146","1077","9862","697","6909","798","6126","688","7273","697","7221","764","7723","839","7537","785","8223","765","7607","860","13390","777","19667","1252","25972","1172","20658","1144","14600","1055","16714","911","21664","1093",
"0500000US47095","Lake County, Tennessee","2067","121","319","118","292","88","95","61","236","89","110","60","120","59","87","49","98","61","38","36","117","59","120","64","119","48","124","62","74","42","74","65","44","33",
"0500000US47097","Lauderdale County, Tennessee","9325","241","709","162","884","227","464","126","473","158","374","129","686","167","384","131","388","159","310","108","698","169","855","180","1190","218","748","153","423","137","448","135","291","135",
"0500000US47099","Lawrence County, Tennessee","16991","264","989","247","977","289","840","206","1015","263","730","178","892","263","784","219","729","185","657","137","1455","254","1506","246","2219","365","1819","284","839","202","960","205","580","146",
"0500000US47101","Lewis County, Tennessee","5387","265","347","207","315","164","490","191","254","135","78","74","203","121","232","128","325","192","154","105","500","207","390","166","703","247","558","189","426","165","250","125","162","105",
"0500000US47103","Lincoln County, Tennessee","14849","301","983","265","653","174","695","219","529","182","515","152","625","216","612","195","755","221","465","184","905","232","1828","343","1785","299","1564","305","908","306","1130","255","897","198",
"0500000US47105","Loudon County, Tennessee","24056","382","796","252","679","248","448","176","726","242","809","246","931","259","970","290","684","188","1020","257","1544","327","2194","369","3393","536","3172","471","2166","373","1842","322","2682","358",
"0500000US47107","McMinn County, Tennessee","21218","419","878","219","1245","293","831","180","796","187","1023","255","787","216","986","226","1200","261","1130","269","1586","315","2225","364","2839","401","1835","303","1176","234","1544","349","1137","248",
"0500000US47109","McNairy County, Tennessee","9939","311","438","138","585","175","580","173","431","122","589","167","810","233","461","134","387","105","383","123","795","168","909","173","1372","267","908","197","469","129","500","149","322","110",
"0500000US47111","Macon County, Tennessee","9421","305","435","153","393","186","414","194","527","182","308","132","574","209","375","230","463","195","517","155","798","253","1128","251","1310","335","861","258","381","135","527","196","410","144",
"0500000US47113","Madison County, Tennessee","40153","486","2625","412","2457","416","1548","339","1687","403","1926","386","1626","316","1615","337","1721","397","1568","346","3290","493","3935","594","5115","629","3931","496","2553","423","2361","409","2195","326",
"0500000US47115","Marion County, Tennessee","11869","315","580","153","740","198","422","132","662","186","582","142","545","185","473","139","476","149","454","138","848","190","1244","231","1645","266","1217","206","538","146","895","250","548","158",
"0500000US47117","Marshall County, Tennessee","13622","293","463","211","465","152","523","217","427","160","492","164","419","163","1025","289","619","219","420","142","1050","233","1226","236","1914","341","1695","292","885","213","976","274","1023","286",
"0500000US47119","Maury County, Tennessee","42306","653","2272","460","1072","284","1465","350","1410","408","1433","400","1082","264","1502","340","1658","387","1600","327","3242","575","4159","430","6237","645","4885","595","2909","469","3980","485","3400","501",
"0500000US47121","Meigs County, Tennessee","5235","263","275","112","325","140","340","112","380","113","192","87","93","59","116","51","244","106","125","68","456","153","661","194","686","173","331","113","304","131","426","126","281","119",
"0500000US47123","Monroe County, Tennessee","19714","319","880","186","1343","363","1220","298","1320","350","959","295","796","235","819","234","788","213","745","201","1491","321","1554","299","3041","466","2174","374","1020","225","883","203","681","213",
"0500000US47125","Montgomery County, Tennessee","87759","746","4433","646","2150","444","1978","403","2210","494","2755","448","3015","516","2811","460","3728","585","3529","479","6772","921","10177","996","13968","1153","9902","1041","7556","728","7366","817","5409","699",
"0500000US47127","Moore County, Tennessee","2739","132","114","62","82","52","55","35","125","70","188","98","145","75","71","53","85","62","74","57","307","138","267","116","334","123","348","126","168","104","227","95","149","90",
"0500000US47129","Morgan County, Tennessee","7188","264","274","105","486","150","354","146","371","148","151","73","311","139","221","88","135","57","402","195","587","174","776","177","1260","228","692","186","372","161","480","179","316","143",
"0500000US47131","Obion County, Tennessee","12527","289","844","197","892","235","577","143","549","152","708","170","670","203","709","160","511","143","365","109","1123","213","1100","197","1841","249","1193","171","457","114","538","171","450","103",
"0500000US47133","Overton County, Tennessee","9071","261","523","183","669","214","543","202","542","152","573","197","460","113","483","178","528","173","289","85","629","152","803","192","1076","203","608","137","291","89","498","129","556","186",
"0500000US47135","Perry County, Tennessee","3610","264","202","112","144","59","284","137","129","63","221","106","110","71","132","56","270","125","183","88","200","91","338","135","478","175","379","145","282","93","143","85","115","65",
"0500000US47137","Pickett County, Tennessee","2167","161","229","103","158","63","113","53","108","58","140","65","87","46","29","35","117","66","125","75","195","85","207","85","244","80","133","56","133","76","125","76","24","22",
"0500000US47139","Polk County, Tennessee","7424","253","467","136","522","187","286","123","354","95","421","164","302","101","272","118","271","120","152","71","546","124","769","182","974","252","746","195","467","131","341","131","534","154",
"0500000US47141","Putnam County, Tennessee","33601","441","2530","457","1496","367","1705","388","1849","436","956","284","1423","294","1690","375","1514","347","1228","278","2726","435","3091","362","4305","564","3133","424","2051","351","1980","358","1924","356",
"0500000US47143","Rhea County, Tennessee","13475","364","829","338","1050","326","496","172","597","245","544","184","383","109","554","191","711","213","590","208","1651","379","1606","370","1527","320","991","270","658","212","741","217","547","192",
"0500000US47145","Roane County, Tennessee","22790","383","990","223","1033","251","807","212","1059","355","743","195","848","247","869","223","885","236","1217","291","1412","278","2005","353","2865","392","2537","397","2228","390","1554","276","1738","280",
"0500000US47147","Robertson County, Tennessee","28255","273","915","225","695","213","647","194","560","166","812","229","978","261","1146","303","972","200","1004","247","2397","345","2439","383","4862","589","3470","448","2524","408","2592","343","2242","369",
"0500000US47149","Rutherford County, Tennessee","129431","1019","3479","566","2591","397","2579","461","3112","635","3168","652","3534","514","3650","593","5074","620","5200","924","10147","1070","13593","1098","19610","1110","15048","1025","12598","1058","14323","1122","11725","836",
"0500000US47151","Scott County, Tennessee","8755","259","701","197","800","221","474","168","692","221","475","164","502","128","410","160","351","117","339","143","947","280","650","173","1054","246","472","154","474","178","256","101","158","66",
"0500000US47153","Sequatchie County, Tennessee","6194","213","539","202","367","147","321","160","329","155","121","62","286","124","288","124","202","117","195","96","520","155","883","193","728","190","581","181","256","106","253","111","325","108",
"0500000US47155","Sevier County, Tennessee","40344","762","1711","385","1591","355","2177","511","1435","279","1901","331","1738","328","1724","345","1823","353","2048","361","3260","445","3967","451","5716","620","3697","570","2625","459","2443","404","2488","521",
"0500000US47157","Shelby County, Tennessee","362741","1701","26361","1323","15545","1353","13057","1058","15771","1267","14323","1234","14599","1171","14463","1170","16808","1295","14194","1280","26413","1353","34671","1755","41180","1994","31287","1774","22779","1261","26274","1305","35016","1573",
"0500000US47159","Smith County, Tennessee","7932","182","374","142","208","93","284","103","308","108","307","123","165","82","348","130","377","130","374","120","796","165","844","200","1096","184","848","174","533","121","589","122","481","127",
"0500000US47161","Stewart County, Tennessee","5323","214","457","129","220","86","282","97","175","76","218","84","191","84","84","42","91","51","320","120","504","150","592","135","671","146","607","137","379","117","238","79","294","115",
"0500000US47163","Sullivan County, Tennessee","68907","781","3259","480","3213","476","3051","483","4129","680","3275","517","3408","513","3017","349","3398","467","2861","482","5310","645","6332","611","8813","820","6159","566","3740","560","4534","539","4408","482",
"0500000US47165","Sumner County, Tennessee","78582","621","2528","458","1607","430","1949","411","2734","547","1898","400","2569","499","2637","517","2347","385","2393","427","4799","596","6613","828","11458","968","10440","672","6733","645","8445","671","9432","713",
"0500000US47167","Tipton County, Tennessee","22660","382","1363","272","916","273","879","235","532","151","597","205","979","257","708","210","945","247","727","170","1554","323","2351","401","3225","407","2425","353","1659","311","2403","489","1397","266",
"0500000US47169","Trousdale County, Tennessee","3700","150","164","105","65","60","256","137","95","85","84","72","152","106","214","123","112","92","111","96","430","183","331","167","539","200","529","212","253","99","172","103","193","114",
"0500000US47171","Unicoi County, Tennessee","7795","275","598","202","259","113","479","191","539","182","253","126","369","156","230","105","625","196","361","178","676","260","679","193","894","197","567","160","478","171","456","164","332","137",
"0500000US47173","Union County, Tennessee","7931","288","361","150","338","144","634","193","347","99","219","86","429","168","335","119","348","111","355","135","356","120","920","210","1231","193","644","195","510","197","565","210","339","164",
"0500000US47175","Van Buren County, Tennessee","2569","119","167","76","93","39","132","62","101","55","192","95","138","90","133","61","141","79","107","66","149","76","335","104","248","75","262","126","137","79","184","99","50","40",
"0500000US47177","Warren County, Tennessee","16203","438","868","257","847","199","637","190","846","203","817","196","932","242","582","145","736","217","865","236","1689","314","1838","369","2161","328","1197","247","753","171","817","260","618","165",
"0500000US47179","Washington County, Tennessee","56759","569","2878","472","3126","555","2312","416","2870","636","2114","411","2474","382","2432","413","2467","397","2450","481","4212","543","5871","716","7286","653","4683","520","3517","444","4109","600","3958","511",
"0500000US47181","Wayne County, Tennessee","5982","217","475","166","419","124","438","163","348","119","284","125","247","102","126","77","281","115","273","125","648","196","381","112","860","222","387","104","206","96","368","111","241","108",
"0500000US47183","Weakley County, Tennessee","13384","318","1001","245","561","144","692","169","774","200","783","199","642","173","711","228","591","191","664","193","1054","276","1428","281","1725","282","986","197","584","150","767","201","421","143",
"0500000US47185","White County, Tennessee","11226","277","367","118","604","199","737","219","494","156","556","169","580","196","651","203","743","240","461","211","871","214","1206","287","1724","345","1010","202","528","149","336","125","358","128",
"0500000US47187","Williamson County, Tennessee","92214","804","2138","449","1052","300","919","246","1537","526","1369","366","1245","284","1487","361","1919","420","2102","453","3503","537","6650","705","9370","847","9183","823","8339","728","12905","1105","28496","1266",
"0500000US47189","Wilson County, Tennessee","59139","562","2471","411","1115","344","914","298","1602","291","1319","366","1374","318","1112","235","1516","314","2082","446","3393","509","6120","629","7885","816","7095","659","5527","746","7342","769","8272","748",
"0500000US48001","Anderson County, Texas","17579","486","1136","296","484","174","788","237","853","249","978","361","893","357","640","327","734","260","940","295","1044","296","2096","466","2252","359","1654","347","1221","320","1120","364","746","222",
"0500000US48003","Andrews County, Texas","6844","148","536","237","156","106","490","269","102","47","206","111","152","102","218","115","125","84","279","156","331","172","993","303","698","248","745","210","334","153","812","240","667","236",
"0500000US48005","Angelina County, Texas","32271","440","1922","361","1323","330","1127","240","1917","375","1600","389","1305","320","1406","341","1456","302","1493","322","2356","396","2897","410","4893","599","2630","465","2284","510","1876","364","1786","348",
"0500000US48007","Aransas County, Texas","12478","428","942","299","437","184","372","165","502","186","563","229","593","238","599","251","516","250","292","161","704","195","1186","315","1767","495","1321","348","777","211","604","195","1303","305",
"0500000US48009","Archer County, Texas","3468","111","155","58","132","66","50","33","110","58","183","75","60","38","186","73","204","75","146","72","233","66","308","73","385","92","417","82","310","88","272","82","317","92",
"0500000US48011","Armstrong County, Texas","767","67","7","8","18","12","6","8","61","34","20","18","6","6","24","16","40","34","48","30","76","35","82","48","97","45","97","35","105","38","62","30","18","14",
"0500000US48013","Atascosa County, Texas","16786","467","1087","235","868","289","905","259","614","168","571","186","675","199","569","179","742","208","546","222","901","257","1502","399","2371","423","1772","341","1271","290","1237","317","1155","267",
"0500000US48015","Austin County, Texas","12128","350","577","178","463","199","425","207","432","152","336","143","536","181","537","195","402","180","272","109","1171","283","866","191","1375","308","1409","293","766","164","1293","287","1268","283",
"0500000US48017","Bailey County, Texas","2209","247","138","85","215","123","76","75","109","90","48","48","83","61","136","86","166","120","48","39","48","45","251","119","141","92","404","197","110","68","131","82","105","92",
"0500000US48019","Bandera County, Texas","9255","309","562","178","294","179","190","121","240","122","480","210","348","173","349","181","454","167","254","125","543","171","855","219","1356","296","1207","260","636","201","695","218","792","230",
"0500000US48021","Bastrop County, Texas","36868","521","1259","337","808","300","828","283","1227","365","883","315","1280","335","1431","306","1461","350","1264","475","2336","485","3375","514","5080","839","4144","657","3347","521","4296","558","3849","619",
"0500000US48023","Baylor County, Texas","1530","109","91","62","112","58","77","43","107","66","68","43","95","49","126","57","85","58","70","44","90","57","153","59","192","73","66","36","62","58","42","35","94","41",
"0500000US48025","Bee County, Texas","8807","317","748","289","763","365","251","115","368","129","567","204","259","131","317","181","255","145","303","177","781","340","865","247","1211","290","802","239","419","178","450","143","448","161",
"0500000US48027","Bell County, Texas","142305","954","7996","805","5184","634","4838","754","5177","662","5429","706","5756","844","6039","867","5469","720","5827","684","10386","854","15872","1108","21146","1178","14010","1095","9975","1020","10134","807","9067","818",
"0500000US48029","Bexar County, Texas","750939","2459","40409","2113","26267","1557","24419","1362","25163","1446","27437","1551","30852","1894","28158","1828","26615","1420","29130","1975","54203","2322","76155","2562","100056","3397","71773","2379","53567","2129","64535","2367","72200","2294",
"0500000US48031","Blanco County, Texas","5166","218","162","84","172","135","137","70","171","100","98","48","169","86","133","68","319","141","186","115","292","107","375","110","659","168","469","126","525","157","685","203","614","163",
"0500000US48033","Borden County, Texas","243","43","15","16","15","15","0","15","4","5","0","15","21","26","1","2","5","5","23","21","14","11","32","25","31","17","21","11","4","5","35","24","22","17",
"0500000US48035","Bosque County, Texas","7496","216","375","107","145","64","375","109","235","86","280","81","246","75","362","134","333","98","352","99","521","102","945","204","1150","175","629","131","482","133","555","139","511","124",
"0500000US48037","Bowie County, Texas","35073","498","2423","373","1769","346","1764","471","2121","413","1323","261","1307","223","1559","355","1536","324","1276","339","2511","375","3599","488","4453","413","2667","427","2134","405","2344","348","2287","414",
"0500000US48039","Brazoria County, Texas","133898","1160","4477","641","2278","444","3007","592","3103","556","3173","582","3630","569","3669","553","4413","611","3511","546","7821","790","11368","1031","17575","1262","14817","1198","11500","1143","17493","1378","22063","1539",
"0500000US48041","Brazos County, Texas","91087","1012","9280","852","4673","724","3240","487","3930","616","4351","546","3618","551","3833","641","3503","476","3908","530","6000","598","7035","731","10283","929","7179","727","5927","716","6094","626","8233","662",
"0500000US48043","Brewster County, Texas","4951","177","126","91","312","133","179","112","316","175","180","115","191","111","241","144","158","93","511","172","397","212","362","172","557","213","741","237","344","156","170","97","166","97",
"0500000US48045","Briscoe County, Texas","553","74","58","34","51","36","56","31","16","17","15","11","20","20","28","15","32","36","5","5","41","18","42","19","65","46","21","13","10","13","55","24","38","18",
"0500000US48047","Brooks County, Texas","2977","260","339","248","280","150","31","32","140","107","233","141","98","93","45","62","234","133","135","110","90","68","233","146","161","86","623","344","57","53","141","116","137","93",
"0500000US48049","Brown County, Texas","14972","381","853","219","718","184","1017","282","572","154","803","200","749","232","641","155","745","204","612","162","1092","186","1618","299","1803","343","1483","272","667","158","1060","244","539","162",
"0500000US48051","Burleson County, Texas","7900","218","385","136","318","135","112","64","259","117","210","100","446","205","418","142","393","134","351","161","502","163","804","207","1228","287","825","203","428","131","669","179","552","166",
"0500000US48053","Burnet County, Texas","20969","478","768","182","624","183","443","132","622","196","459","131","552","185","800","224","653","163","874","274","1963","395","2218","310","2848","390","2498","358","1492","289","1909","368","2246","321",
"0500000US48055","Caldwell County, Texas","16647","240","654","234","458","175","248","93","520","220","962","269","810","260","671","237","700","236","610","242","1346","296","1974","312","2750","374","1602","321","1158","312","1042","262","1142","223",
"0500000US48057","Calhoun County, Texas","8670","462","454","372","326","182","65","55","114","58","187","100","336","198","568","280","183","137","245","109","848","375","804","225","1387","353","558","214","884","220","1065","283","646","179",
"0500000US48059","Callahan County, Texas","5239","264","218","88","128","72","130","52","178","69","102","50","318","142","155","90","229","123","301","133","289","143","649","220","678","210","887","186","383","142","373","140","221","97",
"0500000US48061","Cameron County, Texas","138433","877","9900","847","9130","848","8405","910","7062","714","6666","743","6789","849","6723","793","6050","732","6093","855","8984","816","14036","1134","17007","1005","10922","886","7333","687","7855","738","5478","545",
"0500000US48063","Camp County, Texas","4817","248","130","76","367","145","237","105","284","120","120","71","286","132","162","94","277","146","215","125","399","156","318","118","506","141","556","159","454","161","242","114","264","98",
"0500000US48065","Carson County, Texas","2293","113","59","44","37","34","112","65","84","60","144","71","84","47","70","52","77","45","29","25","117","62","189","68","417","116","239","72","176","74","224","85","235","83",
"0500000US48067","Cass County, Texas","11805","313","998","243","856","255","429","147","343","97","722","206","637","187","725","226","530","139","363","146","784","169","1347","257","1135","254","1120","225","510","157","786","173","520","172",
"0500000US48069","Castro County, Texas","2413","136","203","98","125","55","146","81","85","45","20","20","212","103","115","95","172","90","53","33","240","124","117","63","254","87","261","128","72","32","222","81","116","58",
"0500000US48071","Chambers County, Texas","17229","420","465","195","693","307","804","321","363","186","436","197","302","141","148","84","240","144","155","121","1023","418","1169","340","2388","477","1934","452","1581","407","2491","570","3037","464",
"0500000US48073","Cherokee County, Texas","18185","453","1461","343","532","202","826","233","774","207","775","210","732","181","699","227","1161","255","619","175","1343","350","2015","366","2011","352","1697","357","1114","225","1389","332","1037","312",
"0500000US48075","Childress County, Texas","1838","196","144","90","59","60","175","109","60","60","86","71","5","8","217","124","69","47","36","37","96","92","159","111","217","139","174","90","106","63","59","38","176","92",
"0500000US48077","Clay County, Texas","4289","157","182","64","156","78","91","43","78","48","195","87","175","67","88","43","194","84","78","33","361","101","426","104","506","112","595","124","454","124","349","95","361","105",
"0500000US48079","Cochran County, Texas","922","64","92","35","51","26","46","30","60","30","76","35","54","30","57","34","23","20","45","24","100","62","76","41","95","28","44","21","29","23","53","24","21","15",
"0500000US48081","Coke County, Texas","1594","95","94","52","111","55","69","39","128","57","112","55","143","69","75","39","79","38","60","55","125","58","158","56","201","64","44","27","47","27","59","27","89","33",
"0500000US48083","Coleman County, Texas","3343","247","188","82","169","90","354","126","157","90","140","76","244","116","111","58","119","57","246","99","183","98","437","149","357","120","253","117","99","67","144","71","142","67",
"0500000US48085","Collin County, Texas","416646","1382","12797","1034","4925","590","5857","903","6851","864","7582","819","7570","890","8640","918","10067","1028","8764","755","18232","1251","31589","1951","48775","2075","42306","1735","37787","1824","58734","2154","106170","2860",
"0500000US48087","Collingsworth County, Texas","975","94","28","37","27","24","30","27","20","19","69","40","30","21","21","18","62","46","77","53","102","59","117","58","165","58","54","34","65","41","65","35","43","29",
"0500000US48089","Colorado County, Texas","7937","335","391","136","261","119","343","157","268","134","267","107","205","89","406","177","254","135","465","190","722","222","679","207","840","217","798","209","493","167","865","271","680","188",
"0500000US48091","Comal County, Texas","71354","807","2281","492","1271","268","1718","407","1677","341","1230","305","2274","502","1562","376","2119","435","1761","413","5154","821","5335","740","8584","888","8588","720","6132","715","8355","851","13313","818",
"0500000US48093","Comanche County, Texas","5355","212","302","117","218","91","250","91","299","105","212","87","217","89","319","99","251","99","172","85","441","127","455","130","753","155","415","120","527","145","285","97","239","87",
"0500000US48095","Concho County, Texas","814","86","39","27","42","25","24","21","32","27","46","33","31","24","51","33","21","17","30","21","64","43","91","39","125","57","131","62","37","28","38","21","12","11",
"0500000US48097","Cooke County, Texas","16528","353","595","202","617","181","510","153","510","160","638","197","523","182","672","198","622","284","615","190","1580","339","1482","290","2221","341","1394","261","1211","217","1611","293","1727","320",
"0500000US48099","Coryell County, Texas","26986","500","974","225","870","259","920","274","1233","276","967","224","1012","273","1118","240","1055","210","992","274","2157","396","3134","456","4511","513","2886","432","1608","336","2073","324","1476","276",
"0500000US48101","Cottle County, Texas","577","96","88","60","20","26","67","47","12","15","22","21","14","23","36","23","0","15","16","22","15","16","81","46","89","45","22","21","18","18","33","27","44","29",
"0500000US48103","Crane County, Texas","1632","109","29","37","24","34","41","41","18","27","226","166","94","81","124","93","43","50","15","28","156","119","243","86","146","64","106","86","106","89","187","98","74","59",
"0500000US48105","Crockett County, Texas","1225","177","163","129","15","24","42","55","0","15","0","15","0","15","165","141","0","15","21","37","34","92","112","102","148","144","172","111","215","170","138","141","0","15",
"0500000US48107","Crosby County, Texas","1929","101","108","47","89","51","103","42","114","48","73","36","116","43","105","48","90","46","128","44","175","52","165","68","317","62","138","46","70","31","72","37","66","36",
"0500000US48109","Culberson County, Texas","868","208","29","34","55","55","91","73","16","25","99","105","23","38","54","54","0","15","43","70","47","36","171","72","58","59","123","92","15","23","27","32","17","23",
"0500000US48111","Dallam County, Texas","2586","195","52","56","92","89","43","33","191","157","109","109","11","11","132","108","69","65","129","79","168","122","478","212","627","207","186","139","171","130","101","63","27","23",
"0500000US48113","Dallas County, Texas","982737","2364","46763","2066","31913","1915","24558","1657","31596","1723","31121","1514","32760","1737","35641","1954","36037","1739","37301","1978","70995","2990","103441","2966","130151","3416","98540","2635","68048","2349","83266","2933","120606","2207",
"0500000US48115","Dawson County, Texas","4043","207","272","103","254","112","367","139","158","91","323","143","184","111","102","63","104","57","135","89","200","90","345","158","614","165","348","124","149","73","275","113","213","96",
"0500000US48117","Deaf Smith County, Texas","6051","187","322","128","299","149","142","72","270","127","212","87","280","146","363","155","428","197","176","111","451","189","841","231","685","203","554","216","424","162","303","120","301","118",
"0500000US48119","Delta County, Texas","2173","106","141","81","34","26","144","92","206","93","24","17","113","78","49","29","104","84","33","28","127","66","208","76","336","121","148","61","261","107","180","79","65","37",
"0500000US48121","Denton County, Texas","360392","1242","10440","1020","5499","686","4998","701","6164","836","6605","660","8109","819","8337","932","9314","859","8958","889","18011","1196","29605","1741","44447","2050","40972","1682","31451","1445","47328","1932","80154","1992",
"0500000US48123","DeWitt County, Texas","6921","244","489","152","378","111","243","89","427","177","412","138","245","97","274","101","192","78","210","106","472","173","717","160","1117","228","706","146","238","101","338","115","463","103",
"0500000US48125","Dickens County, Texas","727","83","26","14","48","28","41","21","54","26","31","25","41","21","41","23","35","19","59","33","60","27","63","25","52","23","59","27","32","17","62","28","23","15",
"0500000US48127","Dimmit County, Texas","2998","185","406","167","404","182","236","148","117","82","119","94","82","40","166","143","134","109","134","146","94","72","284","120","56","39","346","172","103","74","153","123","164","163",
"0500000US48129","Donley County, Texas","1180","103","68","52","52","31","55","35","64","37","35","26","44","31","43","36","84","46","69","40","98","54","117","46","177","74","147","65","45","30","35","26","47","25",
"0500000US48131","Duval County, Texas","3053","170","272","125","370","180","83","47","163","83","237","107","64","36","142","89","66","46","183","101","206","143","353","166","388","198","122","72","223","128","86","71","95","62",
"0500000US48133","Eastland County, Texas","7236","307","405","158","298","92","377","167","503","169","377","153","410","161","320","114","245","86","291","138","719","183","609","158","849","184","651","186","575","193","291","131","316","125",
"0500000US48135","Ector County, Texas","64563","626","4985","903","2728","628","1717","368","2228","555","2048","604","2228","420","1998","549","2990","711","2136","465","5149","786","5603","828","8411","916","6940","839","4046","612","5781","777","5575","843",
"0500000US48137","Edwards County, Texas","404","118","5","9","96","83","15","22","19","19","8","13","31","47","26","23","16","19","1","7","62","50","25","26","46","38","20","27","25","31","0","15","9","14",
"0500000US48139","Ellis County, Texas","71759","597","1854","342","1319","330","1128","266","1478","303","2556","522","1797","374","2017","364","1889","414","2376","480","4053","507","6367","634","9180","887","9138","779","6586","674","10851","873","9170","762",
"0500000US48141","El Paso County, Texas","299637","1051","21039","1346","15716","1205","13270","939","13843","989","13668","1122","13333","1028","12692","1107","12010","992","11580","970","23112","1543","31563","1524","38825","1872","25832","1473","17060","1126","18985","1384","17109","1176",
"0500000US48143","Erath County, Texas","16816","347","1495","319","567","157","574","181","739","225","654","189","693","229","692","235","551","147","722","187","1178","221","1423","313","2344","353","1758","265","1237","251","957","198","1232","224",
"0500000US48145","Falls County, Texas","6344","219","489","165","311","112","347","127","194","85","370","174","378","152","257","96","289","148","170","82","556","251","607","186","894","220","378","105","282","95","476","129","346","97",
"0500000US48147","Fannin County, Texas","12767","333","550","179","497","148","401","130","619","151","611","174","421","144","362","113","515","153","613","172","785","168","1327","268","1745","249","1051","201","1019","277","1029","210","1222","236",
"0500000US48149","Fayette County, Texas","10403","310","705","197","220","88","340","126","224","75","423","115","438","176","381","124","317","145","354","139","777","207","945","192","1666","232","967","202","902","175","782","165","962","155",
"0500000US48151","Fisher County, Texas","1564","98","111","36","65","32","58","26","45","26","46","26","23","15","75","35","58","31","55","31","139","44","300","70","171","44","207","68","68","32","88","30","55","30",
"0500000US48153","Floyd County, Texas","1952","115","140","67","129","79","145","66","53","31","40","34","91","56","106","47","136","68","38","29","122","68","195","78","169","64","181","73","89","45","208","83","110","70",
"0500000US48155","Foard County, Texas","437","76","33","32","18","23","21","21","0","15","59","43","16","18","18","17","23","20","9","14","19","19","52","33","15","15","57","50","24","22","8","11","65","32",
"0500000US48157","Fort Bend County, Texas","292713","1417","10435","1091","4154","727","4601","706","5554","672","5633","798","5916","881","5907","597","8443","1043","7665","1038","13593","1089","22346","1513","34705","2120","29981","1837","27520","1781","41795","2259","64465","2218",
"0500000US48159","Franklin County, Texas","3897","211","80","59","256","115","58","56","90","62","84","50","190","93","208","102","194","105","185","111","257","101","453","154","530","142","344","105","206","98","222","83","540","171",
"0500000US48161","Freestone County, Texas","7090","295","468","174","356","142","225","91","199","81","447","126","345","120","402","121","210","74","194","79","702","166","608","196","1006","211","445","144","385","118","586","153","512","145",
"0500000US48163","Frio County, Texas","5437","254","581","217","420","202","133","82","218","97","125","96","162","99","60","49","257","192","366","173","150","68","821","234","631","215","899","321","284","124","240","129","90","74",
"0500000US48165","Gaines County, Texas","6929","234","228","141","235","140","139","110","325","155","351","169","288","159","158","126","158","116","378","208","721","243","529","208","937","284","746","238","311","154","773","248","652","223",
"0500000US48167","Galveston County, Texas","140660","969","7212","712","4808","647","4651","641","3937","538","4816","548","3998","633","3841","594","4926","851","4064","553","8310","820","11145","750","16855","1089","13717","966","11013","927","16842","1190","20525","1170",
"0500000US48169","Garza County, Texas","1463","176","40","33","60","55","61","58","73","68","98","101","50","51","194","112","135","85","43","40","80","59","145","81","107","74","214","104","25","25","97","54","41","36",
"0500000US48171","Gillespie County, Texas","11513","437","481","172","490","163","260","127","347","222","274","161","451","211","400","129","558","235","301","157","1026","307","1083","229","1303","293","863","221","937","228","1159","237","1580","313",
"0500000US48173","Glasscock County, Texas","460","70","4","6","2","4","14","22","38","39","57","45","0","15","27","36","19","19","4","5","0","15","14","17","48","31","46","28","61","43","51","43","75","35",
"0500000US48175","Goliad County, Texas","2811","172","229","96","221","105","70","35","102","66","62","53","136","87","165","108","146","82","31","32","263","116","213","93","306","98","231","105","196","90","214","85","226","98",
"0500000US48177","Gonzales County, Texas","7926","216","591","158","567","247","360","174","340","134","280","115","404","179","257","121","358","160","241","124","709","237","752","156","1181","283","593","186","480","164","569","167","244","120",
"0500000US48179","Gray County, Texas","7991","253","384","142","402","114","200","80","482","152","452","132","530","162","348","102","362","143","451","137","395","138","838","221","872","161","435","138","835","278","521","163","484","159",
"0500000US48181","Grayson County, Texas","55248","772","1963","400","1858","347","1863","335","1434","283","2611","518","1703","285","2375","464","2837","490","1998","426","3931","489","6207","724","7494","738","5464","676","3733","479","5160","509","4617","491",
"0500000US48183","Gregg County, Texas","48277","534","2498","455","1743","370","1732","342","2168","394","2286","396","1576","362","2026","413","2133","419","1648","324","3991","548","4904","651","6635","736","4644","596","3518","489","3792","604","2983","414",
"0500000US48185","Grimes County, Texas","10255","451","569","213","299","184","291","110","503","235","539","193","180","89","319","141","481","197","337","124","802","279","1222","325","1330","254","1337","361","523","148","864","234","659","208",
"0500000US48187","Guadalupe County, Texas","65424","593","2330","504","1549","382","1135","286","1579","308","1640","382","2055","535","1803","464","1931","416","2005","383","3946","557","6439","716","8641","723","7660","693","6326","626","9106","751","7279","668",
"0500000US48189","Hale County, Texas","11024","281","638","201","829","215","551","220","660","220","475","184","482","162","587","155","607","255","488","173","859","231","1242","245","1395","213","582","188","561","148","689","191","379","150",
"0500000US48191","Hall County, Texas","1169","106","88","44","51","28","84","39","39","22","125","52","74","38","66","44","23","20","61","29","79","41","129","58","160","42","44","31","25","17","50","37","71","43",
"0500000US48193","Hamilton County, Texas","3120","186","119","52","175","92","252","93","156","76","98","47","271","129","109","80","138","53","140","66","154","81","177","81","453","127","323","114","170","69","205","70","180","58",
"0500000US48195","Hansford County, Texas","1858","107","115","69","71","54","64","49","42","31","39","25","83","47","45","38","59","42","60","36","194","78","221","88","259","110","191","75","188","73","87","58","140","64",
"0500000US48197","Hardeman County, Texas","1230","122","75","49","49","35","53","36","40","30","47","30","62","41","91","64","37","19","44","29","87","52","99","43","194","72","99","40","88","50","132","60","33","33",
"0500000US48199","Hardin County, Texas","22222","494","743","247","919","314","919","357","662","235","904","303","801","276","783","220","849","265","801","257","1261","295","2354","365","2775","409","2299","409","1676","364","2434","402","2042","322",
"0500000US48201","Harris County, Texas","1757164","3293","96273","3186","58485","2767","50981","2337","64041","2405","59058","2165","68309","2883","65828","3026","65818","2139","60916","2970","120819","3408","168231","4353","218962","5228","162901","3773","119768","3235","151799","4371","224975","4015",
"0500000US48203","Harrison County, Texas","26287","462","1708","329","1074","348","1146","298","1150","302","1321","296","1179","281","1145","322","824","264","775","210","1302","300","3281","463","3532","518","2551","409","1566","331","2304","384","1429","262",
"0500000US48205","Hartley County, Texas","1633","116","19","39","6","11","68","71","27","29","21","22","52","50","18","24","68","74","97","79","314","105","109","55","251","98","194","82","90","58","147","79","152","77",
"0500000US48207","Haskell County, Texas","2123","138","94","47","107","37","148","80","44","22","96","41","96","43","97","50","107","50","163","66","98","32","224","82","316","95","102","52","212","96","71","34","148","50",
"0500000US48209","Hays County, Texas","99849","744","5468","688","2090","567","2106","516","2336","547","3287","599","3448","773","3475","623","2789","623","3096","488","5947","854","8397","980","12634","1033","11766","1154","7443","899","10333","970","15234","1043",
"0500000US48211","Hemphill County, Texas","1476","100","21","16","66","69","55","46","104","57","189","100","19","21","21","21","49","43","88","52","96","61","114","58","149","71","124","65","159","74","149","76","73","42",
"0500000US48213","Henderson County, Texas","33575","572","1965","333","1462","330","1382","271","1418","265","1401","238","1135","248","1233","223","1710","300","1357","303","2473","344","3387","465","4459","553","3245","471","2153","306","2748","410","2047","386",
"0500000US48215","Hidalgo County, Texas","270210","1465","19089","1161","17469","1258","14990","1217","16173","1269","13426","1134","12503","971","12513","1154","10162","982","10383","916","19219","1367","25706","1341","33339","1704","21871","1366","15970","1111","14518","1095","12879","898",
"0500000US48217","Hill County, Texas","13767","320","839","176","484","141","532","136","850","217","495","134","507","95","589","129","549","162","631","153","962","175","1592","229","1618","216","1644","242","803","137","887","160","785","164",
"0500000US48219","Hockley County, Texas","7915","252","424","108","261","86","334","111","326","122","291","98","510","147","433","135","451","158","340","122","429","115","757","164","828","174","951","183","482","140","509","142","589","125",
"0500000US48221","Hood County, Texas","25523","526","1087","275","530","164","725","215","520","234","717","217","1165","263","775","186","898","272","833","209","1639","306","2160","292","3383","397","3288","429","2369","394","2371","368","3063","412",
"0500000US48223","Hopkins County, Texas","14002","297","683","156","591","167","383","106","576","162","499","127","682","177","573","175","495","146","658","156","935","200","1414","232","2009","310","1380","232","1111","238","1055","198","958","188",
"0500000US48225","Houston County, Texas","7983","266","551","169","356","132","461","170","490","145","386","130","376","139","426","136","191","90","336","142","648","189","683","156","860","172","722","157","506","140","534","133","457","181",
"0500000US48227","Howard County, Texas","12191","351","644","185","463","137","493","157","542","211","569","171","285","94","474","162","612","189","404","139","628","173","1537","307","1591","245","1109","210","668","203","1158","203","1014","177",
"0500000US48229","Hudspeth County, Texas","842","60","38","30","94","64","26","15","44","34","104","62","28","24","44","35","21","21","50","51","97","44","137","63","28","22","54","34","20","20","28","30","29","25",
"0500000US48231","Hunt County, Texas","38466","518","1727","348","1120","258","1083","306","1360","319","1291","272","1602","363","1978","421","1945","402","1040","237","2726","391","4178","583","5475","651","3861","450","3003","403","3253","416","2824","373",
"0500000US48233","Hutchinson County, Texas","7000","307","326","95","320","124","188","80","342","117","329","136","240","107","364","167","292","125","273","86","495","137","594","173","659","160","816","169","703","189","667","172","392","130",
"0500000US48235","Irion County, Texas","588","70","25","16","7","11","26","21","9","9","18","15","54","32","9","9","45","35","0","15","61","43","47","33","108","57","22","20","35","20","28","33","94","47",
"0500000US48237","Jack County, Texas","2986","142","192","99","88","51","200","104","85","49","145","78","63","36","135","62","156","106","104","67","213","95","341","149","351","112","199","69","189","93","318","106","207","66",
"0500000US48239","Jackson County, Texas","6028","227","275","140","219","93","253","130","378","221","264","156","183","129","216","143","232","115","173","99","491","223","641","226","651","211","602","201","438","152","713","233","299","120",
"0500000US48241","Jasper County, Texas","13845","362","577","184","682","215","1134","279","716","236","1066","305","399","165","671","253","390","125","642","250","865","190","1336","285","1778","370","1318","287","824","179","873","242","574","196",
"0500000US48243","Jeff Davis County, Texas","966","175","66","61","146","113","24","23","54","83","69","62","51","48","11","14","6","10","18","24","46","33","78","57","50","39","98","73","77","65","59","48","113","83",
"0500000US48245","Jefferson County, Texas","94807","949","6571","665","4863","587","4197","531","4353","490","3669","482","3560","466","4236","566","4075","612","4342","649","7518","705","8820","842","10485","956","8730","694","5621","555","7502","747","6265","628",
"0500000US48247","Jim Hogg County, Texas","1279","195","105","71","106","85","93","70","87","73","12","17","91","73","27","26","174","104","106","82","57","50","156","82","22","20","111","60","37","34","45","40","50","50",
"0500000US48249","Jim Wells County, Texas","13279","412","1078","303","1115","325","314","136","939","273","837","227","472","173","410","192","635","258","728","347","657","203","1351","336","1220","287","1294","369","986","279","523","170","720","201",
"0500000US48251","Johnson County, Texas","65507","638","2841","509","1791","419","1786","383","1428","305","1587","349","2054","497","2133","457","2941","526","2021","320","4454","630","6051","704","9420","839","6582","715","5613","716","8024","597","6781","657",
"0500000US48253","Jones County, Texas","5915","227","332","106","256","132","338","170","204","96","199","96","226","80","134","68","260","106","470","208","555","168","620","144","851","210","481","117","279","98","438","159","272","111",
"0500000US48255","Karnes County, Texas","4730","249","309","136","473","206","232","138","223","109","243","135","150","98","138","64","292","161","51","57","244","103","364","182","516","209","657","206","125","76","236","111","477","112",
"0500000US48257","Kaufman County, Texas","50990","602","2018","426","906","253","1403","428","865","298","1414","378","1682","452","1603","381","1649","356","1350","324","3097","498","4814","653","7323","821","6650","725","4388","586","6907","716","4921","544",
"0500000US48259","Kendall County, Texas","17741","415","722","247","333","167","199","150","152","127","513","206","518","250","468","153","661","220","347","152","1059","302","1178","254","1860","365","1624","332","1717","376","2102","357","4288","487",
"0500000US48261","Kenedy County, Texas","55","33","0","15","7","11","0","15","2","3","0","15","7","12","20","24","0","15","0","15","4","4","0","15","2","3","5","8","0","15","8","13","0","15",
"0500000US48263","Kent County, Texas","308","69","11","10","27","26","1","3","22","17","5","6","24","34","10","11","0","15","25","21","5","4","62","44","46","28","7","8","37","23","15","13","11","10",
"0500000US48265","Kerr County, Texas","22615","529","947","219","647","193","1038","278","695","226","646","200","719","205","927","221","1110","252","1246","310","1772","326","2389","372","2490","314","2279","388","2519","406","1336","265","1855","319",
"0500000US48267","Kimble County, Texas","2041","177","69","42","129","67","21","18","201","111","77","51","130","68","15","17","107","70","50","44","64","39","209","84","279","107","305","117","164","79","99","52","122","78",
"0500000US48269","King County, Texas","111","43","15","15","13","15","0","15","0","15","6","11","0","15","9","8","0","15","21","20","0","15","8","9","16","21","9","10","9","15","2","2","3","3",
"0500000US48271","Kinney County, Texas","1152","150","25","41","18","13","93","76","77","79","59","52","52","41","30","39","0","15","24","29","114","86","212","121","282","135","0","15","34","36","91","83","41","61",
"0500000US48273","Kleberg County, Texas","11853","393","1156","300","587","211","546","277","459","220","769","329","404","171","348","170","357","122","432","176","621","246","1393","463","1397","299","1425","346","866","303","679","193","414","153",
"0500000US48275","Knox County, Texas","1246","80","58","29","90","43","53","26","63","25","66","33","39","21","46","23","29","23","37","19","160","57","145","63","176","55","90","35","117","37","51","27","26","12",
"0500000US48277","Lamar County, Texas","20019","451","1510","323","1016","336","1176","246","1168","264","724","225","812","221","552","176","768","200","706","202","1315","290","1680","348","2541","352","1835","329","1405","352","1594","359","1217","299",
"0500000US48279","Lamb County, Texas","4677","179","204","89","409","125","154","59","194","74","230","83","105","56","202","81","240","96","181","69","376","112","621","152","697","133","286","113","389","133","191","76","198","76",
"0500000US48281","Lampasas County, Texas","8390","252","256","93","280","116","148","62","232","92","338","138","391","127","229","96","185","83","299","125","697","155","777","183","1066","211","993","209","693","146","977","199","829","248",
"0500000US48283","La Salle County, Texas","1647","226","126","96","72","52","45","42","65","58","105","58","41","44","125","103","81","60","0","21","211","108","127","76","119","98","228","123","70","55","216","130","16","21",
"0500000US48285","Lavaca County, Texas","8476","261","329","107","329","114","352","110","398","126","361","144","457","154","354","102","428","143","351","151","694","154","747","157","1002","192","618","154","507","142","1024","213","525","130",
"0500000US48287","Lee County, Texas","6984","265","274","137","356","175","209","135","327","137","241","126","228","95","161","102","298","168","230","138","475","196","625","213","846","204","1138","329","499","181","563","176","514","193",
"0500000US48289","Leon County, Texas","6741","334","538","212","198","107","314","124","400","132","318","122","262","156","233","96","202","90","330","157","481","143","746","182","798","186","786","220","354","147","399","134","382","166",
"0500000US48291","Liberty County, Texas","31183","769","1551","422","1410","409","1414","404","1033","359","1091","293","1381","396","961","288","1439","439","1327","416","2587","459","2733","410","4297","639","2638","475","2151","510","2583","511","2587","532",
"0500000US48293","Limestone County, Texas","8389","289","459","130","440","129","379","119","322","123","391","118","359","119","472","150","295","118","402","125","585","165","1415","250","844","179","648","151","524","137","392","120","462","137",
"0500000US48295","Lipscomb County, Texas","1025","77","69","46","43","19","47","24","20","18","20","16","34","20","40","24","18","14","36","17","76","33","130","40","157","51","107","42","107","44","41","19","80","22",
"0500000US48297","Live Oak County, Texas","4358","218","316","140","328","137","206","111","161","91","200","98","220","147","148","102","139","62","180","118","306","114","540","132","492","153","284","88","324","122","237","94","277","141",
"0500000US48299","Llano County, Texas","10765","426","264","101","281","119","812","209","415","167","426","125","569","204","359","122","384","155","630","218","682","187","909","171","1182","232","1208","271","738","193","626","175","1280","219",
"0500000US48301","Loving County, Texas","27","29","0","15","2","2","0","15","2","3","0","15","0","15","0","15","0","15","0","15","19","27","0","15","0","15","0","15","0","15","3","4","1","2",
"0500000US48303","Lubbock County, Texas","126225","983","8881","971","5127","598","5036","698","5280","681","5269","625","5315","646","5162","627","5572","671","4964","672","9129","753","11236","674","16289","928","12286","945","7671","790","8565","639","10443","809",
"0500000US48305","Lynn County, Texas","2099","96","124","52","88","42","74","39","40","26","63","33","88","45","68","32","107","45","59","34","166","63","191","72","305","80","225","66","153","60","135","38","213","50",
"0500000US48307","McCulloch County, Texas","3297","205","112","68","285","134","215","106","156","89","178","86","134","87","187","101","187","109","125","84","157","90","307","121","449","172","266","131","253","97","127","57","159","67",
"0500000US48309","McLennan County, Texas","97338","940","6390","725","3902","626","3993","475","3599","530","4368","646","3860","617","4030","635","3914","617","3074","537","7183","682","9120","798","12662","890","9313","797","6563","724","7104","638","8263","621",
"0500000US48311","McMullen County, Texas","207","83","9","12","6","5","7","11","5","8","1","3","30","29","40","46","10","17","11","17","17","20","14","15","24","23","4","5","3","4","15","17","11","11",
"0500000US48313","Madison County, Texas","4225","1021","274","109","153","111","105","75","70","63","162","255","140","105","104","73","97","78","160","84","325","298","544","207","712","254","508","211","293","167","367","179","211","104",
"0500000US48315","Marion County, Texas","4207","228","379","175","263","99","293","111","225","104","192","85","221","93","200","113","143","84","203","102","314","108","318","111","463","129","434","145","195","78","169","82","195","82",
"0500000US48317","Martin County, Texas","1973","98","129","85","39","39","16","24","29","37","40","40","79","50","75","50","96","66","59","64","210","81","100","60","199","126","227","77","142","65","301","90","232","101",
"0500000US48319","Mason County, Texas","1711","125","86","61","118","72","58","52","36","41","34","34","40","35","136","86","56","37","57","55","109","74","156","105","332","136","206","81","80","45","158","79","49","42",
"0500000US48321","Matagorda County, Texas","15439","437","1195","322","877","299","615","224","609","242","660","226","754","318","775","255","457","183","531","264","1523","469","1772","476","1513","313","1198","289","1013","320","902","247","1045","242",
"0500000US48323","Maverick County, Texas","18080","401","1675","388","1282","298","1311","288","910","339","616","208","1332","416","553","187","637","258","785","254","1152","298","1640","420","2176","409","1714","461","982","336","714","207","601","301",
"0500000US48325","Medina County, Texas","17804","400","614","211","595","229","311","117","1110","319","753","253","504","243","574","178","609","213","517","185","921","239","2073","451","2462","426","1896","379","1355","299","2100","303","1410","302",
"0500000US48327","Menard County, Texas","942","149","68","62","60","60","50","39","33","32","87","84","55","50","0","15","47","45","44","47","65","48","79","76","126","89","110","70","23","28","41","37","54","52",
"0500000US48329","Midland County, Texas","67651","730","3652","711","1554","498","1487","402","1706","399","1515","427","2217","650","1658","394","2523","595","1850","447","4232","667","6220","727","7569","833","7261","931","5211","589","6993","896","12003","1225",
"0500000US48331","Milam County, Texas","10152","303","417","169","507","191","248","107","350","145","600","233","443","162","484","244","501","159","340","124","732","197","1120","209","1414","265","1066","224","488","160","845","201","597","171",
"0500000US48333","Mills County, Texas","1799","152","31","16","71","41","79","38","94","53","98","37","66","36","58","31","82","62","116","49","103","48","209","75","261","61","171","51","72","29","171","55","117","58",
"0500000US48335","Mitchell County, Texas","2758","193","122","71","127","65","98","57","117","58","205","99","147","89","50","41","91","54","101","60","310","149","243","94","270","111","323","153","214","101","175","111","165","73",
"0500000US48337","Montague County, Texas","8538","263","576","174","280","121","455","146","299","109","315","129","288","113","505","142","438","123","181","55","683","161","892","237","911","184","962","215","701","192","537","118","515","140",
"0500000US48339","Montgomery County, Texas","247541","1559","9727","1124","4439","740","4600","828","7151","865","5414","666","7410","1072","7703","1096","6716","893","6100","752","14149","1291","20916","1361","32133","1643","25580","1577","20263","1682","29125","1763","46115","1920",
"0500000US48341","Moore County, Texas","7157","272","448","191","129","60","336","187","401","139","382","174","358","213","256","147","329","173","277","116","499","164","962","246","625","202","695","207","587","166","636","200","237","102",
"0500000US48343","Morris County, Texas","4895","218","202","78","284","99","302","125","274","111","249","97","249","105","216","91","159","77","181","79","409","157","501","146","654","138","642","174","247","85","219","119","107","56",
"0500000US48345","Motley County, Texas","460","69","21","13","42","36","27","24","30","20","4","5","10","9","15","23","22","20","14","17","39","27","55","27","86","46","55","31","10","11","6","8","24","20",
"0500000US48347","Nacogdoches County, Texas","25302","440","2281","455","1603","347","1233","286","1248","308","1218","287","1129","274","1135","265","1202","315","823","255","2289","423","2214","399","2702","380","2293","422","1264","231","1216","248","1452","288",
"0500000US48349","Navarro County, Texas","19044","435","980","219","830","245","709","156","976","264","938","248","785","196","746","225","878","220","776","205","1416","276","1585","281","2499","309","2020","319","1508","297","1338","280","1060","241",
"0500000US48351","Newton County, Texas","4841","245","459","157","211","124","262","116","434","150","308","105","363","156","189","93","265","114","173","97","247","103","412","124","425","130","321","97","267","126","219","74","286","126",
"0500000US48353","Nolan County, Texas","5886","219","440","174","361","130","313","117","375","153","172","81","147","69","331","111","470","159","285","118","522","158","540","150","460","114","553","129","251","101","312","97","354","106",
"0500000US48355","Nueces County, Texas","131160","1287","7815","893","5986","627","4766","599","5646","721","4564","588","5172","664","5223","664","4954","567","4364","551","9861","973","14538","1114","16855","1009","12396","1058","8854","842","9693","818","10473","783",
"0500000US48357","Ochiltree County, Texas","3680","214","174","103","175","118","227","136","78","58","94","57","146","91","140","78","135","75","110","76","163","113","521","151","547","157","616","213","151","73","208","80","195","122",
"0500000US48359","Oldham County, Texas","614","70","31","23","16","19","13","10","4","5","13","12","8","6","41","18","20","13","12","11","50","23","73","35","85","26","42","16","84","41","57","27","65","44",
"0500000US48361","Orange County, Texas","32437","550","2027","361","1050","270","1112","329","915","215","1417","322","1087","318","1267","253","1242","266","1519","349","1646","296","3579","442","3778","479","3236","438","2863","468","2643","429","3056","480",
"0500000US48363","Palo Pinto County, Texas","11234","257","720","189","543","186","298","113","490","125","489","127","322","114","593","160","437","125","394","132","801","197","1077","165","1714","291","1197","216","726","167","746","175","687","162",
"0500000US48365","Panola County, Texas","8898","282","485","141","261","127","387","183","519","153","578","212","229","96","509","202","366","110","365","169","627","188","600","167","1110","246","608","158","583","156","956","197","715","223",
"0500000US48367","Parker County, Texas","56437","682","2101","367","1088","297","1441","380","1360","334","1438","308","1781","422","1313","283","1611","330","982","239","3198","503","4351","643","6153","575","6603","550","5110","592","7649","664","10258","833",
"0500000US48369","Parmer County, Texas","3231","140","96","65","93","81","106","69","101","71","56","39","104","64","92","58","138","86","287","129","169","73","450","160","432","112","416","127","281","85","191","73","219","84",
"0500000US48371","Pecos County, Texas","5238","168","380","167","303","168","152","88","264","129","151","76","356","214","175","128","170","121","99","80","205","96","373","151","710","233","698","229","440","178","308","168","454","182",
"0500000US48373","Polk County, Texas","19517","595","1259","316","873","248","965","264","1050","275","518","151","914","270","667","227","888","237","785","245","1245","315","2272","432","2272","469","1789","314","1693","362","1366","323","961","204",
"0500000US48375","Potter County, Texas","42581","662","2986","453","2178","400","1815","331","2102","390","2582","399","2329","326","2102","424","2080","388","1747","404","3291","446","4079","534","4501","443","4118","590","1916","346","2574","453","2181","333",
"0500000US48377","Presidio County, Texas","2418","211","230","149","268","141","65","71","259","171","188","136","39","43","48","53","192","126","243","169","235","173","116","79","262","152","101","84","23","33","95","83","54","63",
"0500000US48379","Rains County, Texas","4856","257","125","62","147","71","144","78","114","48","183","90","326","113","272","109","305","109","302","107","305","126","595","192","515","162","515","143","341","142","253","112","414","144",
"0500000US48381","Randall County, Texas","56807","589","2247","348","1344","310","1817","349","1724","400","1924","328","1409","337","2247","488","2223","416","1427","309","3659","475","5799","619","7934","750","6452","594","5099","544","5397","714","6105","585",
"0500000US48383","Reagan County, Texas","1033","109","40","35","23","28","9","12","62","48","25","26","104","72","99","85","25","38","67","60","73","52","91","53","89","49","79","52","114","64","76","40","57","37",
"0500000US48385","Real County, Texas","1128","140","3","5","107","106","142","89","139","101","0","15","125","71","51","50","24","21","0","15","36","38","144","90","150","85","104","80","45","38","0","15","58","61",
"0500000US48387","Red River County, Texas","4978","186","459","158","274","105","274","123","204","82","267","93","350","135","212","96","291","137","260","113","407","161","455","135","425","119","371","103","309","115","264","88","156","79",
"0500000US48389","Reeves County, Texas","4224","203","216","108","256","138","260","121","234","125","127","118","198","170","81","69","275","144","93","84","292","124","403","165","530","193","593","232","164","89","220","126","282","137",
"0500000US48391","Refugio County, Texas","2495","138","173","79","108","69","253","115","111","56","95","47","134","60","94","47","11","13","49","53","215","75","197","62","494","124","284","105","144","66","76","48","57","37",
"0500000US48393","Roberts County, Texas","323","51","8","8","5","8","6","9","16","14","8","10","37","28","14","16","12","15","12","12","7","7","57","30","48","27","24","17","33","29","24","19","12","11",
"0500000US48395","Robertson County, Texas","6701","244","355","108","506","140","119","60","196","100","198","85","264","109","318","150","359","141","227","87","499","142","483","120","988","210","669","141","483","161","600","153","437","167",
"0500000US48397","Rockwall County, Texas","41237","444","868","231","357","137","418","175","584","186","813","221","363","159","730","188","446","194","829","291","1745","401","3136","464","4825","540","5076","528","4650","583","6677","594","9720","787",
"0500000US48399","Runnels County, Texas","3809","194","109","62","193","85","156","68","209","94","94","51","115","68","130","72","269","102","195","77","336","122","537","144","506","114","296","120","257","84","216","70","191","80",
"0500000US48401","Rusk County, Texas","18027","375","1007","268","619","186","630","192","643","174","703","141","845","239","1101","303","662","171","836","190","1055","232","1591","284","2580","377","1990","273","1033","208","1486","285","1246","270",
"0500000US48403","Sabine County, Texas","4649","329","261","107","287","118","226","117","168","79","115","60","167","97","146","67","238","101","208","93","204","107","764","226","684","188","571","162","175","87","208","97","227","99",
"0500000US48405","San Augustine County, Texas","2940","231","239","101","227","125","235","106","82","54","197","99","99","60","165","82","100","72","110","70","198","89","271","88","396","124","211","80","188","104","101","57","121","84",
"0500000US48407","San Jacinto County, Texas","10881","437","553","172","669","241","452","217","388","167","450","164","419","128","362","123","532","191","441","179","856","243","1019","244","1463","367","1030","232","847","268","876","283","524","145",
"0500000US48409","San Patricio County, Texas","25334","530","1500","388","921","227","1071","247","737","193","1172","316","1042","280","1336","344","822","227","803","238","1919","340","2255","402","3467","452","2601","411","1484","258","2304","323","1900","284",
"0500000US48411","San Saba County, Texas","2090","131","47","32","41","37","114","60","127","69","127","61","127","65","136","61","71","36","81","41","252","99","209","85","219","69","237","94","87","42","116","53","99","49",
"0500000US48413","Schleicher County, Texas","964","100","114","64","30","27","33","26","15","23","17","19","28","24","22","22","9","15","15","19","84","48","78","49","136","64","163","70","64","40","106","68","50","40",
"0500000US48415","Scurry County, Texas","5876","171","205","104","158","123","176","122","283","144","302","135","278","146","117","83","382","185","463","183","572","226","344","133","775","275","768","237","357","169","354","151","342","115",
"0500000US48417","Shackelford County, Texas","1293","74","101","54","26","18","84","44","38","29","26","17","14","10","41","32","68","35","74","42","59","36","128","46","201","66","151","57","99","54","110","47","73","36",
"0500000US48419","Shelby County, Texas","9366","326","737","209","569","184","532","190","458","169","394","125","488","153","532","156","534","183","468","147","691","183","903","233","1078","235","655","193","353","139","530","213","444","163",
"0500000US48421","Sherman County, Texas","843","82","32","24","0","15","0","15","61","48","7","6","30","23","65","41","104","50","49","44","69","37","73","42","66","37","64","31","100","45","34","26","89","38",
"0500000US48423","Smith County, Texas","83134","1163","4034","655","2375","447","2423","485","2717","420","3450","627","2939","383","3241","547","3162","452","2889","466","6209","618","8625","820","11544","833","8649","763","5709","644","7270","799","7898","755",
"0500000US48425","Somervell County, Texas","3713","148","75","53","110","77","240","136","151","107","121","102","33","29","113","82","180","98","99","62","243","117","368","170","347","146","504","164","381","155","339","146","409","128",
"0500000US48427","Starr County, Texas","19157","453","2467","454","2173","382","1320","268","1204","287","1127","252","887","306","714","204","1084","271","1059","265","1159","246","1268","286","1340","260","1331","332","893","231","549","191","582","236",
"0500000US48429","Stephens County, Texas","3623","242","212","94","213","133","173","109","174","80","115","67","125","75","275","133","146","122","134","83","270","116","349","120","717","178","226","94","154","74","150","77","190","79",
"0500000US48431","Sterling County, Texas","399","66","9","10","8","8","16","19","0","15","24","21","16","18","37","28","3","5","6","9","42","22","63","47","24","17","17","16","61","32","51","34","22","19",
"0500000US48433","Stonewall County, Texas","513","70","23","27","29","33","17","13","5","7","44","30","32","23","4","7","35","26","33","21","41","22","39","23","44","30","72","49","46","34","30","30","19","15",
"0500000US48435","Sutton County, Texas","1273","183","50","49","54","42","30","37","35","40","21","25","53","71","24","34","52","59","68","51","145","96","69","55","157","84","217","106","38","39","207","112","53","38",
"0500000US48437","Swisher County, Texas","2383","158","215","77","97","67","347","148","194","85","115","76","203","99","51","63","34","39","176","100","270","107","56","36","161","70","174","78","144","70","46","37","100","61",
"0500000US48439","Tarrant County, Texas","782419","2389","31676","1697","19735","1158","17825","1188","21366","1407","22707","1254","25744","1543","27530","1481","26069","1337","26701","1617","51946","2078","77357","2482","105958","2819","84617","2884","62504","2471","77935","2679","102749","2502",
"0500000US48441","Taylor County, Texas","54934","776","2750","434","2084","345","2006","416","2235","470","2552","461","2173","399","1694","370","2568","419","2287","402","4139","534","5707","626","7278","581","5315","617","4342","601","4314","568","3490","449",
"0500000US48443","Terrell County, Texas","451","147","31","37","28","39","17","23","4","6","24","28","11","13","49","50","64","59","10","12","24","29","31","31","79","54","40","27","12","18","12","18","15","19",
"0500000US48445","Terry County, Texas","4297","173","375","154","106","65","155","85","350","120","164","115","342","148","336","158","404","167","125","58","285","120","96","83","502","183","215","102","360","140","391","177","91","96",
"0500000US48447","Throckmorton County, Texas","737","60","31","24","61","39","39","24","11","9","47","25","51","36","24","16","22","21","27","17","74","31","52","32","101","39","65","38","35","24","52","26","45","33",
"0500000US48449","Titus County, Texas","11156","193","659","160","476","146","424","127","650","206","628","178","700","195","442","108","558","204","372","125","778","168","1143","231","1401","223","1046","196","691","175","634","161","554","107",
"0500000US48451","Tom Green County, Texas","46756","659","2288","406","1294","352","1901","435","1723","327","2012","511","1815","384","1985","392","2374","375","1850","365","3673","583","4541","515","6838","796","4792","592","3466","544","3256","455","2948","417",
"0500000US48453","Travis County, Texas","583747","1810","27252","1947","11782","1425","11543","1326","12742","1298","12497","1355","13225","1148","14237","1308","16932","1487","17621","1680","33661","1963","50691","2662","70613","2835","57123","2735","45273","2459","69590","3175","118965","2194",
"0500000US48455","Trinity County, Texas","6078","265","648","168","364","155","273","105","147","78","303","130","278","118","309","122","409","135","174","121","454","151","586","161","697","173","433","150","392","166","430","142","181","64",
"0500000US48457","Tyler County, Texas","7145","277","484","148","424","119","256","115","337","125","342","99","397","148","395","132","298","98","375","142","490","127","566","151","875","203","618","147","530","169","457","153","301","93",
"0500000US48459","Upshur County, Texas","15583","300","658","185","784","206","745","206","637","213","763","219","563","171","505","149","690","221","722","249","1247","288","1465","230","2192","303","1647","291","964","191","1051","267","950","213",
"0500000US48461","Upton County, Texas","1360","106","13","24","138","58","122","64","62","39","164","85","68","60","13","20","80","43","30","34","30","38","122","93","179","85","121","82","86","37","83","54","49","40",
"0500000US48463","Uvalde County, Texas","8417","344","578","249","772","247","482","178","639","367","368","175","244","120","271","134","306","153","262","100","602","226","1136","300","947","325","621","192","346","175","399","183","444","179",
"0500000US48465","Val Verde County, Texas","16810","386","1270","255","983","298","494","162","514","189","706","215","833","331","525","174","474","148","658","223","994","283","2262","491","2374","362","1623","364","1343","314","1038","257","719","215",
"0500000US48467","Van Zandt County, Texas","22682","541","913","247","1077","268","775","173","1020","284","925","282","1195","363","991","206","791","210","852","226","1621","271","2161","360","3013","424","2145","426","1934","341","1938","359","1331","266",
"0500000US48469","Victoria County, Texas","34855","543","1517","385","1726","372","1330","286","1359","318","1397","371","1481","332","1280","295","1196","252","1349","308","2440","348","3227","429","5259","618","3733","502","2790","420","2449","378","2322","364",
"0500000US48471","Walker County, Texas","26017","686","2676","514","1099","380","815","245","1139","414","1069","373","1635","517","1176","385","1219","419","1711","568","2680","630","2297","471","3436","529","1489","358","1169","317","1344","404","1063","263",
"0500000US48473","Waller County, Texas","18342","320","680","298","384","170","473","196","799","307","436","275","616","209","1006","323","432","159","652","249","1267","362","1519","395","2786","521","1473","330","1520","373","1429","328","2870","448",
"0500000US48475","Ward County, Texas","4388","157","197","77","94","67","168","95","55","41","148","106","219","125","218","105","206","105","266","135","527","177","217","88","547","153","469","165","357","158","440","159","260","92",
"0500000US48477","Washington County, Texas","15481","360","668","230","992","296","456","178","475","177","402","141","612","198","296","127","401","179","527","178","1130","277","1644","362","2517","387","1735","360","839","200","1196","313","1591","310",
"0500000US48479","Webb County, Texas","81373","678","4871","660","4140","473","3944","514","3795","580","3648","606","3407","571","3397","464","3118","489","3297","481","5157","582","7925","771","11934","969","7564","656","5157","635","5760","661","4259","552",
"0500000US48481","Wharton County, Texas","15890","353","699","191","539","180","468","155","565","200","779","208","332","142","1044","355","500","164","888","280","1194","256","1734","451","2034","320","1262","319","1310","333","1232","276","1310","244",
"0500000US48483","Wheeler County, Texas","1928","99","88","38","106","46","42","24","69","39","50","33","201","92","86","46","63","32","82","48","176","66","173","75","277","73","191","70","99","45","136","56","89","46",
"0500000US48485","Wichita County, Texas","49017","626","2821","453","2223","346","1576","275","2543","406","1790","354","2283","342","1804","280","2510","424","2064","402","3587","477","4895","530","6283","555","4777","462","3109","424","3898","506","2854","334",
"0500000US48487","Wilbarger County, Texas","4778","287","213","116","178","114","336","134","322","152","216","116","266","103","244","145","212","119","199","116","306","125","394","137","846","241","450","148","286","150","156","91","154","115",
"0500000US48489","Willacy County, Texas","5691","181","418","164","483","164","506","179","181","79","309","183","139","75","280","117","259","122","138","75","417","162","413","156","770","244","509","185","287","118","452","163","130","105",
"0500000US48491","Williamson County, Texas","252323","1054","6962","847","3871","597","3036","573","4383","703","4038","599","5196","668","4881","664","6235","800","5617","684","14642","1063","21807","1182","31171","1430","28663","1626","24073","1180","37420","1753","50328","1806",
"0500000US48493","Wilson County, Texas","18185","307","985","290","585","212","515","206","534","188","331","142","352","156","645","229","329","118","489","165","942","226","1336","331","2539","367","2354","341","1605","336","2266","334","2378","358",
"0500000US48495","Winkler County, Texas","2762","136","58","36","194","115","71","54","168","81","108","76","32","32","32","37","139","107","144","89","155","77","124","60","325","111","365","142","415","133","295","106","137","59",
"0500000US48497","Wise County, Texas","25135","439","599","151","701","256","481","175","838","232","528","168","704","155","993","274","935","242","643","175","1291","267","2183","432","3768","444","3210","422","1950","319","3164","405","3147","408",
"0500000US48499","Wood County, Texas","18672","477","1101","354","720","241","972","297","522","153","1064","251","847","272","380","120","977","290","918","259","1790","366","1623","284","2358","423","1616","363","1423","326","1180","270","1181","278",
"0500000US48501","Yoakum County, Texas","2612","168","148","154","19","27","31","34","53","52","131","123","152","120","8","14","35","41","48","47","151","83","279","172","541","193","363","155","192","94","243","190","218","125",
"0500000US48503","Young County, Texas","7643","196","362","139","299","127","199","130","430","139","378","159","474","176","244","115","421","172","257","113","448","161","562","171","1002","235","814","234","778","211","556","177","419","138",
"0500000US48505","Zapata County, Texas","4565","278","649","227","484","201","373","167","199","115","167","80","149","90","288","143","373","191","115","84","235","110","237","116","456","234","212","94","210","99","386","143","32","46",
"0500000US48507","Zavala County, Texas","3271","195","356","153","316","178","153","90","142","96","146","127","349","187","278","239","163","114","182","155","169","98","151","83","436","203","159","123","165","105","106","126","0","21",
"0500000US49001","Beaver County, Utah","2518","105","55","69","91","62","67","68","44","36","70","48","30","27","134","92","152","107","141","81","104","64","232","88","576","182","296","117","189","90","213","108","124","68",
"0500000US49003","Box Elder County, Utah","19557","281","764","218","712","183","264","105","404","126","354","116","496","162","643","154","428","127","661","141","1403","265","2430","365","3157","340","2683","278","1714","199","2008","254","1436","156",
"0500000US49005","Cache County, Utah","44439","427","1144","196","1013","230","873","186","996","227","1510","294","1757","368","1880","394","1589","326","1804","329","3051","429","4695","476","6726","537","5633","480","3788","395","3593","331","4387","420",
"0500000US49007","Carbon County, Utah","8123","231","472","128","340","129","364","108","380","152","487","189","485","162","273","91","347","120","317","114","690","166","880","180","1251","208","549","139","475","154","470","118","343","108",
"0500000US49009","Daggett County, Utah","288","48","9","8","7","6","5","6","6","7","14","11","15","13","20","11","23","12","13","13","28","18","20","11","42","18","26","19","29","15","19","9","12","6",
"0500000US49011","Davis County, Utah","115919","587","2835","391","1740","322","2005","411","1944","394","1802","302","1925","363","2492","432","2374","431","3097","529","5713","596","9755","752","15497","997","15340","968","12621","905","17394","1005","19385","945",
"0500000US49013","Duchesne County, Utah","6878","140","239","63","165","51","299","90","158","54","247","64","303","90","193","59","244","71","231","73","584","151","579","104","982","134","1020","127","475","94","557","107","602","105",
"0500000US49015","Emery County, Utah","3453","115","146","65","98","56","64","34","110","46","143","60","170","59","127","45","82","45","159","65","220","80","418","88","562","116","389","93","278","77","286","94","201","91",
"0500000US49017","Garfield County, Utah","2042","143","40","26","62","43","126","79","94","53","68","45","247","125","69","41","85","58","14","13","189","102","207","73","312","92","147","66","103","40","148","60","131","57",
"0500000US49019","Grand County, Utah","4554","202","370","181","154","95","90","79","162","103","113","76","232","124","246","144","107","70","191","140","374","162","355","149","483","131","784","276","196","103","430","153","267","101",
"0500000US49021","Iron County, Utah","20157","438","752","188","885","257","741","217","664","196","680","223","971","252","869","215","827","223","573","139","2012","367","2192","371","2913","403","1969","297","1210","229","1371","236","1528","272",
"0500000US49023","Juab County, Utah","3862","89","78","47","62","37","111","75","147","79","74","47","117","72","49","42","77","46","56","37","166","89","306","100","628","138","674","186","555","153","385","117","377","105",
"0500000US49025","Kane County, Utah","3456","280","145","97","129","87","75","54","71","43","46","40","65","60","235","147","90","56","192","116","313","157","239","94","669","205","382","148","252","164","289","145","264","118",
"0500000US49027","Millard County, Utah","4357","147","109","52","71","42","217","102","162","65","147","79","162","82","180","75","128","74","218","91","230","68","616","115","789","149","439","98","313","83","416","101","160","63",
"0500000US49029","Morgan County, Utah","3785","92","27","25","18","22","10","17","41","34","16","18","16","26","75","56","9","14","141","76","194","105","262","82","481","134","475","110","542","148","702","169","776","130",
"0500000US49031","Piute County, Utah","555","75","21","18","78","45","53","34","56","44","17","16","4","3","8","7","20","17","34","22","55","20","54","32","32","18","51","25","21","16","46","23","5","10",
"0500000US49033","Rich County, Utah","923","88","24","22","6","10","27","26","35","30","42","34","26","25","34","35","29","22","32","22","87","34","94","36","156","56","145","64","64","28","59","46","63","39",
"0500000US49035","Salt Lake County, Utah","426245","1549","12751","937","9091","813","8302","724","8068","732","9685","822","10848","1016","12726","918","11741","1164","12253","1123","26170","1415","38283","1740","58499","2091","49660","1646","40594","1559","52252","1726","65322","1569",
"0500000US49037","San Juan County, Utah","4555","151","303","67","336","83","122","53","145","51","104","47","170","65","316","110","147","76","225","78","302","98","521","137","507","112","551","123","314","118","282","86","210","65",
"0500000US49039","Sanpete County, Utah","8888","252","282","106","289","96","137","56","414","127","375","145","338","98","462","165","316","98","294","103","685","147","1299","167","1293","196","890","172","632","140","679","144","503","141",
"0500000US49041","Sevier County, Utah","7503","188","235","90","155","71","318","136","204","89","301","100","214","74","222","72","354","115","230","79","643","164","881","149","1243","169","770","125","590","132","761","143","382","97",
"0500000US49043","Summit County, Utah","15730","436","517","152","116","94","122","70","115","72","272","89","347","153","156","83","402","157","353","111","588","146","826","211","1929","321","1453","252","1486","272","1871","279","5177","402",
"0500000US49045","Tooele County, Utah","23925","283","516","137","378","117","251","103","447","163","389","149","508","188","401","156","441","140","563","139","1085","237","2247","447","3801","428","3689","446","3080","363","3286","383","2843","425",
"0500000US49047","Uintah County, Utah","12145","296","721","182","341","130","259","117","485","258","417","170","232","111","468","159","507","172","369","104","909","197","1537","265","1770","281","1474","235","839","176","935","195","882","236",
"0500000US49049","Utah County, Utah","203018","813","6040","635","2867","452","3399","437","3946","457","3775","411","4834","604","4852","571","5628","542","5698","664","11166","739","18100","1087","30467","1169","24486","1114","20506","931","26111","1067","31143","1195",
"0500000US49051","Wasatch County, Utah","12880","383","257","100","130","75","138","106","242","129","100","77","173","73","339","180","225","101","309","165","935","222","1196","308","1396","293","1459","275","1063","184","1851","279","3067","364",
"0500000US49053","Washington County, Utah","69786","900","2442","500","1338","315","1460","317","1772","353","2048","422","2997","583","2632","407","3020","499","2694","384","5254","676","7286","829","8416","635","8228","812","6419","686","7052","765","6728","756",
"0500000US49055","Wayne County, Utah","1156","100","40","38","42","32","26","18","13","18","96","60","18","16","66","46","24","16","38","31","61","42","100","48","194","78","207","83","57","44","104","62","70","41",
"0500000US49057","Weber County, Utah","94125","690","3287","419","1483","312","1615","244","1992","322","2545","427","2517","297","3054","466","2905","454","2920","454","6235","625","9605","669","14743","870","12235","874","8738","707","10231","714","10020","802",
"0500000US50001","Addison County, Vermont","14966","225","473","121","377","102","440","105","405","92","489","127","408","101","382","101","712","155","441","122","927","172","1463","218","1891","210","1935","173","1309","181","1585","199","1729","185",
"0500000US50003","Bennington County, Vermont","14987","334","885","261","725","194","669","199","407","120","862","251","500","169","451","130","588","240","433","125","819","196","1316","252","1643","222","1722","267","887","164","1430","242","1650","198",
"0500000US50005","Caledonia County, Vermont","13091","256","396","105","565","150","502","150","354","101","737","188","545","163","579","145","711","189","356","109","836","161","1329","190","1666","248","1622","206","1081","168","806","145","1006","163",
"0500000US50007","Chittenden County, Vermont","71456","541","2662","387","1659","295","1699","347","1919","352","2107","375","1760","351","2253","399","1471","305","2023","347","4539","597","6482","641","8131","618","8054","571","6595","677","9233","641","10869","734",
"0500000US50009","Essex County, Vermont","2823","140","90","29","167","53","116","45","162","52","149","50","156","56","98","33","109","29","145","44","237","52","279","64","408","82","298","68","96","31","193","53","120","35",
"0500000US50011","Franklin County, Vermont","19963","397","740","188","749","228","522","142","890","246","465","147","587","200","752","181","511","114","756","189","1356","294","2010","330","2496","270","2731","393","1642","240","2157","292","1599","274",
"0500000US50013","Grand Isle County, Vermont","3140","155","116","47","102","40","74","40","66","29","47","23","79","37","59","25","111","47","150","60","213","53","196","54","390","79","361","78","193","51","434","88","549","100",
"0500000US50015","Lamoille County, Vermont","11923","392","365","116","305","128","228","99","402","188","357","124","511","178","316","138","529","163","397","140","1152","284","1404","299","1745","324","898","155","954","175","1123","222","1237","267",
"0500000US50017","Orange County, Vermont","12742","202","395","115","250","56","467","158","435","136","264","76","460","114","331","86","504","127","434","131","713","118","1403","246","2155","259","1482","208","984","169","1412","226","1053","168",
"0500000US50019","Orleans County, Vermont","12072","315","459","93","436","106","437","89","558","123","386","106","478","125","495","140","571","120","459","101","995","154","1095","165","1715","197","1265","181","977","180","893","149","853","140",
"0500000US50021","Rutland County, Vermont","25321","412","1063","216","1245","268","788","227","1141","201","1186","225","1058","217","1027","207","1095","212","1038","230","1684","267","2398","253","3280","322","2446","236","1709","253","2236","323","1927","226",
"0500000US50023","Washington County, Vermont","25855","417","820","220","480","155","981","261","1010","275","767","209","874","207","808","226","484","111","1209","269","1710","304","2460","304","3530","487","2882","293","2317","250","2886","318","2637","262",
"0500000US50025","Windham County, Vermont","19784","318","772","170","967","207","589","126","811","155","790","204","605","138","799","175","677","205","763","202","1536","302","1848","283","2933","336","2015","286","1176","188","1514","233","1989","320",
"0500000US50027","Windsor County, Vermont","25293","446","890","226","757","277","745","167","1297","308","733","199","791","195","804","213","899","176","985","217","1625","262","2615","284","3230","331","2589","356","1724","286","2596","317","3013","321",
"0500000US51001","Accomack County, Virginia","14446","463","735","157","1072","275","602","174","397","150","651","203","638","173","539","195","758","231","680","224","1232","296","1596","286","1830","263","1344","234","598","144","954","197","820","218",
"0500000US51003","Albemarle County, Virginia","45912","518","1431","248","866","204","857","235","1113","326","1041","279","1280","304","1269","311","965","227","1507","354","2834","397","3503","492","5435","516","4630","475","3775","438","6217","475","9189","655",
"0500000US51005","Alleghany County, Virginia","6383","220","429","144","430","179","295","111","290","112","303","95","342","143","255","134","234","83","247","90","656","162","699","145","700","139","500","146","457","184","316","103","230","71",
"0500000US51007","Amelia County, Virginia","5417","195","295","155","187","121","46","38","132","79","50","48","175","102","326","224","356","183","272","141","334","143","473","203","1093","253","513","193","455","193","579","168","131","90",
"0500000US51009","Amherst County, Virginia","12694","312","552","125","405","139","535","166","715","179","520","138","517","119","430","111","573","155","572","170","796","198","1416","296","1814","282","1289","214","958","194","816","186","786","224",
"0500000US51011","Appomattox County, Virginia","6639","219","367","146","293","100","384","154","185","93","247","126","230","97","468","165","266","115","271","128","477","155","708","148","866","225","906","243","250","87","323","97","398","135",
"0500000US51013","Arlington County, Virginia","112027","978","4319","631","1946","399","1358","345","1595","362","1685","378","1824","314","1443","390","1998","369","1451","320","3766","502","5904","624","11133","880","11567","1002","8900","798","16583","858","36555","1054",
"0500000US51015","Augusta County, Virginia","31083","386","858","227","697","240","1107","258","1167","334","999","293","1118","289","1456","308","1355","302","961","247","2080","416","2472","339","4818","581","4445","510","2720","370","2607","353","2223","306",
"0500000US51017","Bath County, Virginia","1822","140","112","79","105","65","67","57","145","95","93","58","44","33","161","98","67","53","75","43","52","49","138","69","192","68","238","118","81","43","114","58","138","129",
"0500000US51019","Bedford County, Virginia","33127","394","1200","291","744","178","1186","303","1063","265","918","205","900","180","1011","240","1216","255","1326","331","2844","399","3384","432","5025","541","3306","380","2542","412","3396","429","3066","368",
"0500000US51021","Bland County, Virginia","2376","190","109","76","109","74","63","46","80","52","115","64","72","47","94","50","141","80","173","96","179","122","319","112","208","83","334","157","160","98","119","61","101","72",
"0500000US51023","Botetourt County, Virginia","13220","344","454","173","355","143","360","119","349","114","314","98","508","154","418","144","504","164","327","114","720","168","1749","344","2043","318","1676","301","1037","207","1223","195","1183","235",
"0500000US51025","Brunswick County, Virginia","6477","302","334","100","267","96","268","105","524","180","419","163","424","141","260","105","190","78","291","110","694","189","585","188","798","154","465","138","392","161","210","93","356","125",
"0500000US51027","Buchanan County, Virginia","7530","396","746","188","631","212","457","165","532","156","285","109","400","160","362","114","527","184","451","163","822","216","536","161","565","136","587","240","371","124","122","72","136","65",
"0500000US51029","Buckingham County, Virginia","6274","229","230","80","280","107","289","130","407","141","188","91","286","103","308","119","322","137","229","134","541","137","742","185","772","159","558","157","381","111","535","162","206","83",
"0500000US51031","Campbell County, Virginia","22240","402","738","219","827","241","946","227","770","213","1035","230","1049","281","989","250","1075","298","733","243","2155","394","2246","429","3230","456","1924","309","1469","264","2041","354","1013","201",
"0500000US51033","Caroline County, Virginia","11988","264","442","126","220","100","305","121","534","190","207","98","305","133","362","158","387","154","443","259","821","254","1142","253","1730","321","1464","274","857","229","1508","299","1261","254",
"0500000US51035","Carroll County, Virginia","12576","384","893","238","694","167","485","133","584","202","721","227","859","265","489","163","596","163","473","159","1059","255","1246","250","1462","291","1250","264","719","209","704","244","342","133",
"0500000US51036","Charles City County, Virginia","2911","215","184","56","79","37","125","40","75","35","82","27","85","34","58","24","66","21","86","40","233","62","378","73","436","91","338","91","225","63","211","74","250","88",
"0500000US51037","Charlotte County, Virginia","4704","222","260","102","428","146","230","103","266","134","212","85","175","60","201","112","190","81","142","72","288","107","488","146","552","140","576","157","237","102","279","107","180","77",
"0500000US51041","Chesterfield County, Virginia","140155","557","4515","582","1964","429","2317","373","2922","467","3036","393","3269","433","3558","487","4513","591","3064","396","7623","759","14069","1162","17721","1138","16760","869","13952","1018","17111","959","23761","1056",
"0500000US51043","Clarke County, Virginia","5890","210","195","110","145","78","234","125","103","53","72","41","114","76","173","87","48","44","139","96","267","105","525","170","700","173","485","149","623","174","909","214","1158","209",
"0500000US51045","Craig County, Virginia","1735","185","0","13","61","71","57","76","162","121","125","77","11","17","47","60","14","22","82","60","147","89","207","111","156","73","193","109","240","134","111","68","122","65",
"0500000US51047","Culpeper County, Virginia","18924","321","506","211","341","166","356","172","334","141","442","210","551","190","672","245","430","180","566","193","1273","289","1516","315","2470","354","2445","345","1871","318","2633","362","2518","348",
"0500000US51049","Cumberland County, Virginia","4010","239","183","105","223","116","101","71","67","60","135","77","210","95","195","108","487","178","94","60","501","167","391","133","414","128","318","120","169","88","211","91","311","124",
"0500000US51051","Dickenson County, Virginia","5935","277","379","124","404","144","426","140","366","128","424","143","452","161","73","42","338","110","287","114","546","158","441","109","789","191","286","110","455","178","139","82","130","67",
"0500000US51053","Dinwiddie County, Virginia","10661","351","607","169","413","181","304","145","227","103","373","135","395","148","482","235","352","128","204","101","398","120","1050","223","1775","332","1237","255","979","220","1077","232","788","180",
"0500000US51057","Essex County, Virginia","4447","215","297","114","265","129","374","211","188","89","148","74","103","75","114","72","167","85","329","128","305","137","456","160","482","127","425","132","246","109","323","154","225","96",
"0500000US51059","Fairfax County, Virginia","414101","1274","9436","833","4896","574","4530","581","4502","433","5546","535","5998","708","5857","660","6285","681","7257","845","13555","1007","20998","1143","39909","1584","39044","1397","34491","1319","61484","1779","150313","1972",
"0500000US51061","Fauquier County, Virginia","26720","425","757","226","364","130","315","120","449","134","462","139","563","170","463","150","548","194","552","172","1187","276","1843","405","3127","426","2234","320","2125","351","4733","507","6998","447",
"0500000US51063","Floyd County, Virginia","6627","227","463","234","182","86","348","146","360","148","263","120","231","96","221","84","371","118","283","103","439","113","550","144","1085","232","543","128","513","194","387","158","388","128",
"0500000US51065","Fluvanna County, Virginia","10329","290","291","156","256","132","328","127","335","156","160","92","96","60","119","68","308","142","192","80","848","246","1037","258","1350","228","1582","317","676","179","1534","307","1217","284",
"0500000US51067","Franklin County, Virginia","22999","482","1184","285","759","221","970","314","1167","268","966","250","781","255","1053","285","784","202","687","186","1623","381","2488","334","2848","389","2603","408","1614","293","1558","270","1914","325",
"0500000US51069","Frederick County, Virginia","35385","369","1111","270","426","161","690","227","932","246","563","151","661","192","949","237","1255","388","975","225","2435","444","3260","417","4878","538","3899","528","3336","479","4737","478","5278","477",
"0500000US51071","Giles County, Virginia","6698","295","235","100","274","101","256","118","146","90","392","154","226","117","346","141","374","128","156","67","435","139","1044","212","992","173","621","192","387","104","523","149","291","101",
"0500000US51073","Gloucester County, Virginia","15274","400","382","157","324","144","282","107","205","78","377","136","326","150","729","261","936","309","319","144","1055","236","1834","320","2454","440","1695","309","1251","311","1565","312","1540","290",
"0500000US51075","Goochland County, Virginia","10342","258","252","121","70","48","195","85","158","75","99","86","136","71","255","130","288","126","149","75","588","202","799","245","1298","243","1236","326","692","191","1492","290","2635","348",
"0500000US51077","Grayson County, Virginia","6337","237","317","95","428","125","466","128","420","148","406","113","298","95","252","94","494","141","201","81","507","127","617","162","701","165","479","122","246","87","314","104","191","110",
"0500000US51079","Greene County, Virginia","8032","222","302","133","176","108","131","81","159","86","200","102","115","65","347","150","273","140","131","74","601","157","840","205","1166","304","658","189","890","257","968","232","1075","229",
"0500000US51081","Greensville County, Virginia","3199","183","203","80","98","104","185","102","91","51","71","66","287","129","234","94","180","89","99","72","246","133","474","145","342","115","286","101","190","107","98","54","115","84",
"0500000US51083","Halifax County, Virginia","13613","382","1287","320","825","188","651","197","861","214","702","192","708","179","443","119","633","199","426","143","1115","222","959","192","1818","274","1211","251","800","224","699","193","475","135",
"0500000US51085","Hanover County, Virginia","42688","384","1155","309","623","189","593","225","1170","286","751","193","1021","264","975","196","846","206","1061","249","2309","369","3314","414","5018","553","4760","468","4620","484","6249","561","8223","621",
"0500000US51087","Henrico County, Virginia","137365","837","5065","503","3483","501","2805","472","3406","512","4067","571","3727","592","4360","633","4205","533","5362","859","9149","857","13400","1022","17072","975","13599","953","11497","994","14661","864","21507","1054",
"0500000US51089","Henry County, Virginia","21043","433","1414","336","1373","270","1240","281","1069","234","1041","268","1018","225","945","230","1331","220","954","231","1826","265","1850","297","2552","408","1723","341","1193","265","970","200","544","153",
"0500000US51091","Highland County, Virginia","1003","115","26","17","61","46","27","16","22","16","26","23","53","39","69","44","21","20","49","27","80","49","146","84","135","48","150","57","50","30","64","31","24","28",
"0500000US51093","Isle of Wight County, Virginia","15756","326","569","183","355","128","422","131","535","190","521","132","416","113","437","145","495","158","501","150","625","174","1509","250","1877","282","1783","257","1552","253","2123","315","2036","288",
"0500000US51095","James City County, Virginia","31990","455","1126","309","561","214","540","200","635","215","653","209","661","191","646","245","815","272","757","206","1786","329","2743","400","3730","407","3578","492","2722","416","5134","594","5903","590",
"0500000US51097","King and Queen County, Virginia","3003","171","91","51","190","102","90","50","110","64","120","68","165","81","118","84","67","51","165","82","241","121","272","121","444","145","268","90","196","83","325","117","141","68",
"0500000US51099","King George County, Virginia","10133","189","403","198","141","82","229","106","73","45","123","79","125","69","353","152","125","69","270","123","442","124","823","222","1190","251","1213","183","1069","207","1690","282","1864","201",
"0500000US51101","King William County, Virginia","7352","155","416","156","80","63","269","115","85","63","196","105","187","105","289","125","233","108","216","117","375","159","796","209","1087","287","877","187","841","279","698","283","707","213",
"0500000US51103","Lancaster County, Virginia","5701","254","172","69","285","143","190","92","154","76","373","134","208","79","202","88","205","92","236","109","247","104","740","188","937","253","403","97","385","111","414","113","550","108",
"0500000US51105","Lee County, Virginia","8527","282","822","178","725","159","604","162","686","202","248","103","343","121","655","235","450","158","306","108","487","158","719","162","1127","249","471","149","343","142","273","102","268","104",
"0500000US51107","Loudoun County, Virginia","143032","544","2893","448","866","162","1384","356","1304","323","1350","290","1584","388","1338","287","1245","312","2062","423","3400","517","5118","527","11907","866","11774","843","11440","772","21385","973","63982","1562",
"0500000US51109","Louisa County, Virginia","15561","432","310","124","692","185","572","196","303","101","541","149","511","187","400","174","516","154","672","195","1088","288","1348","283","1753","311","1537","282","1690","277","1908","363","1720","322",
"0500000US51111","Lunenburg County, Virginia","4771","193","207","77","442","132","341","109","250","99","238","102","192","69","123","61","100","54","179","69","412","124","645","165","612","157","288","111","279","114","299","108","164","114",
"0500000US51113","Madison County, Virginia","5482","172","145","75","241","118","153","76","204","124","164","99","95","64","173","86","355","125","303","127","204","88","416","113","669","167","668","176","616","180","437","147","639","189",
"0500000US51115","Mathews County, Virginia","3987","241","42","39","219","112","98","96","70","64","200","115","85","63","295","189","132","128","278","106","215","136","312","110","589","164","474","205","234","102","351","152","393","128",
"0500000US51117","Mecklenburg County, Virginia","13569","395","997","262","813","249","843","200","668","159","482","112","636","163","582","162","618","142","485","124","963","217","1412","249","1543","277","1230","199","667","198","852","177","778","167",
"0500000US51119","Middlesex County, Virginia","4772","286","142","72","72","47","320","132","103","66","153","101","216","85","295","162","152","65","152","80","299","142","480","146","559","146","601","166","457","183","457","136","314","90",
"0500000US51121","Montgomery County, Virginia","36961","702","4366","440","1402","311","858","223","1123","279","1451","283","1361","352","1402","343","1483","312","858","197","2318","373","2470","362","4436","507","3237","392","2938","428","2815","385","4443","447",
"0500000US51125","Nelson County, Virginia","6364","308","359","141","356","153","286","125","178","102","147","108","162","97","179","85","253","127","262","132","400","133","627","167","721","204","559","150","445","151","647","153","783","177",
"0500000US51127","New Kent County, Virginia","9263","232","282","150","150","112","32","40","110","70","103","83","196","117","177","119","142","79","170","99","437","157","658","203","1218","268","1028","207","1423","281","1524","278","1613","316",
"0500000US51131","Northampton County, Virginia","5437","237","324","103","503","133","245","89","241","92","266","105","126","56","199","96","174","78","181","87","404","109","377","102","784","211","308","97","300","90","404","109","601","125",
"0500000US51133","Northumberland County, Virginia","5640","367","270","109","221","116","116","69","292","147","180","95","321","144","241","87","237","112","350","210","304","114","626","230","713","153","339","136","517","168","442","165","471","155",
"0500000US51135","Nottoway County, Virginia","5611","211","407","156","257","109","202","101","234","87","262","107","422","191","235","127","152","83","222","105","266","93","710","193","717","195","556","144","352","136","457","154","160","69",
"0500000US51137","Orange County, Virginia","14856","333","420","146","314","108","290","156","349","187","157","97","359","149","574","203","477","211","468","173","1202","318","1075","284","2103","432","2052","416","1307","327","1788","322","1921","340",
"0500000US51139","Page County, Virginia","9911","340","562","190","476","144","460","149","604","214","364","168","427","152","434","169","592","200","393","160","838","221","1036","187","1150","212","1106","225","535","151","567","147","367","121",
"0500000US51141","Patrick County, Virginia","7781","354","581","166","290","114","411","187","293","92","202","126","498","160","598","186","488","221","380","134","453","147","648","128","1066","238","455","142","493","153","563","172","362","152",
"0500000US51143","Pittsylvania County, Virginia","25020","460","1563","307","1525","365","1120","228","1533","305","1022","205","1252","270","1193","237","1075","230","1308","221","2023","280","2375","244","3277","326","2351","306","1333","216","1056","195","1014","191",
"0500000US51145","Powhatan County, Virginia","11325","245","224","100","178","115","102","64","269","161","406","216","131","81","181","110","396","182","205","136","655","260","953","262","1367","259","1609","338","1027","227","1547","298","2075","325",
"0500000US51147","Prince Edward County, Virginia","7641","381","794","245","468","154","262","127","325","154","467","192","336","184","438","186","212","164","209","102","561","221","691","192","854","233","752","194","176","96","543","142","553","186",
"0500000US51149","Prince George County, Virginia","12919","261","461","187","245","121","135","72","305","161","348","137","311","115","365","164","374","150","388","174","999","227","1688","341","1706","364","1751","350","1105","230","1675","333","1063","250",
"0500000US51153","Prince William County, Virginia","156798","649","3443","572","2012","349","1490","316","1669","387","2543","415","2625","526","1857","328","2876","431","2995","515","6536","789","10197","928","18617","1139","17603","1011","14210","1083","24699","1332","43426","1216",
"0500000US51155","Pulaski County, Virginia","14456","336","849","216","696","248","626","180","473","149","647","185","698","194","709","249","703","214","568","163","920","209","1581","283","1936","302","1381","233","926","243","913","187","830","207",
"0500000US51157","Rappahannock County, Virginia","2985","196","120","93","62","49","109","102","79","62","90","64","26","34","29","29","193","118","66","52","241","96","366","141","346","132","243","113","127","80","279","118","609","167",
"0500000US51159","Richmond County, Virginia","3177","162","95","66","110","79","162","103","77","74","110","76","225","116","79","58","58","45","243","149","178","74","384","135","450","142","268","119","323","138","322","138","93","70",
"0500000US51161","Roanoke County, Virginia","39725","394","1555","299","802","207","707","191","1060","259","2014","481","1258","295","1235","327","1555","274","1296","258","2863","467","3583","436","5670","533","4692","516","3049","458","3963","432","4423","426",
"0500000US51163","Rockbridge County, Virginia","9552","300","348","126","305","89","399","160","293","124","645","233","525","226","247","105","398","138","463","131","705","181","1142","229","1152","218","833","212","612","166","784","192","701","154",
"0500000US51165","Rockingham County, Virginia","32686","401","1117","259","914","271","1019","239","837","317","1200","278","1223","252","884","191","1371","285","1419","290","2140","292","2915","391","4957","488","4138","459","2646","430","2776","420","3130","355",
"0500000US51167","Russell County, Virginia","10669","284","591","142","563","184","767","184","823","263","614","190","483","122","445","181","519","185","529","160","699","178","1044","231","1310","275","800","180","518","148","509","181","455","215",
"0500000US51169","Scott County, Virginia","9127","253","886","198","705","195","502","127","611","170","504","127","291","102","478","135","471","165","437","132","577","134","905","187","930","206","661","146","417","123","503","125","249","110",
"0500000US51171","Shenandoah County, Virginia","17962","424","879","233","633","178","601","196","814","201","675","167","669","191","651","184","714","207","921","260","1557","324","1571","336","2626","332","1823","359","1229","238","1228","216","1371","209",
"0500000US51173","Smyth County, Virginia","12659","297","907","177","629","155","744","172","985","242","727","214","691","185","561","169","655","136","441","153","1008","224","1258","205","1484","263","923","202","536","138","624","160","486","159",
"0500000US51175","Southampton County, Virginia","6868","211","302","113","164","81","190","92","244","90","440","158","255","105","323","134","236","97","373","141","460","130","642","142","967","201","701","187","501","140","745","166","325","116",
"0500000US51177","Spotsylvania County, Virginia","52481","387","1401","304","826","250","935","276","763","220","992","217","1457","451","1018","268","1105","261","1320","328","2461","415","4284","569","6543","576","6062","516","5722","544","8106","647","9486","594",
"0500000US51179","Stafford County, Virginia","52326","415","989","255","473","200","666","259","533","171","364","120","762","182","709","242","1152","338","1025","308","1860","411","3284","449","5943","626","5532","722","5469","568","8554","687","15011","729",
"0500000US51181","Surry County, Virginia","2830","172","112","53","96","54","107","61","87","56","151","63","128","73","121","64","72","42","102","53","195","60","223","88","336","102","394","102","190","84","281","94","235","87",
"0500000US51183","Sussex County, Virginia","3785","171","166","77","105","51","184","73","129","63","167","73","162","89","298","149","148","73","132","69","187","75","593","160","375","102","486","140","205","106","270","99","178","82",
"0500000US51185","Tazewell County, Virginia","16290","438","1039","282","1066","237","920","236","851","206","977","226","990","232","1084","285","885","238","647","165","957","184","1597","350","1659","282","1066","230","1213","226","837","228","502","157",
"0500000US51187","Warren County, Virginia","15339","398","658","291","541","292","435","133","415","171","379","129","361","126","295","118","576","160","595","226","1051","245","1538","317","1981","322","1925","346","1135","233","1672","321","1782","349",
"0500000US51191","Washington County, Virginia","22112","378","1082","210","880","220","734","172","1190","211","1309","299","914","247","936","235","731","188","1045","244","1570","328","2311","284","2974","345","2121","299","1505","240","1350","201","1460","283",
"0500000US51193","Westmoreland County, Virginia","8149","393","396","131","420","186","283","144","272","125","169","105","397","223","250","111","394","141","426","218","839","246","761","175","1170","238","654","176","708","165","567","167","443","185",
"0500000US51195","Wise County, Virginia","13905","356","693","151","949","242","830","232","758","217","768","230","640","170","570","204","700","185","561","163","1533","327","1444","338","2075","449","1125","281","579","161","380","125","300","109",
"0500000US51197","Wythe County, Virginia","12533","302","914","229","664","217","714","248","519","141","535","166","739","246","458","161","509","190","537","146","949","244","1118","286","1542","235","1521","298","839","192","532","152","443","153",
"0500000US51199","York County, Virginia","26968","326","1057","272","123","73","340","148","444","177","479","170","808","217","426","150","783","283","744","230","1346","301","2253","380","3092","400","3323","380","2968","398","3591","418","5191","421",
"0500000US51510","Alexandria city, Virginia","76096","582","2568","486","1335","379","1389","318","1445","342","1336","446","1089","288","1504","342","1331","299","1568","444","3440","555","5539","609","8911","856","8828","791","6240","724","10320","725","19253","733",
"0500000US51520","Bristol city, Virginia","7226","292","628","177","514","180","390","150","246","113","405","140","351","139","276","135","389","177","370","137","635","206","544","200","783","223","521","185","400","142","600","242","174","78",
"0500000US51530","Buena Vista city, Virginia","2554","153","143","82","206","97","52","53","159","94","121","81","96","73","59","42","156","102","65","53","311","170","421","124","338","106","210","94","144","81","42","46","31","47",
"0500000US51540","Charlottesville city, Virginia","19815","385","1616","319","822","286","671","226","773","180","749","239","505","148","711","200","842","218","492","143","1296","273","1442","240","2387","371","1511","344","1089","227","1908","319","3001","353",
"0500000US51550","Chesapeake city, Virginia","93626","629","3678","474","2075","434","1945","392","2025","381","2745","520","2946","496","2408","460","1826","322","2789","483","5603","687","8720","796","12055","1041","10211","836","8773","836","11530","880","14297","1075",
"0500000US51570","Colonial Heights city, Virginia","7530","198","436","175","178","85","157","92","292","118","232","119","289","111","186","87","459","217","316","150","336","99","822","236","1061","232","1024","232","598","203","536","122","608","214",
"0500000US51580","Covington city, Virginia","2576","118","167","101","66","50","229","101","228","96","285","143","137","77","141","97","51","39","199","102","177","94","216","112","329","107","147","96","137","83","67","45","0","19",
"0500000US51590","Danville city, Virginia","19066","382","1650","357","1616","294","1146","229","1510","290","947","225","1025","257","620","172","1094","261","893","226","1163","241","1896","313","2034","319","953","211","870","224","992","257","657","198",
"0500000US51595","Emporia city, Virginia","2157","226","119","83","183","99","118","84","68","60","105","63","183","111","54","39","46","45","122","95","247","138","115","72","229","124","144","62","238","137","125","83","61","47",
"0500000US51600","Fairfax city, Virginia","9155","117","354","139","68","65","176","112","174","87","335","179","109","56","93","89","218","108","220","127","314","112","526","174","806","202","991","235","572","151","1260","243","2939","275",
"0500000US51610","Falls Church city, Virginia","6273","145","164","111","21","21","44","43","69","51","78","78","235","167","101","74","36","35","119","70","289","140","330","137","602","184","647","180","481","168","670","144","2387","269",
"0500000US51620","Franklin city, Virginia","3454","229","315","139","166","81","55","66","183","104","124","93","129","110","138","97","92","72","181","112","220","88","426","155","593","199","214","93","233","122","315","129","70","44",
"0500000US51630","Fredericksburg city, Virginia","11720","206","441","145","314","141","555","264","355","138","482","159","289","168","240","126","254","133","249","123","657","188","1286","323","1799","374","905","222","803","247","1085","277","2006","294",
"0500000US51640","Galax city, Virginia","2763","234","275","135","222","112","258","126","142","67","173","72","232","114","106","70","73","46","56","40","179","127","197","99","230","94","217","105","110","74","83","63","210","149",
"0500000US51650","Hampton city, Virginia","58057","609","3379","492","1896","412","1703","401","2422","366","2177","369","2436","534","2335","450","2269","429","2462","405","4008","503","5902","683","8699","869","5539","618","3878","546","5266","647","3686","405",
"0500000US51660","Harrisonburg city, Virginia","17360","299","1251","247","827","203","680","194","959","251","794","208","497","169","794","247","543","166","542","208","1290","282","1784","384","2337","378","1627","299","1055","201","1283","270","1097","236",
"0500000US51670","Hopewell city, Virginia","9255","323","987","247","344","139","508","174","397","169","324","139","432","170","444","243","560","215","309","134","509","165","1028","265","1233","274","936","264","416","150","367","141","461","147",
"0500000US51678","Lexington city, Virginia","2187","236","127","102","51","41","185","119","120","82","55","66","55","60","45","44","55","56","19","35","106","99","104","66","308","140","444","180","229","96","124","81","160","89",
"0500000US51680","Lynchburg city, Virginia","28701","574","2296","454","1384","308","1033","249","1226","291","1255","303","1519","337","1354","299","1120","282","1301","273","2214","432","2594","408","3687","462","2817","368","1679","325","1716","325","1506","264",
"0500000US51683","Manassas city, Virginia","14203","165","433","198","182","108","310","147","174","108","215","103","316","157","278","138","331","185","304","155","526","188","1484","344","1420","306","1792","289","1610","298","1913","290","2915","373",
"0500000US51685","Manassas Park city, Virginia","5193","194","47","42","59","58","33","46","70","53","52","57","34","48","126","74","87","77","159","91","318","172","847","258","688","196","752","234","591","184","633","184","697","178",
"0500000US51690","Martinsville city, Virginia","5711","245","398","133","507","183","387","184","276","105","354","140","268","107","212","112","334","131","280","113","488","184","691","213","540","143","279","115","116","67","247","117","334","118",
"0500000US51700","Newport News city, Virginia","76112","550","4362","614","2677","410","2090","364","3114","477","2997","520","3562","519","2372","503","3031","455","3133","515","5638","645","8156","769","11309","985","7577","722","5476","564","6151","622","4467","443",
"0500000US51710","Norfolk city, Virginia","94965","721","5939","508","3791","448","3036","446","3912","517","3349","477","3867","450","3999","524","4081","449","4016","525","7430","679","10049","898","11674","901","9473","682","5680","577","7148","594","7521","508",
"0500000US51720","Norton city, Virginia","1605","161","145","76","255","145","126","64","34","34","11","17","120","98","84","47","64","56","77","56","158","122","167","97","110","65","119","65","56","51","57","41","22","29",
"0500000US51730","Petersburg city, Virginia","15138","401","1427","268","896","246","717","243","618","192","680","221","770","287","640","266","627","172","1056","312","1520","294","2075","490","1408","327","1280","267","630","221","387","139","407","147",
"0500000US51735","Poquoson city, Virginia","4728","108","73","53","44","44","120","98","52","52","81","60","24","29","56","37","132","76","91","55","271","126","382","167","555","136","615","206","482","150","904","171","846","174",
"0500000US51740","Portsmouth city, Virginia","40288","452","2951","500","1908","396","1504","345","1534","321","1751","413","2263","455","1685","376","1501","309","1701","411","3181","523","4472","583","5130","495","3855","463","2149","368","2877","367","1826","320",
"0500000US51750","Radford city, Virginia","5540","249","681","240","388","134","253","126","251","143","277","115","142","78","145","73","192","86","231","97","412","125","662","149","572","169","442","135","238","105","315","164","339","131",
"0500000US51760","Richmond city, Virginia","104321","766","7664","710","5187","651","3857","596","4355","692","4058","638","3779","550","3909","547","4325","662","4331","642","7485","740","10246","913","12727","969","7538","679","5961","568","8002","778","10897","710",
"0500000US51770","Roanoke city, Virginia","43575","640","3372","574","2752","571","1954","354","2012","385","2085","446","2198","448","1618","329","2030","376","1840","367","3425","444","4590","576","5313","573","3560","444","2176","445","2319","381","2331","376",
"0500000US51775","Salem city, Virginia","10256","223","460","140","221","110","344","138","379","117","421","153","447","153","564","215","520","175","332","115","1057","269","898","205","1132","239","1027","211","754","224","847","201","853","202",
"0500000US51790","Staunton city, Virginia","11309","278","505","143","604","168","395","161","442","149","489","149","460","194","413","160","576","164","528","155","738","196","1217","252","1610","277","1305","277","727","175","791","219","509","144",
"0500000US51800","Suffolk city, Virginia","37908","357","1544","292","822","194","742","160","1091","287","986","235","1386","323","763","183","876","199","1394","314","2420","402","3657","426","4787","502","4516","387","3595","410","4456","448","4873","395",
"0500000US51810","Virginia Beach city, Virginia","179851","907","6740","592","4012","599","2772","439","3898","663","4065","684","4771","615","4780","626","4713","479","5034","634","13801","1111","18331","1140","23424","1244","21326","1017","16928","1076","19838","1027","25418","1131",
"0500000US51820","Waynesboro city, Virginia","9841","313","430","180","393","162","374","148","300","140","651","226","343","149","703","253","433","192","320","160","974","262","948","243","1200","250","1145","242","527","173","657","210","443","192",
"0500000US51830","Williamsburg city, Virginia","5020","242","399","139","166","128","172","98","120","73","300","180","183","104","221","119","111","67","112","99","323","145","381","151","602","158","528","181","347","121","512","158","543","135",
"0500000US51840","Winchester city, Virginia","11492","329","792","229","345","136","594","233","578","198","407","174","359","161","466","186","547","212","283","134","929","231","1439","387","1583","354","893","201","700","246","583","165","994","199",
"0500000US53001","Adams County, Washington","6288","162","299","120","248","103","167","67","313","137","492","206","206","90","243","109","259","138","121","58","528","127","640","191","986","192","407","129","355","114","553","149","471","136",
"0500000US53003","Asotin County, Washington","9490","221","545","165","262","94","306","100","366","128","372","112","439","131","314","109","369","139","450","160","627","131","808","191","1379","228","932","190","747","212","564","158","1010","240",
"0500000US53005","Benton County, Washington","78046","560","3313","570","2170","375","1910","424","2532","494","2175","445","1805","315","2301","403","1890","433","2586","503","4962","564","6905","621","10857","798","9061","726","6482","646","8954","750","10143","625",
"0500000US53007","Chelan County, Washington","31520","492","1218","243","751","164","841","280","1011","292","1175","332","1091","274","1215","249","911","251","1122","292","2406","329","2911","396","4013","545","3059","423","2567","442","3257","441","3972","406",
"0500000US53009","Clallam County, Washington","35046","426","1520","237","1398","260","1089","229","1369","336","1385","330","1413","349","1155","184","1373","304","1621","266","2478","309","3830","382","4767","404","4017","404","2000","285","2749","313","2882","393",
"0500000US53011","Clark County, Washington","196017","823","6233","756","3852","485","3985","496","3773","515","4287","687","4861","546","5448","630","5154","528","5307","625","12061","928","17719","1129","27435","1245","24874","1371","18433","1095","23182","1140","29413","1258",
"0500000US53013","Columbia County, Washington","1862","136","100","53","90","49","63","58","100","53","37","28","48","32","51","33","69","37","74","48","165","80","206","81","205","64","259","84","195","86","100","50","100","52",
"0500000US53015","Cowlitz County, Washington","43943","449","1623","302","1618","246","1304","264","1526","282","1694","375","1472","285","1495","292","1523","320","1768","305","3237","463","4308","502","6342","600","5215","562","3086","545","4456","526","3276","365",
"0500000US53017","Douglas County, Washington","15923","330","543","194","206","96","308","114","413","150","546","140","540","156","562","190","546","163","542","146","1206","275","1876","297","2347","293","1557","287","1170","235","1679","262","1882","289",
"0500000US53019","Ferry County, Washington","3169","137","137","43","169","52","165","57","200","73","267","99","118","44","124","55","156","53","92","41","279","95","317","79","415","95","235","82","185","58","224","90","86","44",
"0500000US53021","Franklin County, Washington","29890","470","1230","278","485","175","729","249","785","248","712","183","1044","269","1198","309","710","198","1085","308","2241","337","2653","474","4333","531","3479","422","2782","455","2768","497","3656","576",
"0500000US53023","Garfield County, Washington","1031","87","89","62","44","37","16","18","15","13","53","45","51","37","17","21","43","30","58","36","70","52","113","54","192","68","121","70","41","27","47","31","61","41",
"0500000US53025","Grant County, Washington","35398","515","1678","354","1439","342","1386","325","982","269","1321","287","1356","335","1117","243","1546","384","1283","331","2582","442","3463","548","6040","683","3740","510","2116","351","2558","474","2791","391",
"0500000US53027","Grays Harbor County, Washington","30628","562","1884","387","1182","231","994","233","1217","280","1335","306","1257","267","1044","251","1626","342","1294","277","2593","431","3016","416","3951","398","3373","388","2066","325","2127","362","1669","335",
"0500000US53029","Island County, Washington","35972","647","1439","288","694","206","939","256","954","284","673","212","954","232","1135","242","764","171","1220","286","2082","312","3567","399","5203","448","4773","478","3224","423","4299","540","4052","459",
"0500000US53031","Jefferson County, Washington","16340","415","868","196","634","159","558","169","556","147","707","251","609","160","493","136","617","274","460","134","1107","230","1673","284","1933","258","1757","272","1162","257","1461","219","1745","285",
"0500000US53033","King County, Washington","941054","2581","34205","1633","21261","1304","15954","1236","17674","1234","17379","1150","17943","1262","17964","1262","20566","1147","19565","1298","40167","1782","64149","2041","97720","2777","86865","2454","74872","2201","114456","2850","280314","3290",
"0500000US53035","Kitsap County, Washington","108537","829","3693","399","2292","340","2254","401","1875","316","2251","291","2237","332","2066","341","2820","471","2915","486","6128","689","9416","783","13714","891","13804","927","9691","923","15467","900","17914","838",
"0500000US53037","Kittitas County, Washington","19993","500","1324","316","550","173","695","223","577","189","589","172","974","302","972","278","781","241","774","258","970","250","1934","318","2224","364","1947","279","1585","305","1763","288","2334","371",
"0500000US53039","Klickitat County, Washington","9872","221","553","184","218","89","270","126","392","163","294","120","399","160","403","201","409","149","436","157","800","252","1082","228","1303","224","1114","212","684","176","382","121","1133","277",
"0500000US53041","Lewis County, Washington","32916","435","1414","267","1042","247","1345","279","1030","212","1382","336","1461","377","1436","297","1238","260","931","232","2134","382","3084","378","4617","446","3824","437","2534","339","2906","355","2538","386",
"0500000US53043","Lincoln County, Washington","4820","149","251","82","168","56","86","33","272","70","187","57","205","78","150","51","170","49","197","55","381","106","465","106","651","127","515","100","413","88","348","87","361","88",
"0500000US53045","Mason County, Washington","26029","620","1425","240","894","229","695","199","503","178","704","175","674","190","802","248","866","248","454","137","1731","370","3027","425","3672","387","2924","383","2244","366","2802","417","2612","432",
"0500000US53047","Okanogan County, Washington","17540","446","1026","227","1065","232","639","193","543","138","754","192","781","205","978","249","827","234","590","156","1229","251","1727","263","2286","334","1629","266","1055","292","1254","244","1157","240",
"0500000US53049","Pacific County, Washington","10977","428","426","138","529","180","597","197","409","139","599","190","377","103","544","191","422","127","320","113","862","161","923","176","1525","249","1225","272","670","159","687","139","862","177",
"0500000US53051","Pend Oreille County, Washington","5949","220","234","88","186","93","193","78","384","112","227","84","307","108","307","134","228","91","162","77","536","146","534","134","692","156","772","210","289","96","426","103","472","153",
"0500000US53053","Pierce County, Washington","351330","1296","12239","915","7079","687","6658","602","7630","739","7426","614","8264","871","8813","848","9768","805","9890","885","20573","1390","30910","1401","47206","1723","44682","1842","31042","1460","44404","1504","54746","1711",
"0500000US53055","San Juan County, Washington","9015","234","513","106","304","64","251","61","261","73","236","59","301","66","305","72","351","78","236","64","495","82","807","90","1058","118","1006","136","619","102","914","100","1358","103",
"0500000US53057","Skagit County, Washington","52329","421","2158","304","1503","234","1449","314","1319","222","1478","260","1590","285","1422","261","1602","246","1675","263","3350","430","4846","471","6791","542","5824","479","4847","583","6105","558","6370","372",
"0500000US53059","Skamania County, Washington","5019","142","182","66","145","62","212","97","238","109","97","44","143","73","238","85","86","44","106","71","198","73","377","85","756","153","470","106","392","107","655","115","724","122",
"0500000US53061","Snohomish County, Washington","316212","1181","10684","828","5991","707","5483","638","6412","606","6095","640","6231","682","6297","625","7622","873","7182","692","14909","1125","26342","1315","38174","1510","34979","1459","29013","1334","41905","1295","68893","1706",
"0500000US53063","Spokane County, Washington","218395","980","10039","923","7816","673","6190","648","6441","655","6657","700","7957","816","7382","671","7943","734","7553","689","15195","964","21742","1227","29537","1492","24161","1348","17827","1063","19898","1060","22057","1105",
"0500000US53065","Stevens County, Washington","19374","295","1015","173","757","191","607","137","602","136","733","159","668","193","616","161","957","218","1051","245","1671","237","1965","330","2641","293","1803","282","1340","247","1344","232","1604","245",
"0500000US53067","Thurston County, Washington","118899","801","4930","663","2486","465","2300","400","2879","557","2411","366","2812","524","3128","383","2859","413","3372","578","7207","736","11265","902","16188","930","15254","915","13041","974","14404","1029","14363","805",
"0500000US53069","Wahkiakum County, Washington","2100","114","212","106","43","31","83","54","181","84","51","43","131","96","56","45","34","31","98","57","128","61","184","64","201","97","250","101","196","89","140","68","112","47",
"0500000US53071","Walla Walla County, Washington","23447","364","1115","297","757","196","1154","271","954","207","684","240","742","184","837","203","937","315","620","191","1794","363","2240","334","3479","482","2264","333","1665","272","1969","253","2236","343",
"0500000US53073","Whatcom County, Washington","94021","718","4378","589","3276","573","2782","521","2765","416","2460","409","3125","495","2745","475","3827","551","3180","543","6212","615","8909","700","11712","824","10354","1055","8131","743","9035","737","11130","683",
"0500000US53075","Whitman County, Washington","18721","472","2246","338","961","282","831","225","1196","331","869","251","876","280","446","134","481","173","898","271","1081","249","1233","259","2050","286","1351","262","976","234","1696","311","1530","344",
"0500000US53077","Yakima County, Washington","87708","656","3563","430","3373","449","2511","401","3290","497","3376","478","3266","539","3985","491","3531","499","3823","537","6639","851","9249","846","12775","933","9983","877","6071","617","6742","686","5531","532",
"0500000US54001","Barbour County, West Virginia","6152","213","587","179","364","138","103","49","256","114","466","161","221","84","259","116","203","93","486","198","571","160","730","188","785","207","245","107","441","164","331","139","104","71",
"0500000US54003","Berkeley County, West Virginia","51021","530","1956","374","1549","353","1198","337","1287","343","1674","390","1561","374","1859","356","1693","327","1496","362","3895","529","5097","589","8290","906","6309","771","4412","514","4549","601","4196","569",
"0500000US54005","Boone County, West Virginia","7927","258","519","145","446","147","573","208","286","114","384","142","255","109","418","141","370","129","297","140","586","152","639","142","1087","190","882","202","483","165","538","176","164","75",
"0500000US54007","Braxton County, West Virginia","4790","266","313","121","455","135","205","92","208","91","165","77","320","127","269","116","304","114","145","65","402","133","554","140","593","152","274","92","305","131","191","101","87","51",
"0500000US54009","Brooke County, West Virginia","9675","252","420","119","376","114","519","183","429","142","486","174","659","146","482","200","510","180","631","297","746","179","903","205","1220","250","859","190","421","128","452","142","562","180",
"0500000US54011","Cabell County, West Virginia","39318","546","3264","410","2793","448","1612","329","2158","378","1934","370","1650","348","1672","393","1462","275","1391","300","2842","475","4040","450","4711","534","3296","478","2052","331","1805","254","2636","364",
"0500000US54013","Calhoun County, West Virginia","2525","179","263","96","267","103","98","61","157","71","41","26","91","55","184","93","248","141","121","71","299","112","257","127","137","61","67","58","54","49","168","89","73","59",
"0500000US54015","Clay County, West Virginia","2972","192","397","159","123","64","219","99","261","125","84","53","185","95","115","59","134","76","55","51","324","91","294","100","329","109","188","90","94","55","86","63","84","75",
"0500000US54017","Doddridge County, West Virginia","2554","162","75","56","227","104","131","63","83","61","124","89","121","81","86","47","188","75","106","59","168","81","230","96","193","70","243","104","188","83","207","107","184","90",
"0500000US54019","Fayette County, West Virginia","15948","422","934","182","1415","265","635","187","670","178","927","223","727","180","671","177","681","188","794","213","1375","303","1617","316","1993","313","1680","331","724","200","569","140","536","188",
"0500000US54021","Gilmer County, West Virginia","2254","172","173","78","160","89","91","53","150","74","223","104","118","69","50","36","89","58","178","85","123","66","268","107","294","103","168","78","32","29","88","53","49","44",
"0500000US54023","Grant County, West Virginia","4393","226","267","113","274","94","152","78","288","111","153","67","205","93","235","94","120","70","225","141","252","96","457","131","762","152","384","151","250","118","153","95","216","121",
"0500000US54025","Greenbrier County, West Virginia","14788","369","1103","261","985","267","803","194","810","255","817","222","606","177","840","249","987","217","736","238","1257","260","1183","263","1850","343","1332","270","438","151","567","178","474","159",
"0500000US54027","Hampshire County, West Virginia","8643","404","420","159","424","143","546","199","468","191","458","174","380","136","183","90","286","132","310","123","608","173","901","213","960","266","945","229","762","259","539","165","453","170",
"0500000US54029","Hancock County, West Virginia","12824","287","606","164","821","236","587","172","664","187","559","144","800","225","383","99","598","185","357","165","847","174","1385","304","1704","320","1293","320","803","176","774","190","643","200",
"0500000US54031","Hardy County, West Virginia","5954","245","308","116","209","77","412","147","254","105","273","143","377","142","265","115","377","139","603","182","418","158","574","171","665","165","411","115","341","153","249","92","218","92",
"0500000US54033","Harrison County, West Virginia","26353","451","1254","257","1328","273","1080","274","1609","287","884","200","1401","291","1041","207","1031","273","1323","263","2116","320","2353","278","3295","421","2405","407","1760","255","1736","275","1737","272",
"0500000US54035","Jackson County, West Virginia","11515","295","970","303","724","295","278","122","608","203","290","117","510","174","772","206","629","216","483","239","536","152","1222","279","1564","310","989","242","563","191","870","238","507","170",
"0500000US54037","Jefferson County, West Virginia","22804","266","920","221","452","143","522","145","581","165","921","247","324","94","513","146","624","173","592","154","1566","240","1904","259","2600","331","2538","366","2195","330","3140","336","3412","314",
"0500000US54039","Kanawha County, West Virginia","76459","898","4174","488","4100","487","4006","573","3325","418","3629","581","3093","385","2887","425","3198","427","2771","489","6368","673","8548","828","9566","796","6929","610","4454","558","4648","541","4763","417",
"0500000US54041","Lewis County, West Virginia","6967","264","447","155","501","179","343","118","362","103","408","120","281","91","322","109","156","64","213","78","744","219","428","117","838","183","706","164","322","113","435","127","461","143",
"0500000US54043","Lincoln County, West Virginia","7673","353","696","193","669","209","594","199","442","158","329","113","281","137","373","138","373","208","330","148","509","176","701","195","973","250","587","181","259","167","344","136","213","106",
"0500000US54045","Logan County, West Virginia","12760","341","806","213","987","262","850","220","876","231","696","244","602","166","454","171","568","205","572","216","1080","301","1145","261","1490","355","719","199","735","244","661","229","519","198",
"0500000US54047","McDowell County, West Virginia","6467","288","632","199","1000","266","359","132","510","201","513","186","531","198","403","159","284","124","193","128","418","133","490","153","514","174","326","148","123","61","120","104","51","50",
"0500000US54049","Marion County, West Virginia","23339","406","1175","234","1017","191","806","165","920","195","886","173","919","221","870","226","1022","204","816","208","1785","286","2631","350","3631","473","2324","377","1864","268","1335","225","1338","209",
"0500000US54051","Marshall County, West Virginia","12487","322","622","152","699","205","636","200","722","203","640","203","635","204","404","154","562","172","585","157","800","196","1457","294","1446","297","983","221","934","192","881","235","481","146",
"0500000US54053","Mason County, West Virginia","10211","378","833","260","325","125","631","212","568","181","607","182","785","213","408","259","435","222","534","186","551","200","956","222","1451","314","706","212","430","151","655","216","336","145",
"0500000US54055","Mercer County, West Virginia","24224","574","1265","305","1162","254","1435","298","1437","305","1339","320","1690","363","1318","374","1009","212","1035","330","1629","343","2293","378","3184","399","1864","316","1430","348","1147","287","987","258",
"0500000US54057","Mineral County, West Virginia","11120","309","578","215","702","247","366","133","532","176","286","130","359","129","413","220","505","189","354","142","679","191","1146","275","1650","355","1375","283","907","215","737","221","531","160",
"0500000US54059","Mingo County, West Virginia","9317","308","1019","261","1200","252","722","200","743","235","406","176","331","144","403","160","425","167","462","177","491","152","954","218","851","208","423","164","258","159","374","153","255","133",
"0500000US54061","Monongalia County, West Virginia","44629","560","3853","516","2076","446","1570","289","1818","371","2208","485","2122","396","1411","288","1914","399","1282","285","2606","393","4067","444","4848","572","3187","453","2825","370","3768","461","5074","436",
"0500000US54063","Monroe County, West Virginia","4619","256","162","97","203","99","287","98","159","111","325","129","242","112","290","130","142","95","207","112","479","162","496","171","742","258","414","155","151","87","194","116","126","65",
"0500000US54065","Morgan County, West Virginia","7342","283","298","97","328","105","240","133","149","66","236","128","286","115","299","123","212","87","295","113","601","171","905","207","1273","258","970","282","488","137","425","113","337","134",
"0500000US54067","Nicholas County, West Virginia","9466","375","556","187","638","194","475","179","416","179","813","274","352","158","467","184","316","156","228","84","998","288","727","210","1481","283","686","171","508","279","367","127","438","157",
"0500000US54069","Ohio County, West Virginia","18342","354","1196","252","1325","298","733","193","992","256","844","184","842","218","693","192","823","176","932","227","1189","222","1388","223","2158","255","1418","224","1085","214","1435","231","1289","204",
"0500000US54071","Pendleton County, West Virginia","2342","143","99","43","103","49","109","54","80","38","153","82","104","51","131","74","114","74","47","34","110","62","387","109","326","103","187","76","257","117","108","56","27","20",
"0500000US54073","Pleasants County, West Virginia","2769","124","156","92","146","69","138","58","68","40","201","79","162","75","154","88","78","39","105","59","156","63","337","99","245","94","252","83","198","76","200","74","173","78",
"0500000US54075","Pocahontas County, West Virginia","3181","169","296","88","205","90","192","76","175","79","110","43","237","85","245","74","234","77","70","48","209","64","291","83","505","117","161","58","103","68","88","48","60","35",
"0500000US54077","Preston County, West Virginia","12809","379","850","258","510","136","464","132","348","104","590","158","619","165","583","143","597","158","532","144","1134","230","1307","220","1696","242","1366","207","902","209","814","179","497","128",
"0500000US54079","Putnam County, West Virginia","23251","320","897","261","564","148","666","215","1051","356","673","223","1116","273","891","259","762","245","734","213","1529","309","2176","394","2748","349","2597","398","2003","429","2284","411","2560","485",
"0500000US54081","Raleigh County, West Virginia","29004","678","3515","600","1258","279","1411","332","1582","398","1429","339","1116","262","1660","388","1291","324","872","227","2220","445","2484","377","3561","537","2149","400","1874","404","1518","389","1064","230",
"0500000US54083","Randolph County, West Virginia","10678","303","637","171","694","211","670","204","580","165","518","149","488","166","516","166","496","203","486","153","759","201","949","269","1223","224","1285","323","406","163","405","128","566","204",
"0500000US54085","Ritchie County, West Virginia","3389","170","232","99","234","87","216","70","121","54","250","79","180","67","155","62","156","62","127","67","225","93","282","90","534","156","220","76","184","72","196","98","77","46",
"0500000US54087","Roane County, West Virginia","5704","228","376","109","280","105","348","137","498","163","422","154","274","106","311","121","273","93","372","170","528","138","481","130","522","122","372","122","301","126","182","85","164","59",
"0500000US54089","Summers County, West Virginia","4680","259","183","79","422","135","189","90","475","182","434","231","285","121","319","184","232","114","112","65","315","122","439","173","474","148","343","116","279","167","103","69","76","61",
"0500000US54091","Taylor County, West Virginia","6604","225","223","103","423","179","298","137","302","137","284","150","461","169","320","127","376","155","235","86","477","176","802","246","615","226","441","168","456","192","553","190","338","154",
"0500000US54093","Tucker County, West Virginia","2840","176","171","68","159","61","167","70","142","59","94","43","150","49","169","77","146","48","109","52","251","76","234","68","350","84","221","66","145","64","211","67","121","49",
"0500000US54095","Tyler County, West Virginia","3296","147","265","89","222","68","120","61","101","44","145","58","161","60","100","45","156","68","68","39","266","68","307","81","428","137","274","75","253","74","236","115","194","84",
"0500000US54097","Upshur County, West Virginia","9557","291","419","129","847","272","415","119","529","205","379","136","419","132","664","225","253","89","314","113","1034","228","862","257","1261","246","760","203","373","155","605","174","423","143",
"0500000US54099","Wayne County, West Virginia","15762","423","684","209","702","209","1150","330","945","249","810","246","635","185","587","180","603","239","613","221","1262","308","1572","408","2144","438","1674","319","887","200","790","235","704","238",
"0500000US54101","Webster County, West Virginia","2899","182","367","116","250","101","155","56","105","53","171","60","136","72","187","96","111","72","175","52","265","98","263","92","191","80","185","71","159","76","109","62","70","44",
"0500000US54103","Wetzel County, West Virginia","6113","211","347","128","334","115","287","98","438","149","283","128","149","65","289","107","315","110","185","87","520","169","715","178","864","162","500","135","279","95","289","89","319","104",
"0500000US54105","Wirt County, West Virginia","2041","126","88","49","100","47","161","68","103","53","95","45","101","64","49","45","146","64","183","79","171","93","238","90","224","97","162","80","60","46","120","78","40","33",
"0500000US54107","Wood County, West Virginia","35836","502","1810","314","1887","252","1393","306","2236","342","1831","349","1713","299","1520","302","1878","369","1366","237","2850","364","3597","472","4330","481","3103","508","2161","381","2387","351","1774","225",
"0500000US54109","Wyoming County, West Virginia","8068","256","536","209","713","320","538","190","504","242","371","149","288","127","517","223","234","127","542","263","757","205","716","243","913","250","637","192","486","233","199","142","117","89",
"0500000US55001","Adams County, Wisconsin","9517","286","542","79","307","66","333","68","398","80","690","128","352","62","500","105","427","94","462","87","791","122","936","123","1279","143","1021","149","548","108","523","72","408","83",
"0500000US55003","Ashland County, Wisconsin","6832","222","352","132","468","119","260","79","254","75","304","84","353","129","282","89","251","50","233","71","594","121","735","131","850","133","772","132","389","90","483","89","252","70",
"0500000US55005","Barron County, Wisconsin","19955","283","788","152","721","143","640","151","725","163","1016","191","789","169","964","195","980","190","763","126","1507","204","2327","266","3072","271","2129","164","1048","109","1286","163","1200","163",
"0500000US55007","Bayfield County, Wisconsin","7437","202","255","40","299","63","202","44","311","65","367","81","277","53","238","37","238","48","266","56","610","98","863","85","1178","106","740","77","514","63","623","87","456","58",
"0500000US55009","Brown County, Wisconsin","110933","641","4017","562","2981","444","2747","333","3476","533","3990","530","3632","503","4059","601","4037","523","4063","447","7559","640","11346","1065","16680","997","13609","1069","8558","630","10187","797","9992","880",
"0500000US55011","Buffalo County, Wisconsin","5720","142","172","45","215","48","296","64","168","43","216","62","244","67","264","74","229","62","193","50","453","75","548","76","863","94","728","102","406","56","481","80","244","41",
"0500000US55013","Burnett County, Wisconsin","7188","191","471","84","363","75","235","52","288","44","350","70","320","60","267","51","246","39","289","49","605","85","809","95","868","79","676","78","481","72","461","66","459","74",
"0500000US55015","Calumet County, Wisconsin","21372","258","506","146","353","131","313","94","528","144","778","243","650","202","797","224","760","191","819","175","1692","246","1996","334","2649","303","2751","358","2161","259","2508","294","2111","300",
"0500000US55017","Chippewa County, Wisconsin","27139","310","933","194","828","194","833","211","787","251","1332","356","908","170","850","169","1151","210","1255","254","2064","335","2693","355","3636","405","3335","339","2341","316","2614","378","1579","241",
"0500000US55019","Clark County, Wisconsin","12839","160","417","61","493","91","428","86","440","70","508","86","492","77","546","90","603","117","500","75","1141","114","1553","138","1814","142","1397","121","812","78","969","105","726","83",
"0500000US55021","Columbia County, Wisconsin","24158","332","899","189","432","112","583","152","634","124","805","200","649","118","571","147","1163","243","820","144","1487","265","2530","311","3712","355","2768","296","2216","251","2677","230","2212","222",
"0500000US55023","Crawford County, Wisconsin","6706","167","248","54","270","65","281","65","284","75","357","75","301","77","299","81","285","71","334","102","485","86","689","113","1055","118","679","88","448","89","407","60","284","70",
"0500000US55025","Dane County, Wisconsin","251529","1049","10694","917","6054","686","5947","696","6156","679","6639","789","7707","848","7558","674","7181","657","8942","877","14912","945","24789","1248","31136","1376","27663","1197","19959","1079","29992","1372","36200","1236",
"0500000US55027","Dodge County, Wisconsin","35910","250","1155","201","931","226","1121","203","877","165","1043","200","1574","321","1346","229","1390","245","1521","230","2850","300","3973","336","5373","400","5067","433","2793","249","2889","234","2007","249",
"0500000US55029","Door County, Wisconsin","14986","393","769","254","411","147","400","123","397","158","655","166","406","104","380","90","585","158","623","183","1260","256","1637","243","1868","217","1740","214","1404","257","1086","147","1365","192",
"0500000US55031","Douglas County, Wisconsin","19160","280","819","157","835","182","742","161","651","144","779","208","638","140","930","186","659","164","635","153","1515","227","1364","180","2603","271","2402","250","1602","231","1825","215","1161","172",
"0500000US55033","Dunn County, Wisconsin","17440","272","747","185","576","125","706","182","532","121","504","129","716","169","423","107","703","152","647","138","1375","206","1816","250","2652","273","1852","219","1399","166","1578","232","1214","150",
"0500000US55035","Eau Claire County, Wisconsin","44726","387","1290","259","1127","257","1385","244","1500","311","1653","374","1627","309","1960","379","1499","262","1538","295","4095","569","4848","523","6153","478","4809","462","4013","412","3567","424","3662","394",
"0500000US55037","Florence County, Wisconsin","2197","99","36","14","120","51","134","73","73","31","66","35","111","63","128","49","133","57","49","27","222","78","211","65","277","64","298","59","113","32","161","41","65","26",
"0500000US55039","Fond du Lac County, Wisconsin","43243","463","1388","212","1591","346","1428","299","1242","286","1164","213","1521","343","1708","309","1829","321","1631","270","3342","422","5005","499","5719","481","5585","557","3495","440","3881","413","2714","344",
"0500000US55041","Forest County, Wisconsin","4006","148","216","61","158","43","130","24","246","60","191","44","176","38","165","41","176","41","160","41","343","66","422","70","616","69","440","65","186","43","189","46","192","41",
"0500000US55043","Grant County, Wisconsin","19960","246","882","212","667","138","748","166","746","172","846","168","809","140","954","162","994","179","721","139","1503","171","2260","226","2622","233","2140","191","1490","179","1492","178","1086","142",
"0500000US55045","Green County, Wisconsin","15775","180","550","167","390","123","425","119","483","134","555","154","522","124","533","112","544","124","550","122","1079","192","1611","215","2354","252","1871","219","1447","177","1593","214","1268","145",
"0500000US55047","Green Lake County, Wisconsin","8285","195","422","127","245","74","372","101","235","67","353","100","364","98","320","62","300","63","276","72","641","108","884","162","1136","148","902","118","715","137","620","99","500","92",
"0500000US55049","Iowa County, Wisconsin","10118","161","377","80","387","110","227","66","182","50","363","120","278","84","215","66","446","124","448","120","674","126","1054","161","1514","220","1100","135","855","113","1065","153","933","151",
"0500000US55051","Iron County, Wisconsin","3109","149","139","35","84","27","118","32","137","37","215","57","151","54","157","59","141","48","127","30","270","53","401","71","324","54","307","58","268","53","175","36","95","35",
"0500000US55053","Jackson County, Wisconsin","8274","167","352","76","417","87","315","104","287","90","264","62","354","85","310","82","331","71","324","72","568","89","1154","116","1217","120","960","124","531","89","466","74","424","72",
"0500000US55055","Jefferson County, Wisconsin","34873","365","1654","355","711","155","852","202","701","130","1060","274","927","159","1174","224","994","188","1185","216","2646","421","3503","327","5428","450","4573","398","3513","381","3525","363","2427","312",
"0500000US55057","Juneau County, Wisconsin","10955","301","476","95","484","96","428","95","350","76","469","117","475","118","379","84","491","111","415","86","832","120","1270","161","1786","189","1262","170","800","124","628","106","410","72",
"0500000US55059","Kenosha County, Wisconsin","68904","596","2939","521","1682","304","1971","389","2231","321","1874","336","2463","391","2273","331","2122","380","2656","410","4807","721","6937","618","9413","749","7215","632","5634","482","8114","691","6573","643",
"0500000US55061","Kewaunee County, Wisconsin","8357","155","204","61","376","110","129","49","209","67","205","78","235","69","208","61","387","105","311","69","628","120","898","134","1316","164","1048","152","830","135","817","128","556","98",
"0500000US55063","La Crosse County, Wisconsin","51497","520","2068","335","1772","348","1546","322","1717","481","2101","416","1572","311","1962","327","2014","357","2272","439","4405","540","4945","513","7205","668","5194","468","3942","502","4491","391","4291","508",
"0500000US55065","Lafayette County, Wisconsin","6763","83","279","62","221","50","195","45","210","57","278","75","303","90","177","41","230","52","280","66","495","73","641","93","1065","110","875","74","510","56","607","80","397","49",
"0500000US55067","Langlade County, Wisconsin","8881","270","616","166","437","140","309","111","408","157","438","149","468","124","324","161","385","100","488","157","819","200","806","123","1239","170","883","140","350","71","550","125","361","77",
"0500000US55069","Lincoln County, Wisconsin","12772","235","629","160","653","185","428","137","551","124","410","94","452","118","522","128","381","94","477","131","986","171","1337","193","1856","174","1370","188","946","140","1087","188","687","110",
"0500000US55071","Manitowoc County, Wisconsin","35188","462","1307","258","1179","262","1104","257","1022","184","1353","266","1311","289","1294","255","1526","240","1534","217","3242","368","4007","425","5391","422","3446","445","2843","297","2810","286","1819","208",
"0500000US55073","Marathon County, Wisconsin","57866","405","1911","317","1417","268","1293","253","2024","338","2112","309","2225","353","1849","283","2283","322","1970","269","4353","469","6412","463","8580","549","7156","554","4672","448","5208","423","4401","387",
"0500000US55075","Marinette County, Wisconsin","19051","303","768","164","620","119","685","138","686","134","600","133","1168","227","724","123","1055","221","751","142","1846","245","2174","280","2904","299","1833","248","1285","235","1243","242","709","162",
"0500000US55077","Marquette County, Wisconsin","6987","135","283","43","192","49","228","47","216","37","355","84","399","81","261","51","345","78","218","46","695","115","787","84","1078","115","731","85","541","75","389","80","269","57",
"0500000US55078","Menominee County, Wisconsin","1405","99","100","55","41","22","79","40","35","26","29","24","48","26","67","34","57","37","126","58","64","35","184","75","195","68","173","77","49","31","101","55","57","25",
"0500000US55079","Milwaukee County, Wisconsin","392399","1628","25322","1427","19190","1236","13616","817","15490","1068","15558","1056","17760","1255","14284","872","16729","1019","15648","1005","29717","1411","38908","1388","50439","1698","37213","1548","24093","1256","29070","1288","29362","1177",
"0500000US55081","Monroe County, Wisconsin","18301","234","643","176","672","174","511","138","628","190","857","197","862","266","712","155","766","167","732","201","1663","216","1842","288","2444","263","2165","237","1309","195","1502","276","993","188",
"0500000US55083","Oconto County, Wisconsin","16811","227","500","103","504","121","511","99","490","93","753","149","722","145","530","113","583","128","748","119","1307","170","1752","199","2277","232","2051","241","1433","152","1502","211","1148","156",
"0500000US55085","Oneida County, Wisconsin","17493","469","682","167","562","163","517","135","743","137","832","219","959","207","677","140","626","156","567","139","1434","200","1960","263","2241","256","1930","205","1343","181","1272","216","1148","153",
"0500000US55087","Outagamie County, Wisconsin","78382","385","2192","319","1634","267","1794","305","1815","291","2447","434","2447","419","2423","297","2530","419","2726","328","5578","519","8249","591","11462","817","10101","543","7348","642","7749","604","7887","618",
"0500000US55089","Ozaukee County, Wisconsin","38309","352","1204","307","619","158","611","163","1017","216","1269","320","1015","249","1141","243","1291","349","1099","263","2473","341","2924","413","5000","557","3998","536","2977","343","4479","433","7192","493",
"0500000US55091","Pepin County, Wisconsin","3046","79","83","25","75","22","99","37","91","24","147","52","93","29","131","45","75","23","108","30","305","76","308","59","469","82","378","65","286","60","199","42","199","34",
"0500000US55093","Pierce County, Wisconsin","15867","280","562","177","192","60","448","175","346","115","453","141","410","109","576","155","480","128","546","176","1162","196","1373","243","1870","229","2208","291","1595","222","1963","236","1683","222",
"0500000US55095","Polk County, Wisconsin","19542","239","698","128","488","98","485","95","546","98","702","127","659","153","661","127","663","116","986","179","1590","189","2032","187","3121","259","2426","196","1295","127","1745","200","1445","153",
"0500000US55097","Portage County, Wisconsin","29679","287","914","202","763","187","707","179","1026","210","1245","247","1014","235","1094","190","1175","211","1170","213","2207","295","3287","325","4251","375","3776","395","2378","292","2588","270","2084","259",
"0500000US55099","Price County, Wisconsin","6539","150","256","55","258","52","242","50","295","55","401","97","374","75","263","55","305","52","267","43","569","78","803","121","976","80","547","68","417","71","311","47","255","43",
"0500000US55101","Racine County, Wisconsin","80406","605","3441","472","2220","381","1749","299","2248","396","3174","565","2763","449","2858","464","2899","341","2875","476","5833","691","8684","767","11459","839","8506","751","6900","657","7731","699","7066","554",
"0500000US55103","Richland County, Wisconsin","7250","172","322","86","283","92","272","66","314","84","284","76","365","94","400","129","301","87","215","74","555","107","820","127","1055","135","689","104","465","86","555","117","355","76",
"0500000US55105","Rock County, Wisconsin","67201","481","2639","373","1796","334","1784","324","2399","485","2461","401","2567","397","2425","346","2415","369","2671","363","4833","565","7319","753","11302","780","6914","623","5122","516","6132","482","4422","478",
"0500000US55107","Rusk County, Wisconsin","6355","147","199","57","335","81","260","71","353","78","246","58","317","93","328","75","283","67","218","63","642","110","625","83","967","109","610","92","377","66","410","86","185","46",
"0500000US55109","St. Croix County, Wisconsin","37511","352","1004","287","644","223","765","227","815","172","653","188","1004","233","745","218","629","160","1250","257","2205","365","3360","433","5041","497","4543","471","3526","433","5534","548","5793","484",
"0500000US55111","Sauk County, Wisconsin","27987","334","811","167","841","201","639","133","1055","228","870","200","929","210","910","178","923","182","1145","250","1952","212","2906","353","4372","359","3788","361","2071","238","2851","254","1924","247",
"0500000US55113","Sawyer County, Wisconsin","8810","272","512","118","364","98","405","101","443","102","356","98","388","94","429","117","432","95","372","112","655","121","835","98","1338","171","757","154","477","117","507","111","540","103",
"0500000US55115","Shawano County, Wisconsin","17246","266","739","169","589","141","640","174","680","148","582","90","632","120","713","131","707","179","718","135","1469","201","2352","297","2329","210","2060","225","1229","157","963","117","844","131",
"0500000US55117","Sheboygan County, Wisconsin","49725","418","2094","390","1121","239","1073","191","1351","268","1805","392","1744","348","1804","297","2290","338","1734","233","4383","488","6119","537","7095","534","5486","494","3862","412","4409","498","3355","370",
"0500000US55119","Taylor County, Wisconsin","8046","186","240","51","177","59","418","110","265","63","251","49","344","85","398","81","352","80","393","116","667","131","788","115","1258","167","958","131","560","76","597","100","380","87",
"0500000US55121","Trempealeau County, Wisconsin","12533","132","375","76","372","81","351","65","465","100","496","108","382","84","375","71","507","100","476","88","1228","171","1167","143","1828","181","1692","172","997","105","973","109","849","112",
"0500000US55123","Vernon County, Wisconsin","12424","190","499","89","505","115","354","75","391","74","525","141","445","84","406","89","593","135","356","73","1026","159","1431","174","1705","187","1583","202","823","125","1034","164","748","103",
"0500000US55125","Vilas County, Wisconsin","11147","330","496","109","252","73","409","105","333","91","505","133","511","112","393","91","523","122","511","117","999","166","1197","212","1857","248","1021","127","709","141","761","147","670","122",
"0500000US55127","Walworth County, Wisconsin","43087","499","1971","314","1103","254","828","189","1242","221","1446","360","1250","261","1167","238","1468","251","1688","294","2963","428","4545","508","6034","570","4881","462","3597","374","4108","342","4796","402",
"0500000US55129","Washburn County, Wisconsin","7566","167","369","96","309","74","263","52","253","52","267","70","550","103","300","61","272","52","277","45","735","95","730","80","980","102","822","92","493","64","525","87","421","76",
"0500000US55131","Washington County, Wisconsin","57070","393","1580","283","1091","223","1141","251","1444","251","1549","447","1732","393","1193","213","1380","253","1796","309","4021","531","5081","645","7690","634","7479","750","5797","503","7353","631","6743","563",
"0500000US55133","Waukesha County, Wisconsin","168658","701","4038","448","2768","342","3047","409","3900","418","4254","568","3897","545","4051","469","4833","520","4246","595","9533","771","13420","834","21089","1006","19882","1024","16305","932","21976","878","31419","1086",
"0500000US55135","Waupaca County, Wisconsin","22571","339","1110","224","812","150","703","182","840","213","1135","239","671","176","796","168","801","167","807","167","1499","210","2378","281","3348","291","2881","291","1725","186","1768","241","1297","232",
"0500000US55137","Waushara County, Wisconsin","10586","170","460","92","369","67","410","80","413","66","401","94","522","104","475","91","358","61","543","102","798","125","1096","103","1563","148","1096","106","828","90","689","104","565","85",
"0500000US55139","Winnebago County, Wisconsin","72667","485","2854","440","1667","289","2247","340","2315","364","3097","518","2776","413","2739","373","2938","351","2670","423","5745","507","7324","531","10416","637","8870","680","5763","507","5790","558","5456","459",
"0500000US55141","Wood County, Wisconsin","32253","429","1408","265","1194","237","1018","202","1200","247","1467","285","1550","270","1063","197","1251","251","1216","239","3123","394","3581","421","4633","386","3432","293","1950","309","2404","341","1763","269",
"0500000US56001","Albany County, Wyoming","17083","361","1432","372","705","224","952","254","641","180","732","206","479","166","825","222","709","171","551","201","1343","336","1325","276","1915","368","1706","287","1476","379","1133","217","1159","233",
"0500000US56003","Big Horn County, Wyoming","4460","193","217","74","156","59","187","82","282","131","132","56","276","98","118","68","201","94","126","64","356","122","606","123","637","129","441","107","231","65","313","111","181","68",
"0500000US56005","Campbell County, Wyoming","17988","456","947","272","507","217","388","213","339","169","382","173","576","279","737","305","374","167","359","160","1201","336","1624","381","2419","397","2685","474","1510","290","2167","416","1773","378",
"0500000US56007","Carbon County, Wyoming","6116","224","221","88","358","193","221","115","211","111","223","115","174","80","280","133","80","37","274","92","655","204","513","129","783","168","619","176","393","129","680","202","431","144",
"0500000US56009","Converse County, Wyoming","5772","195","149","86","272","122","239","110","123","82","91","57","346","141","165","82","333","169","149","91","392","128","449","149","718","172","774","187","508","153","677","202","387","144",
"0500000US56011","Crook County, Wyoming","2907","199","65","49","58","48","89","56","32","29","19","16","162","94","135","71","122","80","78","50","373","103","275","93","396","110","400","122","307","109","200","129","196","79",
"0500000US56013","Fremont County, Wyoming","15037","249","548","141","567","146","521","133","505","137","635","135","796","163","574","128","780","175","491","123","1439","272","1569","251","2113","236","1716","240","1020","172","1085","184","678","142",
"0500000US56015","Goshen County, Wyoming","5200","161","294","122","263","121","397","161","125","53","358","119","181","84","189","74","190","84","227","96","406","129","594","180","570","122","497","138","427","115","165","65","317","120",
"0500000US56017","Hot Springs County, Wyoming","2140","128","146","89","48","28","157","97","125","84","45","25","75","39","179","93","117","73","69","52","96","46","230","95","319","100","160","85","164","80","111","59","99","59",
"0500000US56019","Johnson County, Wyoming","3932","185","161","84","120","98","119","89","187","118","169","96","137","75","194","107","218","94","121","83","386","140","489","184","397","149","282","110","272","107","306","138","374","145",
"0500000US56021","Laramie County, Wyoming","43279","405","1729","337","1201","308","1169","305","1563","362","1128","247","1589","379","1634","373","1165","225","1691","348","3270","426","3985","510","6538","622","4527","564","3856","491","4911","557","3323","501",
"0500000US56023","Lincoln County, Wyoming","8324","259","339","126","158","99","231","105","250","125","214","135","288","118","173","85","194","79","251","145","523","160","849","226","1180","233","962","237","806","223","1063","243","843","223",
"0500000US56025","Natrona County, Wyoming","33886","511","1285","328","787","218","1227","301","1249","303","1314","267","1493","347","1275","310","1133","217","1377","270","2314","416","4343","562","4471","497","3453","418","2517","349","2732","381","2916","471",
"0500000US56027","Niobrara County, Wyoming","1188","101","77","48","86","58","39","38","75","39","57","39","41","31","15","15","15","18","48","43","114","60","157","99","122","53","156","72","45","39","90","49","51","27",
"0500000US56029","Park County, Wyoming","13330","294","402","151","314","135","572","192","704","315","664","201","448","187","424","134","715","202","489","182","676","221","1426","313","1956","367","1360","218","927","227","1185","261","1068","236",
"0500000US56031","Platte County, Wyoming","3848","219","291","172","140","63","146","88","101","65","167","76","141","73","88","53","189","105","135","67","287","188","457","136","419","114","477","144","166","80","362","111","282","126",
"0500000US56033","Sheridan County, Wyoming","13845","331","862","242","639","221","289","141","359","167","546","177","392","137","744","282","648","202","517","184","827","263","1361","267","2056","338","1251","307","1118","243","1374","277","862","218",
"0500000US56035","Sublette County, Wyoming","3693","296","158","97","19","26","96","54","150","77","91","73","240","182","191","127","183","98","159","99","191","101","251","103","337","111","422","148","422","156","252","98","531","205",
"0500000US56037","Sweetwater County, Wyoming","17502","351","1049","272","450","145","376","136","624","224","749","207","860","280","572","185","580","163","418","132","1061","231","2007","373","2311","341","1902","281","1331","226","1830","315","1382","273",
"0500000US56039","Teton County, Wyoming","9830","467","254","185","55","54","203","133","188","143","171","123","104","76","203","161","0","24","133","86","188","120","718","272","1577","362","1178","387","627","202","1233","277","2998","483",
"0500000US56041","Uinta County, Wyoming","7716","282","232","114","201","125","215","93","317","159","417","159","262","136","416","146","247","119","203","99","297","94","513","125","1436","211","1026","245","559","157","817","204","558","187",
"0500000US56043","Washakie County, Wyoming","3394","140","112","57","213","95","147","65","162","91","171","116","79","48","109","54","155","79","90","69","214","76","456","102","428","123","276","89","296","104","302","103","184","70",
"0500000US56045","Weston County, Wyoming","2848","192","62","59","105","62","82","56","48","34","154","76","149","91","69","56","88","45","59","52","140","65","312","105","348","142","430","153","378","115","235","103","189","92",
"0500000US72001","Adjuntas Municipio, Puerto Rico","6069","290","1465","237","836","167","817","178","817","208","506","146","336","114","382","141","261","115","178","93","224","86","100","59","76","59","29","26","42","44","0","24","0","24",
"0500000US72003","Aguada Municipio, Puerto Rico","13100","580","2843","403","1626","306","1704","285","1162","266","1204","265","781","189","552","181","639","208","485","174","627","164","386","145","615","202","115","89","68","62","203","124","90","75",
"0500000US72005","Aguadilla Municipio, Puerto Rico","22295","785","5733","556","2589","426","2292","344","1732","303","1311","252","1151","312","1032","243","835","202","681","186","1044","223","1326","246","1081","226","658","216","196","84","454","152","180","89",
"0500000US72007","Aguas Buenas Municipio, Puerto Rico","8932","399","2028","387","872","211","956","228","866","231","738","242","627","195","390","172","429","153","294","126","406","173","335","165","475","200","210","132","121","91","44","52","141","135",
"0500000US72009","Aibonito Municipio, Puerto Rico","9777","368","2292","320","1382","261","805","183","962","218","686","191","654","205","380","148","470","179","318","125","453","167","524","177","541","189","95","72","105","81","30","37","80","62",
"0500000US72011","Añasco Municipio, Puerto Rico","9524","511","1605","284","1130","275","940","265","1250","273","761","172","643","200","709","228","394","155","341","146","404","174","435","157","497","174","167","118","0","29","124","99","124","101",
"0500000US72013","Arecibo Municipio, Puerto Rico","33403","1004","8111","674","3465","386","2677","372","3202","500","2555","437","1712","286","1852","342","1359","292","1088","273","1736","306","2091","348","1412","321","1204","320","395","171","311","135","233","108",
"0500000US72015","Arroyo Municipio, Puerto Rico","6739","452","1629","329","1039","251","534","178","495","202","716","217","403","203","385","160","282","149","235","115","292","144","362","145","70","66","127","96","77","106","66","68","27","29",
"0500000US72017","Barceloneta Municipio, Puerto Rico","9053","465","1421","270","1400","330","1047","275","713","268","592","275","460","179","384","197","440","226","335","153","522","250","873","274","535","193","180","130","8","14","96","87","47","45",
"0500000US72019","Barranquitas Municipio, Puerto Rico","10014","490","2449","443","854","262","1054","273","880","310","903","263","570","188","595","200","395","173","357","178","656","208","374","163","393","182","162","102","218","158","116","100","38","35",
"0500000US72021","Bayamón Municipio, Puerto Rico","74334","1268","13288","743","6301","521","6630","671","4982","429","4621","575","4652","496","3812","443","3866","429","3104","430","4832","453","5474","520","5632","590","3025","404","1472","254","1639","293","1004","208",
"0500000US72023","Cabo Rojo Municipio, Puerto Rico","19137","803","3269","459","2397","369","1706","330","1737","300","1462","257","1114","243","1207","261","700","212","809","221","1193","287","1389","286","1019","271","364","140","282","125","182","116","307","156",
"0500000US72025","Caguas Municipio, Puerto Rico","51048","1024","9190","864","4648","570","4165","606","3827","475","2814","438","3233","467","2845","512","1920","357","2134","423","3291","490","3347","524","4145","614","2006","426","881","212","1252","304","1350","374",
"0500000US72027","Camuy Municipio, Puerto Rico","12431","473","2256","352","1034","225","1330","283","1097","261","971","229","804","234","860","227","689","229","531","199","693","223","735","222","733","233","341","131","146","99","125","101","86","74",
"0500000US72029","Canóvanas Municipio, Puerto Rico","15816","538","2437","331","1605","351","1647","337","1260","285","1034","221","889","238","897","258","645","185","583","199","911","260","1309","311","1078","279","420","174","422","166","436","158","243","112",
"0500000US72031","Carolina Municipio, Puerto Rico","64982","1308","8050","725","5462","560","4744","633","4695","657","4536","667","3553","517","3400","476","3068","395","3103","424","5121","644","5860","658","6650","776","3134","456","1526","399","1047","247","1033","260",
"0500000US72033","Cataño Municipio, Puerto Rico","9293","371","2388","256","745","169","815","182","584","152","828","198","442","146","468","174","325","108","313","108","484","187","626","179","516","169","345","130","95","62","245","125","74","53",
"0500000US72035","Cayey Municipio, Puerto Rico","17016","566","2834","371","1653","291","1604","286","1320","301","1066","241","1083","263","1106","295","905","198","877","209","898","254","1449","339","822","235","580","203","316","149","282","150","221","94",
"0500000US72037","Ceiba Municipio, Puerto Rico","4435","379","553","138","537","170","486","148","591","160","416","144","213","94","194","102","227","104","136","73","364","152","354","151","139","80","53","49","104","93","24","27","44","50",
"0500000US72039","Ciales Municipio, Puerto Rico","5774","279","1109","263","789","189","711","178","586","191","511","149","384","147","290","141","346","171","297","137","292","133","175","112","231","123","53","59","0","24","0","24","0","24",
"0500000US72041","Cidra Municipio, Puerto Rico","15010","443","2167","305","1449","294","1260","267","1572","264","1244","266","1096","288","995","225","636","186","678","193","876","199","1032","236","762","191","479","168","279","130","347","142","138","81",
"0500000US72043","Coamo Municipio, Puerto Rico","13776","546","2967","445","1979","333","1407","271","1184","249","1060","243","771","239","639","181","705","203","440","180","815","265","552","186","578","189","300","156","92","74","188","109","99","77",
"0500000US72045","Comerío Municipio, Puerto Rico","6113","360","1592","285","995","232","733","230","441","159","308","125","436","157","253","105","272","112","141","96","339","153","264","130","192","100","79","76","68","60","0","24","0","24",
"0500000US72047","Corozal Municipio, Puerto Rico","11512","533","2830","427","1086","277","1125","300","920","264","677","242","582","193","678","226","482","186","396","193","687","257","761","276","838","262","250","151","145","128","26","42","29","49",
"0500000US72049","Culebra Municipio, Puerto Rico","524","91","48","36","56","39","52","33","37","31","73","43","34","29","51","27","27","23","23","26","47","37","30","22","38","29","8","13","0","15","0","15","0","15",
"0500000US72051","Dorado Municipio, Puerto Rico","12768","620","2263","438","679","221","1130","290","661","218","718","253","790","222","587","198","424","173","413","164","743","231","939","309","937","258","643","225","311","161","534","225","996","276",
"0500000US72053","Fajardo Municipio, Puerto Rico","13169","666","2565","353","1500","358","1466","315","930","222","987","258","887","211","618","174","759","225","431","139","999","254","751","210","716","196","281","135","90","87","96","83","93","84",
"0500000US72054","Florida Municipio, Puerto Rico","4749","331","1117","302","429","176","531","183","650","216","148","116","492","224","179","120","273","150","231","135","205","128","288","176","132","107","55","69","0","24","19","33","0","24",
"0500000US72055","Guánica Municipio, Puerto Rico","5782","336","1550","279","921","184","864","206","532","125","384","145","409","130","202","96","219","95","188","82","161","86","166","81","88","61","49","48","26","28","17","21","6","9",
"0500000US72057","Guayama Municipio, Puerto Rico","15792","666","4295","574","2035","332","1430","364","1291","332","902","211","628","200","782","247","727","230","569","218","908","287","712","255","826","322","221","151","251","213","90","83","125","83",
"0500000US72059","Guayanilla Municipio, Puerto Rico","6390","321","1341","236","864","196","576","158","519","144","476","151","538","153","441","126","253","107","380","132","361","144","241","106","161","86","141","84","65","57","11","18","22","24",
"0500000US72061","Guaynabo Municipio, Puerto Rico","36309","835","4883","493","2213","326","2046","391","2276","339","1660","272","1490","277","1622","305","1484","289","1053","264","1862","318","3145","517","3591","447","2219","367","1513","344","2219","361","3033","461",
"0500000US72063","Gurabo Municipio, Puerto Rico","15846","548","2214","348","1222","297","1314","308","998","250","794","251","519","212","566","201","585","243","682","243","1116","305","1737","336","1505","348","924","328","481","182","541","218","648","229",
"0500000US72065","Hatillo Municipio, Puerto Rico","13676","661","2210","397","1503","341","1353","357","1406","294","659","255","723","226","873","274","666","238","514","192","741","241","902","236","1276","295","293","160","273","157","82","75","202","127",
"0500000US72067","Hormigueros Municipio, Puerto Rico","6210","307","802","181","687","171","698","195","673","175","555","176","487","157","314","126","257","103","290","120","421","137","428","146","336","150","149","86","45","39","11","12","57","52",
"0500000US72069","Humacao Municipio, Puerto Rico","20316","743","3038","431","2712","429","1572","336","2108","375","1504","321","1287","331","1234","313","990","282","818","223","1319","313","1237","321","1095","265","470","186","376","184","221","115","335","130",
"0500000US72071","Isabela Municipio, Puerto Rico","14926","683","3499","392","1730","288","1607","293","926","216","1317","270","801","202","831","256","752","219","548","214","972","256","580","191","714","227","347","151","155","82","78","81","69","66",
"0500000US72073","Jayuya Municipio, Puerto Rico","5177","345","1241","280","657","183","577","210","333","163","331","135","341","148","329","146","414","184","205","119","207","141","293","166","198","120","0","24","19","30","15","24","17","27",
"0500000US72075","Juana Díaz Municipio, Puerto Rico","16491","549","3633","371","1732","282","1424","295","1497","317","1168","284","842","228","1193","327","652","198","591","178","727","185","1142","260","1165","287","310","111","199","92","164","99","52","49",
"0500000US72077","Juncos Municipio, Puerto Rico","14455","576","2350","474","1445","315","1257","335","1009","302","1199","305","1098","316","1013","289","729","304","479","192","933","322","1004","274","1193","316","279","145","262","169","157","112","48","78",
"0500000US72079","Lajas Municipio, Puerto Rico","8844","557","2037","415","1453","312","987","263","850","227","719","184","462","168","423","179","430","189","237","117","580","206","283","124","290","136","64","69","14","23","15","23","0","29",
"0500000US72081","Lares Municipio, Puerto Rico","10770","453","2973","390","1299","290","1395","297","1112","241","868","237","670","160","513","153","311","123","326","139","411","143","385","150","320","134","113","65","0","29","48","51","26","31",
"0500000US72083","Las Marías Municipio, Puerto Rico","3078","251","1014","193","401","121","419","123","215","73","217","106","178","90","109","70","92","54","142","81","154","73","75","63","12","20","26","26","16","18","0","22","8","13",
"0500000US72085","Las Piedras Municipio, Puerto Rico","13031","592","2567","410","1601","302","1290","261","1029","270","460","226","812","233","643","180","656","265","534","198","974","284","749","265","789","257","208","120","414","178","194","128","111","98",
"0500000US72087","Loíza Municipio, Puerto Rico","9064","333","2099","257","964","175","938","178","625","170","600","128","584","166","635","166","472","158","263","101","624","167","536","136","412","137","143","67","95","67","63","52","11","18",
"0500000US72089","Luquillo Municipio, Puerto Rico","6966","408","1483","241","545","171","776","205","799","208","429","146","356","131","485","177","275","108","295","140","405","172","244","101","334","118","188","116","135","82","118","70","99","63",
"0500000US72091","Manatí Municipio, Puerto Rico","15510","600","3542","433","1881","349","1652","314","1200","237","751","198","977","272","841","222","789","194","616","190","740","193","798","223","589","198","533","213","223","142","304","160","74","61",
"0500000US72093","Maricao Municipio, Puerto Rico","1798","174","428","110","248","105","160","82","227","100","156","74","151","75","56","46","47","45","100","59","57","52","55","46","108","56","0","15","0","15","5","9","0","15",
"0500000US72095","Maunabo Municipio, Puerto Rico","4250","331","1075","257","628","184","551","169","303","169","154","95","295","125","300","156","138","90","74","64","260","136","308","161","135","93","13","23","0","24","16","25","0","24",
"0500000US72097","Mayagüez Municipio, Puerto Rico","30020","743","9088","579","3610","389","3480","378","2408","385","1795","292","1621","343","1181","264","1087","244","679","203","1154","225","1335","261","928","226","655","225","243","113","356","132","400","133",
"0500000US72099","Moca Municipio, Puerto Rico","13831","589","3037","468","2004","311","1154","257","962","211","1014","289","965","254","531","185","559","191","572","220","680","228","619","176","933","258","282","148","272","150","133","84","114","86",
"0500000US72101","Morovis Municipio, Puerto Rico","10903","385","2492","416","1291","282","761","229","907","241","836","235","671","210","529","197","487","183","445","186","809","208","573","201","544","185","246","121","176","118","59","62","77","63",
"0500000US72103","Naguabo Municipio, Puerto Rico","8618","532","1366","282","978","287","1095","307","1114","378","571","233","727","265","552","215","380","178","316","179","625","245","344","149","450","171","0","29","27","43","57","67","16","27",
"0500000US72105","Naranjito Municipio, Puerto Rico","9263","489","2026","367","1016","267","1078","272","1319","346","498","192","675","182","369","180","376","161","376","211","593","233","234","105","430","208","89","84","26","31","40","64","118","101",
"0500000US72107","Orocovis Municipio, Puerto Rico","7028","374","1612","241","1108","204","764","209","577","146","621","133","362","144","441","142","200","104","199","84","438","126","407","140","150","72","45","44","65","59","23","30","16","25",
"0500000US72109","Patillas Municipio, Puerto Rico","6434","346","1511","242","850","199","539","200","383","134","605","190","504","180","328","160","279","135","206","116","523","190","359","159","187","101","138","93","0","24","22","38","0","24",
"0500000US72111","Peñuelas Municipio, Puerto Rico","7008","377","1451","246","974","262","744","166","850","218","586","199","351","128","398","155","302","123","190","87","259","104","311","120","408","167","130","61","17","20","26","29","11","20",
"0500000US72113","Ponce Municipio, Puerto Rico","55830","1009","16245","717","6507","515","5289","465","3768","432","3458","406","3169","388","2305","344","2118","348","1931","341","2675","332","3056","399","2408","383","1253","267","641","185","520","180","487","167",
"0500000US72115","Quebradillas Municipio, Puerto Rico","8448","559","1644","376","1081","297","1000","323","534","218","679","229","602","215","401","192","460","219","375","177","642","214","317","162","474","195","143","108","15","23","81","85","0","29",
"0500000US72117","Rincón Municipio, Puerto Rico","5849","370","841","200","839","167","689","181","629","193","367","147","441","159","383","158","258","115","148","85","308","132","224","115","309","133","212","118","98","66","52","46","51","50",
"0500000US72119","Río Grande Municipio, Puerto Rico","17136","671","3080","376","1600","265","1686","342","1444","227","982","219","885","218","1005","236","897","236","740","216","1544","301","1203","279","1068","237","578","187","249","134","165","96","10","17",
"0500000US72121","Sabana Grande Municipio, Puerto Rico","8101","412","1374","270","1277","271","1079","267","814","190","814","228","541","150","403","125","248","102","152","81","437","160","487","164","240","108","114","88","42","38","34","47","45","44",
"0500000US72123","Salinas Municipio, Puerto Rico","10761","453","2354","310","1551","230","1061","239","841","210","855","251","636","199","678","225","467","163","354","155","628","220","455","127","478","203","213","116","68","47","51","53","71","107",
"0500000US72125","San Germán Municipio, Puerto Rico","11860","515","3260","452","1679","302","1475","303","859","208","841","195","550","195","547","170","433","166","234","126","443","171","571","182","403","162","260","134","91","61","148","89","66","54",
"0500000US72127","San Juan Municipio, Puerto Rico","153632","1854","35015","1140","13774","873","11908","933","10588","716","8736","807","7398","700","7080","634","5955","666","4717","537","8181","758","10047","724","10736","913","6284","668","3350","433","4176","482","5687","563",
"0500000US72129","San Lorenzo Municipio, Puerto Rico","14374","536","3197","389","1582","273","1642","329","1144","269","1029","296","880","212","909","190","632","192","489","173","654","224","734","196","728","234","354","176","154","88","108","88","138","98",
"0500000US72131","San Sebastián Municipio, Puerto Rico","14605","698","3694","433","1930","424","1705","333","1221","254","848","232","991","273","655","216","478","156","498","205","860","254","715","204","476","147","259","149","184","122","36","44","55","63",
"0500000US72133","Santa Isabel Municipio, Puerto Rico","7548","399","1820","318","691","178","602","171","572","167","581","154","523","146","395","172","237","123","333","153","468","126","300","136","362","142","170","82","142","84","211","111","141","82",
"0500000US72135","Toa Alta Municipio, Puerto Rico","24068","585","3273","431","1978","325","1822","352","2068","391","1440","322","1390","301","1244","281","1240","328","782","251","1622","340","1955","298","2388","369","1336","322","503","184","635","196","392","177",
"0500000US72137","Toa Baja Municipio, Puerto Rico","29965","642","4540","515","2479","381","2608","413","2491","284","2445","367","1360","276","1618","307","1493","284","1256","274","2388","406","2462","361","2749","380","756","183","488","151","467","160","365","159",
"0500000US72139","Trujillo Alto Municipio, Puerto Rico","27237","730","3121","506","1927","434","2193","543","1896","450","1574","433","1594","382","1297","363","1609","419","1174","319","2086","382","2763","469","2257","487","1231","422","753","297","875","301","887","270",
"0500000US72141","Utuado Municipio, Puerto Rico","11311","405","2887","358","1311","248","1177","218","1427","269","831","222","616","180","487","164","489","152","328","123","487","170","533","206","429","149","112","73","15","24","92","80","90","71",
"0500000US72143","Vega Alta Municipio, Puerto Rico","14015","469","2705","441","1537","309","1513","315","1105","258","1039","309","629","191","770","250","590","202","451","162","765","266","789","225","853","248","474","202","289","168","341","170","165","111",
"0500000US72145","Vega Baja Municipio, Puerto Rico","21587","636","4870","560","2345","419","2022","378","1795","304","1513","284","1048","305","958","254","749","216","1150","245","1300","284","1195","280","1533","302","448","189","211","126","146","110","304","143",
"0500000US72147","Vieques Municipio, Puerto Rico","3125","308","576","223","418","183","590","238","455","221","313","182","181","104","248","163","24","39","103","101","69","71","50","76","76","85","0","22","0","22","0","22","22","39",
"0500000US72149","Villalba Municipio, Puerto Rico","7451","419","1377","272","813","211","909","204","429","163","595","193","486","149","310","156","428","205","381","155","407","128","364","142","311","125","164","98","299","114","73","69","105","92",
"0500000US72151","Yabucoa Municipio, Puerto Rico","12167","508","2481","404","1615","312","1205","271","1285","278","864","218","982","221","717","189","626","199","499","163","725","184","576","214","398","172","103","62","21","26","20","29","50","49",
"0500000US72153","Yauco Municipio, Puerto Rico","13217","575","2756","296","1743","263","1319","252","893","187","1075","214","919","203","718","171","611","153","417","127","920","204","786","206","452","145","338","128","136","72","40","30","94","84",
