"GEO_ID","NAME","B11001_001E","B11001_001M","B11001_002E","B11001_002M","B11001_003E","B11001_003M","B11001_004E","B11001_004M","B11001_005E","B11001_005M","B11001_006E","B11001_006M","B11001_007E","B11001_007M","B11001_008E","B11001_008M","B11001_009E","B11001_009M",
"Geography","Geographic Area Name","Estimate!!Total:","Margin of Error!!Total:","Estimate!!Total:!!Family households:","Margin of Error!!Total:!!Family households:","Estimate!!Total:!!Family households:!!Married-couple family","Margin of Error!!Total:!!Family households:!!Married-couple family","Estimate!!Total:!!Family households:!!Other family:","Margin of Error!!Total:!!Family households:!!Other family:","Estimate!!Total:!!Family households:!!Other family:!!Male householder, no spouse present","Margin of Error!!Total:!!Family households:!!Other family:!!Male householder, no spouse present","Estimate!!Total:!!Family households:!!Other family:!!Female householder, no spouse present","Margin of Error!!Total:!!Family households:!!Other family:!!Female householder, no spouse present","Estimate!!Total:!!Nonfamily households:","Margin of Error!!Total:!!Nonfamily households:","Estimate!!Total:!!Nonfamily households:!!Householder living alone","Margin of Error!!Total:!!Nonfamily households:!!Householder living alone","Estimate!!Total:!!Nonfamily households:!!Householder not living alone","Margin of Error!!Total:!!Nonfamily households:!!Householder not living alone",
"0500000US01001","Autauga County, Alabama","22917","435","15794","645","11917","664","3877","458","1114","313","2763","366","7123","702","6371","685","752","194",
"0500000US01003","Baldwin County, Alabama","98574","1224","67415","1421","56073","1304","11342","915","3038","482","8304","784","31159","1422","27446","1444","3713","710",
"0500000US01005","Barbour County, Alabama","9128","308","5883","321","3443","278","2440","273","508","157","1932","240","3245","304","2971","281","274","105",
"0500000US01007","Bibb County, Alabama","7704","283","5451","360","4091","366","1360","246","350","114","1010","232","2253","325","1987","335","266","110",
"0500000US01009","Blount County, Alabama","22180","426","16118","622","12066","624","4052","576","1314","267","2738","473","6062","595","5314","557","748","189",
"0500000US01011","Bullock County, Alabama","3688","239","2207","275","1123","217","1084","233","135","87","949","208","1481","246","1433","246","48","40",
"0500000US01013","Butler County, Alabama","7597","311","4547","276","3001","247","1546","238","283","120","1263","201","3050","342","2801","310","249","113",
"0500000US01015","Calhoun County, Alabama","45015","664","28280","836","18809","912","9471","720","2285","376","7186","698","16735","874","14457","844","2278","399",
"0500000US01017","Chambers County, Alabama","13434","411","9097","431","5768","451","3329","444","915","224","2414","381","4337","496","4067","470","270","142",
"0500000US01019","Cherokee County, Alabama","10192","402","6529","408","5202","393","1327","203","346","130","981","164","3663","446","3248","440","415","125",
"0500000US01021","Chilton County, Alabama","17875","347","12370","617","9255","555","3115","437","1083","303","2032","315","5505","594","4720","536","785","254",
"0500000US01023","Choctaw County, Alabama","5255","267","3254","253","2481","236","773","133","131","59","642","117","2001","267","1890","267","111","51",
"0500000US01025","Clarke County, Alabama","8423","423","5264","406","3737","318","1527","251","337","131","1190","200","3159","355","2998","349","161","101",
"0500000US01027","Clay County, Alabama","5820","286","4133","258","3223","298","910","214","217","117","693","194","1687","240","1542","250","145","91",
"0500000US01029","Cleburne County, Alabama","5980","217","4032","289","3042","274","990","261","322","168","668","181","1948","277","1862","276","86","57",
"0500000US01031","Coffee County, Alabama","20984","409","14055","435","10275","409","3780","368","1003","177","2777","332","6929","485","5937","450","992","253",
"0500000US01033","Colbert County, Alabama","24301","431","15133","644","10685","654","4448","591","1102","305","3346","503","9168","645","7761","626","1407","383",
"0500000US01035","Conecuh County, Alabama","4417","276","2663","272","1795","235","868","167","130","74","738","156","1754","271","1666","269","88","53",
"0500000US01037","Coosa County, Alabama","4418","210","2797","249","1918","256","879","200","174","93","705","168","1621","236","1409","218","212","95",
"0500000US01039","Covington County, Alabama","14642","411","9813","403","7247","447","2566","281","696","170","1870","256","4829","417","4456","390","373","118",
"0500000US01041","Crenshaw County, Alabama","5233","190","3159","205","2255","200","904","161","195","82","709","150","2074","214","1875","226","199","79",
"0500000US01043","Cullman County, Alabama","35347","449","24892","749","19347","876","5545","663","1870","339","3675","539","10455","768","8814","777","1641","321",
"0500000US01045","Dale County, Alabama","19727","413","12408","543","8371","564","4037","426","699","180","3338","379","7319","646","6431","613","888","184",
"0500000US01047","Dallas County, Alabama","15947","416","9184","507","4877","334","4307","424","873","279","3434","426","6763","606","6402","620","361","142",
"0500000US01049","DeKalb County, Alabama","26181","470","18378","682","14090","709","4288","534","1321","273","2967","413","7803","580","7082","576","721","168",
"0500000US01051","Elmore County, Alabama","32856","541","23615","826","16998","806","6617","685","1447","322","5170","581","9241","833","8085","772","1156","260",
"0500000US01053","Escambia County, Alabama","12808","467","7907","482","5539","412","2368","345","457","164","1911","304","4901","464","4426","469","475","157",
"0500000US01055","Etowah County, Alabama","39411","707","26115","771","18620","771","7495","597","1885","325","5610","548","13296","767","11637","745","1659","275",
"0500000US01057","Fayette County, Alabama","6255","271","4219","286","3267","287","952","203","153","79","799","181","2036","267","1981","273","55","36",
"0500000US01059","Franklin County, Alabama","11954","352","8125","473","6226","463","1899","305","402","182","1497","330","3829","433","3358","424","471","224",
"0500000US01061","Geneva County, Alabama","10647","358","7126","410","5357","358","1769","275","317","117","1452","238","3521","350","2998","347","523","200",
"0500000US01063","Greene County, Alabama","3225","164","1851","239","943","221","908","187","98","66","810","175","1374","243","1357","244","17","20",
"0500000US01065","Hale County, Alabama","5642","292","3075","288","1840","275","1235","215","355","122","880","171","2567","303","2299","295","268","196",
"0500000US01067","Henry County, Alabama","7062","248","4655","294","3621","271","1034","183","299","132","735","146","2407","294","2307","298","100","50",
"0500000US01069","Houston County, Alabama","43302","462","27984","506","19088","473","8896","397","2193","248","6703","326","15318","572","13457","575","1861","194",
"0500000US01071","Jackson County, Alabama","21795","348","14363","480","10566","463","3797","411","1217","235","2580","313","7432","447","6569","416","863","221",
"0500000US01073","Jefferson County, Alabama","269883","1816","163916","2344","106993","2351","56923","1701","12651","913","44272","1477","105967","2446","90965","2379","15002","1155",
"0500000US01075","Lamar County, Alabama","5086","257","3549","275","2701","276","848","180","194","79","654","156","1537","240","1241","205","296","164",
"0500000US01077","Lauderdale County, Alabama","39258","511","25141","841","18835","898","6306","640","1716","333","4590","528","14117","922","11879","871","2238","443",
"0500000US01079","Lawrence County, Alabama","13627","271","9415","406","7279","463","2136","319","621","195","1515","263","4212","459","3806","439","406","140",
"0500000US01081","Lee County, Alabama","69436","892","41647","912","31707","915","9940","867","2563","453","7377","741","27789","1123","21847","1061","5942","595",
"0500000US01083","Limestone County, Alabama","40953","626","28535","974","22448","1034","6087","583","1730","390","4357","546","12418","954","10394","851","2024","485",
"0500000US01085","Lowndes County, Alabama","4284","160","2761","254","1513","171","1248","186","89","62","1159","179","1523","250","1384","242","139","84",
"0500000US01087","Macon County, Alabama","7237","245","4121","277","2003","232","2118","282","333","105","1785","244","3116","290","2777","299","339","121",
"0500000US01089","Madison County, Alabama","165031","1056","102468","1479","77503","1468","24965","1373","6791","813","18174","1123","62563","1649","53156","1765","9407","1006",
"0500000US01091","Marengo County, Alabama","7898","268","4439","375","2871","296","1568","274","381","160","1187","202","3459","368","3323","362","136","86",
"0500000US01093","Marion County, Alabama","10614","401","6817","396","5171","373","1646","253","369","111","1277","219","3797","386","3600","373","197","91",
"0500000US01095","Marshall County, Alabama","36459","416","25599","639","18545","599","7054","539","2540","336","4514","495","10860","632","9288","561","1572","310",
"0500000US01097","Mobile County, Alabama","161665","1065","101739","1693","67769","1528","33970","1239","6800","634","27170","1055","59926","1479","52819","1519","7107","714",
"0500000US01099","Monroe County, Alabama","7363","309","4497","383","3256","325","1241","240","226","95","1015","228","2866","360","2651","350","215","129",
"0500000US01101","Montgomery County, Alabama","91381","896","54674","1427","31203","1405","23471","1286","4121","573","19350","1108","36707","1462","31941","1323","4766","673",
"0500000US01103","Morgan County, Alabama","49040","527","31905","978","23305","852","8600","837","2193","385","6407","695","17135","949","14762","968","2373","420",
"0500000US01105","Perry County, Alabama","3440","169","2336","247","1258","242","1078","238","33","37","1045","247","1104","247","1053","244","51","37",
"0500000US01107","Pickens County, Alabama","6764","290","4014","342","2858","313","1156","186","230","90","926","164","2750","278","2399","250","351","181",
"0500000US01109","Pike County, Alabama","12484","449","7102","320","4716","320","2386","310","362","125","2024","274","5382","445","4203","400","1179","276",
"0500000US01111","Randolph County, Alabama","9271","374","6285","420","4657","357","1628","285","545","177","1083","212","2986","338","2705","319","281","112",
"0500000US01113","Russell County, Alabama","23938","416","14524","594","9782","659","4742","593","873","302","3869","515","9414","582","8458","592","956","281",
"0500000US01115","St. Clair County, Alabama","35107","497","25382","689","19371","747","6011","587","1315","340","4696","548","9725","712","8494","696","1231","275",
"0500000US01117","Shelby County, Alabama","86866","570","63167","1085","52262","1193","10905","768","3141","486","7764","583","23699","1036","20419","1064","3280","456",
"0500000US01119","Sumter County, Alabama","4823","259","2899","311","1655","271","1244","213","217","122","1027","167","1924","288","1781","261","143","106",
"0500000US01121","Talladega County, Alabama","33644","501","22741","919","14950","712","7791","755","1877","395","5914","659","10903","869","9753","818","1150","285",
"0500000US01123","Tallapoosa County, Alabama","17076","461","11139","508","7621","530","3518","356","1101","269","2417","330","5937","496","5172","495","765","191",
"0500000US01125","Tuscaloosa County, Alabama","90052","907","54229","1280","39642","1230","14587","866","2909","442","11678","741","35823","1444","28753","1435","7070","663",
"0500000US01127","Walker County, Alabama","25388","449","16775","568","12159","557","4616","488","1069","236","3547","411","8613","654","7839","640","774","225",
"0500000US01129","Washington County, Alabama","5963","311","4547","329","3530","357","1017","249","233","123","784","205","1416","261","1303","251","113","75",
"0500000US01131","Wilcox County, Alabama","3860","212","2358","232","1239","192","1119","163","94","55","1025","170","1502","195","1434","193","68","48",
"0500000US01133","Winston County, Alabama","9420","326","6678","341","5374","342","1304","226","442","128","862","177","2742","353","2362","312","380","162",
"0500000US02013","Aleutians East Borough, Alaska","1045","113","579","78","408","66","171","36","62","21","109","28","466","83","377","73","89","47",
"0500000US02016","Aleutians West Census Area, Alaska","956","84","535","64","435","57","100","31","55","28","45","18","421","63","295","63","126","52",
"0500000US02020","Anchorage Municipality, Alaska","108597","1322","68376","1511","50726","1462","17650","1087","5914","663","11736","895","40221","1408","30956","1343","9265","721",
"0500000US02050","Bethel Census Area, Alaska","4828","98","3636","168","2150","154","1486","134","576","88","910","99","1192","145","998","137","194","79",
"0500000US02060","Bristol Bay Borough, Alaska","291","38","166","27","140","25","26","9","6","4","20","9","125","29","100","26","25","15",
"0500000US02063","Chugach Census Area, Alaska","2861","175","1854","163","1492","140","362","95","193","71","169","58","1007","143","820","137","187","65",
"0500000US02066","Copper River Census Area, Alaska","1207","102","697","72","573","81","124","42","41","24","83","36","510","100","384","83","126","57",
"0500000US02068","Denali Borough, Alaska","565","60","251","41","220","37","31","20","28","18","3","4","314","64","248","63","66","30",
"0500000US02070","Dillingham Census Area, Alaska","1403","58","992","61","512","99","480","92","141","58","339","62","411","51","303","51","108","40",
"0500000US02090","Fairbanks North Star Borough, Alaska","36359","1066","22862","953","18699","876","4163","556","1744","412","2419","391","13497","812","11033","764","2464","485",
"0500000US02100","Haines Borough, Alaska","901","108","520","79","455","81","65","48","32","28","33","32","381","87","308","81","73","38",
"0500000US02105","Hoonah-Angoon Census Area, Alaska","924","90","524","55","395","52","129","28","40","19","89","25","400","80","362","74","38","18",
"0500000US02110","Juneau City and Borough, Alaska","13167","262","7526","454","5961","447","1565","289","410","150","1155","241","5641","477","4246","494","1395","259",
"0500000US02122","Kenai Peninsula Borough, Alaska","24371","383","14774","509","11881","476","2893","340","854","184","2039","267","9597","528","7643","547","1954","282",
"0500000US02130","Ketchikan Gateway Borough, Alaska","5732","132","3472","162","2569","148","903","116","282","85","621","102","2260","169","1835","159","425","106",
"0500000US02150","Kodiak Island Borough, Alaska","4640","197","3193","296","2610","289","583","151","179","93","404","140","1447","295","1219","275","228","137",
"0500000US02158","Kusilvak Census Area, Alaska","1916","58","1601","71","741","63","860","63","321","51","539","65","315","65","238","59","77","26",
"0500000US02164","Lake and Peninsula Borough, Alaska","324","38","223","30","147","24","76","20","29","15","47","13","101","27","83","24","18","11",
"0500000US02170","Matanuska-Susitna Borough, Alaska","39869","376","27858","554","21865","587","5993","450","2652","308","3341","279","12011","463","9568","435","2443","259",
"0500000US02180","Nome Census Area, Alaska","2816","75","2035","109","1002","85","1033","89","435","55","598","80","781","86","607","81","174","46",
"0500000US02185","North Slope Borough, Alaska","2281","121","1697","161","797","136","900","148","413","111","487","106","584","133","450","110","134","81",
"0500000US02188","Northwest Arctic Borough, Alaska","1825","65","1391","59","722","66","669","73","258","50","411","66","434","67","333","60","101","32",
"0500000US02195","Petersburg Borough, Alaska","1371","110","845","96","646","99","199","77","115","76","84","25","526","94","399","80","127","39",
"0500000US02198","Prince of Wales-Hyder Census Area, Alaska","2419","125","1455","101","1008","96","447","68","215","49","232","51","964","124","822","108","142","43",
"0500000US02220","Sitka City and Borough, Alaska","3440","140","2168","150","1692","157","476","89","144","51","332","69","1272","139","951","132","321","73",
"0500000US02230","Skagway Municipality, Alaska","450","68","210","43","173","39","37","16","5","6","32","15","240","53","202","54","38","19",
"0500000US02240","Southeast Fairbanks Census Area, Alaska","2497","160","1629","141","1311","139","318","81","134","67","184","57","868","121","760","118","108","55",
"0500000US02275","Wrangell City and Borough, Alaska","976","64","522","48","359","52","163","50","41","35","122","32","454","79","359","69","95","39",
"0500000US02282","Yakutat City and Borough, Alaska","206","51","137","52","97","45","40","31","8","9","32","29","69","21","62","20","7","7",
"0500000US02290","Yukon-Koyukuk Census Area, Alaska","2296","359","1240","236","628","112","612","203","184","90","428","156","1056","190","895","166","161","63",
"0500000US04001","Apache County, Arizona","21100","437","14288","500","8034","543","6254","343","1364","235","4890","319","6812","433","6193","455","619","169",
"0500000US04003","Cochise County, Arizona","50982","672","31210","900","22826","998","8384","714","2563","402","5821","576","19772","949","17419","985","2353","349",
"0500000US04005","Coconino County, Arizona","55118","664","31749","747","22556","748","9193","604","2770","411","6423","495","23369","866","15419","955","7950","660",
"0500000US04007","Gila County, Arizona","23645","605","14375","682","10918","711","3457","475","1301","251","2156","374","9270","663","7694","671","1576","323",
"0500000US04009","Graham County, Arizona","12746","254","8976","391","5934","427","3042","294","949","216","2093","246","3770","374","3084","360","686","167",
"0500000US04011","Greenlee County, Arizona","3591","205","2292","266","1643","268","649","212","196","117","453","155","1299","280","1135","255","164","124",
"0500000US04012","La Paz County, Arizona","8959","382","5397","473","3603","428","1794","270","567","157","1227","228","3562","434","2887","430","675","215",
"0500000US04013","Maricopa County, Arizona","1730696","4424","1122345","6328","814830","6631","307515","4806","100098","2954","207417","3747","608351","5839","458472","5517","149879","3230",
"0500000US04015","Mohave County, Arizona","101973","986","62447","1543","46264","1423","16183","1111","5464","671","10719","907","39526","1756","32380","1516","7146","821",
"0500000US04017","Navajo County, Arizona","40063","803","27850","800","18717","552","9133","621","2607","378","6526","473","12213","720","10321","672","1892","436",
"0500000US04019","Pima County, Arizona","437827","1858","260410","2543","186043","2887","74367","2103","23688","1296","50679","1537","177417","2638","139688","2552","37729","1816",
"0500000US04021","Pinal County, Arizona","161917","1167","116212","1710","88431","1654","27781","1350","9868","875","17913","1064","45705","1495","35439","1368","10266","1004",
"0500000US04023","Santa Cruz County, Arizona","16966","329","12290","476","8308","573","3982","441","981","219","3001","389","4676","433","4000","412","676","171",
"0500000US04025","Yavapai County, Arizona","111157","984","69106","1415","55891","1314","13215","1025","4301","642","8914","808","42051","1351","33372","1532","8679","776",
"0500000US04027","Yuma County, Arizona","79341","862","56745","1209","40775","1197","15970","1179","4157","546","11813","993","22596","1142","18708","1048","3888","492",
"0500000US05001","Arkansas County, Arkansas","6705","228","4464","265","3057","242","1407","240","422","140","985","197","2241","279","1976","277","265","106",
"0500000US05003","Ashley County, Arkansas","7356","291","4370","357","3402","354","968","183","255","107","713","159","2986","326","2713","329","273","127",
"0500000US05005","Baxter County, Arkansas","19348","450","12031","599","9138","580","2893","485","945","285","1948","422","7317","622","6160","560","1157","275",
"0500000US05007","Benton County, Arkansas","111919","1079","81832","1423","65836","1492","15996","1010","5146","676","10850","854","30087","1329","24841","1214","5246","696",
"0500000US05009","Boone County, Arkansas","15363","399","10166","518","8264","461","1902","314","608","195","1294","252","5197","504","4542","504","655","171",
"0500000US05011","Bradley County, Arkansas","3752","164","2210","174","1427","184","783","145","95","52","688","143","1542","200","1427","186","115","66",
"0500000US05013","Calhoun County, Arkansas","1690","152","1147","172","861","150","286","79","77","54","209","74","543","116","495","108","48","41",
"0500000US05015","Carroll County, Arkansas","11347","376","7460","413","5726","416","1734","372","439","129","1295","334","3887","387","3253","375","634","154",
"0500000US05017","Chicot County, Arkansas","3965","203","2368","238","1371","185","997","215","202","105","795","175","1597","219","1509","216","88","46",
"0500000US05019","Clark County, Arkansas","8121","227","4858","299","3520","315","1338","219","405","154","933","188","3263","338","2619","308","644","179",
"0500000US05021","Clay County, Arkansas","6021","218","3961","256","2811","221","1150","194","476","149","674","135","2060","227","1878","227","182","65",
"0500000US05023","Cleburne County, Arkansas","10522","382","6870","462","5372","384","1498","291","580","214","918","177","3652","428","3243","396","409","123",
"0500000US05025","Cleveland County, Arkansas","2931","146","2018","176","1548","175","470","117","89","63","381","91","913","173","846","166","67","62",
"0500000US05027","Columbia County, Arkansas","8409","330","5171","396","3586","340","1585","252","316","142","1269","218","3238","393","2695","371","543","186",
"0500000US05029","Conway County, Arkansas","8279","246","5796","311","3976","334","1820","263","424","162","1396","256","2483","267","2166","274","317","109",
"0500000US05031","Craighead County, Arkansas","44437","650","29178","909","20314","909","8864","824","2134","356","6730","720","15259","988","12461","977","2798","461",
"0500000US05033","Crawford County, Arkansas","23357","370","17003","520","12708","544","4295","552","1595","364","2700","429","6354","532","5421","508","933","224",
"0500000US05035","Crittenden County, Arkansas","18203","420","11981","495","6274","491","5707","395","1194","203","4513","381","6222","472","5250","434","972","246",
"0500000US05037","Cross County, Arkansas","6483","222","4608","272","2925","314","1683","234","425","157","1258","197","1875","241","1792","232","83","54",
"0500000US05039","Dallas County, Arkansas","2558","147","1597","182","1124","173","473","130","96","64","377","107","961","175","912","173","49","43",
"0500000US05041","Desha County, Arkansas","4610","207","2946","230","1678","206","1268","163","405","124","863","137","1664","203","1541","194","123","93",
"0500000US05043","Drew County, Arkansas","7196","300","4175","420","2733","319","1442","303","375","158","1067","249","3021","383","2526","317","495","215",
"0500000US05045","Faulkner County, Arkansas","49309","546","32058","995","24820","998","7238","777","2355","470","4883","582","17251","911","12325","883","4926","545",
"0500000US05047","Franklin County, Arkansas","7048","198","4619","246","3542","292","1077","210","292","126","785","182","2429","252","2111","246","318","115",
"0500000US05049","Fulton County, Arkansas","4757","242","2913","291","2272","266","641","162","151","65","490","139","1844","263","1646","242","198","85",
"0500000US05051","Garland County, Arkansas","43667","817","27106","927","19034","872","8072","751","2400","443","5672","581","16561","903","13749","848","2812","478",
"0500000US05053","Grant County, Arkansas","6978","218","4702","333","3603","322","1099","255","294","109","805","228","2276","293","2059","272","217","90",
"0500000US05055","Greene County, Arkansas","17994","358","12231","439","8741","514","3490","472","1295","330","2195","345","5763","467","4947","423","816","225",
"0500000US05057","Hempstead County, Arkansas","7479","306","4570","366","3388","292","1182","222","297","108","885","183","2909","352","2770","350","139","60",
"0500000US05059","Hot Spring County, Arkansas","12310","358","8266","500","6572","489","1694","265","430","132","1264","249","4044","496","3590","463","454","161",
"0500000US05061","Howard County, Arkansas","5098","214","3400","263","2196","233","1204","232","312","113","892","192","1698","259","1565","254","133","110",
"0500000US05063","Independence County, Arkansas","14638","398","9995","463","7822","500","2173","330","630","185","1543","259","4643","472","4038","451","605","207",
"0500000US05065","Izard County, Arkansas","5232","284","3227","262","2395","250","832","195","321","130","511","142","2005","269","1745","264","260","109",
"0500000US05067","Jackson County, Arkansas","6076","214","3942","244","2575","264","1367","209","405","136","962","200","2134","259","1910","246","224","99",
"0500000US05069","Jefferson County, Arkansas","24017","603","14671","731","8695","654","5976","523","1302","275","4674","453","9346","693","8211","731","1135","293",
"0500000US05071","Johnson County, Arkansas","10316","265","6652","435","5083","362","1569","265","580","195","989","205","3664","458","3138","454","526","150",
"0500000US05073","Lafayette County, Arkansas","2622","183","1701","189","1160","170","541","131","166","67","375","114","921","181","808","176","113","53",
"0500000US05075","Lawrence County, Arkansas","6613","165","4425","238","3258","251","1167","173","289","90","878","155","2188","227","1905","223","283","79",
"0500000US05077","Lee County, Arkansas","2690","195","1543","172","815","129","728","184","114","71","614","162","1147","181","980","161","167","100",
"0500000US05079","Lincoln County, Arkansas","3592","211","2501","204","1734","195","767","163","198","94","569","140","1091","192","955","175","136","87",
"0500000US05081","Little River County, Arkansas","4820","284","3023","294","2139","238","884","151","282","98","602","147","1797","292","1575","279","222","78",
"0500000US05083","Logan County, Arkansas","8521","269","5770","298","4528","304","1242","237","406","164","836","189","2751","248","2440","251","311","110",
"0500000US05085","Lonoke County, Arkansas","28554","441","20211","667","15164","635","5047","458","1281","272","3766","385","8343","626","6945","574","1398","300",
"0500000US05087","Madison County, Arkansas","6463","253","4754","271","3860","288","894","174","284","84","610","169","1709","239","1475","240","234","112",
"0500000US05089","Marion County, Arkansas","7664","284","4969","338","4204","316","765","202","264","133","501","141","2695","279","2152","261","543","150",
"0500000US05091","Miller County, Arkansas","16359","392","9925","473","6175","469","3750","463","807","270","2943","350","6434","542","5509","481","925","283",
"0500000US05093","Mississippi County, Arkansas","15452","425","9759","570","6074","467","3685","387","952","226","2733","316","5693","568","5095","563","598","191",
"0500000US05095","Monroe County, Arkansas","2790","160","1456","165","992","157","464","127","49","34","415","124","1334","182","1232","182","102","54",
"0500000US05097","Montgomery County, Arkansas","3715","213","2572","225","2000","233","572","149","204","93","368","109","1143","152","942","143","201","99",
"0500000US05099","Nevada County, Arkansas","3251","244","2068","259","1255","176","813","232","260","109","553","202","1183","279","1163","274","20","25",
"0500000US05101","Newton County, Arkansas","3179","179","2313","234","1925","232","388","126","158","84","230","99","866","193","677","162","189","100",
"0500000US05103","Ouachita County, Arkansas","8624","337","5392","345","3476","404","1916","310","347","148","1569","277","3232","365","3006","378","226","118",
"0500000US05105","Perry County, Arkansas","4094","178","2785","212","2161","241","624","171","253","139","371","99","1309","219","1149","201","160","82",
"0500000US05107","Phillips County, Arkansas","6023","273","3615","315","1764","239","1851","265","205","82","1646","251","2408","286","2128","276","280","129",
"0500000US05109","Pike County, Arkansas","4082","188","2640","199","2131","176","509","128","96","45","413","120","1442","160","1298","154","144","64",
"0500000US05111","Poinsett County, Arkansas","8792","290","5306","318","3801","307","1505","233","392","127","1113","198","3486","348","2947","345","539","148",
"0500000US05113","Polk County, Arkansas","7898","286","4943","313","4173","351","770","170","72","53","698","163","2955","319","2699","319","256","116",
"0500000US05115","Pope County, Arkansas","24348","511","16185","610","12178","678","4007","490","1193","283","2814","371","8163","619","7054","622","1109","282",
"0500000US05117","Prairie County, Arkansas","3256","150","1982","172","1618","187","364","110","52","40","312","91","1274","158","1166","173","108","69",
"0500000US05119","Pulaski County, Arkansas","172409","1380","97984","1975","65873","1829","32111","1666","6290","774","25821","1341","74425","2102","64263","2045","10162","1136",
"0500000US05121","Randolph County, Arkansas","7334","231","4948","305","3675","317","1273","253","427","169","846","204","2386","261","2027","250","359","120",
"0500000US05123","St. Francis County, Arkansas","7783","327","4639","389","2659","360","1980","274","304","115","1676","256","3144","411","2945","419","199","88",
"0500000US05125","Saline County, Arkansas","50203","460","35463","1073","28322","1079","7141","775","2139","401","5002","688","14740","1003","12302","1005","2438","444",
"0500000US05127","Scott County, Arkansas","3985","222","2522","233","1973","243","549","159","168","92","381","132","1463","210","1377","214","86","52",
"0500000US05129","Searcy County, Arkansas","3197","204","2082","183","1709","188","373","107","115","55","258","87","1115","179","1006","170","109","56",
"0500000US05131","Sebastian County, Arkansas","52181","596","33696","1016","24421","916","9275","761","2322","393","6953","653","18485","1042","15285","1049","3200","512",
"0500000US05133","Sevier County, Arkansas","5622","295","3745","320","2593","345","1152","240","403","163","749","197","1877","320","1663","314","214","102",
"0500000US05135","Sharp County, Arkansas","6856","260","4543","258","3528","258","1015","193","238","115","777","167","2313","246","1979","245","334","102",
"0500000US05137","Stone County, Arkansas","5262","313","3230","336","2172","260","1058","302","583","198","475","182","2032","331","1743","313","289","140",
"0500000US05139","Union County, Arkansas","15002","384","8949","565","6214","536","2735","368","780","265","1955","315","6053","623","5459","606","594","217",
"0500000US05141","Van Buren County, Arkansas","7432","318","4894","335","3586","363","1308","303","429","184","879","244","2538","321","2130","289","408","132",
"0500000US05143","Washington County, Arkansas","97184","901","60274","1395","44766","1324","15508","949","5335","734","10173","771","36910","1499","27278","1341","9632","1008",
"0500000US05145","White County, Arkansas","29629","598","20490","686","15017","690","5473","588","1636","385","3837","506","9139","605","7758","614","1381","319",
"0500000US05147","Woodruff County, Arkansas","2692","113","1437","158","1085","149","352","91","100","57","252","74","1255","150","1118","143","137","59",
"0500000US05149","Yell County, Arkansas","8323","189","5778","319","4079","359","1699","334","595","198","1104","271","2545","330","2297","336","248","98",
"0500000US06001","Alameda County, California","598246","1734","390699","2905","296397","3033","94302","2604","29453","1499","64849","1945","207547","2975","152739","3074","54808","1655",
"0500000US06003","Alpine County, California","435","74","304","59","238","55","66","28","29","15","37","21","131","54","104","47","27","20",
"0500000US06005","Amador County, California","16091","439","10563","585","8449","649","2114","318","648","216","1466","260","5528","565","4558","493","970","283",
"0500000US06007","Butte County, California","83312","819","48124","1148","33760","994","14364","1016","4814","701","9550","641","35188","1210","23413","1090","11775","913",
"0500000US06009","Calaveras County, California","18437","647","13057","650","10525","597","2532","345","1009","259","1523","290","5380","543","4470","510","910","253",
"0500000US06011","Colusa County, California","7512","369","5246","400","3910","378","1336","381","439","201","897","256","2266","461","2015","458","251","93",
"0500000US06013","Contra Costa County, California","414417","1118","296218","2715","224093","2674","72125","2013","22037","1342","50088","1820","118199","2800","91534","2551","26665","1606",
"0500000US06015","Del Norte County, California","9522","317","6415","394","4521","361","1894","291","620","204","1274","230","3107","400","2639","345","468","151",
"0500000US06017","El Dorado County, California","76185","785","53306","1187","43574","1158","9732","759","3479","487","6253","535","22879","1135","17857","1097","5022","497",
"0500000US06019","Fresno County, California","324702","1025","231028","2440","150325","2170","80703","2182","26407","1263","54296","1896","93674","2392","73707","2164","19967","1273",
"0500000US06021","Glenn County, California","9810","287","6982","390","5195","442","1787","332","620","205","1167","242","2828","348","2462","353","366","139",
"0500000US06023","Humboldt County, California","54922","632","29942","818","20566","820","9376","738","3069","382","6307","622","24980","824","17747","867","7233","696",
"0500000US06025","Imperial County, California","49644","655","37547","996","24240","1142","13307","1052","3747","584","9560","933","12097","880","10555","827","1542","364",
"0500000US06027","Inyo County, California","8040","209","4478","318","3303","269","1175","223","278","85","897","204","3562","357","3100","386","462","161",
"0500000US06029","Kern County, California","284931","1239","210851","2087","137549","2534","73302","2210","24121","1353","49181","1587","74080","1889","58746","1900","15334","951",
"0500000US06031","Kings County, California","44052","410","33503","792","22167","1064","11336","793","3643","542","7693","582","10549","746","8349","761","2200","396",
"0500000US06033","Lake County, California","26940","631","16061","649","10538","669","5523","533","1636","329","3887","427","10879","665","8736","666","2143","424",
"0500000US06035","Lassen County, California","9247","313","5810","373","4216","321","1594","268","596","174","998","208","3437","337","2880","321","557","131",
"0500000US06037","Los Angeles County, California","3416449","5011","2225613","8494","1473801","8862","751812","5493","245180","4093","506632","4119","1190836","7052","906129","6426","284707","4382",
"0500000US06039","Madera County, California","45379","608","34350","762","23139","746","11211","639","3735","414","7476","556","11029","605","8539","570","2490","409",
"0500000US06041","Marin County, California","103018","725","65293","1102","52600","1137","12693","959","4042","523","8651","834","37725","1121","29804","1213","7921","744",
"0500000US06043","Mariposa County, California","7508","301","4538","327","3529","319","1009","205","118","71","891","195","2970","400","2584","367","386","171",
"0500000US06045","Mendocino County, California","34842","626","20194","757","14146","701","6048","659","2030","381","4018","469","14648","804","12142","743","2506","438",
"0500000US06047","Merced County, California","86055","548","62465","1205","39872","1197","22593","1113","7980","737","14613","829","23590","1233","19557","1156","4033","541",
"0500000US06049","Modoc County, California","3267","180","1994","210","1616","190","378","113","103","64","275","86","1273","216","1129","193","144","104",
"0500000US06051","Mono County, California","5744","379","3650","484","2974","448","676","264","507","237","169","102","2094","456","1645","428","449","236",
"0500000US06053","Monterey County, California","132489","685","97137","1106","67739","1462","29398","1159","10073","712","19325","926","35352","1101","26575","1079","8777","661",
"0500000US06055","Napa County, California","49763","2617","33035","1159","25335","1587","7700","767","2428","410","5272","552","16728","1747","12952","1428","3776","536",
"0500000US06057","Nevada County, California","42865","719","27153","941","22082","966","5071","530","1531","282","3540","464","15712","938","12301","806","3411","505",
"0500000US06059","Orange County, California","1082960","2606","763105","4283","574860","4688","188245","3125","62815","2315","125430","2455","319855","3943","235585","3460","84270","2448",
"0500000US06061","Placer County, California","157954","803","112517","1344","91588","1423","20929","1103","6525","779","14404","894","45437","1356","36837","1306","8600","800",
"0500000US06063","Plumas County, California","8054","342","5085","338","3973","383","1112","271","413","157","699","202","2969","448","2363","366","606","229",
"0500000US06065","Riverside County, California","775335","2121","579985","3028","420550","3496","159435","2825","51510","1899","107925","2325","195350","3309","151971","2680","43379","1544",
"0500000US06067","Sacramento County, California","571057","1538","376403","2865","262712","3195","113691","2508","35701","1246","77990","2492","194654","2682","150433","2591","44221","1717",
"0500000US06069","San Benito County, California","20561","201","16233","484","12108","548","4125","462","1764","305","2361","306","4328","444","3361","389","967","205",
"0500000US06071","San Bernardino County, California","674915","1558","512558","3229","342001","3462","170557","3443","56660","2341","113897","2871","162357","2975","122902","2911","39455","1703",
"0500000US06073","San Diego County, California","1171278","2902","774697","4482","579994","4757","194703","3519","60586","1942","134117","2947","396581","4464","288146","4531","108435","2568",
"0500000US06075","San Francisco County, California","363970","1953","168501","2260","127646","2221","40855","1519","12986","932","27869","1136","195469","2347","141320","2269","54149","1786",
"0500000US06077","San Joaquin County, California","245250","1175","183785","1840","126426","1747","57359","1471","20199","1049","37160","1274","61465","1566","49106","1542","12359","1081",
"0500000US06079","San Luis Obispo County, California","109503","968","68580","1100","54078","1145","14502","1035","4308","658","10194","857","40923","1266","28536","1087","12387","801",
"0500000US06081","San Mateo County, California","264419","1253","179491","1749","141517","2153","37974","1530","12212","850","25762","1297","84928","1838","64481","1908","20447","1029",
"0500000US06083","Santa Barbara County, California","149608","835","96935","1405","70257","1460","26678","1231","8987","842","17691","932","52673","1369","37020","1217","15653","979",
"0500000US06085","Santa Clara County, California","659353","1829","459812","2938","358789","3423","101023","2355","34322","1457","66701","2129","199541","2928","145354","2491","54187","1845",
"0500000US06087","Santa Cruz County, California","96898","687","60436","1144","45488","1151","14948","854","4923","588","10025","689","36462","1170","24367","1114","12095","889",
"0500000US06089","Shasta County, California","71232","703","44300","987","32726","1015","11574","772","3723","536","7851","651","26932","1048","20507","862","6425","655",
"0500000US06091","Sierra County, California","1219","153","651","162","628","163","23","21","6","11","17","19","568","161","564","160","4","8",
"0500000US06093","Siskiyou County, California","19079","344","11630","453","8538","459","3092","344","838","173","2254","332","7449","442","6065","380","1384","264",
"0500000US06095","Solano County, California","157512","751","109618","1435","77562","1323","32056","1293","9919","1004","22137","1107","47894","1382","39085","1359","8809","775",
"0500000US06097","Sonoma County, California","190998","984","120254","1667","90465","1633","29789","1625","9887","815","19902","1285","70744","1735","53067","1624","17677","1029",
"0500000US06099","Stanislaus County, California","177874","777","131068","1459","90024","1972","41044","1725","14027","1095","27017","1469","46806","1448","35991","1483","10815","963",
"0500000US06101","Sutter County, California","33292","325","24051","687","17104","708","6947","568","2471","401","4476","497","9241","676","7450","606","1791","326",
"0500000US06103","Tehama County, California","24788","471","16899","658","12320","750","4579","564","1436","352","3143","401","7889","624","6299","587","1590","357",
"0500000US06105","Trinity County, California","5585","264","2920","397","2294","402","626","211","209","116","417","182","2665","377","2287","364","378","163",
"0500000US06107","Tulare County, California","143195","754","113185","1350","73128","1702","40057","1412","12960","969","27097","1296","30010","1196","23793","1222","6217","620",
"0500000US06109","Tuolumne County, California","22690","468","13463","515","10350","465","3113","451","1117","323","1996","294","9227","599","7714","597","1513","308",
"0500000US06111","Ventura County, California","280360","1038","201796","1757","151002","2192","50794","1803","17222","991","33572","1309","78564","1643","60926","1722","17638","937",
"0500000US06113","Yolo County, California","76693","669","47461","968","34964","1042","12497","878","3614","518","8883","808","29232","1084","18383","1103","10849","707",
"0500000US06115","Yuba County, California","28635","382","20201","808","13693","878","6508","679","2020","449","4488","506","8434","748","6426","713","2008","389",
"0500000US08001","Adams County, Colorado","188730","791","128433","1823","93352","1978","35081","1451","12424","866","22657","1288","60297","1774","44510","1675","15787","1158",
"0500000US08003","Alamosa County, Colorado","6648","174","3961","317","2571","321","1390","309","548","207","842","212","2687","325","2149","295","538","208",
"0500000US08005","Arapahoe County, Colorado","257232","1096","165161","1926","124485","2055","40676","1542","13348","950","27328","1149","92071","1605","69863","1719","22208","1222",
"0500000US08007","Archuleta County, Colorado","5921","348","4271","280","3786","293","485","166","127","65","358","142","1650","271","1362","234","288","118",
"0500000US08009","Baca County, Colorado","1657","65","862","92","710","90","152","40","51","22","101","34","795","94","703","94","92","39",
"0500000US08011","Bent County, Colorado","1875","105","1097","112","795","120","302","89","56","39","246","85","778","116","701","110","77","33",
"0500000US08013","Boulder County, Colorado","137008","795","75286","1421","60534","1354","14752","961","5576","591","9176","788","61722","1429","41209","1495","20513","1298",
"0500000US08014","Broomfield County, Colorado","31760","310","19378","559","16046","557","3332","411","1074","258","2258","299","12382","529","9264","527","3118","330",
"0500000US08015","Chaffee County, Colorado","9863","226","6120","367","5387","376","733","277","295","169","438","200","3743","460","2659","429","1084","356",
"0500000US08017","Cheyenne County, Colorado","785","82","542","76","468","71","74","35","31","29","43","22","243","53","198","47","45","35",
"0500000US08019","Clear Creek County, Colorado","4677","271","2606","236","2225","273","381","177","185","157","196","81","2071","274","1793","269","278","121",
"0500000US08021","Conejos County, Colorado","3164","154","1913","164","1538","159","375","89","149","73","226","61","1251","170","1225","167","26","26",
"0500000US08023","Costilla County, Colorado","1651","111","1017","117","720","105","297","76","96","53","201","57","634","99","583","102","51","25",
"0500000US08025","Crowley County, Colorado","1337","77","833","94","595","100","238","82","140","74","98","37","504","97","425","88","79","36",
"0500000US08027","Custer County, Colorado","2672","177","1520","155","1346","168","174","63","33","29","141","59","1152","182","924","176","228","105",
"0500000US08029","Delta County, Colorado","12959","333","7688","393","6075","422","1613","255","456","140","1157","239","5271","382","4432","345","839","206",
"0500000US08031","Denver County, Colorado","335428","1490","151912","2142","111421","2000","40491","1662","11625","1051","28866","1293","183516","2325","135459","2348","48057","1819",
"0500000US08033","Dolores County, Colorado","1254","96","958","83","832","104","126","69","22","33","104","64","296","113","279","112","17","15",
"0500000US08035","Douglas County, Colorado","139960","642","104261","1021","89769","1271","14492","1015","5189","596","9303","865","35699","1038","28134","1036","7565","635",
"0500000US08037","Eagle County, Colorado","22058","525","13502","755","11140","854","2362","527","952","363","1410","372","8556","770","6022","678","2534","411",
"0500000US08039","Elbert County, Colorado","10004","156","8197","272","7082","270","1115","212","505","147","610","143","1807","235","1391","203","416","139",
"0500000US08041","El Paso County, Colorado","290190","1184","194314","1974","152309","2103","42005","1707","13853","877","28152","1507","95876","2014","73279","1988","22597","1316",
"0500000US08043","Fremont County, Colorado","17976","411","11284","558","8504","539","2780","394","1350","337","1430","244","6692","597","5561","551","1131","262",
"0500000US08045","Garfield County, Colorado","23404","338","15446","595","12376","587","3070","529","1002","282","2068","413","7958","585","6307","568","1651","336",
"0500000US08047","Gilpin County, Colorado","3122","206","1733","217","1335","220","398","206","143","80","255","170","1389","335","1004","281","385","140",
"0500000US08049","Grand County, Colorado","7475","450","4058","365","3781","367","277","126","36","29","241","123","3417","476","2672","439","745","220",
"0500000US08051","Gunnison County, Colorado","8494","269","4510","359","3840","326","670","246","304","187","366","160","3984","405","2687","462","1297","288",
"0500000US08053","Hinsdale County, Colorado","511","71","389","72","296","60","93","69","9","15","84","68","122","43","97","40","25","22",
"0500000US08055","Huerfano County, Colorado","3100","214","1823","246","1403","213","420","135","127","79","293","116","1277","235","1089","223","188","70",
"0500000US08057","Jackson County, Colorado","658","77","451","68","364","73","87","41","22","26","65","35","207","81","188","81","19","18",
"0500000US08059","Jefferson County, Colorado","241735","959","150584","1726","120742","1918","29842","1310","10239","861","19603","1141","91151","1636","67369","1736","23782","1097",
"0500000US08061","Kiowa County, Colorado","585","70","358","46","306","45","52","19","9","10","43","18","227","57","169","46","58","36",
"0500000US08063","Kit Carson County, Colorado","2896","136","1832","138","1558","154","274","67","85","41","189","55","1064","157","962","155","102","65",
"0500000US08065","Lake County, Colorado","3020","283","1647","208","1264","229","383","146","81","50","302","137","1373","317","945","294","428","166",
"0500000US08067","La Plata County, Colorado","24378","505","15045","682","12580","576","2465","358","880","200","1585","313","9333","687","7206","676","2127","286",
"0500000US08069","Larimer County, Colorado","154232","780","92390","1473","76073","1541","16317","1135","5543","807","10774","751","61842","1508","40405","1568","21437","1376",
"0500000US08071","Las Animas County, Colorado","6513","230","3928","244","2785","231","1143","180","237","79","906","163","2585","250","2162","220","423","125",
"0500000US08073","Lincoln County, Colorado","1971","93","1141","91","984","93","157","55","30","24","127","54","830","94","712","85","118","51",
"0500000US08075","Logan County, Colorado","8203","201","4543","305","3394","255","1149","179","226","91","923","172","3660","326","3078","303","582","166",
"0500000US08077","Mesa County, Colorado","65830","622","40799","804","30994","931","9805","912","3498","591","6307","618","25031","861","20183","913","4848","558",
"0500000US08079","Mineral County, Colorado","386","61","227","49","218","47","9","10","8","10","1","2","159","57","147","56","12","9",
"0500000US08081","Moffat County, Colorado","5390","190","3582","228","2776","254","806","190","146","75","660","179","1808","255","1476","249","332","94",
"0500000US08083","Montezuma County, Colorado","11269","262","7154","440","5571","522","1583","280","346","133","1237","263","4115","461","3513","442","602","174",
"0500000US08085","Montrose County, Colorado","18069","369","11932","494","9115","548","2817","368","1002","227","1815","295","6137","458","5133","432","1004","220",
"0500000US08087","Morgan County, Colorado","11069","220","7492","390","5534","456","1958","326","956","293","1002","214","3577","399","2885","317","692","241",
"0500000US08089","Otero County, Colorado","7584","236","4778","288","3242","272","1536","312","426","149","1110","283","2806","344","2420","329","386","181",
"0500000US08091","Ouray County, Colorado","2623","167","1671","130","1531","122","140","54","69","38","71","39","952","209","815","189","137","66",
"0500000US08093","Park County, Colorado","8988","358","6154","320","5430","351","724","232","435","171","289","129","2834","463","1923","423","911","231",
"0500000US08095","Phillips County, Colorado","1952","151","1213","115","977","110","236","109","39","29","197","109","739","160","628","151","111","51",
"0500000US08097","Pitkin County, Colorado","9215","476","4307","399","3875","401","432","138","92","65","340","130","4908","608","3499","573","1409","326",
"0500000US08099","Prowers County, Colorado","4733","179","3224","224","2509","244","715","168","157","73","558","144","1509","227","1320","207","189","87",
"0500000US08101","Pueblo County, Colorado","68523","559","42188","918","29295","938","12893","823","4482","542","8411","630","26335","885","22391","952","3944","433",
"0500000US08103","Rio Blanco County, Colorado","2805","159","1747","224","1491","217","256","94","119","70","137","67","1058","198","956","188","102","55",
"0500000US08105","Rio Grande County, Colorado","5133","227","3329","293","2486","285","843","260","331","159","512","186","1804","285","1547","249","257","134",
"0500000US08107","Routt County, Colorado","11281","362","7472","367","6539","354","933","197","347","118","586","164","3809","434","2724","412","1085","249",
"0500000US08109","Saguache County, Colorado","3397","131","1836","203","1306","207","530","149","154","71","376","130","1561","213","1306","211","255","115",
"0500000US08111","San Juan County, Colorado","399","69","234","65","200","69","34","27","0","14","34","27","165","77","99","47","66","61",
"0500000US08113","San Miguel County, Colorado","4604","219","2102","267","1747","284","355","130","142","107","213","91","2502","314","1814","329","688","188",
"0500000US08115","Sedgwick County, Colorado","1022","78","626","66","485","70","141","47","32","24","109","41","396","73","346","67","50","32",
"0500000US08117","Summit County, Colorado","12545","638","6652","426","5678","440","974","259","229","131","745","245","5893","557","3800","492","2093","414",
"0500000US08119","Teller County, Colorado","11860","326","7877","434","6833","437","1044","264","449","156","595","221","3983","437","3366","410","617","188",
"0500000US08121","Washington County, Colorado","2070","65","1312","77","1126","81","186","58","86","46","100","33","758","66","690","68","68","35",
"0500000US08123","Weld County, Colorado","124287","667","89634","1166","71523","1084","18111","1049","6135","574","11976","931","34653","1268","26193","1147","8460","649",
"0500000US08125","Yuma County, Colorado","4078","114","2561","198","2185","247","376","148","42","32","334","146","1517","199","1253","197","264","117",
"0500000US09110","Capitol Planning Region, Connecticut","391113","1213","246205","2335","175470","2544","70735","2094","20168","1263","50567","1886","144908","2476","117311","2379","27597","1296",
"0500000US09120","Greater Bridgeport Planning Region, Connecticut","119633","504","80224","1419","55439","1535","24785","1281","6560","720","18225","1114","39409","1331","33269","1332","6140","780",
"0500000US09130","Lower Connecticut River Valley Planning Region, Connecticut","74068","693","46243","992","37261","1047","8982","672","2363","355","6619","576","27825","1049","22369","1050","5456","628",
"0500000US09140","Naugatuck Valley Planning Region, Connecticut","180116","990","117507","1762","82743","1857","34764","1457","9653","931","25111","1143","62609","1746","52318","1716","10291","883",
"0500000US09150","Northeastern Connecticut Planning Region, Connecticut","39412","418","26346","801","19428","742","6918","744","2234","341","4684","638","13066","786","10026","768","3040","498",
"0500000US09160","Northwest Hills Planning Region, Connecticut","47845","600","30751","849","23864","841","6887","602","2342","368","4545","516","17094","810","13793","795","3301","500",
"0500000US09170","South Central Connecticut Planning Region, Connecticut","230673","1113","141621","1836","97141","1732","44480","1747","12030","900","32450","1470","89052","1531","71990","1722","17062","1070",
"0500000US09180","Southeastern Connecticut Planning Region, Connecticut","115768","890","71766","1375","51044","1458","20722","1081","5830","676","14892","882","44002","1409","34980","1270","9022","820",
"0500000US09190","Western Connecticut Planning Region, Connecticut","235379","1110","160725","2243","126138","1994","34587","1671","9959","777","24628","1555","74654","1944","60667","1955","13987","859",
"0500000US10001","Kent County, Delaware","71424","603","47475","1085","34107","1117","13368","1005","3247","547","10121","850","23949","1090","19739","1013","4210","574",
"0500000US10003","New Castle County, Delaware","224173","971","142366","1668","99351","1991","43015","1673","11475","830","31540","1567","81807","1700","66381","1580","15426","978",
"0500000US10005","Sussex County, Delaware","106441","1143","72029","1405","56504","1396","15525","891","4008","523","11517","753","34412","1362","28523","1282","5889","511",
"0500000US11001","District of Columbia, District of Columbia","324491","1816","132514","2798","80186","2295","52328","1586","9951","974","42377","1483","191977","3036","153560","2868","38417","1492",
"0500000US12001","Alachua County, Florida","116786","949","60068","1373","42880","1329","17188","1196","3997","731","13191","960","56718","1549","39141","1566","17577","1175",
"0500000US12003","Baker County, Florida","9165","341","6774","411","5426","465","1348","341","277","162","1071","301","2391","477","1649","348","742","365",
"0500000US12005","Bay County, Florida","78778","1232","50398","1290","36967","1355","13431","975","4134","630","9297","706","28380","1306","22992","1156","5388","695",
"0500000US12007","Bradford County, Florida","9278","343","6231","464","4273","412","1958","376","546","238","1412","308","3047","390","2551","350","496","173",
"0500000US12009","Brevard County, Florida","257695","1860","162825","2305","124351","2279","38474","1681","11189","1129","27285","1320","94870","1959","77257","1953","17613","1210",
"0500000US12011","Broward County, Florida","753956","2614","482547","4253","326704","4048","155843","3186","43651","2045","112192","2422","271409","4649","220523","4393","50886","2073",
"0500000US12013","Calhoun County, Florida","4636","252","3051","259","2162","279","889","225","202","94","687","207","1585","256","1384","234","201","96",
"0500000US12015","Charlotte County, Florida","90542","1202","59744","1522","49759","1388","9985","877","3180","542","6805","717","30798","1515","25551","1485","5247","564",
"0500000US12017","Citrus County, Florida","71291","1038","45316","1351","35792","1319","9524","720","2629","385","6895","644","25975","1221","21716","1169","4259","531",
"0500000US12019","Clay County, Florida","83707","641","62157","1279","47659","1481","14498","1310","3642","658","10856","1283","21550","1260","17437","1217","4113","597",
"0500000US12021","Collier County, Florida","165875","1975","111362","1833","90718","1881","20644","1310","7091","815","13553","1174","54513","1914","45886","1891","8627","799",
"0500000US12023","Columbia County, Florida","27430","451","18481","750","12954","645","5527","531","1613","339","3914","451","8949","773","7041","659","1908","482",
"0500000US12027","DeSoto County, Florida","12824","360","8622","565","6124","476","2498","438","666","246","1832","383","4202","502","3098","479","1104","303",
"0500000US12029","Dixie County, Florida","6236","386","4082","365","2945","371","1137","255","274","102","863","221","2154","329","1859","303","295","120",
"0500000US12031","Duval County, Florida","415128","1729","249621","3063","164910","3042","84711","2662","21921","1634","62790","2030","165507","2963","133241","3041","32266","1802",
"0500000US12033","Escambia County, Florida","129027","1109","80068","1691","54624","1475","25444","1223","6180","718","19264","1015","48959","1692","39119","1504","9840","804",
"0500000US12035","Flagler County, Florida","52582","677","36798","932","29239","935","7559","585","2035","387","5524","515","15784","927","13071","958","2713","438",
"0500000US12037","Franklin County, Florida","4949","245","3117","276","2422","277","695","178","187","95","508","151","1832","258","1611","252","221","95",
"0500000US12039","Gadsden County, Florida","16872","375","10734","527","6187","496","4547","424","694","207","3853","395","6138","573","5370","562","768","204",
"0500000US12041","Gilchrist County, Florida","7151","205","5119","301","3986","326","1133","236","348","125","785","182","2032","302","1632","252","400","142",
"0500000US12043","Glades County, Florida","4500","319","3107","296","2205","265","902","264","415","223","487","157","1393","294","1149","276","244","109",
"0500000US12045","Gulf County, Florida","5944","370","4017","346","3113","296","904","192","283","133","621","145","1927","315","1621","290","306","119",
"0500000US12047","Hamilton County, Florida","4281","223","2938","274","2011","282","927","206","195","82","732","182","1343","275","1114","241","229","115",
"0500000US12049","Hardee County, Florida","8219","270","6136","370","4247","479","1889","311","736","191","1153","278","2083","332","1734","317","349","130",
"0500000US12051","Hendry County, Florida","14130","340","10516","539","6777","632","3739","569","1250","402","2489","387","3614","529","2861","487","753","300",
"0500000US12053","Hernando County, Florida","82475","832","55205","1129","40229","1029","14976","917","4264","576","10712","798","27270","1200","21680","1161","5590","648",
"0500000US12055","Highlands County, Florida","46879","755","29113","1111","22409","1006","6704","758","1873","359","4831","574","17766","1042","15175","998","2591","404",
"0500000US12057","Hillsborough County, Florida","583192","1970","370901","3371","261854","3423","109047","2808","32238","1474","76809","2407","212291","3228","162121","2871","50170","2211",
"0500000US12059","Holmes County, Florida","7011","222","4378","270","3070","335","1308","256","470","154","838","195","2633","344","2386","338","247","91",
"0500000US12061","Indian River County, Florida","70816","1026","44433","1135","35207","1116","9226","857","2504","526","6722","704","26383","1093","22699","1027","3684","438",
"0500000US12063","Jackson County, Florida","17276","383","10561","539","7111","454","3450","403","838","231","2612","339","6715","511","5706","530","1009","212",
"0500000US12065","Jefferson County, Florida","5751","235","3876","284","2614","248","1262","261","230","110","1032","247","1875","237","1691","255","184","95",
"0500000US12067","Lafayette County, Florida","2632","212","1766","214","1181","208","585","187","313","159","272","122","866","180","750","164","116","83",
"0500000US12069","Lake County, Florida","164497","1605","111944","1836","88831","2143","23113","1372","6419","760","16694","1227","52553","1705","43822","1444","8731","940",
"0500000US12071","Lee County, Florida","327803","2445","213328","2532","167886","2665","45442","1999","13397","1123","32045","1814","114475","2445","92227","2664","22248","1070",
"0500000US12073","Leon County, Florida","122597","1117","63720","1328","42005","1232","21715","1299","5439","667","16276","1063","58877","1526","41154","1510","17723","1253",
"0500000US12075","Levy County, Florida","18562","318","12345","522","8729","564","3616","438","1152","282","2464","319","6217","537","5307","548","910","210",
"0500000US12077","Liberty County, Florida","2563","139","1792","117","1273","159","519","119","100","53","419","105","771","148","723","147","48","35",
"0500000US12079","Madison County, Florida","6976","240","4036","276","2760","286","1276","226","290","118","986","193","2940","332","2686","346","254","142",
"0500000US12081","Manatee County, Florida","176747","1799","114631","1966","91366","1909","23265","1286","6963","814","16302","969","62116","1893","50815","1722","11301","890",
"0500000US12083","Marion County, Florida","164881","1338","106867","1832","79308","1883","27559","1514","8194","866","19365","1191","58014","1889","48126","1803","9888","957",
"0500000US12085","Martin County, Florida","67801","927","42651","1319","34744","1186","7907","829","2499","417","5408","685","25150","1215","21328","1192","3822","563",
"0500000US12086","Miami-Dade County, Florida","975411","2604","661925","4481","415872","5224","246053","4716","75908","2751","170145","3882","313486","4490","250122","4458","63364","2090",
"0500000US12087","Monroe County, Florida","34405","736","21175","758","17233","800","3942","446","1296","274","2646","393","13230","782","9484","755","3746","468",
"0500000US12089","Nassau County, Florida","39307","611","28537","670","22770","782","5767","777","2000","505","3767","557","10770","789","9111","745","1659","335",
"0500000US12091","Okaloosa County, Florida","85411","941","57359","1140","43895","1352","13464","913","4269","558","9195","747","28052","1131","22778","1187","5274","612",
"0500000US12093","Okeechobee County, Florida","15113","540","9748","583","7195","526","2553","398","1128","280","1425","256","5365","546","4410","556","955","265",
"0500000US12095","Orange County, Florida","527776","2423","349883","3523","243832","3948","106051","3132","30336","1810","75715","2927","177893","3538","129869","3336","48024","2243",
"0500000US12097","Osceola County, Florida","142794","1627","105037","2008","73067","2128","31970","1710","9605","1191","22365","1495","37757","1736","29077","1544","8680","1116",
"0500000US12099","Palm Beach County, Florida","605430","2705","380741","4125","278057","4093","102684","2639","30915","1771","71769","2175","224689","3643","182799","3374","41890","1653",
"0500000US12101","Pasco County, Florida","236163","1839","154291","2129","116815","2508","37476","1451","10948","905","26528","1232","81872","2005","67551","2082","14321","1035",
"0500000US12103","Pinellas County, Florida","428473","2451","234825","2725","176042","2824","58783","2063","15809","1134","42974","1756","193648","2787","157757","2680","35891","1311",
"0500000US12105","Polk County, Florida","289425","1606","197968","2474","140838","2637","57130","2275","16037","1324","41093","2005","91457","2293","71983","2253","19474","1285",
"0500000US12107","Putnam County, Florida","31360","629","19383","791","12989","768","6394","637","1943","383","4451","497","11977","820","9687","765","2290","421",
"0500000US12109","St. Johns County, Florida","115794","1008","85309","1531","72759","1696","12550","1097","3813","695","8737","847","30485","1456","24435","1341","6050","891",
"0500000US12111","St. Lucie County, Florida","137453","1419","94902","1805","68080","1852","26822","1336","8255","1102","18567","1310","42551","1698","35186","1813","7365","823",
"0500000US12113","Santa Rosa County, Florida","72605","871","52299","1164","41762","1239","10537","796","3297","542","7240","666","20306","1187","15780","1156","4526","724",
"0500000US12115","Sarasota County, Florida","212204","1723","133717","1786","110048","1769","23669","1158","6482","627","17187","972","78487","2079","63713","1691","14774","1173",
"0500000US12117","Seminole County, Florida","187248","1188","123307","2023","90548","1720","32759","1458","9111","942","23648","1161","63941","1874","48281","1805","15660","1221",
"0500000US12119","Sumter County, Florida","70318","1305","45191","1562","40445","1396","4746","658","1163","313","3583","579","25127","1632","21433","1554","3694","595",
"0500000US12121","Suwannee County, Florida","16112","468","11361","639","8202","607","3159","484","1122","255","2037","450","4751","561","3756","535","995","348",
"0500000US12123","Taylor County, Florida","7976","356","5086","425","3389","379","1697","364","465","222","1232","288","2890","447","2634","430","256","146",
"0500000US12125","Union County, Florida","4316","154","2947","225","2196","260","751","219","221","155","530","158","1369","228","1120","212","249","109",
"0500000US12127","Volusia County, Florida","241881","1661","152650","2028","111088","2229","41562","1795","13704","1192","27858","1468","89231","2119","69731","2117","19500","1395",
"0500000US12129","Wakulla County, Florida","12745","369","9075","494","6936","492","2139","331","617","261","1522","294","3670","418","3130","368","540","239",
"0500000US12131","Walton County, Florida","34362","1055","23646","976","18534","989","5112","667","1460","339","3652","572","10716","895","8433","784","2283","434",
"0500000US12133","Washington County, Florida","9287","254","6321","315","4567","317","1754","264","423","170","1331","221","2966","340","2467","354","499","179",
"0500000US13001","Appling County, Georgia","7178","297","4873","366","3720","333","1153","266","371","209","782","217","2305","317","2090","303","215","117",
"0500000US13003","Atkinson County, Georgia","3222","133","2239","224","1716","202","523","154","230","120","293","108","983","221","795","210","188","100",
"0500000US13005","Bacon County, Georgia","4204","170","2799","260","1919","291","880","215","275","158","605","160","1405","248","1221","242","184","115",
"0500000US13007","Baker County, Georgia","1108","111","715","99","486","108","229","82","59","33","170","77","393","116","343","101","50","47",
"0500000US13009","Baldwin County, Georgia","16582","534","9869","582","6211","588","3658","535","979","302","2679","393","6713","562","5410","510","1303","321",
"0500000US13011","Banks County, Georgia","6856","161","5083","296","4087","264","996","214","318","143","678","176","1773","281","1482","284","291","142",
"0500000US13013","Barrow County, Georgia","30789","389","23204","597","16809","764","6395","592","2213","423","4182","441","7585","571","5776","544","1809","325",
"0500000US13015","Bartow County, Georgia","40819","537","29769","802","23009","922","6760","691","2120","438","4640","581","11050","743","8812","778","2238","392",
"0500000US13017","Ben Hill County, Georgia","7082","267","4594","362","2922","334","1672","331","341","165","1331","263","2488","304","2139","306","349","140",
"0500000US13019","Berrien County, Georgia","7045","197","4918","287","3681","330","1237","211","256","120","981","204","2127","308","1796","304","331","125",
"0500000US13021","Bibb County, Georgia","59921","748","35628","982","20173","970","15455","922","2364","346","13091","893","24293","1084","20894","1059","3399","542",
"0500000US13023","Bleckley County, Georgia","4465","207","3271","254","2317","258","954","219","163","99","791","219","1194","200","1079","189","115","92",
"0500000US13025","Brantley County, Georgia","6599","390","4348","438","3412","392","936","274","351","136","585","209","2251","443","2121","446","130","71",
"0500000US13027","Brooks County, Georgia","6052","244","3552","335","2524","284","1028","211","215","117","813","188","2500","368","2352","370","148","73",
"0500000US13029","Bryan County, Georgia","16603","348","13326","505","10148","698","3178","579","947","280","2231","431","3277","464","2598","448","679","263",
"0500000US13031","Bulloch County, Georgia","30856","497","17450","594","11459","687","5991","587","1547","346","4444","526","13406","720","8736","781","4670","571",
"0500000US13033","Burke County, Georgia","9184","397","6155","370","3977","376","2178","292","358","164","1820","246","3029","421","2639","422","390","171",
"0500000US13035","Butts County, Georgia","8941","240","6898","429","4480","358","2418","330","519","242","1899","269","2043","383","1666","315","377","265",
"0500000US13037","Calhoun County, Georgia","1593","90","1029","121","575","94","454","104","67","67","387","82","564","94","523","98","41","32",
"0500000US13039","Camden County, Georgia","21693","429","15382","665","11182","725","4200","469","1681","348","2519","294","6311","668","5331","615","980","269",
"0500000US13043","Candler County, Georgia","4152","165","2684","268","2079","220","605","164","151","87","454","141","1468","253","1374","252","94","63",
"0500000US13045","Carroll County, Georgia","44106","572","31861","806","22730","851","9131","789","2331","490","6800","630","12245","846","9742","833","2503","452",
"0500000US13047","Catoosa County, Georgia","26653","444","19120","643","14492","627","4628","511","1132","252","3496","488","7533","562","6448","538","1085","247",
"0500000US13049","Charlton County, Georgia","4215","161","2625","264","1643","244","982","218","393","140","589","169","1590","273","1299","272","291","179",
"0500000US13051","Chatham County, Georgia","120383","1232","71388","1438","47621","1407","23767","1345","5318","648","18449","1147","48995","1335","38320","1419","10675","967",
"0500000US13053","Chattahoochee County, Georgia","1866","284","1421","170","1013","151","408","139","107","65","301","112","445","176","402","150","43","50",
"0500000US13055","Chattooga County, Georgia","9154","291","5791","382","3760","365","2031","284","677","187","1354","232","3363","380","2958","386","405","133",
"0500000US13057","Cherokee County, Georgia","101514","733","76249","1290","61907","1586","14342","1290","4408","639","9934","1010","25265","1146","19617","1000","5648","750",
"0500000US13059","Clarke County, Georgia","54454","441","24959","985","15690","867","9269","702","2494","445","6775","674","29495","1074","18197","1153","11298","798",
"0500000US13061","Clay County, Georgia","1231","129","702","100","367","102","335","93","54","43","281","79","529","152","501","151","28","25",
"0500000US13063","Clayton County, Georgia","105941","907","68790","1625","33950","1605","34840","1757","6548","873","28292","1533","37151","1690","31119","1538","6032","954",
"0500000US13065","Clinch County, Georgia","2428","155","1597","221","1222","198","375","141","18","27","357","143","831","198","783","201","48","40",
"0500000US13067","Cobb County, Georgia","295714","1381","196119","2638","145758","2706","50361","2210","13842","1152","36519","1848","99595","2551","76792","2301","22803","1427",
"0500000US13069","Coffee County, Georgia","15349","357","10276","515","6504","500","3772","472","985","298","2787","363","5073","549","4232","561","841","277",
"0500000US13071","Colquitt County, Georgia","16803","360","11226","571","6643","488","4583","458","1356","294","3227","308","5577","549","4493","512","1084","334",
"0500000US13073","Columbia County, Georgia","55149","811","41064","1172","31651","1178","9413","930","2538","449","6875","766","14085","1186","12350","1124","1735","381",
"0500000US13075","Cook County, Georgia","6304","230","4334","326","2982","311","1352","248","438","141","914","195","1970","284","1823","273","147","79",
"0500000US13077","Coweta County, Georgia","56275","447","42300","984","32687","1096","9613","768","2680","479","6933","680","13975","952","11794","964","2181","375",
"0500000US13079","Crawford County, Georgia","4441","227","3048","338","2479","403","569","161","114","75","455","133","1393","271","1231","249","162","102",
"0500000US13081","Crisp County, Georgia","7908","285","5326","358","3106","356","2220","329","331","163","1889","313","2582","358","2277","325","305","187",
"0500000US13083","Dade County, Georgia","6083","257","4263","279","3487","314","776","205","293","125","483","142","1820","270","1611","276","209","94",
"0500000US13085","Dawson County, Georgia","11573","296","8480","459","6829","393","1651","353","439","209","1212","258","3093","419","2469","372","624","214",
"0500000US13087","Decatur County, Georgia","10621","420","6633","464","4117","450","2516","365","425","134","2091","363","3988","410","3521","386","467","155",
"0500000US13089","DeKalb County, Georgia","287239","1844","164071","2349","106300","1970","57771","2062","12553","1023","45218","1742","123168","2685","97793","2925","25375","1439",
"0500000US13091","Dodge County, Georgia","6881","233","4590","307","3105","328","1485","260","454","192","1031","206","2291","305","1869","297","422","160",
"0500000US13093","Dooly County, Georgia","4031","203","2715","309","1727","263","988","203","65","58","923","201","1316","290","1147","270","169","86",
"0500000US13095","Dougherty County, Georgia","34280","661","20139","692","9096","558","11043","658","1782","352","9261","621","14141","846","12141","859","2000","362",
"0500000US13097","Douglas County, Georgia","52079","631","37751","1006","24975","1249","12776","1015","2610","475","10166","899","14328","991","12390","967","1938","420",
"0500000US13099","Early County, Georgia","4114","181","2803","221","1531","198","1272","181","209","91","1063","161","1311","208","1223","208","88","58",
"0500000US13101","Echols County, Georgia","1145","112","936","103","725","107","211","96","30","23","181","95","209","87","201","87","8","9",
"0500000US13103","Effingham County, Georgia","24287","337","18049","588","13965","711","4084","520","1056","237","3028","450","6238","535","5350","574","888","247",
"0500000US13105","Elbert County, Georgia","8376","245","5358","362","3822","359","1536","279","405","189","1131","256","3018","336","2520","325","498","155",
"0500000US13107","Emanuel County, Georgia","8312","332","5526","310","3495","308","2031","269","458","136","1573","250","2786","342","2555","330","231","113",
"0500000US13109","Evans County, Georgia","4077","172","2668","237","1780","239","888","166","292","114","596","155","1409","231","1233","230","176","93",
"0500000US13111","Fannin County, Georgia","11890","606","8145","585","6327","503","1818","375","327","121","1491","343","3745","567","3384","510","361","136",
"0500000US13113","Fayette County, Georgia","44581","439","34566","796","27383","1017","7183","686","2124","401","5059","591","10015","823","8828","765","1187","319",
"0500000US13115","Floyd County, Georgia","36856","404","25176","672","17588","674","7588","660","2026","365","5562","584","11680","717","9630","744","2050","382",
"0500000US13117","Forsyth County, Georgia","89030","572","72640","1060","62806","1122","9834","684","3557","520","6277","551","16390","919","13359","807","3031","502",
"0500000US13119","Franklin County, Georgia","8994","300","6290","338","4432","360","1858","293","515","196","1343","240","2704","362","2384","349","320","109",
"0500000US13121","Fulton County, Georgia","462481","1915","240948","2939","163517","2935","77431","3170","16852","1132","60579","2684","221533","3273","177709","3650","43824","2238",
"0500000US13123","Gilmer County, Georgia","13015","516","9407","577","7452","559","1955","418","676","205","1279","344","3608","515","2988","491","620","157",
"0500000US13125","Glascock County, Georgia","1036","93","717","98","560","97","157","48","10","13","147","46","319","86","302","85","17","17",
"0500000US13127","Glynn County, Georgia","35543","731","22996","935","16335","990","6661","730","1469","397","5192","618","12547","864","10774","858","1773","318",
"0500000US13129","Gordon County, Georgia","21348","427","15349","714","11420","806","3929","560","1524","408","2405","421","5999","585","5401","586","598","227",
"0500000US13131","Grady County, Georgia","10108","356","6842","391","4346","338","2496","309","499","189","1997","279","3266","367","2694","358","572","196",
"0500000US13133","Greene County, Georgia","8198","306","5788","332","4415","308","1373","219","225","81","1148","216","2410","323","2099","330","311","130",
"0500000US13135","Gwinnett County, Georgia","327043","1100","241551","2655","175468","3125","66083","2474","19460","1408","46623","1886","85492","2563","69995","2531","15497","1148",
"0500000US13137","Habersham County, Georgia","16753","377","11909","386","9640","437","2269","313","622","160","1647","265","4844","382","4245","343","599","169",
"0500000US13139","Hall County, Georgia","73551","786","54308","1041","40150","1094","14158","931","4773","563","9385","763","19243","1021","15452","951","3791","434",
"0500000US13141","Hancock County, Georgia","2922","280","1858","276","1279","259","579","225","49","44","530","215","1064","232","883","223","181","95",
"0500000US13143","Haralson County, Georgia","11747","333","8607","415","7149","435","1458","300","464","147","994","261","3140","399","2788","386","352","139",
"0500000US13145","Harris County, Georgia","13027","352","10210","383","8259","457","1951","338","646","210","1305","256","2817","384","2607","379","210","125",
"0500000US13147","Hart County, Georgia","11034","341","7287","365","5438","410","1849","308","671","229","1178","234","3747","387","3470","365","277","113",
"0500000US13149","Heard County, Georgia","4309","168","2951","245","2217","220","734","149","158","68","576","139","1358","215","1249","211","109","61",
"0500000US13151","Henry County, Georgia","86704","692","63135","1352","42541","1302","20594","1430","4307","666","16287","1189","23569","1313","20192","1153","3377","622",
"0500000US13153","Houston County, Georgia","63851","755","44868","1142","31014","1275","13854","1107","3465","620","10389","1064","18983","1123","16699","1125","2284","436",
"0500000US13155","Irwin County, Georgia","3589","200","2501","290","1696","281","805","187","62","53","743","179","1088","240","983","231","105","74",
"0500000US13157","Jackson County, Georgia","28402","389","22595","541","18511","650","4084","463","983","260","3101","395","5807","448","4437","422","1370","279",
"0500000US13159","Jasper County, Georgia","5965","214","4180","323","2990","306","1190","247","228","118","962","230","1785","289","1497","233","288","150",
"0500000US13161","Jeff Davis County, Georgia","5484","283","3554","348","2416","348","1138","297","306","164","832","257","1930","330","1609","297","321","169",
"0500000US13163","Jefferson County, Georgia","5751","238","4137","330","2500","301","1637","249","519","201","1118","186","1614","243","1479","245","135","87",
"0500000US13165","Jenkins County, Georgia","3216","262","2055","239","1496","221","559","188","121","74","438","169","1161","292","937","272","224","174",
"0500000US13167","Johnson County, Georgia","3217","106","1991","176","1319","170","672","150","197","93","475","140","1226","156","1135","158","91","46",
"0500000US13169","Jones County, Georgia","10786","303","7688","401","6003","474","1685","327","463","158","1222","293","3098","356","2712","317","386","177",
"0500000US13171","Lamar County, Georgia","7133","216","4610","383","3162","413","1448","278","349","164","1099","215","2523","428","2094","406","429","164",
"0500000US13173","Lanier County, Georgia","3483","162","2718","224","1898","253","820","182","348","122","472","123","765","194","718","194","47","31",
"0500000US13175","Laurens County, Georgia","18592","403","12554","579","8200","629","4354","379","961","309","3393","354","6038","560","5475","532","563","155",
"0500000US13177","Lee County, Georgia","12287","239","9367","377","7193","448","2174","424","428","159","1746","372","2920","458","2511","448","409","162",
"0500000US13179","Liberty County, Georgia","23998","509","16178","645","10809","625","5369","555","1363","309","4006","476","7820","589","6657","557","1163","292",
"0500000US13181","Lincoln County, Georgia","2997","179","2276","179","1627","190","649","191","187","72","462","172","721","172","627","149","94","63",
"0500000US13183","Long County, Georgia","6162","269","4638","355","3249","383","1389","288","432","167","957","269","1524","379","1381","395","143","91",
"0500000US13185","Lowndes County, Georgia","46106","654","28469","984","19323","920","9146","728","1946","506","7200","549","17637","1001","14284","979","3353","554",
"0500000US13187","Lumpkin County, Georgia","11669","399","7983","399","6733","416","1250","210","461","152","789","181","3686","383","2716","376","970","207",
"0500000US13189","McDuffie County, Georgia","8149","326","5639","380","3653","393","1986","309","325","178","1661","360","2510","422","2214","417","296","132",
"0500000US13191","McIntosh County, Georgia","5067","210","3426","255","2356","267","1070","203","156","95","914","197","1641","229","1370","222","271","105",
"0500000US13193","Macon County, Georgia","4142","178","2442","245","1280","206","1162","193","225","103","937","180","1700","237","1569","229","131","82",
"0500000US13195","Madison County, Georgia","11242","275","7923","393","5699","472","2224","377","420","145","1804","367","3319","372","2623","342","696","259",
"0500000US13197","Marion County, Georgia","2966","180","2136","205","1486","156","650","142","141","94","509","112","830","185","694","155","136","73",
"0500000US13199","Meriwether County, Georgia","8391","256","5848","320","3813","360","2035","273","539","155","1496","222","2543","297","2238","266","305","137",
"0500000US13201","Miller County, Georgia","2573","103","1659","153","1042","154","617","142","138","74","479","109","914","160","777","162","137","58",
"0500000US13205","Mitchell County, Georgia","7813","256","4860","363","3023","360","1837","374","456","193","1381","278","2953","348","2348","321","605","266",
"0500000US13207","Monroe County, Georgia","10554","329","7573","414","6450","513","1123","280","304","179","819","215","2981","403","2646","370","335","197",
"0500000US13209","Montgomery County, Georgia","3143","131","2282","157","1602","159","680","125","152","55","528","103","861","133","772","135","89","50",
"0500000US13211","Morgan County, Georgia","8120","224","5889","292","4697","316","1192","240","218","103","974","221","2231","274","1977","306","254","139",
"0500000US13213","Murray County, Georgia","15246","277","11795","489","8359","515","3436","386","1319","265","2117","354","3451","457","2886","406","565","234",
"0500000US13215","Muscogee County, Georgia","81415","740","47987","1297","28901","1184","19086","1077","3894","729","15192","877","33428","1097","28668","1021","4760","649",
"0500000US13217","Newton County, Georgia","41203","537","30735","734","20505","991","10230","918","2316","549","7914","746","10468","684","8351","701","2117","466",
"0500000US13219","Oconee County, Georgia","14994","306","12387","377","10832","430","1555","343","719","286","836","189","2607","313","2080","296","527","192",
"0500000US13221","Oglethorpe County, Georgia","5411","233","3905","236","2874","257","1031","209","167","84","864","184","1506","205","1387","197","119","56",
"0500000US13223","Paulding County, Georgia","60008","596","47858","990","36923","1144","10935","905","2744","493","8191","800","12150","973","9971","918","2179","404",
"0500000US13225","Peach County, Georgia","10598","378","7159","390","4707","470","2452","396","741","236","1711","292","3439","414","2796","398","643","234",
"0500000US13227","Pickens County, Georgia","13430","373","10072","483","8174","489","1898","333","657","198","1241","301","3358","451","2748","397","610","187",
"0500000US13229","Pierce County, Georgia","7605","289","5394","365","4231","409","1163","272","326","150","837","216","2211","397","2035","386","176","93",
"0500000US13231","Pike County, Georgia","6721","133","5162","254","3936","313","1226","239","276","124","950","197","1559","244","1162","197","397","152",
"0500000US13233","Polk County, Georgia","15901","374","11202","553","7871","602","3331","523","882","312","2449","423","4699","525","3725","552","974","233",
"0500000US13235","Pulaski County, Georgia","3575","357","2215","226","1501","192","714","232","264","116","450","179","1360","334","1260","331","100","64",
"0500000US13237","Putnam County, Georgia","10435","356","6889","401","5417","471","1472","342","313","165","1159","312","3546","539","2943","488","603","206",
"0500000US13239","Quitman County, Georgia","1067","139","617","100","380","83","237","66","94","58","143","46","450","139","440","137","10","16",
"0500000US13241","Rabun County, Georgia","7615","332","5006","336","4209","322","797","168","216","94","581","139","2609","306","2256","307","353","131",
"0500000US13243","Randolph County, Georgia","2688","276","1438","216","642","139","796","189","101","56","695","194","1250","350","1187","350","63","42",
"0500000US13245","Richmond County, Georgia","76694","1099","44372","1366","23428","1323","20944","1161","3970","589","16974","1031","32322","1446","27063","1578","5259","709",
"0500000US13247","Rockdale County, Georgia","34437","371","24074","879","14756","845","9318","838","1861","419","7457","825","10363","825","8989","754","1374","322",
"0500000US13249","Schley County, Georgia","1639","143","1194","119","937","143","257","84","49","32","208","74","445","135","423","134","22","23",
"0500000US13251","Screven County, Georgia","4932","215","3386","241","2256","229","1130","227","304","115","826","216","1546","236","1486","234","60","34",
"0500000US13253","Seminole County, Georgia","3767","203","2573","238","1605","214","968","215","212","103","756","201","1194","238","1112","230","82","48",
"0500000US13255","Spalding County, Georgia","26471","407","17514","704","10997","765","6517","549","1525","322","4992","508","8957","671","7690","670","1267","354",
"0500000US13257","Stephens County, Georgia","10524","293","6739","405","4516","457","2223","331","821","239","1402","243","3785","435","3169","396","616","184",
"0500000US13259","Stewart County, Georgia","1771","207","887","142","493","114","394","125","85","75","309","98","884","225","857","224","27","30",
"0500000US13261","Sumter County, Georgia","10986","420","6795","525","3929","482","2866","359","563","215","2303","335","4191","470","3628","486","563","176",
"0500000US13263","Talbot County, Georgia","2529","137","1595","162","986","178","609","119","63","36","546","112","934","167","790","161","144","64",
"0500000US13265","Taliaferro County, Georgia","588","101","402","85","206","54","196","77","89","67","107","45","186","57","172","56","14","10",
"0500000US13267","Tattnall County, Georgia","7630","278","4857","307","3343","347","1514","258","249","112","1265","243","2773","344","2510","307","263","133",
"0500000US13269","Taylor County, Georgia","3179","158","1963","194","1172","167","791","158","213","109","578","144","1216","198","1098","202","118","67",
"0500000US13271","Telfair County, Georgia","3351","209","2292","206","1382","180","910","192","227","116","683","158","1059","182","1003","183","56","44",
"0500000US13273","Terrell County, Georgia","3383","192","2268","208","1344","179","924","189","162","110","762","159","1115","210","905","205","210","88",
"0500000US13275","Thomas County, Georgia","18684","387","11740","467","7991","552","3749","422","812","193","2937","366","6944","511","5995","496","949","227",
"0500000US13277","Tift County, Georgia","15640","323","10262","582","6852","468","3410","405","975","249","2435","368","5378","521","4673","471","705","255",
"0500000US13279","Toombs County, Georgia","10409","388","6898","458","4657","382","2241","343","497","204","1744","282","3511","412","3194","404","317","141",
"0500000US13281","Towns County, Georgia","5924","325","3893","294","3237","285","656","163","265","108","391","122","2031","325","1945","309","86","55",
"0500000US13283","Treutlen County, Georgia","2261","230","1542","171","1029","188","513","125","67","59","446","122","719","185","666","182","53","43",
"0500000US13285","Troup County, Georgia","26904","475","18141","812","11526","748","6615","687","1312","333","5303","630","8763","806","7896","758","867","239",
"0500000US13287","Turner County, Georgia","3295","215","1907","277","1212","192","695","169","85","72","610","157","1388","267","1261","263","127","95",
"0500000US13289","Twiggs County, Georgia","2888","177","1887","191","1369","176","518","130","136","68","382","124","1001","152","888","156","113","60",
"0500000US13291","Union County, Georgia","11490","408","7963","482","6938","471","1025","302","397","223","628","190","3527","521","3179","501","348","113",
"0500000US13293","Upson County, Georgia","10595","328","6528","455","4565","382","1963","358","575","224","1388","301","4067","529","3390","483","677","225",
"0500000US13295","Walker County, Georgia","26355","496","18310","764","13813","751","4497","659","1159","407","3338","581","8045","679","7049","682","996","262",
"0500000US13297","Walton County, Georgia","35755","467","26767","787","20392","765","6375","621","1495","354","4880","591","8988","822","7187","677","1801","499",
"0500000US13299","Ware County, Georgia","12957","375","7849","571","4806","523","3043","416","525","160","2518","384","5108","565","4613","554","495","235",
"0500000US13301","Warren County, Georgia","2097","130","1325","160","801","157","524","137","120","80","404","121","772","144","689","127","83","65",
"0500000US13303","Washington County, Georgia","7330","260","4798","349","2845","303","1953","270","190","94","1763","277","2532","323","2216","304","316","122",
"0500000US13305","Wayne County, Georgia","11061","382","7539","466","4976","461","2563","424","623","227","1940","349","3522","471","3229","466","293","120",
"0500000US13307","Webster County, Georgia","843","110","483","87","372","90","111","44","38","30","73","39","360","108","290","104","70","52",
"0500000US13309","Wheeler County, Georgia","1615","141","1065","155","651","129","414","104","14","17","400","101","550","150","524","145","26","25",
"0500000US13311","White County, Georgia","10729","390","7736","440","6437","413","1299","332","348","137","951","284","2993","346","2353","305","640","279",
"0500000US13313","Whitfield County, Georgia","36834","474","26510","797","18523","815","7987","796","2795","572","5192","618","10324","773","8842","720","1482","422",
"0500000US13315","Wilcox County, Georgia","2614","157","1760","187","1211","144","549","124","164","78","385","88","854","169","696","151","158","85",
"0500000US13317","Wilkes County, Georgia","4133","225","2467","244","1712","226","755","162","114","61","641","138","1666","276","1491","268","175","102",
"0500000US13319","Wilkinson County, Georgia","3473","182","2107","218","1291","186","816","129","182","80","634","119","1366","196","1217","188","149","61",
"0500000US13321","Worth County, Georgia","7739","277","5227","319","3465","289","1762","242","517","190","1245","197","2512","370","2185","325","327","147",
"0500000US15001","Hawaii County, Hawaii","74072","842","48237","1240","34396","1188","13841","857","4372","505","9469","779","25835","1158","19824","895","6011","677",
"0500000US15003","Honolulu County, Hawaii","338868","1631","231762","1899","170784","2085","60978","1775","18822","1104","42156","1322","107106","1974","84997","1817","22109","1008",
"0500000US15005","Kalawao County, Hawaii","40","24","5","5","5","5","0","12","0","12","0","12","35","24","32","25","3","3",
"0500000US15007","Kauai County, Hawaii","23632","543","16249","662","11644","681","4605","402","1650","260","2955","347","7383","551","5195","462","2188","344",
"0500000US15009","Maui County, Hawaii","55841","694","38766","1018","27913","1079","10853","865","3779","512","7074","640","17075","959","13139","841","3936","451",
"0500000US16001","Ada County, Idaho","202543","934","133593","1728","107938","1904","25655","1237","9082","915","16573","885","68950","1819","50724","1743","18226","1084",
"0500000US16003","Adams County, Idaho","1776","120","1153","131","1011","126","142","59","77","41","65","47","623","132","506","124","117","46",
"0500000US16005","Bannock County, Idaho","33590","404","21090","642","16731","723","4359","479","1485","273","2874","398","12500","690","10401","673","2099","286",
"0500000US16007","Bear Lake County, Idaho","2278","148","1633","147","1429","142","204","53","86","39","118","40","645","114","633","114","12","13",
"0500000US16009","Benewah County, Idaho","4072","128","2730","172","2209","205","521","126","129","39","392","121","1342","188","1214","192","128","39",
"0500000US16011","Bingham County, Idaho","16132","320","12305","471","9827","504","2478","294","773","190","1705","238","3827","380","3299","363","528","144",
"0500000US16013","Blaine County, Idaho","10413","428","6567","515","5726","525","841","275","307","137","534","235","3846","459","2891","463","955","308",
"0500000US16015","Boise County, Idaho","3593","251","2495","261","2226","226","269","105","81","46","188","81","1098","192","974","189","124","55",
"0500000US16017","Bonner County, Idaho","20283","472","13749","654","11713","629","2036","362","763","201","1273","300","6534","537","5565","513","969","203",
"0500000US16019","Bonneville County, Idaho","44184","433","30809","667","24295","745","6514","607","1800","332","4714","548","13375","764","10790","764","2585","362",
"0500000US16021","Boundary County, Idaho","5046","225","3593","296","2930","335","663","205","360","167","303","115","1453","249","1336","241","117","51",
"0500000US16023","Butte County, Idaho","1073","119","642","101","518","87","124","44","24","18","100","41","431","95","384","92","47","39",
"0500000US16025","Camas County, Idaho","370","81","224","48","201","50","23","18","4","7","19","17","146","59","130","53","16","23",
"0500000US16027","Canyon County, Idaho","86069","584","63206","1324","49083","1489","14123","886","5013","530","9110","727","22863","1240","16768","1078","6095","633",
"0500000US16029","Caribou County, Idaho","2474","151","1674","153","1468","136","206","69","53","36","153","60","800","138","705","139","95","55",
"0500000US16031","Cassia County, Idaho","8495","184","6431","274","5125","317","1306","259","615","169","691","184","2064","261","1762","245","302","131",
"0500000US16033","Clark County, Idaho","279","58","171","42","137","39","34","26","24","26","10","11","108","50","96","48","12","12",
"0500000US16035","Clearwater County, Idaho","3636","129","2358","143","1999","141","359","94","118","52","241","71","1278","162","1145","159","133","54",
"0500000US16037","Custer County, Idaho","1943","164","1228","154","1130","159","98","62","0","12","98","62","715","169","661","167","54","44",
"0500000US16039","Elmore County, Idaho","11067","191","7037","310","5422","332","1615","284","494","174","1121","239","4030","318","3169","329","861","217",
"0500000US16041","Franklin County, Idaho","4932","154","4019","231","3594","250","425","147","203","96","222","100","913","232","699","212","214","108",
"0500000US16043","Fremont County, Idaho","4654","236","3587","230","3008","217","579","142","182","79","397","117","1067","187","958","187","109","59",
"0500000US16045","Gem County, Idaho","7643","183","5583","309","4363","307","1220","265","505","210","715","191","2060","278","1774","243","286","131",
"0500000US16047","Gooding County, Idaho","5702","140","3768","264","2924","265","844","196","403","151","441","118","1934","252","1556","249","378","135",
"0500000US16049","Idaho County, Idaho","6776","296","4594","297","3793","281","801","225","201","119","600","200","2182","273","1853","264","329","128",
"0500000US16051","Jefferson County, Idaho","10199","186","8516","284","7315","316","1201","263","515","191","686","155","1683","253","1440","246","243","105",
"0500000US16053","Jerome County, Idaho","8277","231","6505","318","4802","325","1703","283","1038","242","665","164","1772","248","1420","226","352","136",
"0500000US16055","Kootenai County, Idaho","71172","810","49016","1090","40179","1044","8837","849","3207","535","5630","672","22156","988","16299","967","5857","668",
"0500000US16057","Latah County, Idaho","16270","289","9477","464","7634","414","1843","314","557","180","1286","265","6793","516","4534","495","2259","330",
"0500000US16059","Lemhi County, Idaho","3458","181","1936","177","1679","176","257","81","79","49","178","72","1522","206","1449","210","73","40",
"0500000US16061","Lewis County, Idaho","1574","45","1000","72","819","67","181","35","77","20","104","27","574","60","486","58","88","27",
"0500000US16063","Lincoln County, Idaho","1848","53","1336","98","1122","101","214","52","89","37","125","43","512","93","416","91","96","37",
"0500000US16065","Madison County, Idaho","13326","409","9911","815","8845","730","1066","336","191","84","875","336","3415","809","1507","378","1908","684",
"0500000US16067","Minidoka County, Idaho","8107","186","5782","346","4352","393","1430","299","534","169","896","222","2325","337","2039","331","286","117",
"0500000US16069","Nez Perce County, Idaho","17270","241","11045","497","8131","502","2914","372","928","211","1986","329","6225","490","5124","508","1101","223",
"0500000US16071","Oneida County, Idaho","1921","93","1417","122","1223","131","194","75","81","43","113","60","504","108","476","107","28","23",
"0500000US16073","Owyhee County, Idaho","4339","144","3052","204","2496","219","556","170","207","113","349","117","1287","211","1090","196","197","77",
"0500000US16075","Payette County, Idaho","9692","223","6905","393","5750","422","1155","247","236","100","919","213","2787","390","2417","358","370","152",
"0500000US16077","Power County, Idaho","2815","92","2143","206","1698","245","445","162","210","99","235","129","672","189","618","197","54","38",
"0500000US16079","Shoshone County, Idaho","5763","209","3225","261","2476","233","749","148","291","100","458","103","2538","267","2015","233","523","147",
"0500000US16081","Teton County, Idaho","4677","264","2789","240","2378","258","411","129","196","74","215","92","1888","255","1350","249","538","167",
"0500000US16083","Twin Falls County, Idaho","34754","360","24427","753","18465","785","5962","604","2151","386","3811","433","10327","663","8846","710","1481","305",
"0500000US16085","Valley County, Idaho","4318","397","2754","357","2589","365","165","91","67","67","98","61","1564","316","1236","295","328","168",
"0500000US16087","Washington County, Idaho","4202","141","2899","196","2185","191","714","156","115","72","599","135","1303","212","1151","210","152","76",
"0500000US17001","Adams County, Illinois","27915","376","16343","599","12381","510","3962","406","1331","277","2631","324","11572","673","9834","628","1738","279",
"0500000US17003","Alexander County, Illinois","1904","119","1135","129","768","114","367","77","56","28","311","73","769","116","739","115","30","20",
"0500000US17005","Bond County, Illinois","6147","186","3733","213","3047","257","686","164","192","58","494","153","2414","212","2041","236","373","129",
"0500000US17007","Boone County, Illinois","19460","275","14191","496","10460","601","3731","494","1285","351","2446","379","5269","529","4161","548","1108","301",
"0500000US17009","Brown County, Illinois","2041","98","1206","174","976","140","230","93","108","61","122","62","835","136","710","147","125","62",
"0500000US17011","Bureau County, Illinois","14028","288","8938","304","6948","302","1990","235","637","146","1353","194","5090","357","4142","306","948","133",
"0500000US17013","Calhoun County, Illinois","1239","64","933","69","822","73","111","42","15","14","96","38","306","58","271","55","35","24",
"0500000US17015","Carroll County, Illinois","6578","242","3843","209","3051","194","792","137","289","90","503","111","2735","247","2282","229","453","120",
"0500000US17017","Cass County, Illinois","5128","148","3486","221","2561","192","925","172","237","89","688","146","1642","217","1474","207","168","73",
"0500000US17019","Champaign County, Illinois","85472","868","43002","1060","32412","904","10590","803","2760","388","7830","725","42470","1210","32262","1193","10208","856",
"0500000US17021","Christian County, Illinois","13586","330","7829","369","6097","407","1732","258","489","136","1243","218","5757","354","4965","346","792","158",
"0500000US17023","Clark County, Illinois","6555","190","4420","283","3352","251","1068","211","333","115","735","168","2135","244","1779","227","356","96",
"0500000US17025","Clay County, Illinois","5311","228","3315","214","2493","246","822","171","353","106","469","145","1996","254","1722","232","274","130",
"0500000US17027","Clinton County, Illinois","14570","257","9728","362","8080","362","1648","267","593","159","1055","224","4842","361","4124","332","718","188",
"0500000US17029","Coles County, Illinois","20824","326","11538","587","8418","553","3120","435","1202","300","1918","329","9286","614","7412","531","1874","392",
"0500000US17031","Cook County, Illinois","2100230","3848","1210089","6097","816830","5696","393259","5089","107527","2922","285732","4761","890141","6376","727904","6049","162237","3214",
"0500000US17033","Crawford County, Illinois","7492","180","4703","264","3850","276","853","198","279","92","574","165","2789","242","2453","243","336","108",
"0500000US17035","Cumberland County, Illinois","4177","128","2762","164","2203","152","559","98","137","54","422","94","1415","157","1307","155","108","51",
"0500000US17037","DeKalb County, Illinois","39550","403","23762","671","16891","652","6871","648","1852","340","5019","548","15788","651","11649","722","4139","537",
"0500000US17039","De Witt County, Illinois","6595","173","3955","182","3067","199","888","146","272","103","616","117","2640","191","2288","201","352","116",
"0500000US17041","Douglas County, Illinois","7765","188","5416","244","4409","237","1007","175","405","133","602","131","2349","256","2116","261","233","76",
"0500000US17043","DuPage County, Illinois","350758","1140","244158","1893","196508","2070","47650","1564","15389","930","32261","1267","106600","2175","88108","2021","18492","933",
"0500000US17045","Edgar County, Illinois","7567","174","4771","267","3602","293","1169","232","279","113","890","185","2796","274","2419","254","377","161",
"0500000US17047","Edwards County, Illinois","2666","82","1764","89","1371","113","393","95","81","37","312","92","902","102","779","108","123","55",
"0500000US17049","Effingham County, Illinois","13951","274","9102","349","7329","338","1773","282","604","146","1169","206","4849","338","3999","350","850","208",
"0500000US17051","Fayette County, Illinois","7814","188","4922","277","3965","295","957","150","314","91","643","124","2892","253","2521","233","371","115",
"0500000US17053","Ford County, Illinois","5828","123","3688","191","2715","187","973","164","275","80","698","153","2140","190","1897","200","243","133",
"0500000US17055","Franklin County, Illinois","16137","344","10091","349","7060","402","3031","286","906","157","2125","263","6046","432","5317","435","729","164",
"0500000US17057","Fulton County, Illinois","13795","289","8662","329","6498","288","2164","274","726","171","1438","226","5133","365","4375","343","758","193",
"0500000US17059","Gallatin County, Illinois","2098","86","1290","101","973","102","317","73","50","36","267","69","808","110","742","105","66","36",
"0500000US17061","Greene County, Illinois","4452","162","2894","165","2184","173","710","116","259","77","451","100","1558","166","1321","150","237","72",
"0500000US17063","Grundy County, Illinois","20595","212","13983","486","10841","562","3142","398","1167","267","1975","368","6612","473","5174","462","1438","311",
"0500000US17065","Hamilton County, Illinois","3387","138","2109","191","1644","192","465","173","228","104","237","122","1278","191","1104","182","174","81",
"0500000US17067","Hancock County, Illinois","7613","178","4852","227","3960","219","892","144","290","62","602","131","2761","232","2476","228","285","105",
"0500000US17069","Hardin County, Illinois","1545","113","969","110","766","120","203","67","93","57","110","43","576","112","520","112","56","35",
"0500000US17071","Henderson County, Illinois","2704","113","1798","151","1455","135","343","70","109","47","234","61","906","131","806","123","100","39",
"0500000US17073","Henry County, Illinois","20272","378","13342","387","10297","457","3045","354","963","220","2082","327","6930","490","5917","463","1013","238",
"0500000US17075","Iroquois County, Illinois","11443","186","7251","249","5545","274","1706","206","522","111","1184","169","4192","278","3757","261","435","96",
"0500000US17077","Jackson County, Illinois","22955","550","10982","520","7450","426","3532","385","1131","200","2401","318","11973","688","9382","671","2591","345",
"0500000US17079","Jasper County, Illinois","3751","157","2627","197","2109","217","518","140","237","110","281","110","1124","184","1013","170","111","71",
"0500000US17081","Jefferson County, Illinois","14820","266","9449","351","6986","291","2463","293","797","177","1666","219","5371","297","4663","316","708","149",
"0500000US17083","Jersey County, Illinois","7965","313","5275","307","4120","319","1155","242","413","181","742","208","2690","274","2151","268","539","164",
"0500000US17085","Jo Daviess County, Illinois","10391","280","6620","258","5540","268","1080","167","372","115","708","119","3771","316","3198","289","573","132",
"0500000US17087","Johnson County, Illinois","4101","210","2560","189","1989","180","571","126","179","75","392","92","1541","215","1292","192","249","117",
"0500000US17089","Kane County, Illinois","184706","796","132694","1655","101254","1856","31440","1472","11355","917","20085","1247","52012","1592","41759","1574","10253","820",
"0500000US17091","Kankakee County, Illinois","40996","520","26196","725","18436","633","7760","523","2249","347","5511","428","14800","704","12061","677","2739","403",
"0500000US17093","Kendall County, Illinois","45372","356","35041","867","26934","931","8107","872","2803","492","5304","664","10331","816","7823","818","2508","479",
"0500000US17095","Knox County, Illinois","20972","403","11587","419","8510","384","3077","285","1235","239","1842","239","9385","506","8272","508","1113","216",
"0500000US17097","Lake County, Illinois","258455","1007","184528","1603","146049","1618","38479","1616","12109","893","26370","1219","73927","1696","60715","1650","13212","800",
"0500000US17099","LaSalle County, Illinois","45373","562","29063","694","21312","651","7751","570","2304","277","5447","486","16310","715","13852","662","2458","357",
"0500000US17101","Lawrence County, Illinois","5472","164","3208","225","2462","221","746","165","202","101","544","125","2264","233","1976","212","288","140",
"0500000US17103","Lee County, Illinois","13337","296","8551","332","6210","360","2341","326","634","164","1707","281","4786","358","3952","337","834","175",
"0500000US17105","Livingston County, Illinois","14615","262","9697","336","7033","326","2664","307","772","176","1892","262","4918","375","4116","343","802","170",
"0500000US17107","Logan County, Illinois","11266","187","7089","316","5069","345","2020","247","648","189","1372","235","4177","318","3496","291","681","189",
"0500000US17109","McDonough County, Illinois","11856","321","5771","366","4450","360","1321","207","277","94","1044","177","6085","401","5075","390","1010","241",
"0500000US17111","McHenry County, Illinois","117594","563","84562","1243","67264","1420","17298","1012","5803","633","11495","904","33032","1137","26662","1119","6370","619",
"0500000US17113","McLean County, Illinois","70220","669","40061","745","31123","771","8938","554","2532","362","6406","440","30159","923","23191","1032","6968","698",
"0500000US17115","Macon County, Illinois","43468","625","24399","739","17699","676","6700","587","1981","291","4719","496","19069","790","16474","799","2595","337",
"0500000US17117","Macoupin County, Illinois","17576","364","11470","455","8842","443","2628","324","675","166","1953","256","6106","440","4940","416","1166","244",
"0500000US17119","Madison County, Illinois","110134","796","69017","1170","50565","1247","18452","980","5502","640","12950","789","41117","1050","34014","1149","7103","624",
"0500000US17121","Marion County, Illinois","15512","253","9462","338","6833","354","2629","280","928","180","1701","206","6050","359","5402","390","648","138",
"0500000US17123","Marshall County, Illinois","5094","159","3405","164","2497","152","908","136","312","85","596","104","1689","175","1405","155","284","74",
"0500000US17125","Mason County, Illinois","5781","164","3484","189","2602","209","882","180","276","91","606","150","2297","211","1937","202","360","111",
"0500000US17127","Massac County, Illinois","5457","229","3456","244","2667","223","789","156","188","72","601","143","2001","246","1624","229","377","117",
"0500000US17129","Menard County, Illinois","5228","116","3623","153","2899","160","724","120","219","57","505","108","1605","166","1455","156","150","57",
"0500000US17131","Mercer County, Illinois","6565","176","4527","166","3887","185","640","124","302","75","338","92","2038","190","1726","170","312","99",
"0500000US17133","Monroe County, Illinois","13851","271","9897","352","8440","375","1457","263","586","179","871","203","3954","353","3512","351","442","138",
"0500000US17135","Montgomery County, Illinois","11319","276","6604","316","5455","316","1149","172","360","133","789","148","4715","353","4012","340","703","161",
"0500000US17137","Morgan County, Illinois","13076","309","7702","411","5696","354","2006","258","527","191","1479","199","5374","386","4498","342","876","225",
"0500000US17139","Moultrie County, Illinois","5817","147","4031","204","3260","226","771","182","293","113","478","130","1786","235","1601","224","185","83",
"0500000US17141","Ogle County, Illinois","20821","310","13899","480","10719","484","3180","435","1154","241","2026","340","6922","479","5849","433","1073","204",
"0500000US17143","Peoria County, Illinois","77755","629","44299","1046","30621","962","13678","813","3397","437","10281","722","33456","1097","28891","1154","4565","436",
"0500000US17145","Perry County, Illinois","7875","250","5110","282","3806","262","1304","227","477","140","827","169","2765","330","2406","299","359","129",
"0500000US17147","Piatt County, Illinois","6924","149","4819","253","4046","254","773","139","238","91","535","112","2105","256","1784","234","321","118",
"0500000US17149","Pike County, Illinois","5965","165","3518","210","2638","210","880","133","296","72","584","124","2447","229","2125","234","322","85",
"0500000US17151","Pope County, Illinois","1385","104","859","78","704","82","155","50","79","38","76","34","526","93","503","93","23","17",
"0500000US17153","Pulaski County, Illinois","1940","115","1081","118","760","118","321","61","80","35","241","54","859","128","795","132","64","39",
"0500000US17155","Putnam County, Illinois","2465","137","1663","125","1344","116","319","83","164","59","155","51","802","99","707","93","95","33",
"0500000US17157","Randolph County, Illinois","11945","226","7649","326","5425","271","2224","293","850","199","1374","229","4296","330","3657","343","639","163",
"0500000US17159","Richland County, Illinois","6443","221","3909","233","3048","215","861","175","345","125","516","128","2534","243","2143","253","391","119",
"0500000US17161","Rock Island County, Illinois","61733","532","36778","864","26034","822","10744","720","2903","349","7841","637","24955","856","20919","813","4036","436",
"0500000US17163","St. Clair County, Illinois","100846","1013","63574","1259","44820","1154","18754","961","4465","548","14289","821","37272","1392","32115","1390","5157","607",
"0500000US17165","Saline County, Illinois","10024","232","5981","331","4285","299","1696","240","652","159","1044","193","4043","322","3425","336","618","163",
"0500000US17167","Sangamon County, Illinois","84762","732","48532","975","35406","954","13126","850","3509","536","9617","754","36230","992","30883","1026","5347","503",
"0500000US17169","Schuyler County, Illinois","2734","166","1645","134","1267","145","378","114","116","58","262","94","1089","158","882","154","207","91",
"0500000US17171","Scott County, Illinois","2046","76","1306","85","1035","79","271","52","75","28","196","46","740","88","645","84","95","36",
"0500000US17173","Shelby County, Illinois","8918","233","6144","241","4891","284","1253","216","353","87","900","183","2774","251","2374","230","400","116",
"0500000US17175","Stark County, Illinois","2285","71","1441","81","1116","82","325","72","137","50","188","48","844","86","752","83","92","43",
"0500000US17177","Stephenson County, Illinois","19358","266","11886","449","8758","457","3128","353","1166","265","1962","323","7472","497","6081","536","1391","286",
"0500000US17179","Tazewell County, Illinois","54051","517","33459","774","26467","686","6992","563","2472","385","4520","443","20592","721","17421","741","3171","496",
"0500000US17181","Union County, Illinois","6868","238","4125","283","3259","239","866","189","494","144","372","116","2743","291","2487","304","256","72",
"0500000US17183","Vermilion County, Illinois","30084","385","17367","502","11871","504","5496","475","1530","255","3966","369","12717","489","10987","511","1730","247",
"0500000US17185","Wabash County, Illinois","4740","177","3020","224","2181","211","839","137","262","87","577","138","1720","230","1485","231","235","82",
"0500000US17187","Warren County, Illinois","6787","222","4415","243","3152","192","1263","205","480","115","783","186","2372","250","2039","236","333","106",
"0500000US17189","Washington County, Illinois","5795","149","3844","160","3046","174","798","130","371","83","427","112","1951","160","1709","163","242","62",
"0500000US17191","Wayne County, Illinois","6866","191","4411","198","3521","230","890","162","303","89","587","117","2455","210","2234","202","221","79",
"0500000US17193","White County, Illinois","5672","225","3456","232","2607","231","849","174","304","111","545","137","2216","219","1966","225","250","87",
"0500000US17195","Whiteside County, Illinois","23120","396","14461","478","10422","423","4039","378","1197","236","2842","333","8659","517","7622","499","1037","196",
"0500000US17197","Will County, Illinois","244273","835","182022","1835","142499","1891","39523","1532","12072","798","27451","1294","62251","1709","51545","1639","10706","809",
"0500000US17199","Williamson County, Illinois","28983","394","18206","660","13526","566","4680","523","1434","268","3246","415","10777","668","8950","670","1827","306",
"0500000US17201","Winnebago County, Illinois","116014","720","71402","1041","48996","1052","22406","966","5848","586","16558","706","44612","1185","36324","1134","8288","806",
"0500000US17203","Woodford County, Illinois","14685","263","10086","362","8694","363","1392","207","490","142","902","179","4599","345","4060","348","539","151",
"0500000US18001","Adams County, Indiana","12401","244","8660","367","7036","389","1624","355","507","221","1117","249","3741","363","3172","358","569","176",
"0500000US18003","Allen County, Indiana","156570","692","97556","1365","70977","1367","26579","1134","7333","712","19246","976","59014","1444","48152","1567","10862","898",
"0500000US18005","Bartholomew County, Indiana","33359","397","21760","721","16702","695","5058","550","1655","336","3403","432","11599","733","9903","745","1696","323",
"0500000US18007","Benton County, Indiana","3454","97","2227","142","1636","130","591","113","224","76","367","92","1227","150","1058","149","169","83",
"0500000US18009","Blackford County, Indiana","5173","172","3070","226","2400","250","670","148","186","65","484","147","2103","236","1840","235","263","97",
"0500000US18011","Boone County, Indiana","28738","287","20443","551","16764","585","3679","480","1151","309","2528","412","8295","534","6928","498","1367","296",
"0500000US18013","Brown County, Indiana","6781","234","4945","271","4252","307","693","164","287","102","406","141","1836","240","1478","237","358","120",
"0500000US18015","Carroll County, Indiana","8085","218","5254","311","4338","292","916","197","457","148","459","131","2831","323","2405","337","426","121",
"0500000US18017","Cass County, Indiana","15037","259","9823","453","7123","457","2700","352","749","200","1951","327","5214","389","4443","376","771","194",
"0500000US18019","Clark County, Indiana","51242","568","32920","732","23708","788","9212","775","3317","556","5895","561","18322","849","15044","790","3278","485",
"0500000US18021","Clay County, Indiana","10549","339","7445","450","5532","438","1913","399","506","203","1407","323","3104","395","2705","369","399","134",
"0500000US18023","Clinton County, Indiana","12496","235","8220","344","6303","340","1917","320","724","185","1193","273","4276","363","3469","349","807","211",
"0500000US18025","Crawford County, Indiana","4582","222","2830","258","2297","240","533","151","172","73","361","132","1752","265","1477","230","275","111",
"0500000US18027","Daviess County, Indiana","11814","261","8417","347","6916","340","1501","274","575","144","926","231","3397","349","2740","297","657","158",
"0500000US18029","Dearborn County, Indiana","20282","250","14135","398","11431","434","2704","333","938","179","1766","291","6147","475","5297","427","850","230",
"0500000US18031","Decatur County, Indiana","10712","254","7195","396","5632","398","1563","237","570","162","993","178","3517","413","2713","405","804","267",
"0500000US18033","DeKalb County, Indiana","17096","290","11896","422","9205","395","2691","346","1019","247","1672","239","5200","471","4310","406","890","236",
"0500000US18035","Delaware County, Indiana","46256","652","26913","804","18454","828","8459","743","2642","445","5817","572","19343","836","14416","794","4927","491",
"0500000US18037","Dubois County, Indiana","17574","331","11987","572","9493","545","2494","442","912","276","1582","351","5587","581","4654","544","933","333",
"0500000US18039","Elkhart County, Indiana","72309","879","49684","1127","37486","1075","12198","993","3294","483","8904","847","22625","877","19243","873","3382","490",
"0500000US18041","Fayette County, Indiana","9422","278","5998","360","4307","308","1691","304","480","154","1211","259","3424","342","2920","327","504","157",
"0500000US18043","Floyd County, Indiana","31916","418","20618","589","15484","609","5134","536","1401","274","3733","478","11298","563","9452","558","1846","350",
"0500000US18045","Fountain County, Indiana","6941","228","4642","248","3407","216","1235","194","450","135","785","140","2299","242","1870","232","429","172",
"0500000US18047","Franklin County, Indiana","9211","195","6383","345","4952","366","1431","265","480","181","951","214","2828","387","2493","390","335","122",
"0500000US18049","Fulton County, Indiana","8051","270","5564","328","4121","313","1443","294","438","164","1005","240","2487","276","2199","282","288","108",
"0500000US18051","Gibson County, Indiana","13438","319","8963","376","6968","376","1995","286","921","217","1074","193","4475","326","3656","325","819","206",
"0500000US18053","Grant County, Indiana","26773","432","16382","616","11149","598","5233","481","1788","282","3445","413","10391","620","8694","654","1697","286",
"0500000US18055","Greene County, Indiana","13107","233","8631","356","6445","397","2186","342","994","230","1192","231","4476","323","3703","307","773","193",
"0500000US18057","Hamilton County, Indiana","137252","947","100708","1309","85868","1612","14840","1237","5276","772","9564","975","36544","1291","29872","1336","6672","724",
"0500000US18059","Hancock County, Indiana","33474","294","23789","683","19481","682","4308","503","1678","328","2630","418","9685","699","7928","668","1757","387",
"0500000US18061","Harrison County, Indiana","15497","373","10232","442","8238","422","1994","305","808","180","1186","262","5265","446","4407","436","858","256",
"0500000US18063","Hendricks County, Indiana","67110","529","50029","891","40246","1106","9783","867","3327","557","6456","668","17081","965","13798","874","3283","465",
"0500000US18065","Henry County, Indiana","18642","329","11863","465","8626","437","3237","314","1191","215","2046","244","6779","477","5937","481","842","188",
"0500000US18067","Howard County, Indiana","35593","532","21022","725","14100","644","6922","586","1886","328","5036","557","14571","739","11917","669","2654","374",
"0500000US18069","Huntington County, Indiana","15403","237","10276","393","7773","396","2503","349","987","240","1516","240","5127","407","4160","398","967","236",
"0500000US18071","Jackson County, Indiana","18138","319","12145","518","9367","531","2778","458","994","243","1784","404","5993","504","4849","457","1144","290",
"0500000US18073","Jasper County, Indiana","12755","252","8843","411","6998","408","1845","302","659","198","1186","243","3912","411","3436","376","476","198",
"0500000US18075","Jay County, Indiana","7807","249","5044","272","3628","282","1416","216","679","163","737","142","2763","305","2289","280","474","163",
"0500000US18077","Jefferson County, Indiana","12790","342","8305","407","5953","465","2352","404","859","227","1493","268","4485","471","3642","460","843","247",
"0500000US18079","Jennings County, Indiana","10944","242","7620","374","5503","397","2117","353","854","284","1263","265","3324","403","2511","334","813","244",
"0500000US18081","Johnson County, Indiana","62554","615","43573","1004","34481","985","9092","958","2991","559","6101","765","18981","1113","15283","1084","3698","643",
"0500000US18083","Knox County, Indiana","15169","335","9170","366","7046","431","2124","348","826","241","1298","289","5999","402","4993","391","1006","214",
"0500000US18085","Kosciusko County, Indiana","31934","568","21536","703","16925","725","4611","515","1614","357","2997","369","10398","609","8465","652","1933","348",
"0500000US18087","LaGrange County, Indiana","12897","310","10256","380","8599","414","1657","280","442","149","1215","245","2641","321","2359","318","282","82",
"0500000US18089","Lake County, Indiana","195130","954","127398","1709","84785","1822","42613","1864","12011","1111","30602","1410","67732","1573","57803","1558","9929","984",
"0500000US18091","LaPorte County, Indiana","43633","564","27605","836","19723","800","7882","562","2529","393","5353","472","16028","786","12918","743","3110","410",
"0500000US18093","Lawrence County, Indiana","19135","296","12087","447","9524","475","2563","375","748","167","1815","328","7048","482","5858","472","1190","277",
"0500000US18095","Madison County, Indiana","53429","591","33329","752","22789","790","10540","685","2959","326","7581","695","20100","817","16958","792","3142","443",
"0500000US18097","Marion County, Indiana","400432","1895","224268","3083","146904","2754","77364","2529","18744","1370","58620","1984","176164","2728","141921","3045","34243","1614",
"0500000US18099","Marshall County, Indiana","17758","320","11981","376","9392","372","2589","340","1143","253","1446","275","5777","380","4968","380","809","196",
"0500000US18101","Martin County, Indiana","3904","176","2433","194","1955","183","478","112","153","90","325","104","1471","216","1301","227","170","88",
"0500000US18103","Miami County, Indiana","13318","263","8821","355","6468","373","2353","330","737","216","1616","253","4497","336","3893","334","604","165",
"0500000US18105","Monroe County, Indiana","59236","750","29072","750","21832","727","7240","684","1926","361","5314","615","30164","969","20648","968","9516","833",
"0500000US18107","Montgomery County, Indiana","15602","278","9955","451","8145","466","1810","265","925","205","885","194","5647","447","4747","459","900","200",
"0500000US18109","Morgan County, Indiana","28279","328","20597","678","16046","643","4551","504","1438","237","3113","405","7682","623","6480","613","1202","238",
"0500000US18111","Newton County, Indiana","5726","124","4141","219","3081","227","1060","190","504","149","556","130","1585","217","1323","216","262","112",
"0500000US18113","Noble County, Indiana","18179","348","12776","459","9976","526","2800","306","905","242","1895","242","5403","474","4634","463","769","192",
"0500000US18115","Ohio County, Indiana","2619","78","1753","136","1353","158","400","96","116","57","284","90","866","142","717","142","149","62",
"0500000US18117","Orange County, Indiana","7970","225","5178","254","3828","290","1350","238","585","177","765","177","2792","301","2292","256","500","141",
"0500000US18119","Owen County, Indiana","8618","259","5740","263","4415","266","1325","205","497","143","828","178","2878","302","2455","299","423","119",
"0500000US18121","Parke County, Indiana","6147","232","4159","284","3233","247","926","190","468","132","458","116","1988","228","1781","228","207","68",
"0500000US18123","Perry County, Indiana","7758","194","4702","264","3567","244","1135","221","480","155","655","133","3056","258","2579","299","477","127",
"0500000US18125","Pike County, Indiana","5021","162","3317","230","2744","239","573","122","221","75","352","95","1704","227","1416","205","288","119",
"0500000US18127","Porter County, Indiana","68639","517","46181","968","36855","1002","9326","790","3249","484","6077","572","22458","919","18658","922","3800","504",
"0500000US18129","Posey County, Indiana","10533","199","7495","325","6054","378","1441","283","584","206","857","178","3038","330","2568","316","470","157",
"0500000US18131","Pulaski County, Indiana","4950","159","3143","198","2365","214","778","175","276","100","502","131","1807","206","1534","194","273","111",
"0500000US18133","Putnam County, Indiana","14142","267","9789","431","7733","425","2056","355","949","278","1107","267","4353","482","3733","458","620","171",
"0500000US18135","Randolph County, Indiana","10364","214","6706","323","5064","332","1642","195","576","137","1066","167","3658","336","2998","327","660","154",
"0500000US18137","Ripley County, Indiana","11531","238","7881","338","6007","360","1874","309","747","166","1127","232","3650","353","3059","326","591","166",
"0500000US18139","Rush County, Indiana","6746","179","4374","254","3551","232","823","179","287","90","536","157","2372","244","1837","244","535","150",
"0500000US18141","St. Joseph County, Indiana","107252","645","63612","1041","45746","1122","17866","783","4722","462","13144","793","43640","1093","36211","1157","7429","625",
"0500000US18143","Scott County, Indiana","9848","295","5958","405","4271","397","1687","344","708","263","979","233","3890","438","3339","403","551","201",
"0500000US18145","Shelby County, Indiana","18450","250","12173","484","9423","431","2750","370","896","244","1854","318","6277","491","5147","562","1130","309",
"0500000US18147","Spencer County, Indiana","8078","143","5546","257","4630","263","916","155","347","102","569","113","2532","256","2088","243","444","143",
"0500000US18149","Starke County, Indiana","8983","275","5981","319","4649","340","1332","242","618","166","714","175","3002","292","2383","281","619","191",
"0500000US18151","Steuben County, Indiana","14058","445","9176","379","7323","404","1853","305","600","155","1253","256","4882","445","3801","379","1081","256",
"0500000US18153","Sullivan County, Indiana","7832","207","5083","279","3940","258","1143","210","367","117","776","165","2749","283","2338","273","411","140",
"0500000US18155","Switzerland County, Indiana","3875","159","2384","228","1758","199","626","151","271","95","355","107","1491","219","1140","178","351","158",
"0500000US18157","Tippecanoe County, Indiana","75808","693","40852","897","30567","1062","10285","883","3315","548","6970","646","34956","1015","23459","1107","11497","881",
"0500000US18159","Tipton County, Indiana","6266","195","4719","279","3749","294","970","212","512","191","458","131","1547","221","1358","208","189","74",
"0500000US18161","Union County, Indiana","2940","115","2056","150","1597","155","459","130","180","76","279","97","884","143","755","131","129","74",
"0500000US18163","Vanderburgh County, Indiana","78270","740","45673","1026","31845","1125","13828","886","4013","591","9815","674","32597","1049","26487","955","6110","662",
"0500000US18165","Vermillion County, Indiana","6594","220","4170","264","3311","236","859","171","291","102","568","119","2424","254","1994","225","430","136",
"0500000US18167","Vigo County, Indiana","42399","516","23794","894","16598","867","7196","614","2271","386","4925","467","18605","990","15345","966","3260","386",
"0500000US18169","Wabash County, Indiana","12674","321","8129","453","6514","521","1615","347","384","128","1231","298","4545","455","4045","464","500","161",
"0500000US18171","Warren County, Indiana","3359","115","2291","154","1905","163","386","92","206","71","180","56","1068","165","864","144","204","74",
"0500000US18173","Warrick County, Indiana","25163","386","17886","559","14855","579","3031","376","1119","217","1912","342","7277","562","6137","534","1140","235",
"0500000US18175","Washington County, Indiana","11229","207","7708","389","5759","389","1949","260","628","172","1321","224","3521","382","2911","359","610","175",
"0500000US18177","Wayne County, Indiana","26975","385","16923","618","11929","556","4994","483","1392","304","3602","411","10052","645","8456","612","1596","327",
"0500000US18179","Wells County, Indiana","11546","172","7491","279","6004","315","1487","250","589","160","898","193","4055","299","3620","331","435","153",
"0500000US18181","White County, Indiana","10254","302","6648","289","5078","297","1570","245","710","163","860","182","3606","348","3079","299","527","172",
"0500000US18183","Whitley County, Indiana","14029","249","9872","382","8029","454","1843","319","674","228","1169","204","4157","410","3435","386","722","197",
"0500000US19001","Adair County, Iowa","3236","99","1864","116","1600","113","264","59","107","46","157","37","1372","118","1161","108","211","64",
"0500000US19003","Adams County, Iowa","1540","92","944","84","808","73","136","44","70","31","66","35","596","89","498","88","98","48",
"0500000US19005","Allamakee County, Iowa","5950","196","3703","231","3274","202","429","127","260","90","169","70","2247","253","1754","237","493","122",
"0500000US19007","Appanoose County, Iowa","5199","197","3240","220","2452","201","788","160","190","76","598","144","1959","219","1660","215","299","89",
"0500000US19009","Audubon County, Iowa","2596","68","1501","108","1235","100","266","67","53","34","213","53","1095","115","961","112","134","65",
"0500000US19011","Benton County, Iowa","10202","191","6896","237","5801","261","1095","198","417","119","678","160","3306","282","2745","259","561","142",
"0500000US19013","Black Hawk County, Iowa","54563","530","31229","848","23345","766","7884","616","2211","391","5673","495","23334","909","17663","834","5671","503",
"0500000US19015","Boone County, Iowa","10936","270","7197","275","5915","365","1282","256","453","127","829","190","3739","338","3075","311","664","153",
"0500000US19017","Bremer County, Iowa","9716","152","6552","239","5469","248","1083","173","342","105","741","136","3164","255","2602","257","562","164",
"0500000US19019","Buchanan County, Iowa","8252","200","5596","271","4559","263","1037","180","333","118","704","126","2656","240","2315","231","341","88",
"0500000US19021","Buena Vista County, Iowa","7546","181","4793","319","3693","337","1100","210","231","98","869","191","2753","350","1999","269","754","232",
"0500000US19023","Butler County, Iowa","5863","132","4091","148","3533","140","558","94","234","66","324","67","1772","161","1494","156","278","80",
"0500000US19025","Calhoun County, Iowa","3993","153","2454","122","2060","124","394","67","128","34","266","59","1539","156","1318","142","221","50",
"0500000US19027","Carroll County, Iowa","8801","207","5159","272","4103","303","1056","211","328","114","728","191","3642","285","3263","298","379","143",
"0500000US19029","Cass County, Iowa","5844","131","3424","198","2738","212","686","140","201","78","485","122","2420","165","2104","162","316","120",
"0500000US19031","Cedar County, Iowa","7622","184","5189","211","4101","196","1088","217","333","90","755","189","2433","226","2027","194","406","119",
"0500000US19033","Cerro Gordo County, Iowa","19538","376","11457","428","9155","455","2302","334","873","184","1429","291","8081","543","6597","541","1484","312",
"0500000US19035","Cherokee County, Iowa","5045","161","3035","158","2548","160","487","107","164","59","323","101","2010","201","1754","195","256","78",
"0500000US19037","Chickasaw County, Iowa","4997","396","3180","226","2681","192","499","126","190","74","309","96","1817","293","1540","251","277","110",
"0500000US19039","Clarke County, Iowa","4071","200","2725","244","2070","250","655","252","192","158","463","216","1346","220","1199","183","147","107",
"0500000US19041","Clay County, Iowa","7282","206","4048","260","3257","256","791","185","296","113","495","148","3234","320","2813","344","421","141",
"0500000US19043","Clayton County, Iowa","7509","195","4649","204","3831","208","818","123","342","95","476","90","2860","258","2547","243","313","82",
"0500000US19045","Clinton County, Iowa","19506","357","12088","530","9156","477","2932","340","1105","215","1827","279","7418","526","6228","545","1190","237",
"0500000US19047","Crawford County, Iowa","6331","174","4202","284","2938","307","1264","262","452","178","812","188","2129","256","1702","236","427","116",
"0500000US19049","Dallas County, Iowa","42471","501","27541","653","22377","590","5164","474","2037","355","3127","396","14930","708","11490","765","3440","506",
"0500000US19051","Davis County, Iowa","3201","134","2434","134","2118","135","316","94","102","55","214","74","767","126","655","119","112","51",
"0500000US19053","Decatur County, Iowa","3055","119","1857","109","1521","108","336","75","105","36","231","67","1198","148","909","127","289","116",
"0500000US19055","Delaware County, Iowa","7369","218","4742","199","4031","223","711","164","295","118","416","114","2627","273","2098","232","529","167",
"0500000US19057","Des Moines County, Iowa","17178","316","10375","397","7613","389","2762","311","759","164","2003","290","6803","412","5840","420","963","209",
"0500000US19059","Dickinson County, Iowa","8845","279","5198","225","4584","207","614","144","204","83","410","124","3647","312","2898","334","749","178",
"0500000US19061","Dubuque County, Iowa","40989","363","25535","616","20610","593","4925","436","1712","342","3213","348","15454","631","12563","613","2891","356",
"0500000US19063","Emmet County, Iowa","4063","150","2267","185","1636","169","631","146","239","94","392","106","1796","193","1521","187","275","100",
"0500000US19065","Fayette County, Iowa","8342","182","4870","225","3931","196","939","138","335","87","604","118","3472","239","2965","220","507","124",
"0500000US19067","Floyd County, Iowa","6503","222","3957","250","3102","246","855","179","243","106","612","153","2546","268","2193","262","353","122",
"0500000US19069","Franklin County, Iowa","4198","152","2558","142","2101","181","457","139","180","74","277","119","1640","209","1488","193","152","71",
"0500000US19071","Fremont County, Iowa","2823","75","1752","110","1500","113","252","59","112","40","140","41","1071","114","927","120","144","49",
"0500000US19073","Greene County, Iowa","3922","123","2353","176","1799","172","554","114","143","65","411","93","1569","198","1363","193","206","75",
"0500000US19075","Grundy County, Iowa","5117","92","3475","118","2956","128","519","100","231","69","288","84","1642","124","1473","122","169","52",
"0500000US19077","Guthrie County, Iowa","4600","192","3161","176","2683","169","478","112","184","69","294","83","1439","200","1235","196","204","73",
"0500000US19079","Hamilton County, Iowa","6434","208","3942","264","3205","306","737","196","308","129","429","140","2492","236","2033","230","459","153",
"0500000US19081","Hancock County, Iowa","4673","123","3096","136","2497","151","599","146","250","99","349","91","1577","168","1233","155","344","129",
"0500000US19083","Hardin County, Iowa","7038","178","4402","250","3591","218","811","140","226","64","585","121","2636","220","2377","220","259","76",
"0500000US19085","Harrison County, Iowa","6089","124","4144","193","3481","176","663","132","319","94","344","83","1945","182","1665","171","280","86",
"0500000US19087","Henry County, Iowa","7644","226","4932","267","3953","220","979","160","309","88","670","131","2712","303","2265","311","447","106",
"0500000US19089","Howard County, Iowa","3773","182","2562","153","2074","165","488","121","198","59","290","99","1211","148","990","136","221","81",
"0500000US19091","Humboldt County, Iowa","4219","95","2734","147","1980","150","754","132","191","88","563","105","1485","158","1310","153","175","69",
"0500000US19093","Ida County, Iowa","3050","109","1792","140","1356","122","436","98","171","68","265","76","1258","132","1080","143","178","53",
"0500000US19095","Iowa County, Iowa","6909","127","4194","217","3467","244","727","154","327","90","400","123","2715","211","2356","222","359","110",
"0500000US19097","Jackson County, Iowa","8242","188","5460","218","4689","232","771","132","310","106","461","95","2782","266","2268","259","514","141",
"0500000US19099","Jasper County, Iowa","15010","265","9568","389","7688","348","1880","276","664","175","1216","225","5442","366","4795","379","647","154",
"0500000US19101","Jefferson County, Iowa","6952","224","3763","267","3033","254","730","164","255","109","475","139","3189","286","2547","317","642","235",
"0500000US19103","Johnson County, Iowa","63341","680","32667","871","26620","908","6047","580","1621","260","4426","518","30674","971","20581","971","10093","792",
"0500000US19105","Jones County, Iowa","8198","187","5410","221","4169","255","1241","199","441","133","800","165","2788","240","2235","245","553","152",
"0500000US19107","Keokuk County, Iowa","4068","105","2554","138","2036","115","518","96","147","50","371","74","1514","137","1331","131","183","52",
"0500000US19109","Kossuth County, Iowa","6543","147","3886","231","3400","221","486","106","184","58","302","96","2657","258","2331","247","326","97",
"0500000US19111","Lee County, Iowa","14323","210","8860","379","6292","355","2568","321","912","200","1656","272","5463","401","4667","405","796","209",
"0500000US19113","Linn County, Iowa","95600","577","59159","1008","45325","1214","13834","993","4404","523","9430","768","36441","1059","29343","1082","7098","734",
"0500000US19115","Louisa County, Iowa","4237","132","3085","172","2595","165","490","87","134","55","356","71","1152","153","972","135","180","55",
"0500000US19117","Lucas County, Iowa","3708","103","2379","135","1929","148","450","109","213","82","237","90","1329","148","1202","146","127","63",
"0500000US19119","Lyon County, Iowa","4479","121","3080","136","2736","124","344","82","160","55","184","54","1399","144","1200","134","199","85",
"0500000US19121","Madison County, Iowa","6696","151","4459","247","3734","225","725","159","215","77","510","127","2237","267","1875","240","362","135",
"0500000US19123","Mahaska County, Iowa","8743","221","5513","245","4449","265","1064","175","320","93","744","178","3230","261","2704","233","526","114",
"0500000US19125","Marion County, Iowa","13316","258","8994","281","7736","345","1258","224","470","143","788","170","4322","311","3367","303","955","181",
"0500000US19127","Marshall County, Iowa","15496","282","9801","362","7898","363","1903","272","766","153","1137","205","5695","431","4570","369","1125","281",
"0500000US19129","Mills County, Iowa","5394","155","3770","191","3134","178","636","134","175","78","461","135","1624","216","1364","200","260","100",
"0500000US19131","Mitchell County, Iowa","4597","117","2946","158","2541","163","405","102","209","82","196","74","1651","188","1458","182","193","67",
"0500000US19133","Monona County, Iowa","3878","116","2366","130","1889","152","477","85","143","53","334","82","1512","146","1279","141","233","63",
"0500000US19135","Monroe County, Iowa","3089","141","1920","145","1580","166","340","110","109","67","231","85","1169","163","1023","158","146","90",
"0500000US19137","Montgomery County, Iowa","4585","149","2824","194","2048","178","776","152","252","101","524","155","1761","190","1439","196","322","145",
"0500000US19139","Muscatine County, Iowa","17345","339","11135","461","7869","495","3266","398","1092","248","2174","314","6210","498","4797","493","1413","255",
"0500000US19141","O'Brien County, Iowa","5809","230","3737","237","3224","256","513","139","216","84","297","90","2072","245","1767","222","305","106",
"0500000US19143","Osceola County, Iowa","2634","97","1614","140","1280","125","334","89","128","52","206","66","1020","141","854","134","166","60",
"0500000US19145","Page County, Iowa","6255","189","3566","203","2937","199","629","145","192","87","437","104","2689","258","2316","236","373","102",
"0500000US19147","Palo Alto County, Iowa","3782","136","2173","148","1874","143","299","110","77","52","222","95","1609","181","1364","160","245","85",
"0500000US19149","Plymouth County, Iowa","10313","187","7129","369","5913","358","1216","226","371","108","845","199","3184","361","2835","343","349","119",
"0500000US19151","Pocahontas County, Iowa","3000","119","1723","119","1417","103","306","73","101","38","205","63","1277","133","1001","107","276","94",
"0500000US19153","Polk County, Iowa","205358","1156","124487","1898","93161","1878","31326","1350","9355","714","21971","1239","80871","1975","64069","2032","16802","968",
"0500000US19155","Pottawattamie County, Iowa","37642","389","23902","541","17459","529","6443","541","1767","315","4676","478","13740","527","11327","560","2413","319",
"0500000US19157","Poweshiek County, Iowa","7804","274","4653","256","3736","279","917","196","408","164","509","123","3151","322","2601","347","550","159",
"0500000US19159","Ringgold County, Iowa","1899","110","1297","88","1111","95","186","56","75","27","111","47","602","90","542","79","60","37",
"0500000US19161","Sac County, Iowa","4302","110","2680","149","2229","145","451","81","185","60","266","59","1622","179","1400","173","222","49",
"0500000US19163","Scott County, Iowa","73132","622","44760","881","33727","958","11033","758","3290","391","7743","692","28372","936","22876","892","5496","524",
"0500000US19165","Shelby County, Iowa","4882","155","3277","185","2871","184","406","94","107","59","299","84","1605","187","1506","191","99","45",
"0500000US19167","Sioux County, Iowa","12690","181","9350","321","8247","367","1103","220","335","107","768","205","3340","307","3083","305","257","76",
"0500000US19169","Story County, Iowa","38904","509","18677","509","15641","599","3036","359","820","204","2216","294","20227","661","13233","686","6994","567",
"0500000US19171","Tama County, Iowa","6720","173","4616","197","3590","199","1026","133","345","79","681","107","2104","215","1734","196","370","76",
"0500000US19173","Taylor County, Iowa","2488","87","1672","99","1289","114","383","65","140","43","243","60","816","92","722","90","94","39",
"0500000US19175","Union County, Iowa","5116","177","2886","191","2306","190","580","135","113","64","467","124","2230","224","1939","220","291","88",
"0500000US19177","Van Buren County, Iowa","2896","123","1825","121","1530","137","295","75","128","54","167","56","1071","130","883","128","188","68",
"0500000US19179","Wapello County, Iowa","13997","276","9182","386","6630","433","2552","369","717","173","1835","284","4815","403","3909","382","906","172",
"0500000US19181","Warren County, Iowa","20679","291","14336","409","11467","441","2869","364","1091","251","1778","331","6343","441","5441","382","902","249",
"0500000US19183","Washington County, Iowa","8972","201","6125","269","4849","282","1276","181","411","116","865","148","2847","284","2475","252","372","119",
"0500000US19185","Wayne County, Iowa","2565","92","1674","100","1446","103","228","46","60","23","168","42","891","102","808","102","83","27",
"0500000US19187","Webster County, Iowa","15375","369","8263","339","6303","338","1960","282","930","215","1030","186","7112","473","5795","492","1317","276",
"0500000US19189","Winnebago County, Iowa","4641","125","2673","168","2112","176","561","128","153","65","408","116","1968","175","1686","201","282","97",
"0500000US19191","Winneshiek County, Iowa","8139","218","5026","244","4498","239","528","124","159","63","369","109","3113","282","2580","283","533","145",
"0500000US19193","Woodbury County, Iowa","40699","421","26058","751","17970","679","8088","691","2551","408","5537","541","14641","771","12034","697","2607","386",
"0500000US19195","Worth County, Iowa","3178","90","2173","85","1823","92","350","78","141","43","209","64","1005","108","876","100","129","47",
"0500000US19197","Wright County, Iowa","5353","190","3614","235","2829","205","785","164","210","82","575","142","1739","230","1486","202","253","99",
"0500000US20001","Allen County, Kansas","5011","201","3348","208","2486","242","862","152","198","85","664","130","1663","177","1515","172","148","68",
"0500000US20003","Anderson County, Kansas","3208","119","2198","164","1859","151","339","137","182","98","157","84","1010","174","948","164","62","48",
"0500000US20005","Atchison County, Kansas","5735","259","3775","264","2818","232","957","199","291","133","666","159","1960","265","1789","241","171","93",
"0500000US20007","Barber County, Kansas","1828","127","1261","120","1017","113","244","67","71","46","173","49","567","97","528","93","39","28",
"0500000US20009","Barton County, Kansas","10380","330","6631","348","5091","293","1540","257","451","166","1089","228","3749","342","3220","320","529","148",
"0500000US20011","Bourbon County, Kansas","5840","205","3651","232","2936","250","715","161","213","97","502","143","2189","262","1722","228","467","207",
"0500000US20013","Brown County, Kansas","3794","154","2331","166","1848","145","483","98","185","57","298","78","1463","191","1300","185","163","58",
"0500000US20015","Butler County, Kansas","25338","398","18477","492","14957","495","3520","377","1231","213","2289","330","6861","443","5922","449","939","191",
"0500000US20017","Chase County, Kansas","1147","74","666","73","600","71","66","25","12","11","54","21","481","74","428","73","53","32",
"0500000US20019","Chautauqua County, Kansas","1356","96","890","99","684","79","206","65","105","47","101","39","466","75","415","69","51","25",
"0500000US20021","Cherokee County, Kansas","7887","231","5094","339","3975","356","1119","169","487","127","632","135","2793","342","2311","311","482","169",
"0500000US20023","Cheyenne County, Kansas","1210","73","600","95","492","77","108","39","64","30","44","28","610","104","564","99","46","29",
"0500000US20025","Clark County, Kansas","788","70","474","77","353","60","121","48","26","18","95","45","314","62","274","60","40","24",
"0500000US20027","Clay County, Kansas","3522","136","2462","143","1910","160","552","131","177","88","375","87","1060","170","860","146","200","99",
"0500000US20029","Cloud County, Kansas","3819","168","2391","181","1852","158","539","128","280","107","259","87","1428","202","1226","191","202","99",
"0500000US20031","Coffey County, Kansas","3545","109","2416","114","1804","123","612","115","214","72","398","87","1129","130","977","125","152","65",
"0500000US20033","Comanche County, Kansas","824","86","486","64","392","58","94","40","45","28","49","28","338","89","317","86","21","16",
"0500000US20035","Cowley County, Kansas","13387","380","8212","370","6047","323","2165","315","564","158","1601","249","5175","385","4621","360","554","164",
"0500000US20037","Crawford County, Kansas","15838","311","9483","458","6928","450","2555","311","726","197","1829","268","6355","496","5064","481","1291","261",
"0500000US20039","Decatur County, Kansas","1327","79","741","89","592","92","149","44","69","31","80","38","586","102","538","96","48","36",
"0500000US20041","Dickinson County, Kansas","8016","196","5485","258","4170","237","1315","270","357","122","958","223","2531","260","2200","257","331","147",
"0500000US20043","Doniphan County, Kansas","2724","130","1907","150","1519","137","388","83","108","49","280","69","817","109","687","106","130","49",
"0500000US20045","Douglas County, Kansas","50406","600","26318","924","20919","810","5399","677","1673","374","3726","540","24088","1036","16464","1163","7624","754",
"0500000US20047","Edwards County, Kansas","1162","62","716","66","554","63","162","44","37","27","125","33","446","75","415","78","31","20",
"0500000US20049","Elk County, Kansas","999","71","663","68","533","56","130","39","36","16","94","34","336","61","315","62","21","12",
"0500000US20051","Ellis County, Kansas","12251","259","6949","352","5333","374","1616","260","579","156","1037","187","5302","399","3609","430","1693","260",
"0500000US20053","Ellsworth County, Kansas","2453","108","1604","138","1358","130","246","76","92","49","154","50","849","129","790","133","59","39",
"0500000US20055","Finney County, Kansas","13229","257","9238","425","6386","480","2852","421","1183","296","1669","342","3991","417","3290","369","701","174",
"0500000US20057","Ford County, Kansas","11796","245","8057","399","5338","431","2719","387","675","194","2044","328","3739","396","2878","406","861","230",
"0500000US20059","Franklin County, Kansas","10409","275","7285","371","5914","389","1371","239","531","157","840","177","3124","313","2727","320","397","120",
"0500000US20061","Geary County, Kansas","14158","327","9490","362","7036","411","2454","356","683","197","1771","299","4668","387","3831","361","837","258",
"0500000US20063","Gove County, Kansas","1168","94","732","72","670","72","62","17","25","13","37","14","436","80","407","78","29","16",
"0500000US20065","Graham County, Kansas","1191","70","695","82","508","73","187","61","61","33","126","51","496","90","476","91","20","13",
"0500000US20067","Grant County, Kansas","2379","164","1715","184","1487","215","228","133","64","54","164","112","664","204","590","189","74","71",
"0500000US20069","Gray County, Kansas","2136","72","1597","99","1396","106","201","55","19","16","182","51","539","93","496","90","43","32",
"0500000US20071","Greeley County, Kansas","541","53","395","54","329","57","66","35","11","10","55","34","146","36","144","36","2","4",
"0500000US20073","Greenwood County, Kansas","2666","138","1669","128","1317","111","352","95","99","48","253","84","997","122","853","109","144","53",
"0500000US20075","Hamilton County, Kansas","757","117","559","97","363","88","196","76","69","42","127","70","198","73","197","72","1","2",
"0500000US20077","Harper County, Kansas","2206","120","1266","111","929","100","337","81","135","55","202","57","940","134","815","131","125","45",
"0500000US20079","Harvey County, Kansas","13700","254","8956","399","6996","430","1960","358","812","215","1148","249","4744","414","3989","391","755","204",
"0500000US20081","Haskell County, Kansas","1403","46","917","81","805","82","112","59","52","46","60","33","486","79","446","84","40","36",
"0500000US20083","Hodgeman County, Kansas","697","66","409","56","334","53","75","27","24","14","51","22","288","66","286","66","2","3",
"0500000US20085","Jackson County, Kansas","5013","185","3370","172","2930","183","440","104","125","67","315","80","1643","174","1429","163","214","80",
"0500000US20087","Jefferson County, Kansas","7412","177","5216","282","4397","279","819","135","287","101","532","91","2196","274","1720","248","476","132",
"0500000US20089","Jewell County, Kansas","1317","77","823","82","707","93","116","46","61","36","55","25","494","80","427","79","67","31",
"0500000US20091","Johnson County, Kansas","249531","1006","164730","1736","136947","1935","27783","1429","9266","795","18517","1153","84801","1773","67830","1753","16971","1007",
"0500000US20093","Kearny County, Kansas","1427","75","1060","94","821","98","239","88","108","71","131","61","367","96","327","91","40","32",
"0500000US20095","Kingman County, Kansas","3166","134","1994","164","1666","162","328","92","152","65","176","82","1172","182","923","157","249","99",
"0500000US20097","Kiowa County, Kansas","955","55","607","61","559","53","48","30","15","16","33","22","348","62","296","62","52","21",
"0500000US20099","Labette County, Kansas","8078","227","4735","270","3450","265","1285","229","484","154","801","163","3343","303","2853","281","490","134",
"0500000US20101","Lane County, Kansas","709","82","414","75","338","77","76","53","40","42","36","31","295","69","283","69","12","10",
"0500000US20103","Leavenworth County, Kansas","30164","403","20423","703","16640","755","3783","534","961","242","2822","482","9741","638","8110","649","1631","386",
"0500000US20105","Lincoln County, Kansas","1278","79","787","84","663","78","124","38","51","27","73","21","491","87","450","85","41","23",
"0500000US20107","Linn County, Kansas","4348","179","2843","173","2316","169","527","108","201","61","326","85","1505","168","1322","165","183","66",
"0500000US20109","Logan County, Kansas","1241","56","708","87","590","77","118","53","31","27","87","41","533","91","496","91","37","26",
"0500000US20111","Lyon County, Kansas","13481","302","7501","441","5640","427","1861","341","759","222","1102","245","5980","479","4605","498","1375","284",
"0500000US20113","McPherson County, Kansas","12162","245","8129","335","7072","318","1057","229","317","95","740","195","4033","379","3370","386","663","215",
"0500000US20115","Marion County, Kansas","4750","179","3041","166","2624","158","417","90","117","43","300","74","1709","183","1569","188","140","40",
"0500000US20117","Marshall County, Kansas","4176","130","2817","152","2411","147","406","123","203","108","203","92","1359","158","1216","143","143","71",
"0500000US20119","Meade County, Kansas","1502","102","873","106","679","85","194","59","48","30","146","49","629","100","514","83","115","61",
"0500000US20121","Miami County, Kansas","13738","175","9790","411","7970","434","1820","337","910","261","910","215","3948","424","3320","409","628","231",
"0500000US20123","Mitchell County, Kansas","2680","94","1566","129","1347","135","219","79","75","43","144","64","1114","148","892","139","222","102",
"0500000US20125","Montgomery County, Kansas","12880","346","7832","357","5709","366","2123","306","557","116","1566","279","5048","419","4349","418","699","173",
"0500000US20127","Morris County, Kansas","2550","140","1541","146","1281","165","260","85","80","43","180","70","1009","148","879","136","130","50",
"0500000US20129","Morton County, Kansas","972","101","617","96","454","101","163","56","112","45","51","43","355","77","274","63","81","48",
"0500000US20131","Nemaha County, Kansas","4031","120","2612","157","2206","178","406","119","212","98","194","65","1419","188","1285","193","134","56",
"0500000US20133","Neosho County, Kansas","6464","202","4103","229","3080","243","1023","173","358","130","665","141","2361","271","2116","259","245","97",
"0500000US20135","Ness County, Kansas","1161","58","772","67","671","69","101","36","59","23","42","24","389","62","315","61","74","35",
"0500000US20137","Norton County, Kansas","2000","156","1166","146","971","151","195","93","8","8","187","93","834","184","682","158","152","91",
"0500000US20139","Osage County, Kansas","6432","153","4252","205","3288","210","964","141","386","105","578","123","2180","214","1916","205","264","75",
"0500000US20141","Osborne County, Kansas","1579","67","891","59","658","65","233","51","106","41","127","37","688","88","597","85","91","41",
"0500000US20143","Ottawa County, Kansas","2408","82","1696","87","1331","103","365","96","98","53","267","77","712","97","600","91","112","44",
"0500000US20145","Pawnee County, Kansas","2391","165","1110","151","951","143","159","65","52","39","107","51","1281","188","963","167","318","119",
"0500000US20147","Phillips County, Kansas","2273","98","1257","113","992","92","265","80","94","43","171","67","1016","134","931","139","85","37",
"0500000US20149","Pottawatomie County, Kansas","9381","270","6832","355","6080","325","752","175","296","108","456","132","2549","387","2189","351","360","127",
"0500000US20151","Pratt County, Kansas","3468","185","2037","155","1456","154","581","142","121","61","460","133","1431","170","1240","174","191","67",
"0500000US20153","Rawlins County, Kansas","1170","52","716","74","575","73","141","58","65","48","76","31","454","73","432","75","22","15",
"0500000US20155","Reno County, Kansas","25592","459","15274","608","11335","588","3939","499","1201","335","2738","393","10318","629","8744","629","1574","318",
"0500000US20157","Republic County, Kansas","1996","108","1130","98","1004","100","126","45","50","26","76","28","866","98","803","96","63","23",
"0500000US20159","Rice County, Kansas","3714","157","2355","142","2009","157","346","109","61","38","285","100","1359","167","1208","164","151","64",
"0500000US20161","Riley County, Kansas","27695","467","14329","557","11697","546","2632","423","790","301","1842","320","13366","681","8971","759","4395","515",
"0500000US20163","Rooks County, Kansas","2136","103","1289","90","1091","83","198","51","74","30","124","40","847","123","725","118","122","54",
"0500000US20165","Rush County, Kansas","1387","85","780","82","634","85","146","45","66","29","80","34","607","89","524","81","83","36",
"0500000US20167","Russell County, Kansas","3100","146","1833","158","1452","150","381","134","89","63","292","119","1267","204","1100","190","167","84",
"0500000US20169","Saline County, Kansas","22523","353","13302","540","9965","620","3337","438","1002","267","2335","333","9221","629","7744","647","1477","315",
"0500000US20171","Scott County, Kansas","2289","116","1416","208","1029","198","387","192","173","97","214","148","873","220","855","216","18","33",
"0500000US20173","Sedgwick County, Kansas","206768","1311","129739","1610","95290","1630","34449","1159","9517","701","24932","1124","77029","1943","64181","1978","12848","954",
"0500000US20175","Seward County, Kansas","7257","261","4916","296","3309","343","1607","369","416","245","1191","318","2341","289","2051","317","290","147",
"0500000US20177","Shawnee County, Kansas","75458","597","45539","899","32749","782","12790","846","3728","470","9062","687","29919","937","25674","974","4245","482",
"0500000US20179","Sheridan County, Kansas","987","57","570","73","481","70","89","43","37","31","52","26","417","64","363","56","54","36",
"0500000US20181","Sherman County, Kansas","2449","149","1616","164","1315","155","301","110","101","63","200","95","833","190","788","196","45","36",
"0500000US20183","Smith County, Kansas","1578","85","972","68","851","71","121","41","72","31","49","24","606","79","585","79","21","12",
"0500000US20185","Stafford County, Kansas","1579","92","1069","91","884","80","185","57","44","24","141","50","510","73","452","72","58","24",
"0500000US20187","Stanton County, Kansas","856","110","502","94","461","94","41","35","7","9","34","32","354","102","284","105","70","61",
"0500000US20189","Stevens County, Kansas","1888","124","1175","167","915","157","260","87","167","83","93","41","713","140","661","141","52","42",
"0500000US20191","Sumner County, Kansas","8970","203","5592","324","4601","310","991","153","285","77","706","142","3378","326","3074","326","304","109",
"0500000US20193","Thomas County, Kansas","3139","161","2062","218","1676","212","386","169","119","74","267","138","1077","193","965","190","112","81",
"0500000US20195","Trego County, Kansas","1367","75","954","77","811","101","143","61","18","17","125","61","413","89","390","85","23","18",
"0500000US20197","Wabaunsee County, Kansas","2684","113","1884","160","1597","168","287","66","105","43","182","47","800","133","737","137","63","32",
"0500000US20199","Wallace County, Kansas","599","55","353","50","285","44","68","29","38","26","30","20","246","59","234","60","12","12",
"0500000US20201","Washington County, Kansas","2373","84","1403","83","1217","94","186","37","72","28","114","30","970","97","866","96","104","35",
"0500000US20203","Wichita County, Kansas","824","80","538","88","417","103","121","57","48","37","73","47","286","84","216","83","70","65",
"0500000US20205","Wilson County, Kansas","3517","197","2410","171","1750","159","660","142","295","98","365","106","1107","148","1023","140","84","42",
"0500000US20207","Woodson County, Kansas","1254","82","781","76","645","85","136","55","25","28","111","49","473","80","425","80","48","24",
"0500000US20209","Wyandotte County, Kansas","61562","603","39649","876","24607","817","15042","881","4525","586","10517","718","21913","1017","17978","929","3935","379",
"0500000US21001","Adair County, Kentucky","7136","263","4699","316","3698","290","1001","230","393","128","608","167","2437","343","2172","341","265","154",
"0500000US21003","Allen County, Kentucky","8035","252","5718","284","4251","302","1467","294","568","202","899","238","2317","296","2106","282","211","91",
"0500000US21005","Anderson County, Kentucky","9653","246","6921","340","5544","399","1377","330","343","133","1034","282","2732","314","2202","306","530","183",
"0500000US21007","Ballard County, Kentucky","3209","123","2192","138","1740","159","452","92","155","58","297","78","1017","148","949","142","68","34",
"0500000US21009","Barren County, Kentucky","18017","339","12449","533","8765","484","3684","365","1295","322","2389","300","5568","463","4603","438","965","213",
"0500000US21011","Bath County, Kentucky","4698","210","3292","231","2511","249","781","210","176","88","605","191","1406","286","1229","254","177","94",
"0500000US21013","Bell County, Kentucky","9939","280","5926","406","3600","371","2326","373","697","193","1629","338","4013","386","3567","376","446","143",
"0500000US21015","Boone County, Kentucky","50963","530","36149","971","27878","974","8271","759","2611","499","5660","626","14814","808","12351","801","2463","440",
"0500000US21017","Bourbon County, Kentucky","8134","240","5227","316","3857","309","1370","247","402","133","968","201","2907","297","2440","305","467","162",
"0500000US21019","Boyd County, Kentucky","19309","401","12451","598","8472","625","3979","510","1072","279","2907","449","6858","607","5984","541","874","231",
"0500000US21021","Boyle County, Kentucky","12045","221","7841","420","5469","336","2372","342","689","206","1683","290","4204","450","3571","419","633","205",
"0500000US21023","Bracken County, Kentucky","3364","145","2562","162","1921","174","641","117","197","80","444","108","802","131","599","115","203","105",
"0500000US21025","Breathitt County, Kentucky","5464","196","3432","226","2358","233","1074","187","367","110","707","141","2032","243","1864","231","168","68",
"0500000US21027","Breckinridge County, Kentucky","8069","304","5353","327","4236","294","1117","221","350","133","767","185","2716","352","2366","332","350","117",
"0500000US21029","Bullitt County, Kentucky","31747","383","23861","537","17936","616","5925","512","1967","328","3958","460","7886","523","6570","510","1316","252",
"0500000US21031","Butler County, Kentucky","4567","178","3063","237","2369","217","694","142","427","133","267","74","1504","192","1151","180","353","130",
"0500000US21033","Caldwell County, Kentucky","5025","187","3434","286","2530","283","904","184","365","142","539","165","1591","303","1331","287","260","115",
"0500000US21035","Calloway County, Kentucky","15239","332","8975","396","6672","361","2303","365","757","243","1546","254","6264","514","4857","498","1407","281",
"0500000US21037","Campbell County, Kentucky","39232","440","23261","653","17889","664","5372","405","1687","258","3685","327","15971","689","12867","658","3104","381",
"0500000US21039","Carlisle County, Kentucky","1865","114","1320","114","998","107","322","83","139","46","183","64","545","112","479","102","66","32",
"0500000US21041","Carroll County, Kentucky","4178","178","2855","250","1600","239","1255","242","418","164","837","210","1323","252","1151","226","172","99",
"0500000US21043","Carter County, Kentucky","10794","290","7364","364","6029","463","1335","332","460","182","875","229","3430","387","3093","388","337","147",
"0500000US21045","Casey County, Kentucky","6482","217","4306","241","3315","246","991","190","248","92","743","162","2176","255","1957","246","219","93",
"0500000US21047","Christian County, Kentucky","25725","345","16971","729","11345","721","5626","495","1673","404","3953","410","8754","704","7187","629","1567","326",
"0500000US21049","Clark County, Kentucky","15055","270","9667","443","7186","393","2481","336","826","242","1655","241","5388","434","4662","444","726","249",
"0500000US21051","Clay County, Kentucky","7288","291","5256","348","3398","339","1858","324","476","171","1382","281","2032","270","1886","272","146","74",
"0500000US21053","Clinton County, Kentucky","3854","179","2535","203","1829","202","706","153","106","85","600","140","1319","184","1173","181","146","79",
"0500000US21055","Crittenden County, Kentucky","3543","206","2292","191","1738","185","554","167","116","59","438","148","1251","189","1139","178","112","62",
"0500000US21057","Cumberland County, Kentucky","2630","191","1483","161","1058","171","425","127","166","81","259","105","1147","184","1025","179","122","67",
"0500000US21059","Daviess County, Kentucky","41639","432","26560","767","19582","664","6978","646","1815","357","5163","535","15079","736","12501","661","2578","460",
"0500000US21061","Edmonson County, Kentucky","5099","182","3676","221","2919","242","757","207","176","81","581","189","1423","220","1241","225","182","97",
"0500000US21063","Elliott County, Kentucky","2440","159","1757","172","1304","186","453","149","125","83","328","112","683","145","546","129","137","83",
"0500000US21065","Estill County, Kentucky","5975","219","3997","263","2846","244","1151","187","438","131","713","137","1978","296","1593","260","385","159",
"0500000US21067","Fayette County, Kentucky","139715","787","76067","1588","54203","1497","21864","1300","6508","774","15356","928","63648","1630","49060","1612","14588","975",
"0500000US21069","Fleming County, Kentucky","5859","250","4010","287","2977","281","1033","230","346","126","687","183","1849","250","1538","240","311","142",
"0500000US21071","Floyd County, Kentucky","14700","361","9968","520","7010","401","2958","450","851","250","2107","370","4732","492","4095","458","637","229",
"0500000US21073","Franklin County, Kentucky","22718","373","13284","620","9270","630","4014","471","1153","359","2861","375","9434","600","7651","607","1783","354",
"0500000US21075","Fulton County, Kentucky","2550","122","1465","160","897","127","568","142","161","115","407","107","1085","169","979","160","106","56",
"0500000US21077","Gallatin County, Kentucky","3265","148","2441","173","1831","181","610","159","160","60","450","143","824","162","712","148","112","62",
"0500000US21079","Garrard County, Kentucky","6695","168","4831","271","3820","287","1011","191","280","118","731","164","1864","265","1540","237","324","132",
"0500000US21081","Grant County, Kentucky","9224","266","6132","343","4448","373","1684","298","550","212","1134","220","3092","381","2583","333","509","195",
"0500000US21083","Graves County, Kentucky","14139","399","9585","464","7511","493","2074","302","621","178","1453","261","4554","478","3845","443","709","255",
"0500000US21085","Grayson County, Kentucky","10129","297","6369","301","4744","313","1625","267","598","199","1027","192","3760","302","3426","302","334","104",
"0500000US21087","Green County, Kentucky","4421","215","3174","199","2483","177","691","165","246","101","445","142","1247","200","1069","191","178","79",
"0500000US21089","Greenup County, Kentucky","14739","277","9664","423","7409","438","2255","296","613","170","1642","239","5075","414","4334","418","741","229",
"0500000US21091","Hancock County, Kentucky","3638","106","2562","165","1842","170","720","140","337","114","383","95","1076","170","904","164","172","65",
"0500000US21093","Hardin County, Kentucky","44622","649","28880","887","20287","775","8593","721","2510","445","6083","562","15742","895","13061","826","2681","466",
"0500000US21095","Harlan County, Kentucky","10731","247","7555","338","5383","366","2172","306","686","166","1486","259","3176","304","2694","320","482","204",
"0500000US21097","Harrison County, Kentucky","7293","220","5240","365","3990","317","1250","230","401","145","849","195","2053","318","1855","310","198","96",
"0500000US21099","Hart County, Kentucky","7376","241","5051","325","3914","314","1137","205","425","144","712","136","2325","306","1976","273","349","118",
"0500000US21101","Henderson County, Kentucky","18522","394","12131","490","8987","555","3144","323","1082","227","2062","274","6391","525","5596","511","795","204",
"0500000US21103","Henry County, Kentucky","6147","131","4191","222","2989","259","1202","221","425","137","777","148","1956","234","1664","229","292","91",
"0500000US21105","Hickman County, Kentucky","1731","134","1208","141","904","129","304","97","118","74","186","79","523","138","432","114","91","62",
"0500000US21107","Hopkins County, Kentucky","18397","413","12092","607","8766","447","3326","489","877","280","2449","369","6305","542","5288","505","1017","324",
"0500000US21109","Jackson County, Kentucky","5122","237","3470","331","2770","354","700","193","238","127","462","161","1652","313","1461","306","191","114",
"0500000US21111","Jefferson County, Kentucky","331554","1638","192587","2189","128219","2271","64368","1931","17744","1172","46624","1758","138967","2320","114580","2354","24387","1222",
"0500000US21113","Jessamine County, Kentucky","19913","367","13733","579","10604","518","3129","477","640","188","2489","415","6180","550","4787","479","1393","328",
"0500000US21115","Johnson County, Kentucky","9040","291","6433","373","4934","364","1499","303","518","177","981","242","2607","293","2237","274","370","121",
"0500000US21117","Kenton County, Kentucky","67367","577","41774","973","31283","959","10491","775","3666","511","6825","602","25593","991","20107","923","5486","613",
"0500000US21119","Knott County, Kentucky","5521","266","3854","268","2803","257","1051","241","203","97","848","204","1667","271","1404","274","263","143",
"0500000US21121","Knox County, Kentucky","11711","337","7768","413","4960","427","2808","409","1074","278","1734","333","3943","441","3445","421","498","146",
"0500000US21123","Larue County, Kentucky","5996","191","4229","278","3186","256","1043","237","392","127","651","205","1767","264","1394","237","373","162",
"0500000US21125","Laurel County, Kentucky","23996","471","16918","592","12159","620","4759","586","1522","382","3237","510","7078","636","5602","594","1476","363",
"0500000US21127","Lawrence County, Kentucky","6342","237","4176","260","3444","256","732","180","256","119","476","134","2166","301","1967","260","199","116",
"0500000US21129","Lee County, Kentucky","2595","144","1661","176","1139","164","522","140","283","118","239","79","934","172","806","168","128","67",
"0500000US21131","Leslie County, Kentucky","4231","225","2443","356","1774","356","669","226","278","144","391","153","1788","357","1463","311","325","205",
"0500000US21133","Letcher County, Kentucky","8463","267","5626","342","4249","348","1377","266","485","152","892","201","2837","392","2431","345","406","175",
"0500000US21135","Lewis County, Kentucky","5019","204","3512","263","2640","266","872","161","308","121","564","124","1507","202","1401","192","106","61",
"0500000US21137","Lincoln County, Kentucky","9705","271","6717","388","4788","438","1929","309","725","201","1204","243","2988","384","2496","345","492","180",
"0500000US21139","Livingston County, Kentucky","3603","214","2592","220","2006","230","586","148","93","49","493","143","1011","162","898","153","113","63",
"0500000US21141","Logan County, Kentucky","11005","381","7335","401","5751","382","1584","294","585","202","999","204","3670","467","3146","466","524","167",
"0500000US21143","Lyon County, Kentucky","3419","213","2110","217","1790","211","320","121","82","57","238","95","1309","214","1178","210","131","61",
"0500000US21145","McCracken County, Kentucky","27601","591","16574","632","12682","629","3892","417","883","226","3009","390","11027","611","9130","605","1897","397",
"0500000US21147","McCreary County, Kentucky","5861","261","3532","360","2413","291","1119","297","558","204","561","195","2329","400","2067","410","262","144",
"0500000US21149","McLean County, Kentucky","3641","141","2629","179","2202","165","427","120","174","93","253","90","1012","142","917","145","95","47",
"0500000US21151","Madison County, Kentucky","37051","519","23014","728","17392","603","5622","580","1415","261","4207","499","14037","702","10475","662","3562","530",
"0500000US21153","Magoffin County, Kentucky","4734","204","3165","288","2276","292","889","242","365","200","524","156","1569","260","1468","240","101","85",
"0500000US21155","Marion County, Kentucky","7724","188","5142","269","3600","320","1542","249","519","155","1023","208","2582","264","2417","254","165","74",
"0500000US21157","Marshall County, Kentucky","13209","432","9004","446","6963","452","2041","417","724","200","1317","314","4205","450","3412","415","793","198",
"0500000US21159","Martin County, Kentucky","3854","268","2549","307","1913","279","636","173","290","118","346","126","1305","220","1086","205","219","116",
"0500000US21161","Mason County, Kentucky","7131","241","4377","345","3050","308","1327","281","344","133","983","208","2754","351","2437","338","317","134",
"0500000US21163","Meade County, Kentucky","11007","321","7898","394","6221","410","1677","289","486","183","1191","202","3109","319","2526","331","583","185",
"0500000US21165","Menifee County, Kentucky","2478","175","1638","145","1167","136","471","129","185","91","286","103","840","181","673","159","167","101",
"0500000US21167","Mercer County, Kentucky","9181","258","5827","350","4632","395","1195","216","546","137","649","184","3354","407","2951","375","403","145",
"0500000US21169","Metcalfe County, Kentucky","4100","181","2797","177","2220","180","577","139","178","92","399","109","1303","169","1135","159","168","99",
"0500000US21171","Monroe County, Kentucky","4645","145","3134","204","2231","239","903","188","282","110","621","162","1511","207","1247","212","264","103",
"0500000US21173","Montgomery County, Kentucky","11005","311","7390","386","5363","404","2027","389","482","146","1545","374","3615","341","2923","327","692","231",
"0500000US21175","Morgan County, Kentucky","4882","174","3426","221","2708","194","718","150","161","68","557","132","1456","196","1209","180","247","96",
"0500000US21177","Muhlenberg County, Kentucky","12123","257","8039","420","6176","443","1863","315","719","195","1144","225","4084","458","3462","402","622","196",
"0500000US21179","Nelson County, Kentucky","19150","266","13245","507","9897","513","3348","373","818","178","2530","364","5905","567","5169","530","736","233",
"0500000US21181","Nicholas County, Kentucky","2776","170","1839","200","1413","175","426","144","121","97","305","100","937","180","652","148","285","128",
"0500000US21183","Ohio County, Kentucky","9107","275","6279","319","4730","329","1549","258","599","185","950","181","2828","328","2469","305","359","144",
"0500000US21185","Oldham County, Kentucky","23025","232","18629","441","15518","472","3111","365","930","202","2181","302","4396","412","3650","424","746","197",
"0500000US21187","Owen County, Kentucky","4252","220","2940","226","2419","223","521","130","227","91","294","90","1312","223","1067","211","245","104",
"0500000US21189","Owsley County, Kentucky","1567","158","845","123","572","109","273","97","96","69","177","84","722","181","648","190","74","53",
"0500000US21191","Pendleton County, Kentucky","5442","241","3657","250","2687","253","970","218","377","131","593","159","1785","241","1482","216","303","123",
"0500000US21193","Perry County, Kentucky","11078","335","7684","473","5197","401","2487","384","656","210","1831","355","3394","421","2792","389","602","216",
"0500000US21195","Pike County, Kentucky","24284","485","15577","629","11833","632","3744","488","1059","256","2685","385","8707","592","7819","542","888","225",
"0500000US21197","Powell County, Kentucky","4790","234","3321","298","2285","249","1036","209","402","145","634","149","1469","271","1297","259","172","93",
"0500000US21199","Pulaski County, Kentucky","26210","564","17142","555","12460","578","4682","467","1218","270","3464","375","9068","655","7596","640","1472","331",
"0500000US21201","Robertson County, Kentucky","810","97","571","78","420","85","151","59","68","48","83","45","239","75","220","76","19","17",
"0500000US21203","Rockcastle County, Kentucky","6534","256","4326","283","3346","304","980","213","280","99","700","178","2208","282","1971","251","237","100",
"0500000US21205","Rowan County, Kentucky","9592","240","5402","343","3777","385","1625","316","609","237","1016","228","4190","411","3190","405","1000","251",
"0500000US21207","Russell County, Kentucky","7562","282","4826","340","3380","299","1446","262","557","170","889","197","2736","327","2360","318","376","179",
"0500000US21209","Scott County, Kentucky","22642","255","15964","418","12244","542","3720","418","1189","226","2531","326","6678","418","5500","413","1178","227",
"0500000US21211","Shelby County, Kentucky","18484","285","13281","488","10568","587","2713","466","1054","299","1659","327","5203","442","4278","459","925","225",
"0500000US21213","Simpson County, Kentucky","8025","208","5032","302","3844","302","1188","224","348","164","840","192","2993","343","2547","347","446","176",
"0500000US21215","Spencer County, Kentucky","7308","157","5790","239","4677","320","1113","218","405","126","708","176","1518","261","1178","252","340","112",
"0500000US21217","Taylor County, Kentucky","10260","277","6332","385","4476","399","1856","332","590","207","1266","252","3928","389","3392","412","536","197",
"0500000US21219","Todd County, Kentucky","4559","151","3238","221","2670","252","568","132","107","65","461","110","1321","201","1196","198","125","80",
"0500000US21221","Trigg County, Kentucky","6060","249","4032","270","3349","283","683","191","205","88","478","152","2028","292","1799","291","229","89",
"0500000US21223","Trimble County, Kentucky","3382","156","2243","202","1529","235","714","245","263","118","451","168","1139","205","862","174","277","161",
"0500000US21225","Union County, Kentucky","5198","187","3398","243","2646","230","752","145","109","67","643","135","1800","254","1623","248","177","92",
"0500000US21227","Warren County, Kentucky","55643","573","33451","1010","24212","995","9239","899","3156","535","6083","733","22192","998","16688","1002","5504","611",
"0500000US21229","Washington County, Kentucky","4852","150","3096","249","2321","240","775","201","252","119","523","165","1756","231","1547","247","209","109",
"0500000US21231","Wayne County, Kentucky","8074","268","5268","306","3973","328","1295","245","347","133","948","191","2806","353","2315","332","491","187",
"0500000US21233","Webster County, Kentucky","4923","190","3505","204","2628","206","877","150","318","104","559","126","1418","219","1163","208","255","93",
"0500000US21235","Whitley County, Kentucky","13541","361","9073","514","6655","482","2418","396","693","209","1725","323","4468","446","3539","442","929","285",
"0500000US21237","Wolfe County, Kentucky","2673","162","1796","196","1269","220","527","184","232","139","295","143","877","209","703","181","174","112",
"0500000US21239","Woodford County, Kentucky","10814","200","7405","329","5609","316","1796","252","337","121","1459","214","3409","324","2655","296","754","208",
"0500000US22001","Acadia Parish, Louisiana","22099","409","13902","597","10021","663","3881","461","1331","250","2550","363","8197","600","7182","616","1015","288",
"0500000US22003","Allen Parish, Louisiana","7854","310","5200","370","3438","395","1762","277","428","162","1334","230","2654","356","2527","371","127","63",
"0500000US22005","Ascension Parish, Louisiana","47656","640","35527","1072","26338","1273","9189","881","2747","526","6442","718","12129","1028","10046","926","2083","522",
"0500000US22007","Assumption Parish, Louisiana","8830","250","5869","377","4278","416","1591","283","349","141","1242","255","2961","413","2473","403","488","214",
"0500000US22009","Avoyelles Parish, Louisiana","14441","423","9017","495","5435","462","3582","410","691","224","2891","328","5424","551","4601","517","823","220",
"0500000US22011","Beauregard Parish, Louisiana","13747","374","9410","485","7040","503","2370","289","806","176","1564","245","4337","484","3703","434","634","214",
"0500000US22013","Bienville Parish, Louisiana","5556","254","3057","319","1962","261","1095","201","238","105","857","169","2499","313","2352","296","147","85",
"0500000US22015","Bossier Parish, Louisiana","50826","667","31981","1034","22707","937","9274","888","2629","501","6645","675","18845","1058","16116","1001","2729","512",
"0500000US22017","Caddo Parish, Louisiana","95771","958","56367","1299","32559","1454","23808","1246","4936","700","18872","1090","39404","1383","34757","1342","4647","664",
"0500000US22019","Calcasieu Parish, Louisiana","77957","1088","50387","1509","36567","1326","13820","974","3596","549","10224","870","27570","1539","22688","1423","4882","703",
"0500000US22021","Caldwell Parish, Louisiana","3716","207","2391","286","1493","227","898","197","336","154","562","120","1325","227","1124","214","201","109",
"0500000US22023","Cameron Parish, Louisiana","2018","164","1654","159","1283","161","371","149","119","118","252","117","364","132","323","126","41","32",
"0500000US22025","Catahoula Parish, Louisiana","3201","197","2246","234","1489","205","757","187","151","79","606","160","955","180","892","189","63","58",
"0500000US22027","Claiborne Parish, Louisiana","5155","219","2807","220","1833","202","974","180","249","113","725","157","2348","246","2210","231","138","100",
"0500000US22029","Concordia Parish, Louisiana","6778","315","4520","359","2675","305","1845","262","438","163","1407","235","2258","318","1859","246","399","188",
"0500000US22031","De Soto Parish, Louisiana","10504","318","7066","458","4680","489","2386","328","543","173","1843","277","3438","418","3289","413","149","63",
"0500000US22033","East Baton Rouge Parish, Louisiana","177295","1381","103260","2200","65676","1968","37584","1548","8709","1064","28875","1323","74035","2046","59847","2215","14188","1077",
"0500000US22035","East Carroll Parish, Louisiana","2617","252","1650","227","771","114","879","203","75","59","804","183","967","217","791","196","176","150",
"0500000US22037","East Feliciana Parish, Louisiana","6401","293","4117","284","3073","320","1044","226","271","102","773","178","2284","348","1977","328","307","124",
"0500000US22039","Evangeline Parish, Louisiana","12561","301","7963","451","5460","419","2503","416","626","231","1877","350","4598","483","4071","441","527","190",
"0500000US22041","Franklin Parish, Louisiana","7525","263","5206","348","3448","323","1758","306","372","132","1386","245","2319","298","2176","312","143","85",
"0500000US22043","Grant Parish, Louisiana","7440","267","4971","320","3570","347","1401","243","344","158","1057","212","2469","332","2105","319","364","150",
"0500000US22045","Iberia Parish, Louisiana","26816","491","17894","742","11360","623","6534","670","2261","472","4273","460","8922","635","7635","585","1287","349",
"0500000US22047","Iberville Parish, Louisiana","11296","445","7359","492","4096","463","3263","382","977","288","2286","292","3937","509","3484","546","453","203",
"0500000US22049","Jackson Parish, Louisiana","5576","243","3630","279","2423","225","1207","207","292","126","915","169","1946","243","1844","250","102","61",
"0500000US22051","Jefferson Parish, Louisiana","177003","1136","105366","1906","68781","1546","36585","1779","10501","914","26084","1413","71637","1904","61781","1835","9856","982",
"0500000US22053","Jefferson Davis Parish, Louisiana","12068","370","8235","462","6008","487","2227","380","777","238","1450","310","3833","468","3328","486","505","198",
"0500000US22055","Lafayette Parish, Louisiana","100903","947","62973","1410","45194","1380","17779","1130","4286","735","13493","1015","37930","1384","30809","1383","7121","947",
"0500000US22057","Lafourche Parish, Louisiana","37762","553","26049","868","19055","824","6994","722","1783","339","5211","631","11713","795","9983","830","1730","332",
"0500000US22059","LaSalle Parish, Louisiana","5049","218","3483","279","2582","281","901","238","172","124","729","199","1566","283","1320","251","246","140",
"0500000US22061","Lincoln Parish, Louisiana","18487","414","10092","549","6735","531","3357","496","585","203","2772","405","8395","569","6476","651","1919","417",
"0500000US22063","Livingston Parish, Louisiana","53596","684","38302","989","28084","1542","10218","1092","3004","504","7214","965","15294","975","12188","959","3106","518",
"0500000US22065","Madison Parish, Louisiana","3053","179","1882","202","1054","119","828","173","170","93","658","136","1171","178","1049","172","122","71",
"0500000US22067","Morehouse Parish, Louisiana","9769","292","6067","390","3742","384","2325","323","629","160","1696","283","3702","426","3361","401","341","153",
"0500000US22069","Natchitoches Parish, Louisiana","14508","393","8245","403","5237","361","3008","252","738","148","2270","225","6263","355","5031","388","1232","214",
"0500000US22071","Orleans Parish, Louisiana","155821","1188","74896","1324","43187","1281","31709","952","6069","615","25640","806","80925","1514","68576","1492","12349","739",
"0500000US22073","Ouachita Parish, Louisiana","61489","770","39084","1062","24501","895","14583","931","3341","438","11242","753","22405","993","19408","927","2997","502",
"0500000US22075","Plaquemines Parish, Louisiana","8218","259","6160","318","4799","363","1361","252","476","150","885","200","2058","344","1896","333","162","89",
"0500000US22077","Pointe Coupee Parish, Louisiana","8335","259","5033","382","3652","326","1381","301","165","80","1216","295","3302","403","2678","394","624","267",
"0500000US22079","Rapides Parish, Louisiana","48954","725","31200","1009","19993","879","11207","832","2986","495","8221","647","17754","879","15217","886","2537","497",
"0500000US22081","Red River Parish, Louisiana","3100","189","2084","192","1459","189","625","167","102","68","523","158","1016","202","886","167","130","97",
"0500000US22083","Richland Parish, Louisiana","7240","244","5270","327","3597","319","1673","205","374","127","1299","199","1970","284","1751","262","219","119",
"0500000US22085","Sabine Parish, Louisiana","8785","343","5854","334","4126","295","1728","214","369","108","1359","182","2931","322","2634","315","297","103",
"0500000US22087","St. Bernard Parish, Louisiana","16219","289","10787","448","6124","518","4663","502","1170","223","3493","428","5432","479","4416","400","1016","231",
"0500000US22089","St. Charles Parish, Louisiana","18608","422","13466","501","9794","614","3672","466","828","258","2844","401","5142","632","3914","608","1228","336",
"0500000US22091","St. Helena Parish, Louisiana","4176","271","2194","347","1253","281","941","197","88","59","853","184","1982","405","1730","380","252","160",
"0500000US22093","St. James Parish, Louisiana","7543","201","5251","265","3689","267","1562","246","281","110","1281","215","2292","308","2071","297","221","110",
"0500000US22095","St. John the Baptist Parish, Louisiana","15152","397","10494","531","6266","544","4228","552","1120","312","3108","453","4658","508","3963","460","695","244",
"0500000US22097","St. Landry Parish, Louisiana","32183","482","20297","753","12319","698","7978","592","1992","380","5986","566","11886","750","10477","716","1409","283",
"0500000US22099","St. Martin Parish, Louisiana","19579","478","13081","672","9029","550","4052","518","1183","295","2869","417","6498","645","5766","637","732","174",
"0500000US22101","St. Mary Parish, Louisiana","18463","468","11995","603","7503","591","4492","522","1045","283","3447","435","6468","559","5474","504","994","239",
"0500000US22103","St. Tammany Parish, Louisiana","105082","957","73620","1474","54476","1438","19144","1181","5793","670","13351","1132","31462","1499","26791","1345","4671","597",
"0500000US22105","Tangipahoa Parish, Louisiana","51999","827","33632","1022","21534","1207","12098","940","3146","558","8952","844","18367","1214","15410","1166","2957","496",
"0500000US22107","Tensas Parish, Louisiana","1578","115","835","123","515","100","320","85","77","44","243","72","743","146","712","144","31","26",
"0500000US22109","Terrebonne Parish, Louisiana","42127","654","28851","1060","19347","911","9504","766","3315","553","6189","621","13276","1076","10731","1051","2545","542",
"0500000US22111","Union Parish, Louisiana","8508","283","5378","357","3931","339","1447","277","365","123","1082","235","3130","370","2869","375","261","95",
"0500000US22113","Vermilion Parish, Louisiana","21797","468","15064","599","9934","634","5130","547","1581","326","3549","409","6733","536","5481","542","1252","270",
"0500000US22115","Vernon Parish, Louisiana","18300","403","12599","450","9438","442","3161","303","1047","181","2114","246","5701","446","4973","401","728","162",
"0500000US22117","Washington Parish, Louisiana","17716","406","10889","689","6780","611","4109","442","1223","329","2886","311","6827","636","5955","609","872","302",
"0500000US22119","Webster Parish, Louisiana","14334","379","9324","379","6174","418","3150","346","846","243","2304","271","5010","369","4604","374","406","158",
"0500000US22121","West Baton Rouge Parish, Louisiana","10974","293","7019","516","4963","464","2056","410","714","257","1342","324","3955","510","3327","447","628","298",
"0500000US22123","West Carroll Parish, Louisiana","3850","150","2496","224","1790","220","706","148","203","105","503","134","1354","221","1282","223","72","55",
"0500000US22125","West Feliciana Parish, Louisiana","4026","195","2854","253","2031","251","823","178","243","135","580","153","1172","283","1035","273","137","89",
"0500000US22127","Winn Parish, Louisiana","4790","239","2974","299","1880","257","1094","209","143","88","951","181","1816","315","1578","262","238","197",
"0500000US23001","Androscoggin County, Maine","46953","497","28421","839","21559","761","6862","595","2216","389","4646","475","18532","925","14832","884","3700","582",
"0500000US23003","Aroostook County, Maine","29932","483","18040","481","14287","466","3753","379","1503","243","2250","280","11892","598","9906","610","1986","273",
"0500000US23005","Cumberland County, Maine","132168","983","78309","1203","63603","1337","14706","859","4217","523","10489","705","53859","1337","41144","1192","12715","875",
"0500000US23007","Franklin County, Maine","12675","305","7127","403","5943","420","1184","206","366","115","818","178","5548","470","4573","471","975","227",
"0500000US23009","Hancock County, Maine","25572","629","14766","521","12206","517","2560","319","837","184","1723","291","10806","668","8198","618","2608","390",
"0500000US23011","Kennebec County, Maine","54312","666","33109","934","24080","876","9029","746","3016","444","6013","528","21203","967","17132","898","4071","455",
"0500000US23013","Knox County, Maine","18484","485","10680","463","8872","457","1808","282","492","137","1316","247","7804","513","6101","485","1703","318",
"0500000US23015","Lincoln County, Maine","16592","391","10075","523","8257","478","1818","300","689","189","1129","217","6517","617","5252","623","1265","252",
"0500000US23017","Oxford County, Maine","24140","543","14854","611","11620","587","3234","386","847","152","2387","333","9286","690","7373","597","1913","283",
"0500000US23019","Penobscot County, Maine","65221","625","38744","849","30382","854","8362","667","2579","391","5783","560","26477","936","19813","914","6664","584",
"0500000US23021","Piscataquis County, Maine","8385","357","5286","302","4003","271","1283","188","314","97","969","184","3099","293","2255","272","844","172",
"0500000US23023","Sagadahoc County, Maine","16446","370","10824","452","8544","487","2280","356","760","227","1520","288","5622","418","4351","402","1271","281",
"0500000US23025","Somerset County, Maine","23209","328","13951","506","10918","450","3033","318","1178","214","1855","230","9258","546","7389","563","1869","267",
"0500000US23027","Waldo County, Maine","17470","343","10990","439","8652","402","2338","246","668","146","1670","227","6480","470","4829","411","1651","294",
"0500000US23029","Washington County, Maine","14187","261","8468","255","6418","264","2050","184","720","151","1330","158","5719","302","4659","290","1060","127",
"0500000US23031","York County, Maine","91413","927","58894","1267","47422","1385","11472","879","3953","609","7519","623","32519","1454","25811","1232","6708","615",
"0500000US24001","Allegany County, Maryland","27382","459","15656","516","11305","503","4351","411","1346","279","3005","340","11726","647","9722","646","2004","311",
"0500000US24003","Anne Arundel County, Maryland","224748","982","153810","2292","117840","2321","35970","1553","10309","932","25661","1125","70938","2123","57192","1999","13746","914",
"0500000US24005","Baltimore County, Maryland","332801","1226","210078","2054","145462","2337","64616","2086","16791","1199","47825","1915","122723","2095","101190","2013","21533","1199",
"0500000US24009","Calvert County, Maryland","33465","496","25206","731","20592","707","4614","443","1531","258","3083","364","8259","668","6378","570","1881","369",
"0500000US24011","Caroline County, Maryland","12495","251","8319","308","5713","335","2606","333","573","159","2033","285","4176","304","3600","306","576","187",
"0500000US24013","Carroll County, Maryland","64285","428","47616","812","39549","872","8067","636","2503","385","5564","507","16669","814","14222","786","2447","376",
"0500000US24015","Cecil County, Maryland","40595","513","28230","730","21032","797","7198","712","2113","345","5085","636","12365","765","9985","772","2380","424",
"0500000US24017","Charles County, Maryland","60875","526","43192","1037","31406","1042","11786","876","2850","464","8936","749","17683","886","14911","813","2772","585",
"0500000US24019","Dorchester County, Maryland","13546","385","8321","438","5678","377","2643","308","540","173","2103","298","5225","483","4475","490","750","189",
"0500000US24021","Frederick County, Maryland","104635","535","75260","993","59227","1152","16033","901","4846","545","11187","817","29375","1096","23659","1053","5716","517",
"0500000US24023","Garrett County, Maryland","12578","360","8247","388","6562","387","1685","255","489","140","1196","215","4331","350","4015","347","316","106",
"0500000US24025","Harford County, Maryland","101795","570","71369","1065","55937","1187","15432","1062","5193","718","10239","851","30426","1033","24640","1014","5786","651",
"0500000US24027","Howard County, Maryland","121065","625","87962","1104","70598","1237","17364","985","5003","526","12361","879","33103","1037","26158","955","6945","706",
"0500000US24029","Kent County, Maryland","8493","262","5040","390","3656","315","1384","198","351","124","1033","193","3453","372","2754","328","699","222",
"0500000US24031","Montgomery County, Maryland","389210","1485","265521","2048","204104","2487","61417","2084","17108","1149","44309","1603","123689","2192","101429","2294","22260","1228",
"0500000US24033","Prince George's County, Maryland","347744","1303","221719","2629","131910","2416","89809","2435","25612","1415","64197","1960","126025","2553","103564","2214","22461","1261",
"0500000US24035","Queen Anne's County, Maryland","19907","317","14415","512","11717","562","2698","358","786","242","1912","283","5492","461","4625","450","867","208",
"0500000US24037","St. Mary's County, Maryland","42436","536","30136","774","22831","986","7305","693","1993","351","5312","613","12300","837","9823","789","2477","431",
"0500000US24039","Somerset County, Maryland","8348","337","4958","319","3524","329","1434","286","376","168","1058","249","3390","394","2931","365","459","192",
"0500000US24041","Talbot County, Maryland","16433","328","10221","431","7783","393","2438","334","745","166","1693","300","6212","383","5384","366","828","205",
"0500000US24043","Washington County, Maryland","59818","617","39208","902","27477","953","11731","922","3810","584","7921","680","20610","892","16841","830","3769","421",
"0500000US24045","Wicomico County, Maryland","40470","582","25722","859","17402","888","8320","754","2123","436","6197","594","14748","838","10621","814","4127","608",
"0500000US24047","Worcester County, Maryland","24136","541","15527","594","11813","579","3714","465","830","244","2884","366","8609","587","7085","615","1524","262",
"0500000US24510","Baltimore city, Maryland","255668","1367","119973","2091","57753","1703","62220","1877","12385","926","49835","1797","135695","2176","111920","2232","23775","1189",
"0500000US25001","Barnstable County, Massachusetts","105777","1344","65212","1521","51823","1419","13389","760","3807","532","9582","619","40565","1518","34083","1433","6482","664",
"0500000US25003","Berkshire County, Massachusetts","57585","622","32639","936","24025","921","8614","621","2483","363","6131","560","24946","1009","20257","940","4689","560",
"0500000US25005","Bristol County, Massachusetts","233825","963","151204","2145","103350","1894","47854","1876","13057","1095","34797","1481","82621","2040","67020","1705","15601","1225",
"0500000US25007","Dukes County, Massachusetts","7584","620","4835","551","3949","502","886","307","262","198","624","243","2749","539","2198","494","551","251",
"0500000US25009","Essex County, Massachusetts","313147","1080","206812","1762","148739","2091","58073","1729","15880","1157","42193","1429","106335","1840","86115","1867","20220","1094",
"0500000US25011","Franklin County, Massachusetts","31570","357","18396","570","13780","527","4616","484","1619","319","2997","296","13174","518","10352","547","2822","346",
"0500000US25013","Hampden County, Massachusetts","184471","919","113970","1936","73527","1756","40443","1549","10082","775","30361","1373","70501","1938","57784","1709","12717","937",
"0500000US25015","Hampshire County, Massachusetts","62114","588","36004","837","27774","834","8230","667","2140","338","6090","617","26110","909","19059","957","7051","607",
"0500000US25017","Middlesex County, Massachusetts","634215","1681","401472","2841","317096","3302","84376","2490","26002","1583","58374","2137","232743","2752","168028","2763","64715","1790",
"0500000US25019","Nantucket County, Massachusetts","5252","364","3873","415","3083","364","790","317","149","197","641","268","1379","332","1113","322","266","181",
"0500000US25021","Norfolk County, Massachusetts","283368","824","185566","2043","147190","2238","38376","1828","11117","873","27259","1571","97802","1821","76412","1759","21390","1193",
"0500000US25023","Plymouth County, Massachusetts","203141","1022","142154","1480","107955","1679","34199","1428","9655","800","24544","1240","60987","1515","49341","1615","11646","773",
"0500000US25025","Suffolk County, Massachusetts","327167","1440","155144","2525","94614","2255","60530","2072","14657","1011","45873","1630","172023","2587","119464","2524","52559","1479",
"0500000US25027","Worcester County, Massachusetts","335826","1207","220104","2120","160160","2594","59944","2204","19378","1175","40566","1849","115722","2070","89515","2277","26207","1202",
"0500000US26001","Alcona County, Michigan","5305","165","3203","154","2682","128","521","79","226","46","295","66","2102","133","1827","123","275","59",
"0500000US26003","Alger County, Michigan","3531","166","2327","172","1965","155","362","77","142","53","220","58","1204","138","975","128","229","74",
"0500000US26005","Allegan County, Michigan","45522","633","33119","688","26368","673","6751","673","2498","498","4253","496","12403","711","9836","625","2567","349",
"0500000US26007","Alpena County, Michigan","13019","276","7538","359","5686","319","1852","227","648","155","1204","165","5481","337","4545","368","936","199",
"0500000US26009","Antrim County, Michigan","11100","298","7369","278","6092","258","1277","173","535","132","742","131","3731","289","3092","288","639","116",
"0500000US26011","Arenac County, Michigan","6552","168","4133","164","3287","156","846","91","309","66","537","69","2419","165","2020","144","399","86",
"0500000US26013","Baraga County, Michigan","3433","137","2104","121","1716","113","388","65","111","38","277","53","1329","139","1050","128","279","78",
"0500000US26015","Barry County, Michigan","24480","367","16798","504","13769","464","3029","329","1155","205","1874","273","7682","499","6595","472","1087","198",
"0500000US26017","Bay County, Michigan","45103","512","27041","783","19916","787","7125","563","2122","355","5003","473","18062","743","15433","799","2629","368",
"0500000US26019","Benzie County, Michigan","7708","237","5229","185","4351","194","878","126","287","64","591","110","2479","190","1988","178","491","112",
"0500000US26021","Berrien County, Michigan","63999","596","40341","875","29569","831","10772","631","2930","420","7842","460","23658","866","20035","851","3623","418",
"0500000US26023","Branch County, Michigan","16906","286","10648","363","7980","355","2668","318","732","197","1936","253","6258","416","4763","384","1495","216",
"0500000US26025","Calhoun County, Michigan","53333","559","32519","913","22748","740","9771","722","2739","379","7032","584","20814","901","17366","887","3448","379",
"0500000US26027","Cass County, Michigan","21207","325","14163","434","10967","452","3196","310","1142","180","2054","275","7044","481","5693","431","1351","277",
"0500000US26029","Charlevoix County, Michigan","12267","327","8067","254","6489","254","1578","201","556","108","1022","164","4200","306","3361","267","839","182",
"0500000US26031","Cheboygan County, Michigan","11159","274","6988","312","5605","307","1383","173","509","131","874","152","4171","303","3552","281","619","128",
"0500000US26033","Chippewa County, Michigan","14080","360","8374","336","6385","334","1989","232","598","137","1391","178","5706","337","4683","309","1023","158",
"0500000US26035","Clare County, Michigan","12521","408","7798","368","6072","307","1726","226","487","143","1239","164","4723","369","4043","329","680","154",
"0500000US26037","Clinton County, Michigan","31639","284","21030","582","16865","605","4165","481","1622","243","2543","384","10609","546","8114","541","2495","368",
"0500000US26039","Crawford County, Michigan","6231","239","3819","232","2841","217","978","164","300","83","678","126","2412","265","1982","254","430","110",
"0500000US26041","Delta County, Michigan","15971","316","10029","374","8273","352","1756","268","638","151","1118","208","5942","380","5181","366","761","177",
"0500000US26043","Dickinson County, Michigan","11905","254","7493","354","5874","374","1619","306","640","208","979","263","4412","420","3713","378","699","174",
"0500000US26045","Eaton County, Michigan","45428","420","29107","682","22641","743","6466","556","2113","299","4353","427","16321","704","13487","743","2834","322",
"0500000US26047","Emmet County, Michigan","15190","413","9901","393","8152","383","1749","207","582","142","1167","160","5289","354","4224","333","1065","250",
"0500000US26049","Genesee County, Michigan","167334","940","104725","1523","68311","1624","36414","1341","10050","1056","26364","1100","62609","1607","51411","1447","11198","982",
"0500000US26051","Gladwin County, Michigan","11280","293","7113","285","6024","266","1089","151","414","94","675","120","4167","267","3453","240","714","152",
"0500000US26053","Gogebic County, Michigan","6989","265","3998","216","3037","208","961","172","335","90","626","144","2991","284","2692","270","299","89",
"0500000US26055","Grand Traverse County, Michigan","40287","624","25042","810","20012","719","5030","569","1836","353","3194","416","15245","789","11721","692","3524","432",
"0500000US26057","Gratiot County, Michigan","14775","214","9720","282","7435","297","2285","280","825","189","1460","200","5055","293","3948","289","1107","210",
"0500000US26059","Hillsdale County, Michigan","17860","312","11906","374","9244","363","2662","232","941","132","1721","202","5954","339","4783","319","1171","157",
"0500000US26061","Houghton County, Michigan","14305","372","8006","311","6495","323","1511","238","670","183","841","155","6299","378","4516","347","1783","265",
"0500000US26063","Huron County, Michigan","14150","280","8479","259","6893","258","1586","189","600","106","986","138","5671","247","4965","214","706","116",
"0500000US26065","Ingham County, Michigan","117096","839","60982","1164","44371","1172","16611","1132","4874","715","11737","804","56114","1373","42406","1354","13708","859",
"0500000US26067","Ionia County, Michigan","23355","286","15509","531","12010","555","3499","351","1443","225","2056","264","7846","505","6091","372","1755","386",
"0500000US26069","Iosco County, Michigan","11713","324","6592","280","5197","262","1395","196","503","124","892","160","5121","331","4514","300","607","124",
"0500000US26071","Iron County, Michigan","5547","190","3158","173","2448","152","710","123","250","70","460","91","2389","184","2080","170","309","94",
"0500000US26073","Isabella County, Michigan","24914","426","13281","438","9701","395","3580","442","1450","285","2130","314","11633","478","7937","484","3696","389",
"0500000US26075","Jackson County, Michigan","62540","601","38350","851","28529","878","9821","779","2808","391","7013","610","24190","836","21046","822","3144","396",
"0500000US26077","Kalamazoo County, Michigan","107110","708","62824","1239","46839","1097","15985","993","4660","519","11325","827","44286","1184","33574","1071","10712","903",
"0500000US26079","Kalkaska County, Michigan","7789","210","4967","220","3810","232","1157","160","484","102","673","131","2822","245","2216","233","606","108",
"0500000US26081","Kent County, Michigan","256648","994","166730","2185","128379","2059","38351","1585","11730","918","26621","1324","89918","2147","69386","1810","20532","1069",
"0500000US26083","Keweenaw County, Michigan","1135","79","693","81","558","64","135","50","59","29","76","39","442","71","345","60","97","38",
"0500000US26085","Lake County, Michigan","5190","170","3027","182","2328","138","699","137","261","92","438","108","2163","193","1874","190","289","60",
"0500000US26087","Lapeer County, Michigan","34836","350","24762","583","19723","583","5039","483","1778","301","3261","385","10074","594","8635","598","1439","243",
"0500000US26089","Leelanau County, Michigan","9645","290","6970","246","6046","253","924","159","369","113","555","106","2675","278","2273","251","402","93",
"0500000US26091","Lenawee County, Michigan","38871","467","26132","633","19739","631","6393","518","2340","349","4053","350","12739","666","10609","574","2130","295",
"0500000US26093","Livingston County, Michigan","76445","481","55124","910","46720","900","8404","628","2967","359","5437","499","21321","1005","17301","876","4020","578",
"0500000US26095","Luce County, Michigan","2455","139","1507","145","1112","143","395","95","147","60","248","65","948","146","752","118","196","78",
"0500000US26097","Mackinac County, Michigan","5199","186","3216","172","2530","173","686","96","285","72","401","64","1983","196","1702","181","281","77",
"0500000US26099","Macomb County, Michigan","358668","1153","227694","2139","164257","2059","63437","2250","19355","1131","44082","1781","130974","2142","109873","2293","21101","1157",
"0500000US26101","Manistee County, Michigan","10561","280","6632","279","5260","246","1372","172","388","90","984","142","3929","270","3174","264","755","130",
"0500000US26103","Marquette County, Michigan","28255","346","16266","491","13364","474","2902","331","1261","238","1641","228","11989","517","8843","536","3146","297",
"0500000US26105","Mason County, Michigan","12801","336","8267","360","6534","320","1733","219","507","127","1226","181","4534","355","3994","338","540","110",
"0500000US26107","Mecosta County, Michigan","16708","368","10299","410","7649","335","2650","286","1028","158","1622","256","6409","384","4619","330","1790","237",
"0500000US26109","Menominee County, Michigan","10361","208","6140","245","4783","230","1357","171","446","101","911","134","4221","243","3735","236","486","116",
"0500000US26111","Midland County, Michigan","34993","412","22641","612","18540","501","4101","450","1211","211","2890","382","12352","615","10259","571","2093","280",
"0500000US26113","Missaukee County, Michigan","5909","180","4028","178","3340","169","688","90","313","69","375","65","1881","176","1543","170","338","62",
"0500000US26115","Monroe County, Michigan","63029","496","40881","776","31854","846","9027","697","2980","373","6047","593","22148","809","17400","691","4748","675",
"0500000US26117","Montcalm County, Michigan","24511","338","16598","548","12785","546","3813","388","1455","243","2358","350","7913","505","6253","517","1660","328",
"0500000US26119","Montmorency County, Michigan","4921","197","2778","219","2252","167","526","130","213","76","313","101","2143","204","1785","174","358","94",
"0500000US26121","Muskegon County, Michigan","67732","648","45749","874","31973","804","13776","831","3929","504","9847","651","21983","896","17484","915","4499","417",
"0500000US26123","Newaygo County, Michigan","19651","344","13720","407","10611","388","3109","332","1167","220","1942","243","5931","367","4857","317","1074","165",
"0500000US26125","Oakland County, Michigan","530460","1718","328091","2964","257932","2652","70159","1676","20961","1142","49198","1291","202369","3066","167224","2887","35145","1458",
"0500000US26127","Oceana County, Michigan","10419","202","7253","267","5623","224","1630","195","710","128","920","133","3166","221","2732","202","434","86",
"0500000US26129","Ogemaw County, Michigan","9370","285","6023","235","4620","201","1403","185","574","132","829","130","3347","266","2841","237","506","99",
"0500000US26131","Ontonagon County, Michigan","3149","131","1885","131","1531","111","354","75","121","40","233","71","1264","113","1150","113","114","38",
"0500000US26133","Osceola County, Michigan","9356","205","6250","223","4943","199","1307","144","494","100","813","100","3106","194","2512","178","594","113",
"0500000US26135","Oscoda County, Michigan","3788","167","2295","146","1873","135","422","101","156","59","266","74","1493","169","1266","154","227","75",
"0500000US26137","Otsego County, Michigan","11231","358","7456","384","5734","324","1722","271","707","185","1015","217","3775","368","2954","331","821","212",
"0500000US26139","Ottawa County, Michigan","111322","737","78622","1209","66162","1215","12460","823","4422","565","8038","702","32700","1150","24739","1107","7961","658",
"0500000US26141","Presque Isle County, Michigan","6655","302","4153","258","3363","222","790","125","274","79","516","96","2502","194","2144","171","358","100",
"0500000US26143","Roscommon County, Michigan","11579","352","6837","326","5462","284","1375","229","529","125","846","196","4742","361","4063","332","679","143",
"0500000US26145","Saginaw County, Michigan","77958","704","47706","1018","32591","964","15115","891","3218","445","11897","805","30252","1019","25302","968","4950","528",
"0500000US26147","St. Clair County, Michigan","67816","583","44528","815","33779","843","10749","679","3473","443","7276","517","23288","849","19112","803","4176","405",
"0500000US26149","St. Joseph County, Michigan","23620","344","15610","500","11545","490","4065","366","1421","220","2644","290","8010","474","6627","480","1383","222",
"0500000US26151","Sanilac County, Michigan","17516","266","11207","274","8696","299","2511","219","904","163","1607","175","6309","319","5432","294","877","137",
"0500000US26153","Schoolcraft County, Michigan","3890","163","2350","180","1837","147","513","111","214","65","299","77","1540","187","1183","176","357","100",
"0500000US26155","Shiawassee County, Michigan","28126","371","18299","519","13883","545","4416","395","1767","269","2649","322","9827","445","8047","410","1780","227",
"0500000US26157","Tuscola County, Michigan","21498","287","13728","355","10922","393","2806","240","1156","141","1650","190","7770","399","6631","391","1139","155",
"0500000US26159","Van Buren County, Michigan","30622","511","20691","586","15295","570","5396","437","1779","300","3617","367","9931","545","8294","540","1637","214",
"0500000US26161","Washtenaw County, Michigan","150550","825","84267","1232","66286","1358","17981","933","4943","555","13038","739","66283","1340","46605","1597","19678","971",
"0500000US26163","Wayne County, Michigan","700591","1709","415727","3528","253045","3031","162682","2401","40621","1649","122061","2294","284864","3582","246089","3306","38775","1655",
"0500000US26165","Wexford County, Michigan","13696","314","8999","314","6659","308","2340","271","753","136","1587","230","4697","310","3864","301","833","158",
"0500000US27001","Aitkin County, Minnesota","7222","168","4385","153","3672","152","713","86","241","48","472","77","2837","172","2429","147","408","88",
"0500000US27003","Anoka County, Minnesota","137432","552","96423","1178","74096","1313","22327","969","7568","620","14759","825","41009","1177","31363","991","9646","666",
"0500000US27005","Becker County, Minnesota","14410","254","9203","273","7405","277","1798","201","755","125","1043","164","5207","300","4644","306","563","100",
"0500000US27007","Beltrami County, Minnesota","18172","288","11354","350","7798","360","3556","360","1037","189","2519","294","6818","344","5368","374","1450","203",
"0500000US27009","Benton County, Minnesota","16719","277","10322","376","7693","401","2629","340","1051","204","1578","290","6397","432","4867","388","1530","295",
"0500000US27011","Big Stone County, Minnesota","2136","78","1336","66","1196","64","140","38","29","13","111","39","800","84","689","80","111","43",
"0500000US27013","Blue Earth County, Minnesota","27606","356","15316","451","11780","449","3536","377","1334","276","2202","299","12290","544","7752","650","4538","425",
"0500000US27015","Brown County, Minnesota","11027","178","6726","265","5368","248","1358","174","482","102","876","168","4301","287","3829","292","472","101",
"0500000US27017","Carlton County, Minnesota","14090","237","9474","339","6996","339","2478","287","934","179","1544","234","4616","341","3783","333","833","152",
"0500000US27019","Carver County, Minnesota","41175","242","30217","537","24984","660","5233","639","1595","231","3638","523","10958","527","8617","507","2341","338",
"0500000US27021","Cass County, Minnesota","12874","226","8414","199","6856","178","1558","109","698","83","860","86","4460","210","3657","212","803","105",
"0500000US27023","Chippewa County, Minnesota","5126","154","3200","185","2407","176","793","135","262","90","531","108","1926","179","1713","172","213","70",
"0500000US27025","Chisago County, Minnesota","21364","268","15419","361","12692","430","2727","353","1139","203","1588","264","5945","355","4833","334","1112","170",
"0500000US27027","Clay County, Minnesota","26442","270","16182","502","12525","478","3657","413","1081","221","2576","347","10260","514","7878","512","2382","294",
"0500000US27029","Clearwater County, Minnesota","3339","89","2166","95","1698","102","468","60","181","41","287","49","1173","84","1005","82","168","42",
"0500000US27031","Cook County, Minnesota","2710","206","1545","160","1296","142","249","80","67","44","182","64","1165","169","1015","160","150","64",
"0500000US27033","Cottonwood County, Minnesota","4630","142","2921","143","2390","137","531","97","199","63","332","76","1709","155","1273","156","436","115",
"0500000US27035","Crow Wing County, Minnesota","29402","460","18692","441","14906","538","3786","341","1369","228","2417","308","10710","422","8678","382","2032","282",
"0500000US27037","Dakota County, Minnesota","174362","654","117503","1548","93573","1385","23930","1060","7221","701","16709","850","56859","1440","45090","1351","11769","760",
"0500000US27039","Dodge County, Minnesota","8083","127","5633","262","4711","257","922","162","282","72","640","140","2450","238","1924","184","526","137",
"0500000US27041","Douglas County, Minnesota","17519","327","11100","251","9183","231","1917","194","566","116","1351","196","6419","350","5372","328","1047","204",
"0500000US27043","Faribault County, Minnesota","6079","151","3786","146","2828","125","958","106","383","76","575","95","2293","140","1927","139","366","83",
"0500000US27045","Fillmore County, Minnesota","8723","138","5876","150","4915","153","961","108","433","83","528","73","2847","159","2418","175","429","72",
"0500000US27047","Freeborn County, Minnesota","12846","259","8052","310","5945","314","2107","252","808","151","1299","209","4794","321","4063","280","731","155",
"0500000US27049","Goodhue County, Minnesota","19727","294","12534","380","10110","407","2424","304","961","194","1463","222","7193","441","6115","414","1078","218",
"0500000US27051","Grant County, Minnesota","2490","81","1646","87","1279","86","367","56","132","39","235","56","844","78","725","66","119","35",
"0500000US27053","Hennepin County, Minnesota","539493","1860","297949","2836","230681","2789","67268","1812","21199","1169","46069","1518","241544","2762","186397","3050","55147","1714",
"0500000US27055","Houston County, Minnesota","8134","170","5258","246","4410","235","848","176","364","137","484","123","2876","276","2420","270","456","123",
"0500000US27057","Hubbard County, Minnesota","8964","172","5892","198","4935","167","957","138","395","93","562","119","3072","191","2603","192","469","69",
"0500000US27059","Isanti County, Minnesota","16293","233","10923","340","8583","423","2340","301","1039","198","1301","221","5370","343","4198","329","1172","226",
"0500000US27061","Itasca County, Minnesota","18541","392","12133","387","9864","370","2269","241","730","123","1539","191","6408","386","5296","389","1112","189",
"0500000US27063","Jackson County, Minnesota","4387","101","2597","135","2147","127","450","88","184","55","266","70","1790","171","1573","179","217","61",
"0500000US27065","Kanabec County, Minnesota","6564","127","4380","147","3410","180","970","123","424","81","546","103","2184","156","1757","157","427","88",
"0500000US27067","Kandiyohi County, Minnesota","17603","297","11754","405","9294","392","2460","367","935","230","1525","254","5849","435","4858","411","991","231",
"0500000US27069","Kittson County, Minnesota","1774","140","1143","59","1010","57","133","30","71","23","62","17","631","126","523","120","108","36",
"0500000US27071","Koochiching County, Minnesota","5872","215","3272","214","2486","202","786","124","290","100","496","101","2600","253","2127","242","473","117",
"0500000US27073","Lac qui Parle County, Minnesota","2924","78","1870","80","1572","74","298","61","137","36","161","42","1054","75","875","75","179","47",
"0500000US27075","Lake County, Minnesota","4942","177","3072","168","2526","163","546","120","136","60","410","107","1870","187","1459","175","411","132",
"0500000US27077","Lake of the Woods County, Minnesota","1817","136","1112","130","882","105","230","76","105","63","125","71","705","120","607","114","98","48",
"0500000US27079","Le Sueur County, Minnesota","11650","164","8122","234","6792","223","1330","186","588","110","742","143","3528","269","2873","250","655","143",
"0500000US27081","Lincoln County, Minnesota","2445","101","1559","85","1335","85","224","44","78","29","146","37","886","82","789","73","97","35",
"0500000US27083","Lyon County, Minnesota","10108","199","6298","247","5034","268","1264","219","441","131","823","144","3810","255","3196","245","614","110",
"0500000US27085","McLeod County, Minnesota","15215","230","9676","373","7680","410","1996","254","478","120","1518","256","5539","405","4617","378","922","180",
"0500000US27087","Mahnomen County, Minnesota","1885","44","1273","62","734","55","539","42","166","31","373","36","612","61","535","55","77","24",
"0500000US27089","Marshall County, Minnesota","3781","105","2373","99","1961","92","412","56","163","34","249","45","1408","99","1237","98","171","40",
"0500000US27091","Martin County, Minnesota","8839","250","5184","247","3979","246","1205","193","485","119","720","143","3655","314","3017","294","638","171",
"0500000US27093","Meeker County, Minnesota","9347","168","6198","194","5160","202","1038","146","542","132","496","74","3149","187","2717","174","432","84",
"0500000US27095","Mille Lacs County, Minnesota","10672","214","7070","230","5391","264","1679","218","577","122","1102","178","3602","261","2962","276","640","151",
"0500000US27097","Morrison County, Minnesota","14084","168","9184","249","7118","268","2066","226","836","169","1230","190","4900","247","4077","223","823","147",
"0500000US27099","Mower County, Minnesota","15719","231","10460","392","8195","439","2265","266","801","159","1464","232","5259","385","4241","359","1018","189",
"0500000US27101","Murray County, Minnesota","3609","121","2284","128","1953","117","331","68","109","34","222","59","1325","116","1098","96","227","64",
"0500000US27103","Nicollet County, Minnesota","13002","180","8128","296","6471","282","1657","264","506","129","1151","230","4874","291","4180","287","694","181",
"0500000US27105","Nobles County, Minnesota","7674","188","5162","291","3530","263","1632","280","640","169","992","188","2512","279","2153","251","359","133",
"0500000US27107","Norman County, Minnesota","2700","98","1720","89","1333","97","387","62","183","45","204","42","980","74","834","78","146","36",
"0500000US27109","Olmsted County, Minnesota","66918","546","41544","874","34234","869","7310","689","2318","381","4992","577","25374","915","19709","905","5665","563",
"0500000US27111","Otter Tail County, Minnesota","25157","375","16336","387","13906","360","2430","265","1009","168","1421","203","8821","424","7554","384","1267","232",
"0500000US27113","Pennington County, Minnesota","6207","199","3559","167","2907","190","652","131","224","71","428","108","2648","208","2196","193","452","105",
"0500000US27115","Pine County, Minnesota","12323","241","7811","246","6166","244","1645","185","662","108","983","132","4512","279","3651","249","861","147",
"0500000US27117","Pipestone County, Minnesota","3971","126","2484","132","2000","134","484","122","189","69","295","82","1487","159","1345","148","142","52",
"0500000US27119","Polk County, Minnesota","12360","237","7791","272","6327","272","1464","223","587","152","877","176","4569","301","3971","302","598","115",
"0500000US27121","Pope County, Minnesota","4958","139","3300","113","2831","111","469","88","209","50","260","74","1658","148","1425","154","233","57",
"0500000US27123","Ramsey County, Minnesota","221327","1011","123302","1626","87221","1648","36081","1540","10489","846","25592","1360","98025","1702","77366","1649","20659","985",
"0500000US27125","Red Lake County, Minnesota","1671","61","1075","62","872","57","203","38","82","26","121","28","596","68","514","64","82","32",
"0500000US27127","Redwood County, Minnesota","6293","134","3976","158","3144","137","832","122","362","90","470","77","2317","170","1986","160","331","76",
"0500000US27129","Renville County, Minnesota","6056","108","3823","128","3027","116","796","86","348","74","448","64","2233","146","1897","134","336","64",
"0500000US27131","Rice County, Minnesota","23493","294","15295","419","11906","417","3389","341","1210","225","2179","268","8198","409","6811","423","1387","260",
"0500000US27133","Rock County, Minnesota","4035","117","2611","134","2241","123","370","84","102","47","268","67","1424","156","1276","150","148","66",
"0500000US27135","Roseau County, Minnesota","6296","139","4195","174","3344","165","851","147","322","76","529","112","2101","153","1827","159","274","61",
"0500000US27137","St. Louis County, Minnesota","87115","659","48228","819","37471","812","10757","634","3736","369","7021","506","38887","954","29986","982","8901","754",
"0500000US27139","Scott County, Minnesota","54971","391","41390","738","33647","801","7743","655","2682","350","5061","544","13581","815","10573","761","3008","462",
"0500000US27141","Sherburne County, Minnesota","35555","348","25949","584","20855","756","5094","644","1946","408","3148","458","9606","628","7297","541","2309","376",
"0500000US27143","Sibley County, Minnesota","5929","116","3786","131","3164","148","622","104","267","63","355","79","2143","157","1774","144","369","80",
"0500000US27145","Stearns County, Minnesota","61403","529","37462","748","30077","725","7385","711","2506","344","4879","522","23941","783","17672","805","6269","478",
"0500000US27147","Steele County, Minnesota","15138","250","9763","384","8078","377","1685","222","478","141","1207","188","5375","385","4572","370","803","206",
"0500000US27149","Stevens County, Minnesota","3889","126","2369","125","2007","122","362","104","107","59","255","82","1520","140","1096","151","424","118",
"0500000US27151","Swift County, Minnesota","4121","130","2639","137","1902","135","737","138","336","95","401","107","1482","147","1338","140","144","41",
"0500000US27153","Todd County, Minnesota","10209","199","6918","224","5519","210","1399","128","556","111","843","134","3291","216","2866","218","425","81",
"0500000US27155","Traverse County, Minnesota","1311","74","751","62","630","64","121","38","27","22","94","35","560","76","518","75","42","16",
"0500000US27157","Wabasha County, Minnesota","9156","200","6230","174","5354","222","876","128","268","66","608","118","2926","217","2549","229","377","79",
"0500000US27159","Wadena County, Minnesota","6081","122","3752","190","2715","189","1037","176","489","152","548","121","2329","200","1970","180","359","93",
"0500000US27161","Waseca County, Minnesota","7477","149","5057","229","4068","235","989","178","283","78","706","148","2420","213","1992","220","428","109",
"0500000US27163","Washington County, Minnesota","105577","567","74491","1032","59864","1080","14627","960","4451","518","10176","782","31086","1091","24248","1034","6838","663",
"0500000US27165","Watonwan County, Minnesota","4227","145","2858","183","2135","148","723","144","270","99","453","127","1369","169","1251","167","118","46",
"0500000US27167","Wilkin County, Minnesota","2655","118","1633","115","1328","113","305","85","84","46","221","75","1022","115","859","127","163","67",
"0500000US27169","Winona County, Minnesota","20253","333","11003","385","8908","377","2095","268","651","129","1444","233","9250","417","6918","485","2332","340",
"0500000US27171","Wright County, Minnesota","54010","361","38848","782","32188","849","6660","636","2054","310","4606","581","15162","871","12102","898","3060","421",
"0500000US27173","Yellow Medicine County, Minnesota","4070","115","2704","99","2199","112","505","78","208","63","297","59","1366","123","1120","119","246","53",
"0500000US28001","Adams County, Mississippi","11464","406","6963","489","4489","388","2474","338","373","162","2101","305","4501","463","3958","419","543","223",
"0500000US28003","Alcorn County, Mississippi","14456","323","9143","549","6441","442","2702","506","654","161","2048","463","5313","518","4760","483","553","205",
"0500000US28005","Amite County, Mississippi","5850","276","3575","298","2438","328","1137","215","137","95","1000","196","2275","324","2188","328","87","68",
"0500000US28007","Attala County, Mississippi","6627","237","4215","319","2815","262","1400","249","303","113","1097","215","2412","309","2230","312","182","96",
"0500000US28009","Benton County, Mississippi","3074","219","2019","219","1410","176","609","169","178","90","431","129","1055","179","974","174","81","41",
"0500000US28011","Bolivar County, Mississippi","11915","263","7064","343","3383","391","3681","427","844","208","2837","355","4851","409","4293","413","558","193",
"0500000US28013","Calhoun County, Mississippi","5611","241","3496","234","2391","251","1105","166","279","78","826","146","2115","238","1899","214","216","110",
"0500000US28015","Carroll County, Mississippi","4258","233","2637","299","1934","296","703","198","97","77","606","185","1621","292","1591","290","30","33",
"0500000US28017","Chickasaw County, Mississippi","6674","260","4413","289","2710","299","1703","259","479","165","1224","199","2261","289","2083","271","178","90",
"0500000US28019","Choctaw County, Mississippi","3464","151","2303","170","1659","199","644","131","96","53","548","118","1161","185","1108","190","53","50",
"0500000US28021","Claiborne County, Mississippi","3008","190","1859","232","909","203","950","193","128","72","822","175","1149","220","1116","221","33","25",
"0500000US28023","Clarke County, Mississippi","5945","232","4285","289","2968","317","1317","205","97","61","1220","190","1660","246","1613","243","47","40",
"0500000US28025","Clay County, Mississippi","7805","280","5314","402","3066","380","2248","341","309","146","1939","318","2491","364","2286","359","205","104",
"0500000US28027","Coahoma County, Mississippi","8404","262","4964","325","2064","289","2900","296","524","172","2376","237","3440","334","3009","328","431","169",
"0500000US28029","Copiah County, Mississippi","10060","291","6829","419","4146","448","2683","373","456","167","2227","330","3231","386","2944","380","287","130",
"0500000US28031","Covington County, Mississippi","7323","260","5206","376","3673","410","1533","289","208","104","1325","260","2117","387","1820","361","297","154",
"0500000US28033","DeSoto County, Mississippi","70986","670","52152","1233","37912","1270","14240","986","4074","714","10166","792","18834","1261","16600","1139","2234","444",
"0500000US28035","Forrest County, Mississippi","30127","456","18738","670","12481","738","6257","650","1225","345","5032","518","11389","609","8650","644","2739","457",
"0500000US28037","Franklin County, Mississippi","3074","203","2164","224","1415","225","749","205","113","84","636","184","910","221","863","213","47","48",
"0500000US28039","George County, Mississippi","9302","251","6686","359","5179","412","1507","343","682","293","825","214","2616","391","2192","390","424","166",
"0500000US28041","Greene County, Mississippi","4109","230","2933","254","2225","263","708","180","226","108","482","147","1176","281","958","262","218","119",
"0500000US28043","Grenada County, Mississippi","8464","359","5260","400","3282","346","1978","306","391","192","1587","300","3204","444","2459","428","745","274",
"0500000US28045","Hancock County, Mississippi","20237","430","13549","643","10162","741","3387","475","1012","273","2375","413","6688","561","5844","563","844","256",
"0500000US28047","Harrison County, Mississippi","83358","746","53173","1083","35021","1166","18152","926","3247","417","14905","887","30185","1104","25085","1054","5100","541",
"0500000US28049","Hinds County, Mississippi","89578","918","52497","1343","27712","1153","24785","1131","4487","596","20298","1077","37081","1497","33166","1386","3915","526",
"0500000US28051","Holmes County, Mississippi","6157","183","3891","364","1749","253","2142","284","430","137","1712","221","2266","324","2034","318","232","105",
"0500000US28053","Humphreys County, Mississippi","2900","141","1870","166","731","116","1139","170","196","88","943","153","1030","144","981","144","49","30",
"0500000US28055","Issaquena County, Mississippi","350","61","151","44","98","41","53","27","7","6","46","27","199","48","199","48","0","14",
"0500000US28057","Itawamba County, Mississippi","9619","288","6170","511","4664","445","1506","283","537","193","969","212","3449","479","2708","463","741","244",
"0500000US28059","Jackson County, Mississippi","57647","597","38418","1014","27144","1179","11274","855","3009","488","8265","712","19229","1055","16644","955","2585","420",
"0500000US28061","Jasper County, Mississippi","6647","292","4178","378","2509","350","1669","294","275","123","1394","241","2469","321","2246","325","223","101",
"0500000US28063","Jefferson County, Mississippi","2494","200","1730","212","777","161","953","205","225","148","728","159","764","172","733","179","31","32",
"0500000US28065","Jefferson Davis County, Mississippi","4453","197","2962","280","1794","254","1168","203","185","82","983","190","1491","237","1386","237","105","66",
"0500000US28067","Jones County, Mississippi","24957","595","17035","740","11696","630","5339","556","1228","318","4111","496","7922","788","7175","746","747","281",
"0500000US28069","Kemper County, Mississippi","3223","177","2164","266","1507","250","657","198","238","124","419","136","1059","259","853","242","206","127",
"0500000US28071","Lafayette County, Mississippi","19044","579","11421","713","8788","748","2633","445","458","171","2175","360","7623","576","5845","623","1778","431",
"0500000US28073","Lamar County, Mississippi","25381","379","17705","644","13447","686","4258","484","1045","304","3213","377","7676","603","6237","502","1439","284",
"0500000US28075","Lauderdale County, Mississippi","28707","527","18035","702","11129","666","6906","630","1456","300","5450","513","10672","730","9583","683","1089","348",
"0500000US28077","Lawrence County, Mississippi","4407","255","2799","315","2003","277","796","186","207","109","589","148","1608","303","1300","265","308","161",
"0500000US28079","Leake County, Mississippi","7414","263","4890","360","3370","367","1520","295","381","146","1139","241","2524","392","2172","316","352","167",
"0500000US28081","Lee County, Mississippi","32591","548","22139","858","15872","786","6267","641","1566","338","4701","550","10452","841","9344","806","1108","274",
"0500000US28083","Leflore County, Mississippi","10203","325","6234","418","2870","375","3364","399","629","244","2735","315","3969","377","3633","369","336","157",
"0500000US28085","Lincoln County, Mississippi","13158","397","8839","560","6188","524","2651","425","611","225","2040","400","4319","518","3894","529","425","168",
"0500000US28087","Lowndes County, Mississippi","23006","500","14556","649","9201","657","5355","563","1132","292","4223","484","8450","525","7637","528","813","228",
"0500000US28089","Madison County, Mississippi","43917","481","29456","983","22197","935","7259","725","1667","380","5592","523","14461","997","12923","964","1538","475",
"0500000US28091","Marion County, Mississippi","9122","347","6271","401","4277","417","1994","299","437","160","1557","270","2851","426","2540","413","311","140",
"0500000US28093","Marshall County, Mississippi","13187","368","9001","506","5349","359","3652","446","861","253","2791","388","4186","472","3645","459","541","185",
"0500000US28095","Monroe County, Mississippi","13895","415","9549","468","6513","403","3036","344","554","189","2482","316","4346","414","3817","390","529","219",
"0500000US28097","Montgomery County, Mississippi","4137","244","2541","204","1545","203","996","190","156","87","840","163","1596","262","1479","263","117","83",
"0500000US28099","Neshoba County, Mississippi","10283","282","7536","391","4573","367","2963","351","855","183","2108","291","2747","331","2526","325","221","96",
"0500000US28101","Newton County, Mississippi","7713","243","5130","375","3632","373","1498","271","283","99","1215","243","2583","313","2448","319","135","65",
"0500000US28103","Noxubee County, Mississippi","3946","228","2669","301","1480","276","1189","275","266","189","923","203","1277","249","1125","218","152","100",
"0500000US28105","Oktibbeha County, Mississippi","21840","406","11105","691","7792","682","3313","557","548","234","2765","545","10735","720","6855","809","3880","602",
"0500000US28107","Panola County, Mississippi","12312","412","7993","560","4906","516","3087","445","427","172","2660","403","4319","532","3918","521","401","142",
"0500000US28109","Pearl River County, Mississippi","21880","460","14770","627","10497","548","4273","538","1249","308","3024","459","7110","591","6210","535","900","262",
"0500000US28111","Perry County, Mississippi","4647","197","2657","264","1838","252","819","226","213","96","606","208","1990","261","1565","255","425","203",
"0500000US28113","Pike County, Mississippi","15007","550","9140","533","5309","462","3831","428","613","149","3218","398","5867","538","5462","566","405","173",
"0500000US28115","Pontotoc County, Mississippi","11819","385","8111","469","6027","517","2084","349","588","205","1496","293","3708","475","3362","466","346","147",
"0500000US28117","Prentiss County, Mississippi","9595","272","6599","368","4737","330","1862","270","506","185","1356","247","2996","349","2698","339","298","132",
"0500000US28119","Quitman County, Mississippi","2643","104","1566","150","767","135","799","131","168","74","631","95","1077","162","1026","156","51","43",
"0500000US28121","Rankin County, Mississippi","60133","619","41027","1085","30758","1204","10269","882","2546","471","7723","802","19106","1168","16290","1144","2816","515",
"0500000US28123","Scott County, Mississippi","9686","392","6982","465","4235","469","2747","374","729","301","2018","245","2704","384","2363","370","341","139",
"0500000US28125","Sharkey County, Mississippi","1422","96","908","85","382","93","526","117","113","69","413","92","514","98","481","95","33","26",
"0500000US28127","Simpson County, Mississippi","9543","338","6820","404","4763","368","2057","311","409","141","1648","257","2723","364","2383","362","340","120",
"0500000US28129","Smith County, Mississippi","5592","235","3776","313","2633","298","1143","297","497","219","646","197","1816","304","1721","299","95","61",
"0500000US28131","Stone County, Mississippi","6705","246","4922","355","3888","338","1034","253","324","145","710","179","1783","289","1548","283","235","98",
"0500000US28133","Sunflower County, Mississippi","8034","228","5218","318","2448","302","2770","286","572","175","2198","275","2816","344","2475","314","341","111",
"0500000US28135","Tallahatchie County, Mississippi","4306","208","2686","272","1454","223","1232","193","355","142","877","117","1620","240","1506","232","114","79",
"0500000US28137","Tate County, Mississippi","11018","299","7981","473","5414","492","2567","353","553","190","2014","317","3037","445","2703","411","334","168",
"0500000US28139","Tippah County, Mississippi","8017","389","5825","428","4245","413","1580","332","345","118","1235","309","2192","324","1949","298","243","116",
"0500000US28141","Tishomingo County, Mississippi","8834","270","5502","288","4411","315","1091","209","467","135","624","159","3332","336","3038","340","294","150",
"0500000US28143","Tunica County, Mississippi","3800","272","2192","270","969","197","1223","234","308","165","915","201","1608","302","1465","296","143","87",
"0500000US28145","Union County, Mississippi","9849","366","6680","414","4746","381","1934","332","396","121","1538","305","3169","441","2616","444","553","205",
"0500000US28147","Walthall County, Mississippi","5290","322","3582","381","2567","349","1015","233","145","102","870","205","1708","356","1605","350","103","71",
"0500000US28149","Warren County, Mississippi","16772","456","10365","590","6772","525","3593","412","613","203","2980","408","6407","534","5368","572","1039","304",
"0500000US28151","Washington County, Mississippi","17113","384","9957","525","5459","441","4498","394","931","234","3567","395","7156","490","6571","479","585","171",
"0500000US28153","Wayne County, Mississippi","7681","285","5000","393","3162","324","1838","290","473","192","1365","224","2681","396","2492","364","189","146",
"0500000US28155","Webster County, Mississippi","4073","212","2796","240","2149","230","647","130","87","58","560","127","1277","201","1107","184","170","121",
"0500000US28157","Wilkinson County, Mississippi","3185","268","1758","271","796","185","962","216","123","76","839","195","1427","279","1407","277","20","23",
"0500000US28159","Winston County, Mississippi","7141","251","4362","335","2768","287","1594","248","280","104","1314","207","2779","331","2324","331","455","193",
"0500000US28161","Yalobusha County, Mississippi","4996","269","3084","233","2070","235","1014","200","210","109","804","172","1912","273","1682","261","230","128",
"0500000US28163","Yazoo County, Mississippi","8767","409","5463","423","3190","368","2273","382","353","172","1920","337","3304","384","3138","380","166","78",
"0500000US29001","Adair County, Missouri","9126","323","5145","275","4224","302","921","166","245","111","676","139","3981","395","3219","411","762","187",
"0500000US29003","Andrew County, Missouri","6988","188","4991","219","4019","225","972","162","325","97","647","123","1997","248","1761","260","236","83",
"0500000US29005","Atchison County, Missouri","2287","87","1457","93","1118","102","339","84","117","47","222","66","830","106","711","99","119","34",
"0500000US29007","Audrain County, Missouri","9219","248","5817","333","4338","259","1479","267","400","152","1079","211","3402","334","2889","296","513","179",
"0500000US29009","Barry County, Missouri","13336","451","9183","497","7326","400","1857","303","828","225","1029","220","4153","417","3444","356","709","177",
"0500000US29011","Barton County, Missouri","4454","213","3120","165","2304","185","816","207","341","170","475","162","1334","219","1076","187","258","119",
"0500000US29013","Bates County, Missouri","6158","169","4159","236","3291","232","868","148","335","106","533","119","1999","193","1597","185","402","129",
"0500000US29015","Benton County, Missouri","8573","303","5603","338","4568","299","1035","176","388","112","647","137","2970","356","2614","348","356","95",
"0500000US29017","Bollinger County, Missouri","3941","180","2840","214","2411","211","429","122","146","74","283","96","1101","193","952","195","149","76",
"0500000US29019","Boone County, Missouri","76562","639","42080","979","32135","1104","9945","823","2260","451","7685","712","34482","993","24681","1169","9801","764",
"0500000US29021","Buchanan County, Missouri","33439","475","19583","701","13537","651","6046","609","1885","374","4161","452","13856","729","11199","652","2657","424",
"0500000US29023","Butler County, Missouri","16594","407","9820","452","6997","473","2823","358","969","232","1854","318","6774","515","5694","442","1080","331",
"0500000US29025","Caldwell County, Missouri","3769","104","2473","116","1960","115","513","69","215","58","298","50","1296","127","1148","131","148","50",
"0500000US29027","Callaway County, Missouri","16485","462","11217","506","8318","514","2899","464","1252","314","1647","323","5268","506","4270","457","998","291",
"0500000US29029","Camden County, Missouri","17925","548","11994","481","10264","490","1730","244","496","122","1234","210","5931","503","4903","466","1028","180",
"0500000US29031","Cape Girardeau County, Missouri","32454","482","19645","714","15889","618","3756","491","1118","264","2638","416","12809","755","10253","768","2556","380",
"0500000US29033","Carroll County, Missouri","3522","154","2298","183","1761","189","537","94","287","79","250","70","1224","189","1005","154","219","87",
"0500000US29035","Carter County, Missouri","2038","136","1234","169","762","156","472","120","117","65","355","102","804","150","717","148","87","61",
"0500000US29037","Cass County, Missouri","43206","525","30904","738","24066","833","6838","613","2281","392","4557","503","12302","918","10581","852","1721","336",
"0500000US29039","Cedar County, Missouri","5773","237","3563","257","3025","250","538","154","213","117","325","93","2210","314","1932","302","278","121",
"0500000US29041","Chariton County, Missouri","2681","127","1870","122","1611","120","259","55","90","33","169","40","811","116","720","110","91","33",
"0500000US29043","Christian County, Missouri","35142","401","26314","602","21764","775","4550","576","1331","257","3219","495","8828","562","7699","519","1129","238",
"0500000US29045","Clark County, Missouri","2423","103","1560","138","1335","133","225","68","97","52","128","47","863","133","758","128","105","51",
"0500000US29047","Clay County, Missouri","102171","719","66645","1221","50875","1303","15770","1117","5224","673","10546","956","35526","1135","29085","1063","6441","647",
"0500000US29049","Clinton County, Missouri","8329","253","5506","285","4380","305","1126","242","299","96","827","208","2823","302","2138","268","685","209",
"0500000US29051","Cole County, Missouri","31086","329","18907","599","14812","540","4095","433","1110","229","2985","391","12179","615","10526","621","1653","352",
"0500000US29053","Cooper County, Missouri","6246","182","4239","174","3261","197","978","146","357","109","621","99","2007","212","1756","185","251","79",
"0500000US29055","Crawford County, Missouri","9580","262","6461","383","4959","331","1502","273","546","172","956","195","3119","364","2571","348","548","143",
"0500000US29057","Dade County, Missouri","3057","118","1931","128","1546","126","385","77","170","56","215","54","1126","150","941","143","185","63",
"0500000US29059","Dallas County, Missouri","6768","263","4929","347","4138","337","791","267","211","105","580","243","1839","276","1650","267","189","86",
"0500000US29061","Daviess County, Missouri","3020","114","2094","125","1821","123","273","61","76","26","197","54","926","113","766","99","160","68",
"0500000US29063","DeKalb County, Missouri","3732","767","2334","203","1943","455","391","331","61","75","330","266","1398","882","1120","811","278","114",
"0500000US29065","Dent County, Missouri","5618","255","3623","272","2730","233","893","216","306","122","587","157","1995","252","1877","249","118","46",
"0500000US29067","Douglas County, Missouri","4654","170","3254","254","2738","251","516","136","169","93","347","100","1400","236","1135","224","265","105",
"0500000US29069","Dunklin County, Missouri","11257","268","7206","338","4578","322","2628","293","967","190","1661","234","4051","353","3484","317","567","162",
"0500000US29071","Franklin County, Missouri","43036","493","29275","679","22592","736","6683","577","2790","422","3893","463","13761","680","11444","704","2317","321",
"0500000US29073","Gasconade County, Missouri","6061","214","4070","241","3262","241","808","167","348","128","460","108","1991","197","1604","192","387","114",
"0500000US29075","Gentry County, Missouri","2426","83","1522","86","1283","93","239","60","88","36","151","42","904","107","811","103","93","37",
"0500000US29077","Greene County, Missouri","130951","851","74627","1484","57020","1416","17607","1166","5196","662","12411","806","56324","1522","43449","1447","12875","898",
"0500000US29079","Grundy County, Missouri","3907","184","2172","171","1813","172","359","108","159","57","200","78","1735","198","1527","193","208","63",
"0500000US29081","Harrison County, Missouri","3195","142","2100","145","1680","159","420","99","185","70","235","83","1095","152","950","140","145","55",
"0500000US29083","Henry County, Missouri","9217","277","5667","297","4138","295","1529","213","432","126","1097","169","3550","317","3014","324","536","113",
"0500000US29085","Hickory County, Missouri","3601","177","2072","207","1750","212","322","105","142","67","180","75","1529","223","1334","201","195","83",
"0500000US29087","Holt County, Missouri","1744","77","1163","78","891","82","272","48","102","34","170","38","581","60","519","64","62","23",
"0500000US29089","Howard County, Missouri","3585","124","2438","111","2046","128","392","83","111","56","281","72","1147","131","945","115","202","64",
"0500000US29091","Howell County, Missouri","15965","235","10455","435","7720","464","2735","346","687","169","2048","310","5510","442","4738","462","772","211",
"0500000US29093","Iron County, Missouri","3861","137","2493","140","1788","133","705","110","226","52","479","96","1368","159","1138","148","230","73",
"0500000US29095","Jackson County, Missouri","306798","1461","171797","2379","117496","2187","54301","1741","13308","1033","40993","1296","135001","2376","110395","2272","24606","1269",
"0500000US29097","Jasper County, Missouri","49489","528","31221","884","22230","1023","8991","723","3046","438","5945","574","18268","848","14271","852","3997","595",
"0500000US29099","Jefferson County, Missouri","88309","678","62359","1268","48258","1314","14101","1071","4676","619","9425","885","25950","1273","20473","1192","5477","713",
"0500000US29101","Johnson County, Missouri","21087","318","12840","498","10141","491","2699","360","953","241","1746","260","8247","529","6249","601","1998","337",
"0500000US29103","Knox County, Missouri","1288","81","796","95","674","87","122","40","45","31","77","25","492","87","461","84","31","19",
"0500000US29105","Laclede County, Missouri","14558","347","9255","499","6539","466","2716","471","924","342","1792","320","5303","548","4226","551","1077","347",
"0500000US29107","Lafayette County, Missouri","12576","358","8660","389","7044","437","1616","295","565","170","1051","224","3916","400","3272","391","644","219",
"0500000US29109","Lawrence County, Missouri","14602","339","9906","449","7499","454","2407","392","731","194","1676","315","4696","499","3920","465","776","263",
"0500000US29111","Lewis County, Missouri","3185","143","1915","145","1624","151","291","83","191","65","100","37","1270","163","1116","150","154","46",
"0500000US29113","Lincoln County, Missouri","22817","265","16534","594","12757","613","3777","499","1500","353","2277","353","6283","598","5100","562","1183","273",
"0500000US29115","Linn County, Missouri","4801","175","2983","179","2455","181","528","109","213","85","315","86","1818","215","1589","209","229","78",
"0500000US29117","Livingston County, Missouri","5608","192","3545","203","2632","238","913","156","289","92","624","131","2063","210","1777","189","286","105",
"0500000US29119","McDonald County, Missouri","8558","212","5914","318","4462","320","1452","265","516","178","936","205","2644","301","2027","283","617","179",
"0500000US29121","Macon County, Missouri","6067","200","3901","202","3187","205","714","141","270","85","444","120","2166","223","1887","213","279","91",
"0500000US29123","Madison County, Missouri","4683","239","3254","264","2508","244","746","171","250","113","496","133","1429","198","1339","193","90","47",
"0500000US29125","Maries County, Missouri","3428","197","2113","198","1784","196","329","103","167","81","162","66","1315","223","1180","218","135","78",
"0500000US29127","Marion County, Missouri","11323","267","7337","368","5079","329","2258","317","605","193","1653","261","3986","343","3585","334","401","111",
"0500000US29129","Mercer County, Missouri","1302","85","863","79","696","67","167","51","96","42","71","33","439","76","357","74","82","40",
"0500000US29131","Miller County, Missouri","9857","285","6091","369","4774","302","1317","249","396","144","921","201","3766","416","3186","382","580","153",
"0500000US29133","Mississippi County, Missouri","4482","158","2754","220","1819","206","935","193","154","80","781","167","1728","245","1502","241","226","106",
"0500000US29135","Moniteau County, Missouri","5729","127","3837","187","3066","217","771","145","265","82","506","125","1892","191","1675","195","217","73",
"0500000US29137","Monroe County, Missouri","3468","138","2137","174","1664","159","473","103","185","77","288","74","1331","173","1196","165","135","44",
"0500000US29139","Montgomery County, Missouri","4640","199","3176","167","2338","170","838","134","343","104","495","91","1464","172","1225","162","239","70",
"0500000US29141","Morgan County, Missouri","8699","334","5505","369","4660","362","845","192","330","106","515","155","3194","341","2724","329","470","157",
"0500000US29143","New Madrid County, Missouri","6695","249","4340","237","2655","204","1685","217","534","148","1151","159","2355","267","2063","236","292","104",
"0500000US29145","Newton County, Missouri","22129","345","15856","573","12398","533","3458","397","1188","250","2270","315","6273","494","5260","486","1013","231",
"0500000US29147","Nodaway County, Missouri","8460","201","4662","250","3673","234","989","192","414","119","575","125","3798","272","2738","290","1060","181",
"0500000US29149","Oregon County, Missouri","3380","179","2288","198","1693","219","595","156","161","65","434","145","1092","173","994","166","98","71",
"0500000US29151","Osage County, Missouri","5287","189","3555","194","3053","196","502","115","253","94","249","64","1732","194","1502","188","230","73",
"0500000US29153","Ozark County, Missouri","3709","156","2534","179","2155","200","379","88","188","65","191","61","1175","192","1009","172","166","82",
"0500000US29155","Pemiscot County, Missouri","6333","203","3882","250","2301","240","1581","225","388","125","1193","194","2451","268","2096","259","355","113",
"0500000US29157","Perry County, Missouri","7525","184","4888","222","3819","218","1069","211","335","86","734","191","2637","225","2171","212","466","124",
"0500000US29159","Pettis County, Missouri","16996","294","11002","386","8215","487","2787","381","837","177","1950","298","5994","396","4961","392","1033","181",
"0500000US29161","Phelps County, Missouri","17329","427","10710","505","7709","551","3001","484","1031","290","1970","387","6619","468","4958","375","1661","298",
"0500000US29163","Pike County, Missouri","6424","228","4307","234","2999","262","1308","220","555","149","753","166","2117","266","1795","263","322","96",
"0500000US29165","Platte County, Missouri","43902","480","29269","915","23550","883","5719","570","1713","300","4006","451","14633","825","11442","750","3191","522",
"0500000US29167","Polk County, Missouri","12059","295","8236","495","6762","523","1474","274","494","169","980","231","3823","423","3319","393","504","166",
"0500000US29169","Pulaski County, Missouri","16851","445","11390","642","8697","638","2693","465","800","278","1893","373","5461","648","4702","635","759","248",
"0500000US29171","Putnam County, Missouri","1791","148","1066","139","898","134","168","67","56","40","112","61","725","112","689","110","36","23",
"0500000US29173","Ralls County, Missouri","3970","173","2823","216","2400","200","423","109","140","68","283","90","1147","212","935","188","212","87",
"0500000US29175","Randolph County, Missouri","9247","243","5987","280","4314","283","1673","247","359","119","1314","242","3260","325","2778","353","482","164",
"0500000US29177","Ray County, Missouri","9116","171","6229","304","4747","327","1482","234","410","107","1072","210","2887","278","2386","254","501","131",
"0500000US29179","Reynolds County, Missouri","2335","147","1540","152","1188","145","352","85","132","48","220","70","795","128","720","129","75","35",
"0500000US29181","Ripley County, Missouri","4002","208","2638","204","2063","189","575","121","200","79","375","110","1364","190","1183","194","181","71",
"0500000US29183","St. Charles County, Missouri","161311","694","111939","1345","91156","1530","20783","1120","6779","553","14004","886","49372","1250","39617","1259","9755","847",
"0500000US29185","St. Clair County, Missouri","4071","180","2544","176","1912","188","632","122","243","79","389","99","1527","194","1292","193","235","96",
"0500000US29186","Ste. Genevieve County, Missouri","7137","232","4917","345","3977","322","940","185","546","144","394","120","2220","337","1873","318","347","113",
"0500000US29187","St. Francois County, Missouri","24816","445","16305","602","11910","557","4395","522","1430","341","2965","425","8511","588","6873","513","1638","330",
"0500000US29189","St. Louis County, Missouri","413849","1712","255411","2603","183709","2531","71702","2436","18008","1205","53694","2032","158438","2541","135312","2696","23126","1271",
"0500000US29195","Saline County, Missouri","8053","245","4983","257","3760","241","1223","183","290","109","933","146","3070","238","2572","242","498","135",
"0500000US29197","Schuyler County, Missouri","1307","80","870","75","776","78","94","31","34","19","60","27","437","71","416","72","21","15",
"0500000US29199","Scotland County, Missouri","1550","98","1088","86","953","87","135","49","43","32","92","39","462","86","420","89","42","30",
"0500000US29201","Scott County, Missouri","15327","300","9925","395","7189","456","2736","322","802","202","1934","242","5402","454","4706","422","696","185",
"0500000US29203","Shannon County, Missouri","2882","154","1929","186","1457","192","472","137","256","109","216","73","953","169","801","154","152","74",
"0500000US29205","Shelby County, Missouri","2391","111","1488","89","1141","107","347","72","127","40","220","65","903","103","762","112","141","56",
"0500000US29207","Stoddard County, Missouri","11585","244","7480","334","5923","329","1557","229","511","172","1046","187","4105","390","3614","380","491","132",
"0500000US29209","Stone County, Missouri","13530","458","9109","456","7682","459","1427","238","314","101","1113","226","4421","416","3813","399","608","162",
"0500000US29211","Sullivan County, Missouri","2040","123","1192","106","925","105","267","66","22","21","245","65","848","132","787","132","61","24",
"0500000US29213","Taney County, Missouri","22788","496","14623","544","12005","578","2618","363","1000","211","1618","275","8165","588","6479","564","1686","313",
"0500000US29215","Texas County, Missouri","9503","289","6307","306","4829","315","1478","235","501","164","977","171","3196","309","2784","307","412","121",
"0500000US29217","Vernon County, Missouri","7754","239","4586","307","3704","282","882","190","271","110","611","161","3168","308","2575","314","593","167",
"0500000US29219","Warren County, Missouri","13845","329","10048","480","8022","480","2026","381","687","254","1339","303","3797","391","3063","357","734","204",
"0500000US29221","Washington County, Missouri","8920","359","6131","386","4654","351","1477","287","715","234","762","165","2789","350","2261","298","528","187",
"0500000US29223","Wayne County, Missouri","4623","296","2884","297","2295","265","589","166","137","75","452","136","1739","248","1562","237","177","82",
"0500000US29225","Webster County, Missouri","13964","334","10360","460","8665","482","1695","272","566","162","1129","214","3604","394","2802","329","802","249",
"0500000US29227","Worth County, Missouri","847","63","493","53","394","50","99","41","31","20","68","33","354","58","322","57","32","18",
"0500000US29229","Wright County, Missouri","7187","263","4938","333","3813","397","1125","260","265","122","860","234","2249","290","2005","292","244","110",
"0500000US29510","St. Louis city, Missouri","144891","1211","60511","1649","34055","1194","26456","1212","6493","797","19963","989","84380","1715","69545","1835","14835","908",
"0500000US30001","Beaverhead County, Montana","4201","182","2260","193","2025","206","235","97","53","37","182","84","1941","222","1525","224","416","150",
"0500000US30003","Big Horn County, Montana","3827","105","2628","193","1752","171","876","156","321","103","555","105","1199","186","1037","175","162","84",
"0500000US30005","Blaine County, Montana","2280","101","1610","107","1002","92","608","93","253","61","355","69","670","96","564","95","106","39",
"0500000US30007","Broadwater County, Montana","2822","131","2000","178","1791","179","209","96","55","48","154","90","822","183","588","127","234","143",
"0500000US30009","Carbon County, Montana","4664","3324","2985","2791","2618","2522","367","288","131","132","236","169","1679","587","1439","513","240","99",
"0500000US30011","Carter County, Montana","600","63","388","55","380","52","8","7","0","11","8","7","212","61","209","62","3","4",
"0500000US30013","Cascade County, Montana","35615","397","21153","606","16548","576","4605","434","1527","312","3078","355","14462","620","12463","597","1999","325",
"0500000US30015","Chouteau County, Montana","2159","103","1371","139","1123","126","248","59","91","40","157","43","788","112","763","113","25","15",
"0500000US30017","Custer County, Montana","5038","151","3119","190","2558","182","561","134","172","77","389","95","1919","198","1634","193","285","101",
"0500000US30019","Daniels County, Montana","734","82","410","67","352","63","58","26","14","14","44","23","324","70","307","69","17","12",
"0500000US30021","Dawson County, Montana","3615","215","2239","210","1781","234","458","156","177","108","281","121","1376","268","1257","253","119","80",
"0500000US30023","Deer Lodge County, Montana","4473","221","2311","205","1853","204","458","140","118","65","340","120","2162","243","1962","244","200","89",
"0500000US30025","Fallon County, Montana","1178","96","765","99","681","91","84","50","33","31","51","37","413","102","361","99","52","30",
"0500000US30027","Fergus County, Montana","5303","195","3256","262","2556","230","700","147","280","95","420","126","2047","261","1713","255","334","152",
"0500000US30029","Flathead County, Montana","44233","567","28284","795","23053","819","5231","494","1941","335","3290","388","15949","716","12901","702","3048","424",
"0500000US30031","Gallatin County, Montana","51215","510","28982","861","24579","856","4403","538","1685","315","2718","462","22233","867","12852","892","9381","667",
"0500000US30033","Garfield County, Montana","432","61","281","52","264","51","17","9","6","5","11","7","151","31","131","29","20","10",
"0500000US30035","Glacier County, Montana","4291","173","2925","240","1626","211","1299","199","520","135","779","145","1366","191","1104","204","262","100",
"0500000US30037","Golden Valley County, Montana","376","47","205","35","189","28","16","17","12","16","4","4","171","36","146","32","25","17",
"0500000US30039","Granite County, Montana","1514","144","974","114","875","108","99","49","49","37","50","33","540","105","505","102","35","30",
"0500000US30041","Hill County, Montana","6206","205","3749","282","2591","251","1158","218","393","125","765","192","2457","275","2188","254","269","116",
"0500000US30043","Jefferson County, Montana","4996","136","3735","241","3337","248","398","114","115","70","283","89","1261","218","982","188","279","103",
"0500000US30045","Judith Basin County, Montana","918","61","576","57","514","67","62","24","13","9","49","21","342","62","301","61","41","23",
"0500000US30047","Lake County, Montana","12576","252","8070","319","6270","280","1800","199","526","113","1274","181","4506","307","3643","270","863","174",
"0500000US30049","Lewis and Clark County, Montana","31215","362","18533","657","14946","643","3587","457","1346","275","2241","341","12682","766","10255","669","2427","416",
"0500000US30051","Liberty County, Montana","724","94","430","78","318","74","112","41","40","21","72","35","294","79","292","79","2","3",
"0500000US30053","Lincoln County, Montana","9082","263","5662","375","4822","362","840","217","261","97","579","190","3420","389","2991","379","429","153",
"0500000US30055","McCone County, Montana","798","89","480","67","452","68","28","22","10","8","18","20","318","83","308","82","10","13",
"0500000US30057","Madison County, Montana","3740","194","2474","215","2288","210","186","64","59","29","127","55","1266","207","1089","184","177","81",
"0500000US30059","Meagher County, Montana","927","85","563","82","547","80","16","15","5","8","11","13","364","98","255","91","109","62",
"0500000US30061","Mineral County, Montana","2150","102","1286","104","994","115","292","67","183","65","109","46","864","137","774","132","90","34",
"0500000US30063","Missoula County, Montana","52679","618","28486","966","22196","928","6290","635","2290","397","4000","515","24193","979","16995","978","7198","691",
"0500000US30065","Musselshell County, Montana","2148","139","1351","147","1128","147","223","84","35","25","188","80","797","157","671","130","126","78",
"0500000US30067","Park County, Montana","8366","218","4662","333","3706","286","956","262","269","166","687","191","3704","352","2962","316","742","202",
"0500000US30069","Petroleum County, Montana","221","54","136","38","126","37","10","8","7","7","3","3","85","36","69","29","16","16",
"0500000US30071","Phillips County, Montana","1765","102","1130","138","976","126","154","72","131","72","23","22","635","119","616","122","19","21",
"0500000US30073","Pondera County, Montana","2268","106","1436","111","1136","108","300","76","141","56","159","53","832","110","714","104","118","48",
"0500000US30075","Powder River County, Montana","708","69","479","83","390","81","89","34","23","21","66","29","229","60","188","55","41","21",
"0500000US30077","Powell County, Montana","2432","130","1555","145","1351","163","204","93","106","68","98","57","877","152","740","153","137","70",
"0500000US30079","Prairie County, Montana","545","69","282","56","253","53","29","23","14","15","15","19","263","66","215","62","48","44",
"0500000US30081","Ravalli County, Montana","18661","447","12345","611","10472","604","1873","384","665","246","1208","270","6316","519","5435","454","881","253",
"0500000US30083","Richland County, Montana","4422","268","2758","231","2238","251","520","131","208","76","312","99","1664","221","1424","203","240","104",
"0500000US30085","Roosevelt County, Montana","3091","89","1806","126","1075","103","731","101","225","69","506","85","1285","149","1145","134","140","45",
"0500000US30087","Rosebud County, Montana","3070","134","2036","161","1496","138","540","121","157","57","383","107","1034","151","917","152","117","65",
"0500000US30089","Sanders County, Montana","5451","203","3524","231","3068","240","456","113","126","57","330","91","1927","263","1746","247","181","68",
"0500000US30091","Sheridan County, Montana","1476","100","903","91","782","88","121","50","33","21","88","40","573","101","526","99","47","22",
"0500000US30093","Silver Bow County, Montana","15419","302","8209","455","6376","461","1833","281","578","151","1255","265","7210","470","6187","497","1023","287",
"0500000US30095","Stillwater County, Montana","3810","136","2547","191","2241","178","306","86","79","39","227","69","1263","165","1179","166","84","34",
"0500000US30097","Sweet Grass County, Montana","1552","93","1066","82","929","84","137","54","51","34","86","41","486","98","416","99","70","38",
"0500000US30099","Teton County, Montana","2469","94","1600","91","1446","98","154","58","62","39","92","35","869","110","764","103","105","45",
"0500000US30101","Toole County, Montana","1852","115","1066","122","953","108","113","54","32","21","81","52","786","120","674","122","112","54",
"0500000US30103","Treasure County, Montana","360","61","234","44","212","42","22","17","9","13","13","11","126","47","101","39","25","24",
"0500000US30105","Valley County, Montana","2951","161","1804","175","1357","180","447","146","141","70","306","102","1147","185","1029","165","118","56",
"0500000US30107","Wheatland County, Montana","883","76","589","59","497","65","92","34","24","17","68","35","294","73","259","74","35","26",
"0500000US30109","Wibaux County, Montana","461","56","302","60","276","56","26","26","3","5","23","25","159","44","156","45","3","7",
"0500000US30111","Yellowstone County, Montana","69897","695","42721","1194","32842","1043","9879","703","4197","551","5682","495","27176","1147","22375","1176","4801","521",
"0500000US31001","Adams County, Nebraska","13076","212","8242","379","6270","373","1972","306","523","203","1449","221","4834","370","3844","324","990","236",
"0500000US31003","Antelope County, Nebraska","2636","83","1646","114","1430","107","216","51","84","36","132","42","990","120","887","111","103","43",
"0500000US31005","Arthur County, Nebraska","185","34","124","32","105","28","19","14","8","12","11","6","61","17","58","17","3","3",
"0500000US31007","Banner County, Nebraska","305","47","225","36","210","36","15","9","2","2","13","8","80","39","71","37","9","9",
"0500000US31009","Blaine County, Nebraska","197","37","145","31","142","30","3","4","0","10","3","4","52","20","50","20","2","4",
"0500000US31011","Boone County, Nebraska","2191","92","1531","86","1356","88","175","59","110","49","65","26","660","83","571","68","89","37",
"0500000US31013","Box Butte County, Nebraska","4505","182","2936","259","2474","252","462","173","186","119","276","129","1569","275","1358","271","211","104",
"0500000US31015","Boyd County, Nebraska","744","70","514","63","432","57","82","26","31","15","51","21","230","46","213","44","17","10",
"0500000US31017","Brown County, Nebraska","1275","80","729","74","617","75","112","36","18","18","94","32","546","89","511","87","35","19",
"0500000US31019","Buffalo County, Nebraska","19984","267","11752","404","9309","416","2443","333","656","177","1787","318","8232","464","6326","478","1906","236",
"0500000US31021","Burt County, Nebraska","2929","108","1865","110","1532","107","333","71","122","55","211","51","1064","122","917","117","147","38",
"0500000US31023","Butler County, Nebraska","3524","147","2212","143","1970","157","242","88","105","63","137","55","1312","153","1143","142","169","79",
"0500000US31025","Cass County, Nebraska","10832","207","7590","280","6318","279","1272","184","481","128","791","148","3242","266","2727","249","515","117",
"0500000US31027","Cedar County, Nebraska","3444","82","2291","137","2068","129","223","52","68","34","155","40","1153","137","931","119","222","75",
"0500000US31029","Chase County, Nebraska","1476","107","942","117","858","106","84","44","24","20","60","38","534","104","509","108","25","30",
"0500000US31031","Cherry County, Nebraska","2233","150","1421","131","1107","129","314","107","116","63","198","90","812","150","696","124","116","69",
"0500000US31033","Cheyenne County, Nebraska","4464","119","2575","176","2035","145","540","136","221","103","319","98","1889","187","1610","191","279","106",
"0500000US31035","Clay County, Nebraska","2490","91","1768","90","1423","88","345","54","173","39","172","41","722","68","628","65","94","29",
"0500000US31037","Colfax County, Nebraska","3707","74","2903","181","1918","202","985","211","689","274","296","142","804","159","700","161","104","63",
"0500000US31039","Cuming County, Nebraska","3807","114","2320","148","2065","143","255","89","138","62","117","51","1487","175","1294","180","193","78",
"0500000US31041","Custer County, Nebraska","4502","159","2959","169","2424","171","535","103","151","55","384","87","1543","155","1445","160","98","34",
"0500000US31043","Dakota County, Nebraska","7459","146","5220","312","3690","309","1530","238","734","223","796","196","2239","336","1801","339","438","142",
"0500000US31045","Dawes County, Nebraska","3453","216","1837","231","1539","200","298","152","24","30","274","149","1616","233","1398","231","218","112",
"0500000US31047","Dawson County, Nebraska","9145","180","6426","322","4793","295","1633","264","644","159","989","191","2719","308","2264","287","455","140",
"0500000US31049","Deuel County, Nebraska","837","75","545","73","454","69","91","37","15","12","76","34","292","41","256","33","36","19",
"0500000US31051","Dixon County, Nebraska","2188","88","1409","107","1104","108","305","72","88","38","217","63","779","96","675","88","104","36",
"0500000US31053","Dodge County, Nebraska","15168","319","9804","401","7462","417","2342","403","691","227","1651","319","5364","365","4253","376","1111","221",
"0500000US31055","Douglas County, Nebraska","238430","938","143327","1646","105372","1598","37955","1236","11428","874","26527","1026","95103","1640","78501","1698","16602","996",
"0500000US31057","Dundy County, Nebraska","779","75","436","51","381","50","55","32","5","5","50","31","343","62","333","61","10","8",
"0500000US31059","Fillmore County, Nebraska","2357","91","1465","107","1251","90","214","53","80","29","134","36","892","94","815","93","77","30",
"0500000US31061","Franklin County, Nebraska","1293","52","787","60","634","53","153","43","49","31","104","31","506","65","443","63","63","27",
"0500000US31063","Frontier County, Nebraska","1074","72","721","66","614","67","107","33","21","11","86","32","353","65","282","58","71","30",
"0500000US31065","Furnas County, Nebraska","2010","91","1216","88","1085","77","131","41","30","19","101","33","794","85","684","82","110","44",
"0500000US31067","Gage County, Nebraska","9327","205","5685","288","4554","265","1131","198","419","118","712","135","3642","278","3166","286","476","119",
"0500000US31069","Garden County, Nebraska","858","90","460","70","367","67","93","43","19","17","74","38","398","67","370","70","28","23",
"0500000US31071","Garfield County, Nebraska","701","71","522","61","470","65","52","24","35","23","17","17","179","51","160","48","19","16",
"0500000US31073","Gosper County, Nebraska","836","84","595","71","548","73","47","22","22","15","25","14","241","53","226","52","15","13",
"0500000US31075","Grant County, Nebraska","284","50","153","22","138","20","15","10","13","9","2","2","131","42","103","34","28","24",
"0500000US31077","Greeley County, Nebraska","958","58","591","41","511","43","80","29","39","20","41","18","367","66","342","62","25","15",
"0500000US31079","Hall County, Nebraska","24587","266","15978","544","11697","595","4281","502","1231","321","3050","399","8609","575","7087","604","1522","275",
"0500000US31081","Hamilton County, Nebraska","3628","155","2771","135","2436","134","335","114","77","53","258","95","857","173","716","139","141","83",
"0500000US31083","Harlan County, Nebraska","1197","100","764","81","699","76","65","28","30","18","35","21","433","72","399","68","34","18",
"0500000US31085","Hayes County, Nebraska","377","49","262","44","238","42","24","15","8","8","16","12","115","41","107","40","8","9",
"0500000US31087","Hitchcock County, Nebraska","1111","71","709","72","579","63","130","36","27","15","103","35","402","69","380","67","22","17",
"0500000US31089","Holt County, Nebraska","4050","127","2559","161","2074","158","485","106","147","52","338","98","1491","165","1333","151","158","55",
"0500000US31091","Hooker County, Nebraska","327","40","127","29","118","30","9","8","0","10","9","8","200","42","171","41","29","18",
"0500000US31093","Howard County, Nebraska","2504","108","1772","123","1436","134","336","93","149","59","187","64","732","97","668","95","64","42",
"0500000US31095","Jefferson County, Nebraska","3136","138","1844","149","1577","173","267","87","85","52","182","74","1292","170","1118","168","174","96",
"0500000US31097","Johnson County, Nebraska","1708","92","1067","83","834","82","233","74","77","49","156","47","641","97","576","91","65","32",
"0500000US31099","Kearney County, Nebraska","2814","86","1923","128","1598","128","325","105","21","13","304","108","891","129","799","123","92","57",
"0500000US31101","Keith County, Nebraska","4051","149","2461","186","2094","177","367","88","90","49","277","76","1590","203","1457","182","133","58",
"0500000US31103","Keya Paha County, Nebraska","302","41","214","30","184","30","30","13","21","11","9","7","88","29","86","29","2","3",
"0500000US31105","Kimball County, Nebraska","1489","93","851","90","650","94","201","70","106","63","95","34","638","99","582","100","56","36",
"0500000US31107","Knox County, Nebraska","3422","118","2244","139","1818","116","426","63","148","37","278","52","1178","124","1064","120","114","38",
"0500000US31109","Lancaster County, Nebraska","134126","753","78277","1155","60777","1200","17500","1095","5491","606","12009","867","55849","1278","42469","1360","13380","847",
"0500000US31111","Lincoln County, Nebraska","14890","264","8812","431","6627","437","2185","377","492","178","1693","333","6078","457","5108","431","970","255",
"0500000US31113","Logan County, Nebraska","299","38","221","30","208","30","13","9","7","5","6","8","78","26","75","25","3","3",
"0500000US31115","Loup County, Nebraska","244","40","156","33","135","32","21","11","9","6","12","10","88","26","81","26","7","6",
"0500000US31117","McPherson County, Nebraska","212","54","137","30","134","30","3","3","3","3","0","10","75","50","29","13","46","47",
"0500000US31119","Madison County, Nebraska","14462","224","8743","373","6800","370","1943","297","546","157","1397","262","5719","384","5023","372","696","158",
"0500000US31121","Merrick County, Nebraska","3205","127","2049","139","1774","145","275","97","52","28","223","90","1156","159","997","144","159","69",
"0500000US31123","Morrill County, Nebraska","1918","92","1171","116","910","108","261","82","95","48","166","60","747","97","642","98","105","51",
"0500000US31125","Nance County, Nebraska","1342","61","841","69","695","57","146","51","52","31","94","39","501","76","410","74","91","39",
"0500000US31127","Nemaha County, Nebraska","2847","137","1632","138","1207","130","425","142","146","95","279","111","1215","160","1014","157","201","111",
"0500000US31129","Nuckolls County, Nebraska","1919","89","1277","96","1101","103","176","76","52","35","124","63","642","87","580","89","62","40",
"0500000US31131","Otoe County, Nebraska","6383","187","4116","209","3351","207","765","138","226","97","539","116","2267","225","1970","216","297","96",
"0500000US31133","Pawnee County, Nebraska","1090","65","635","65","535","71","100","31","42","18","58","24","455","65","413","64","42","26",
"0500000US31135","Perkins County, Nebraska","1192","62","800","75","695","66","105","40","21","17","84","37","392","66","343","65","49","28",
"0500000US31137","Phelps County, Nebraska","3916","103","2371","146","1984","155","387","103","250","96","137","57","1545","163","1331","160","214","75",
"0500000US31139","Pierce County, Nebraska","2842","85","2104","90","1832","108","272","76","82","35","190","67","738","99","660","93","78","33",
"0500000US31141","Platte County, Nebraska","13658","221","9020","389","6816","421","2204","307","536","168","1668","289","4638","403","4091","379","547","148",
"0500000US31143","Polk County, Nebraska","2114","92","1395","95","1230","100","165","37","50","24","115","36","719","104","616","94","103","39",
"0500000US31145","Red Willow County, Nebraska","4504","217","2687","197","2209","194","478","171","133","102","345","139","1817","239","1515","242","302","121",
"0500000US31147","Richardson County, Nebraska","3554","125","2162","156","1762","170","400","91","121","59","279","74","1392","179","1242","180","150","46",
"0500000US31149","Rock County, Nebraska","600","53","387","39","360","37","27","18","5","7","22","18","213","43","206","43","7","6",
"0500000US31151","Saline County, Nebraska","5143","203","3650","204","2830","195","820","180","333","114","487","123","1493","215","1088","192","405","154",
"0500000US31153","Sarpy County, Nebraska","74097","490","52438","828","42433","924","10005","775","3471","527","6534","595","21659","966","17354","910","4305","470",
"0500000US31155","Saunders County, Nebraska","8899","249","6254","304","5269","290","985","206","371","151","614","151","2645","250","2327","244","318","79",
"0500000US31157","Scotts Bluff County, Nebraska","15078","275","9168","408","6743","360","2425","312","930","247","1495","264","5910","414","5211","385","699","181",
"0500000US31159","Seward County, Nebraska","6788","154","4836","184","4034","205","802","164","391","113","411","113","1952","207","1641","211","311","94",
"0500000US31161","Sheridan County, Nebraska","2108","97","1432","112","1194","97","238","62","82","42","156","47","676","95","601","97","75","33",
"0500000US31163","Sherman County, Nebraska","1325","91","808","81","670","71","138","47","54","37","84","31","517","78","454","67","63","31",
"0500000US31165","Sioux County, Nebraska","490","57","317","52","285","55","32","17","8","6","24","16","173","37","155","33","18","14",
"0500000US31167","Stanton County, Nebraska","2313","70","1541","123","1333","124","208","56","84","40","124","45","772","119","629","122","143","70",
"0500000US31169","Thayer County, Nebraska","2087","75","1323","62","1139","70","184","46","58","26","126","33","764","77","676","76","88","29",
"0500000US31171","Thomas County, Nebraska","304","38","192","25","175","28","17","9","4","5","13","8","112","31","103","30","9","8",
"0500000US31173","Thurston County, Nebraska","1990","42","1413","98","952","95","461","61","142","43","319","49","577","82","543","78","34","20",
"0500000US31175","Valley County, Nebraska","1796","107","1194","88","982","83","212","66","60","33","152","58","602","112","547","110","55","29",
"0500000US31177","Washington County, Nebraska","8429","182","5848","328","5103","349","745","159","239","135","506","153","2581","337","2132","333","449","130",
"0500000US31179","Wayne County, Nebraska","3753","105","2309","213","1952","195","357","155","142","105","215","106","1444","213","1152","231","292","118",
"0500000US31181","Webster County, Nebraska","1493","89","1015","73","818","78","197","48","107","37","90","31","478","77","357","62","121","45",
"0500000US31183","Wheeler County, Nebraska","359","40","229","30","210","30","19","12","13","12","6","6","130","34","117","34","13","9",
"0500000US31185","York County, Nebraska","5712","181","3621","211","2921","218","700","154","393","119","307","101","2091","192","1775","176","316","110",
"0500000US32001","Churchill County, Nevada","9516","323","5823","350","4448","372","1375","306","607","248","768","203","3693","421","3066","413","627","212",
"0500000US32003","Clark County, Nevada","862518","2566","552272","3608","370538","4182","181734","3187","59490","2075","122244","2889","310246","3316","240530","3590","69716","2411",
"0500000US32005","Douglas County, Nevada","21325","375","15164","473","12648","496","2516","393","1113","270","1403","285","6161","476","4984","409","1177","299",
"0500000US32007","Elko County, Nevada","19627","348","13123","585","10047","594","3076","467","1092","274","1984","354","6504","574","5383","589","1121","298",
"0500000US32009","Esmeralda County, Nevada","503","140","303","95","269","94","34","25","18","20","16","16","200","130","168","122","32","36",
"0500000US32011","Eureka County, Nevada","622","144","383","104","351","109","32","32","0","14","32","32","239","128","206","122","33","37",
"0500000US32013","Humboldt County, Nevada","6911","214","4553","367","3560","382","993","217","356","127","637","204","2358","361","2146","362","212","107",
"0500000US32015","Lander County, Nevada","2129","240","1559","180","1205","208","354","178","271","163","83","58","570","186","492","180","78","52",
"0500000US32017","Lincoln County, Nevada","1717","176","1123","149","927","185","196","107","85","88","111","93","594","199","503","187","91","87",
"0500000US32019","Lyon County, Nevada","23745","381","16681","559","12334","645","4347","535","1916","335","2431","362","7064","583","5599","536","1465","250",
"0500000US32021","Mineral County, Nevada","1830","227","982","165","597","172","385","111","129","85","256","84","848","252","625","223","223","130",
"0500000US32023","Nye County, Nevada","22175","438","14168","700","10835","692","3333","505","1447","344","1886","426","8007","671","6221","613","1786","327",
"0500000US32027","Pershing County, Nevada","1736","177","1154","210","915","184","239","108","89","77","150","76","582","153","506","159","76","51",
"0500000US32029","Storey County, Nevada","1892","189","1069","130","826","145","243","93","69","46","174","78","823","227","740","223","83","64",
"0500000US32031","Washoe County, Nevada","199296","1231","122040","1576","87939","1682","34101","1280","12543","849","21558","1037","77256","1741","56762","1426","20494","1161",
"0500000US32033","White Pine County, Nevada","3359","206","1901","177","1489","190","412","138","146","79","266","114","1458","241","1351","236","107","74",
"0500000US32510","Carson City, Nevada","23692","385","14722","568","9935","553","4787","488","1913","383","2874","413","8970","574","7224","543","1746","356",
"0500000US33001","Belknap County, New Hampshire","26337","724","17709","735","14346","774","3363","405","1289","292","2074","268","8628","607","7316","609","1312","273",
"0500000US33003","Carroll County, New Hampshire","21847","657","13476","700","11274","653","2202","301","763","170","1439","264","8371","609","6925","526","1446","325",
"0500000US33005","Cheshire County, New Hampshire","30620","523","19372","708","15636","736","3736","405","1110","238","2626","394","11248","770","8568","750","2680","355",
"0500000US33007","Coos County, New Hampshire","14002","321","8097","374","6427","358","1670","270","648","181","1022","183","5905","388","4840","364","1065","173",
"0500000US33009","Grafton County, New Hampshire","37107","626","22406","792","18127","655","4279","420","1373","243","2906","351","14701","836","11220","786","3481","411",
"0500000US33011","Hillsborough County, New Hampshire","168740","1106","107982","1642","83377","1588","24605","1186","8474","733","16131","975","60758","1658","46673","1689","14085","937",
"0500000US33013","Merrimack County, New Hampshire","60901","490","40566","806","32567","935","7999","553","3299","431","4700","489","20335","750","15687","700","4648","488",
"0500000US33015","Rockingham County, New Hampshire","127570","801","86797","1198","71157","1384","15640","980","4861","586","10779","903","40773","1214","31208","1052","9565","805",
"0500000US33017","Strafford County, New Hampshire","52080","479","31725","759","25229","730","6496","562","2190","385","4306","444","20355","821","15059","890","5296","557",
"0500000US33019","Sullivan County, New Hampshire","16618","461","10184","460","8057","492","2127","328","846","232","1281","222","6434","512","4854","480","1580","289",
"0500000US34001","Atlantic County, New Jersey","109557","883","71330","1273","49102","1340","22228","1200","6744","696","15484","1016","38227","1324","31393","1345","6834","776",
"0500000US34003","Bergen County, New Jersey","355127","1060","254633","2468","197264","2535","57369","2143","16543","1254","40826","1640","100494","2410","85043","2333","15451","986",
"0500000US34005","Burlington County, New Jersey","177222","741","120721","1372","92333","1478","28388","1303","7555","645","20833","1066","56501","1425","47388","1277","9113","896",
"0500000US34007","Camden County, New Jersey","202540","891","131748","1737","88146","1909","43602","1717","12022","1021","31580","1211","70792","1642","57779","1675","13013","999",
"0500000US34009","Cape May County, New Jersey","44884","745","29154","891","23144","754","6010","725","2163","543","3847","476","15730","991","13405","935","2325","362",
"0500000US34011","Cumberland County, New Jersey","53781","503","36601","962","23767","971","12834","777","4070","577","8764","654","17180","1014","13829","813","3351","593",
"0500000US34013","Essex County, New Jersey","319788","1015","205534","2676","126801","2349","78733","2608","20188","1582","58545","2206","114254","2593","97967","2482","16287","1044",
"0500000US34015","Gloucester County, New Jersey","112545","623","78944","1234","59058","1190","19886","1150","5603","571","14283","968","33601","1145","27501","1206","6100","602",
"0500000US34017","Hudson County, New Jersey","299682","1343","173782","2848","114428","2277","59354","2250","16492","1055","42862","1784","125900","2666","94089","2617","31811","1276",
"0500000US34019","Hunterdon County, New Jersey","50860","274","36611","633","31360","758","5251","586","1533","270","3718","488","14249","654","11636","632","2613","486",
"0500000US34021","Mercer County, New Jersey","144114","834","94406","1608","66744","1735","27662","1257","7398","801","20264","1123","49708","1607","41944","1531","7764","735",
"0500000US34023","Middlesex County, New Jersey","307782","1150","219936","2168","167975","2392","51961","1764","15202","941","36759","1611","87846","2080","70280","1952","17566","1129",
"0500000US34025","Monmouth County, New Jersey","251712","1121","171653","1598","138057","1808","33596","1491","9795","863","23801","1152","80059","1872","66519","1765","13540","987",
"0500000US34027","Morris County, New Jersey","193245","705","135935","1404","114074","1516","21861","1102","6391","566","15470","930","57310","1550","47370","1677","9940","836",
"0500000US34029","Ocean County, New Jersey","243843","1514","163132","1964","129090","2089","34042","1537","10366","837","23676","1299","80711","1840","68307","1670","12404","1007",
"0500000US34031","Passaic County, New Jersey","178936","778","128167","1524","82566","1832","45601","1713","11042","939","34559","1560","50769","1459","42173","1427","8596","991",
"0500000US34033","Salem County, New Jersey","24846","391","15827","564","11155","518","4672","439","1103","219","3569","414","9019","564","7537","588","1482","239",
"0500000US34035","Somerset County, New Jersey","130802","435","93507","1222","75564","1421","17943","1033","5234","592","12709","892","37295","1289","30540","1131","6755","702",
"0500000US34037","Sussex County, New Jersey","57767","572","40053","830","31757","797","8296","501","2687","332","5609","432","17714","806","13589","742","4125","429",
"0500000US34039","Union County, New Jersey","203277","863","146211","1522","100510","1716","45701","1195","13860","906","31841","1250","57066","1577","46479","1557","10587","859",
"0500000US34041","Warren County, New Jersey","45391","321","29628","780","23292","733","6336","579","2059","335","4277","446","15763","778","12817","769","2946","454",
"0500000US35001","Bernalillo County, New Mexico","285495","1070","160113","2335","104849","2159","55264","2058","17345","1188","37919","1538","125382","2301","103262","2419","22120","1174",
"0500000US35003","Catron County, New Mexico","1789","190","1041","164","989","162","52","36","21","21","31","29","748","201","710","203","38","34",
"0500000US35005","Chaves County, New Mexico","23712","501","15405","656","9696","657","5709","532","1909","362","3800","457","8307","728","7061","681","1246","304",
"0500000US35006","Cibola County, New Mexico","8503","319","5645","553","3427","514","2218","395","930","297","1288","256","2858","465","2437","455","421","239",
"0500000US35007","Colfax County, New Mexico","5368","242","3006","272","1970","252","1036","167","467","127","569","120","2362","257","2070","255","292","121",
"0500000US35009","Curry County, New Mexico","18595","488","11847","568","8652","569","3195","511","793","238","2402","436","6748","454","5734","483","1014","224",
"0500000US35011","De Baca County, New Mexico","820","119","408","175","205","64","203","201","185","202","18","21","412","179","389","180","23","31",
"0500000US35013","Doña Ana County, New Mexico","84889","858","53244","1255","34536","1192","18708","1220","5974","784","12734","951","31645","1297","24457","1198","7188","1038",
"0500000US35015","Eddy County, New Mexico","23620","573","15620","874","11447","995","4173","727","1944","497","2229","522","8000","681","7083","773","917","306",
"0500000US35017","Grant County, New Mexico","11295","395","5931","535","4570","461","1361","310","409","168","952","255","5364","587","4398","480","966","311",
"0500000US35019","Guadalupe County, New Mexico","1490","195","951","165","650","164","301","104","146","71","155","84","539","134","505","131","34","35",
"0500000US35021","Harding County, New Mexico","286","62","155","38","132","40","23","12","10","9","13","8","131","51","118","47","13","20",
"0500000US35023","Hidalgo County, New Mexico","1478","107","965","122","632","106","333","79","73","41","260","63","513","98","467","101","46","30",
"0500000US35025","Lea County, New Mexico","24670","504","16898","656","11728","689","5170","644","1809","357","3361","561","7772","699","6536","687","1236","274",
"0500000US35027","Lincoln County, New Mexico","10000","514","5965","471","4490","434","1475","321","516","194","959","222","4035","583","3103","448","932","361",
"0500000US35028","Los Alamos County, New Mexico","8247","164","5192","300","4439","273","753","210","350","136","403","154","3055","330","2476","311","579","153",
"0500000US35029","Luna County, New Mexico","9223","334","5675","390","3541","414","2134","356","461","182","1673","305","3548","386","3140","371","408","184",
"0500000US35031","McKinley County, New Mexico","21353","242","15045","487","6011","412","9034","406","2620","265","6414","383","6308","459","5190","432","1118","213",
"0500000US35033","Mora County, New Mexico","1968","189","1282","179","801","200","481","174","58","53","423","169","686","166","565","160","121","74",
"0500000US35035","Otero County, New Mexico","24480","637","15282","793","10856","791","4426","571","1500","337","2926","405","9198","711","7954","704","1244","296",
"0500000US35037","Quay County, New Mexico","4389","240","2443","338","1699","287","744","188","73","51","671","182","1946","331","1643","327","303","163",
"0500000US35039","Rio Arriba County, New Mexico","15647","468","9904","602","6016","494","3888","381","1084","215","2804","344","5743","516","4917","503","826","208",
"0500000US35041","Roosevelt County, New Mexico","7441","266","4490","341","3047","366","1443","309","556","221","887","220","2951","369","2514","327","437","193",
"0500000US35043","Sandoval County, New Mexico","56895","570","40479","874","29670","883","10809","838","3318","467","7491","703","16416","845","12898","700","3518","594",
"0500000US35045","San Juan County, New Mexico","41732","601","28238","845","17835","745","10403","655","3107","348","7296","539","13494","734","11358","706","2136","369",
"0500000US35047","San Miguel County, New Mexico","11931","366","6690","345","4408","430","2282","352","971","264","1311","327","5241","411","4608","457","633","198",
"0500000US35049","Santa Fe County, New Mexico","70767","567","40134","1119","30378","1114","9756","776","3095","440","6661","630","30633","1235","25577","1215","5056","546",
"0500000US35051","Sierra County, New Mexico","5440","340","2665","401","2101","378","564","168","146","93","418","142","2775","397","2351","362","424","159",
"0500000US35053","Socorro County, New Mexico","5269","288","2845","372","1867","299","978","298","315","156","663","247","2424","301","2054","297","370","174",
"0500000US35055","Taos County, New Mexico","15549","481","8768","713","5623","679","3145","562","1114","372","2031","413","6781","692","5899","620","882","302",
"0500000US35057","Torrance County, New Mexico","6052","219","3780","345","2902","336","878","173","425","151","453","123","2272","339","1752","328","520","208",
"0500000US35059","Union County, New Mexico","1438","211","833","171","560","155","273","71","55","46","218","72","605","151","571","149","34","31",
"0500000US35061","Valencia County, New Mexico","27583","458","18959","620","13118","737","5841","546","1774","331","4067","504","8624","549","7464","552","1160","299",
"0500000US36001","Albany County, New York","134703","1000","71011","1232","52453","1255","18558","919","4754","557","13804","837","63692","1568","48447","1718","15245","1098",
"0500000US36003","Allegany County, New York","17710","319","10959","320","8624","306","2335","173","868","124","1467","123","6751","281","5521","280","1230","146",
"0500000US36005","Bronx County, New York","534100","1505","332901","3137","138067","3280","194834","3558","43891","2152","150943","3294","201199","3475","177679","3490","23520","1408",
"0500000US36007","Broome County, New York","82005","806","45356","992","32211","902","13145","849","4287","490","8858","714","36649","1227","28884","1206","7765","779",
"0500000US36009","Cattaraugus County, New York","31895","379","19389","442","13849","421","5540","401","1880","260","3660","313","12506","458","10497","466","2009","219",
"0500000US36011","Cayuga County, New York","31524","438","19182","537","13498","468","5684","430","2118","306","3566","329","12342","606","9962","599","2380","388",
"0500000US36013","Chautauqua County, New York","53393","785","32234","909","22606","877","9628","699","3149","400","6479","518","21159","881","17766","900","3393","418",
"0500000US36015","Chemung County, New York","35262","439","20267","597","14314","557","5953","447","1787","319","4166","409","14995","711","12291","684","2704","388",
"0500000US36017","Chenango County, New York","19890","381","12210","485","9035","426","3175","291","1327","207","1848","198","7680","491","6220","472","1460","247",
"0500000US36019","Clinton County, New York","33556","442","19769","600","14705","570","5064","464","1519","261","3545","412","13787","669","10412","675","3375","522",
"0500000US36021","Columbia County, New York","26627","558","16809","633","13072","622","3737","345","1099","209","2638","319","9818","665","7928","638","1890","314",
"0500000US36023","Cortland County, New York","18999","384","11105","430","8263","413","2842","301","912","184","1930","275","7894","428","5836","415","2058","283",
"0500000US36025","Delaware County, New York","19203","485","11658","512","8686","458","2972","323","1173","192","1799","248","7545","397","6245","377","1300","230",
"0500000US36027","Dutchess County, New York","116275","524","72822","1371","56227","1336","16595","1120","4528","404","12067","974","43453","1306","35869","1247","7584","671",
"0500000US36029","Erie County, New York","409665","1635","233809","2294","163704","2220","70105","1932","18912","1302","51193","1633","175856","2497","143470","2573","32386","1590",
"0500000US36031","Essex County, New York","16342","375","9777","504","7563","449","2214","356","728","208","1486","265","6565","435","5447","398","1118","182",
"0500000US36033","Franklin County, New York","19514","405","12079","396","9087","390","2992","290","1059","229","1933","259","7435","492","6095","421","1340","234",
"0500000US36035","Fulton County, New York","22866","476","14045","561","9749","488","4296","499","1365","263","2931","418","8821","562","7055","550","1766","324",
"0500000US36037","Genesee County, New York","24873","296","15104","493","11209","462","3895","463","1354","293","2541","378","9769","539","7664","467","2105","415",
"0500000US36039","Greene County, New York","18674","510","10970","470","8616","425","2354","377","782","213","1572","298","7704","603","6237","621","1467","245",
"0500000US36041","Hamilton County, New York","2423","155","1460","113","1297","100","163","47","49","21","114","38","963","124","836","97","127","71",
"0500000US36043","Herkimer County, New York","25741","353","15963","529","12321","560","3642","429","985","202","2657","392","9778","539","8057","587","1721","327",
"0500000US36045","Jefferson County, New York","47606","645","30630","850","23459","815","7171","701","2154","339","5017","591","16976","871","13682","853","3294","462",
"0500000US36047","Kings County, New York","1009927","2338","590163","3923","365526","4459","224637","3717","54963","2044","169674","3112","419764","4050","312763","4184","107001","2565",
"0500000US36049","Lewis County, New York","11110","274","7345","284","5588","291","1757","210","781","149","976","150","3765","295","3034","275","731","139",
"0500000US36051","Livingston County, New York","24473","401","15235","417","11756","409","3479","364","1167","248","2312","273","9238","515","7255","518","1983","282",
"0500000US36053","Madison County, New York","26252","407","16684","420","12858","461","3826","347","1246","209","2580","263","9568","462","7814","451","1754","226",
"0500000US36055","Monroe County, New York","318428","1337","185597","2021","130391","2232","55206","1670","13065","1017","42141","1241","132831","2110","105043","2320","27788","1412",
"0500000US36057","Montgomery County, New York","19603","348","11499","458","8175","467","3324","302","946","150","2378","269","8104","504","6380","454","1724","307",
"0500000US36059","Nassau County, New York","458166","1227","352956","2532","278403","2918","74553","2063","21294","1358","53259","1605","105210","2133","87683","2079","17527","1093",
"0500000US36061","New York County, New York","778281","4924","320699","4352","214047","3855","106652","3051","24530","1848","82122","2535","457582","5503","369128","5037","88454","2669",
"0500000US36063","Niagara County, New York","91884","707","56349","1049","39713","1119","16636","952","4976","558","11660","728","35535","1003","29569","1052","5966","622",
"0500000US36065","Oneida County, New York","95220","781","57675","1218","41157","1151","16518","908","5341","571","11177","658","37545","1238","31278","1168","6267","599",
"0500000US36067","Onondaga County, New York","197760","1030","114972","1579","80694","1568","34278","1411","9855","706","24423","1259","82788","1534","67118","1326","15670","1078",
"0500000US36069","Ontario County, New York","48311","558","30101","718","23398","587","6703","504","1780","247","4923","418","18210","817","14263","694","3947","532",
"0500000US36071","Orange County, New York","138608","924","97711","1381","74182","1435","23529","1090","7658","723","15871","961","40897","1355","33745","1162","7152","808",
"0500000US36073","Orleans County, New York","16220","282","10284","453","7515","390","2769","336","899","220","1870","269","5936","495","4825","460","1111","237",
"0500000US36075","Oswego County, New York","47239","606","29628","686","21428","602","8200","602","2805","355","5395","480","17611","700","13041","581","4570","578",
"0500000US36077","Otsego County, New York","23189","482","14207","525","11097","550","3110","350","1033","214","2077","275","8982","473","7318","428","1664","245",
"0500000US36079","Putnam County, New York","35545","459","26187","626","21333","720","4854","605","1336","306","3518","487","9358","607","7668","634","1690","292",
"0500000US36081","Queens County, New York","841003","2217","554812","4128","365096","4521","189716","3009","57280","2085","132436","2855","286191","3860","227974","4012","58217","1819",
"0500000US36083","Rensselaer County, New York","66686","619","38830","962","27672","962","11158","741","3059","438","8099","660","27856","978","21911","980","5945","562",
"0500000US36085","Richmond County, New York","170777","1007","123668","1658","87174","1870","36494","1714","10105","978","26389","1396","47109","1614","40007","1617","7102","840",
"0500000US36087","Rockland County, New York","103879","590","78734","1033","62698","1249","16036","947","4580","618","11456","708","25145","1002","21617","988","3528","456",
"0500000US36089","St. Lawrence County, New York","41666","542","24929","688","18580","585","6349","495","2253","330","4096","409","16737","749","13374","711","3363","412",
"0500000US36091","Saratoga County, New York","101911","833","63427","1198","50757","1207","12670","806","3896","419","8774","699","38484","1159","29404","1259","9080","770",
"0500000US36093","Schenectady County, New York","66902","527","38718","1033","27867","882","10851","846","2825","392","8026","682","28184","1136","22056","1011","6128","699",
"0500000US36095","Schoharie County, New York","12861","253","7859","296","6217","304","1642","201","555","118","1087","183","5002","296","4159","302","843","153",
"0500000US36097","Schuyler County, New York","7355","259","4505","274","3540","259","965","168","361","100","604","129","2850","273","2368","263","482","110",
"0500000US36099","Seneca County, New York","13606","256","7569","301","5828","315","1741","243","591","156","1150","172","6037","312","4838","318","1199","208",
"0500000US36101","Steuben County, New York","39219","465","24523","572","18721","563","5802","485","2046","270","3756","399","14696","543","12374","518","2322","266",
"0500000US36103","Suffolk County, New York","512565","1647","370597","2639","287663","3188","82934","2162","25826","1536","57108","1710","141968","2171","114090","2246","27878","1411",
"0500000US36105","Sullivan County, New York","31434","846","19060","745","13176","611","5884","683","1690","347","4194","518","12374","698","10409","675","1965","356",
"0500000US36107","Tioga County, New York","20347","312","13073","534","9674","501","3399","372","1402","270","1997","276","7274","555","5781","545","1493","285",
"0500000US36109","Tompkins County, New York","43263","611","21576","711","16981","754","4595","569","1148","263","3447","491","21687","826","14789","872","6898","772",
"0500000US36111","Ulster County, New York","74278","803","42764","1152","31392","962","11372","840","3589","529","7783","593","31514","1193","25490","1208","6024","562",
"0500000US36113","Warren County, New York","30133","454","17895","523","13469","469","4426","400","1488","270","2938","327","12238","604","9552","584","2686","351",
"0500000US36115","Washington County, New York","24469","424","15279","663","11607","609","3672","391","1449","287","2223","263","9190","654","7177","581","2013","316",
"0500000US36117","Wayne County, New York","38404","391","24206","621","18946","742","5260","436","1696","261","3564","383","14198","642","11210","651","2988","405",
"0500000US36119","Westchester County, New York","372883","1455","252715","2448","189246","2509","63469","2157","16888","1235","46581","2037","120168","2250","101979","2149","18189","1222",
"0500000US36121","Wyoming County, New York","16453","292","10304","292","8225","272","2079","273","664","174","1415","199","6149","330","4846","360","1303","243",
"0500000US36123","Yates County, New York","9490","278","6231","280","5082","300","1149","211","423","151","726","156","3259","313","2740","299","519","130",
"0500000US37001","Alamance County, North Carolina","70062","653","45428","1147","32213","1073","13215","827","2993","428","10222","731","24634","1114","21184","989","3450","583",
"0500000US37003","Alexander County, North Carolina","14126","362","9641","567","7477","635","2164","358","390","145","1774","339","4485","567","3888","514","597","214",
"0500000US37005","Alleghany County, North Carolina","5177","285","3327","253","2866","234","461","127","185","82","276","96","1850","274","1590","266","260","127",
"0500000US37007","Anson County, North Carolina","8548","366","4919","286","2876","276","2043","246","465","147","1578","196","3629","353","3119","371","510","179",
"0500000US37009","Ashe County, North Carolina","12201","470","8349","455","6559","410","1790","309","576","184","1214","299","3852","410","3361","403","491","144",
"0500000US37011","Avery County, North Carolina","6791","375","4449","382","3636","326","813","196","304","145","509","130","2342","348","2050","314","292","132",
"0500000US37013","Beaufort County, North Carolina","19385","464","13263","487","9409","561","3854","379","864","256","2990","332","6122","489","5256","458","866","262",
"0500000US37015","Bertie County, North Carolina","7143","318","4690","388","3233","415","1457","285","430","149","1027","237","2453","367","2220","352","233","98",
"0500000US37017","Bladen County, North Carolina","11824","364","7441","430","5068","445","2373","366","505","160","1868","311","4383","391","4070","443","313","160",
"0500000US37019","Brunswick County, North Carolina","69124","1093","48225","1097","39421","1192","8804","809","2701","460","6103","717","20899","1113","17290","1084","3609","506",
"0500000US37021","Buncombe County, North Carolina","101855","2041","62025","1734","48486","1515","13539","934","3840","628","9699","809","39830","1671","30910","1437","8920","854",
"0500000US37023","Burke County, North Carolina","36306","496","24448","835","17743","924","6705","612","2365","481","4340","468","11858","765","10294","731","1564","331",
"0500000US37025","Cabarrus County, North Carolina","84246","966","61289","1382","47386","1503","13903","1217","3447","530","10456","1009","22957","1221","18910","1126","4047","524",
"0500000US37027","Caldwell County, North Carolina","32919","534","21792","785","15009","845","6783","742","2013","356","4770","572","11127","750","9768","750","1359","324",
"0500000US37029","Camden County, North Carolina","4011","139","3019","215","2414","232","605","216","296","178","309","164","992","192","815","208","177","82",
"0500000US37031","Carteret County, North Carolina","31977","549","20254","563","16690","530","3564","394","1028","231","2536","307","11723","711","9803","691","1920","236",
"0500000US37033","Caswell County, North Carolina","8830","297","5763","427","4239","404","1524","262","249","115","1275","237","3067","453","2517","402","550","217",
"0500000US37035","Catawba County, North Carolina","66227","707","44707","951","32992","1009","11715","898","3685","540","8030","736","21520","967","18018","1035","3502","497",
"0500000US37037","Chatham County, North Carolina","33004","461","23243","732","19275","737","3968","546","999","308","2969","500","9761","787","8364","812","1397","274",
"0500000US37039","Cherokee County, North Carolina","13241","406","8447","481","6708","489","1739","256","472","146","1267","202","4794","515","4189","520","605","202",
"0500000US37041","Chowan County, North Carolina","6134","271","4159","340","2909","341","1250","283","295","144","955","230","1975","354","1838","351","137","86",
"0500000US37043","Clay County, North Carolina","5081","321","2974","332","2512","321","462","171","227","127","235","95","2107","395","1774","384","333","140",
"0500000US37045","Cleveland County, North Carolina","38850","585","26395","902","18303","833","8092","612","2120","421","5972","545","12455","929","10992","840","1463","320",
"0500000US37047","Columbus County, North Carolina","20048","392","12681","487","8428","534","4253","419","983","224","3270","369","7367","539","6578","501","789","217",
"0500000US37049","Craven County, North Carolina","42871","587","27471","838","20212","773","7259","598","2497","447","4762","439","15400","969","13050","1002","2350","411",
"0500000US37051","Cumberland County, North Carolina","129758","563","81129","987","53344","1211","27785","973","6050","570","21735","850","48629","1032","41645","973","6984","610",
"0500000US37053","Currituck County, North Carolina","11845","295","8690","417","7254","425","1436","297","457","166","979","255","3155","395","2478","330","677","179",
"0500000US37055","Dare County, North Carolina","16836","642","10794","530","8517","521","2277","351","515","172","1762","322","6042","581","4752","529","1290","314",
"0500000US37057","Davidson County, North Carolina","69846","661","46793","1172","35069","1082","11724","867","3756","565","7968","779","23053","1227","19788","1240","3265","542",
"0500000US37059","Davie County, North Carolina","17270","369","12020","458","9570","494","2450","371","787","246","1663","311","5250","559","4761","549","489","171",
"0500000US37061","Duplin County, North Carolina","20787","424","13886","700","9916","625","3970","479","1204","257","2766","374","6901","657","5696","669","1205","242",
"0500000US37063","Durham County, North Carolina","141847","932","78502","1775","55479","1578","23023","1342","6447","868","16576","1136","63345","1821","49801","1830","13544","1101",
"0500000US37065","Edgecombe County, North Carolina","19652","475","12690","645","7129","602","5561","509","1111","315","4450","521","6962","583","6074","533","888","201",
"0500000US37067","Forsyth County, North Carolina","159925","1210","98546","1814","69304","1847","29242","1588","6828","782","22414","1434","61379","1679","52095","1672","9284","792",
"0500000US37069","Franklin County, North Carolina","28529","518","20485","758","15575","727","4910","546","1165","320","3745","442","8044","673","6846","698","1198","327",
"0500000US37071","Gaston County, North Carolina","93576","663","61422","1246","42095","1138","19327","1182","5281","564","14046","914","32154","1136","26460","1130","5694","599",
"0500000US37073","Gates County, North Carolina","4192","180","2741","213","2198","243","543","164","134","83","409","130","1451","235","1325","213","126","85",
"0500000US37075","Graham County, North Carolina","3524","201","2151","202","1753","229","398","136","119","93","279","113","1373","216","1252","211","121","68",
"0500000US37077","Granville County, North Carolina","22474","482","16162","735","11534","692","4628","569","1064","279","3564","453","6312","640","5543","637","769","216",
"0500000US37079","Greene County, North Carolina","6912","204","4265","330","2761","284","1504","243","328","130","1176","204","2647","309","2338","295","309","121",
"0500000US37081","Guilford County, North Carolina","219718","1067","134566","2234","92240","2179","42326","1912","10526","1121","31800","1705","85152","2287","70852","2134","14300","1242",
"0500000US37083","Halifax County, North Carolina","20383","418","12380","522","7412","490","4968","372","812","182","4156","344","8003","481","6927","508","1076","256",
"0500000US37085","Harnett County, North Carolina","49845","512","34635","797","26110","855","8525","657","2224","389","6301","540","15210","770","12581","624","2629","423",
"0500000US37087","Haywood County, North Carolina","27123","647","17553","799","13781","673","3772","500","914","262","2858","442","9570","729","8083","723","1487","297",
"0500000US37089","Henderson County, North Carolina","51067","711","34806","843","27512","997","7294","787","1848","346","5446","750","16261","888","14105","835","2156","342",
"0500000US37091","Hertford County, North Carolina","8285","224","5028","307","3363","260","1665","192","258","95","1407","168","3257","312","2958","309","299","116",
"0500000US37093","Hoke County, North Carolina","19258","213","13214","483","8956","521","4258","383","1117","202","3141","334","6044","482","5415","433","629","180",
"0500000US37095","Hyde County, North Carolina","1939","239","1249","210","782","209","467","162","154","103","313","125","690","200","654","196","36","34",
"0500000US37097","Iredell County, North Carolina","76344","724","53939","1087","41297","1111","12642","961","3781","476","8861","866","22405","1144","18556","1046","3849","479",
"0500000US37099","Jackson County, North Carolina","18430","616","10469","676","7730","658","2739","418","865","264","1874","333","7961","721","5720","729","2241","478",
"0500000US37101","Johnston County, North Carolina","85591","730","61680","1213","48596","1305","13084","985","4149","647","8935","808","23911","1202","19795","1260","4116","605",
"0500000US37103","Jones County, North Carolina","4125","151","2767","220","1946","201","821","189","214","96","607","161","1358","219","1188","207","170","75",
"0500000US37105","Lee County, North Carolina","25145","420","17424","692","11916","695","5508","588","1529","322","3979","493","7721","651","6427","653","1294","274",
"0500000US37107","Lenoir County, North Carolina","23351","486","14191","632","8157","562","6034","568","1121","325","4913","492","9160","717","8119","702","1041","311",
"0500000US37109","Lincoln County, North Carolina","36811","527","27025","822","21271","917","5754","707","1692","378","4062","564","9786","728","8148","718","1638","314",
"0500000US37111","McDowell County, North Carolina","18638","439","12725","560","9442","591","3283","482","834","176","2449","463","5913","584","4986","581","927","270",
"0500000US37113","Macon County, North Carolina","18406","675","11259","642","9142","645","2117","406","814","240","1303","336","7147","660","6226","589","921","291",
"0500000US37115","Madison County, North Carolina","8342","292","5418","265","4362","295","1056","208","371","130","685","164","2924","357","2693","349","231","101",
"0500000US37117","Martin County, North Carolina","9502","262","6039","390","4040","383","1999","376","601","219","1398","281","3463","386","3097","401","366","156",
"0500000US37119","Mecklenburg County, North Carolina","466527","1677","270986","2703","192305","2805","78681","2368","20766","1236","57915","2083","195541","2685","157589","3071","37952","1754",
"0500000US37121","Mitchell County, North Carolina","6587","269","4176","259","3285","295","891","181","240","111","651","144","2411","275","2155","279","256","113",
"0500000US37123","Montgomery County, North Carolina","10643","460","7614","491","5460","393","2154","333","498","135","1656","280","3029","370","2659","350","370","138",
"0500000US37125","Moore County, North Carolina","44013","659","29337","858","23823","879","5514","643","1895","366","3619","471","14676","829","12830","803","1846","367",
"0500000US37127","Nash County, North Carolina","38797","583","25206","814","16064","691","9142","622","1410","318","7732","572","13591","899","12363","854","1228","284",
"0500000US37129","New Hanover County, North Carolina","104856","1084","57814","1196","44622","1204","13192","956","3386","488","9806","886","47042","1557","35392","1578","11650","1128",
"0500000US37131","Northampton County, North Carolina","7857","248","4611","335","2901","294","1710","254","428","130","1282","232","3246","291","3062","292","184","65",
"0500000US37133","Onslow County, North Carolina","75265","796","53022","1412","41256","1588","11766","1163","3118","673","8648","964","22243","1385","17991","1125","4252","742",
"0500000US37135","Orange County, North Carolina","57342","691","33595","825","27461","835","6134","556","1367","266","4767","507","23747","795","17258","828","6489","588",
"0500000US37137","Pamlico County, North Carolina","5456","231","3301","198","2515","169","786","163","176","76","610","139","2155","240","1786","216","369","142",
"0500000US37139","Pasquotank County, North Carolina","15785","384","10718","587","7537","584","3181","438","993","237","2188","376","5067","509","4308","490","759","191",
"0500000US37141","Pender County, North Carolina","25291","522","17068","670","13741","687","3327","390","1130","200","2197","362","8223","695","6949","715","1274","367",
"0500000US37143","Perquimans County, North Carolina","5614","213","3954","307","3110","286","844","166","266","123","578","135","1660","257","1582","248","78","57",
"0500000US37145","Person County, North Carolina","16063","464","10806","528","7662","590","3144","486","477","212","2667","400","5257","534","4365","529","892","274",
"0500000US37147","Pitt County, North Carolina","74533","816","41809","1173","25558","1081","16251","1042","4285","662","11966","839","32724","1367","24150","1249","8574","891",
"0500000US37149","Polk County, North Carolina","8976","238","5680","262","4756","292","924","164","226","99","698","131","3296","310","2842","304","454","134",
"0500000US37151","Randolph County, North Carolina","57721","548","38521","1017","28977","1042","9544","812","3186","590","6358","634","19200","1041","16592","1028","2608","403",
"0500000US37153","Richmond County, North Carolina","17026","468","10897","576","6646","571","4251","486","850","229","3401","432","6129","473","5282","495","847","307",
"0500000US37155","Robeson County, North Carolina","43134","344","28073","624","15659","576","12414","474","2989","261","9425","436","15061","641","13352","638","1709","280",
"0500000US37157","Rockingham County, North Carolina","39606","526","25244","807","18044","803","7200","722","2107","386","5093","594","14362","796","12362","729","2000","407",
"0500000US37159","Rowan County, North Carolina","58899","715","39760","902","28422","1076","11338","896","3352","586","7986","748","19139","1041","15725","1043","3414","516",
"0500000US37161","Rutherford County, North Carolina","26642","396","16942","679","12160","741","4782","494","1334","268","3448","449","9700","658","8436","655","1264","246",
"0500000US37163","Sampson County, North Carolina","21607","439","14747","568","10390","618","4357","432","1331","282","3026","372","6860","568","6214","549","646","192",
"0500000US37165","Scotland County, North Carolina","12580","200","8074","302","4618","332","3456","281","649","174","2807","267","4506","293","3976","286","530","137",
"0500000US37167","Stanly County, North Carolina","25240","380","16660","716","12204","702","4456","472","1276","290","3180","382","8580","722","7387","614","1193","286",
"0500000US37169","Stokes County, North Carolina","19546","331","12159","613","9552","634","2607","400","674","200","1933","420","7387","619","6583","643","804","290",
"0500000US37171","Surry County, North Carolina","29869","421","19785","608","14570","648","5215","555","1898","391","3317","451","10084","572","8717","536","1367","265",
"0500000US37173","Swain County, North Carolina","6013","250","4120","295","2721","294","1399","240","531","171","868","211","1893","298","1573","279","320","135",
"0500000US37175","Transylvania County, North Carolina","14584","428","9208","431","7329","461","1879","319","470","150","1409","283","5376","503","4516","480","860","227",
"0500000US37177","Tyrrell County, North Carolina","1547","130","1084","112","712","124","372","117","78","54","294","106","463","131","429","123","34","26",
"0500000US37179","Union County, North Carolina","84237","575","66692","1014","55150","1165","11542","823","3783","570","7759","536","17545","1032","14125","1013","3420","472",
"0500000US37181","Vance County, North Carolina","16147","422","10147","452","5815","513","4332","462","831","200","3501","458","6000","545","4894","543","1106","313",
"0500000US37183","Wake County, North Carolina","460175","2096","299655","2982","234849","2826","64806","2369","17542","1532","47264","1929","160520","3206","123818","2773","36702","1677",
"0500000US37185","Warren County, North Carolina","8147","272","5195","270","3150","294","2045","237","512","141","1533","184","2952","294","2676","278","276","106",
"0500000US37187","Washington County, North Carolina","4744","237","2921","276","1858","246","1063","233","71","59","992","210","1823","226","1626","227","197","79",
"0500000US37189","Watauga County, North Carolina","21198","594","10839","539","8812","591","2027","345","656","221","1371","272","10359","737","6667","734","3692","518",
"0500000US37191","Wayne County, North Carolina","47507","632","31687","917","21565","807","10122","818","2831","541","7291","554","15820","894","13244","824","2576","442",
"0500000US37193","Wilkes County, North Carolina","27107","553","18797","658","13821","811","4976","574","1660","390","3316","394","8310","576","7231","576","1079","310",
"0500000US37195","Wilson County, North Carolina","33068","423","21161","648","14410","740","6751","609","1819","351","4932","554","11907","661","10285","727","1622","349",
"0500000US37197","Yadkin County, North Carolina","15009","366","10327","493","8221","487","2106","310","700","212","1406","222","4682","481","4288","472","394","155",
"0500000US37199","Yancey County, North Carolina","8130","353","5588","332","4623","297","965","217","261","114","704","180","2542","354","2311","349","231","132",
"0500000US38001","Adams County, North Dakota","1030","63","557","64","449","57","108","39","27","20","81","35","473","72","430","69","43","24",
"0500000US38003","Barnes County, North Dakota","4908","169","2660","193","2207","194","453","130","108","50","345","124","2248","202","2008","212","240","100",
"0500000US38005","Benson County, North Dakota","2025","90","1313","90","789","82","524","83","132","40","392","71","712","86","587","86","125","41",
"0500000US38007","Billings County, North Dakota","407","45","281","45","265","46","16","10","2","5","14","9","126","38","94","39","32","25",
"0500000US38009","Bottineau County, North Dakota","2674","133","1764","140","1461","126","303","72","116","46","187","59","910","140","855","131","55","33",
"0500000US38011","Bowman County, North Dakota","1291","76","706","72","568","58","138","46","34","21","104","43","585","91","530","87","55","32",
"0500000US38013","Burke County, North Dakota","904","68","589","63","488","56","101","38","60","32","41","19","315","69","298","65","17","18",
"0500000US38015","Burleigh County, North Dakota","41269","449","24695","710","19987","679","4708","530","1730","309","2978","467","16574","764","13871","702","2703","425",
"0500000US38017","Cass County, North Dakota","83945","742","43841","1348","34700","1235","9141","857","2723","538","6418","745","40104","1341","31151","1265","8953","803",
"0500000US38019","Cavalier County, North Dakota","1560","106","925","94","824","93","101","34","66","29","35","23","635","108","607","108","28","18",
"0500000US38021","Dickey County, North Dakota","1962","83","1265","74","1084","79","181","47","55","24","126","37","697","99","593","92","104","58",
"0500000US38023","Divide County, North Dakota","1016","69","602","74","529","71","73","38","53","31","20","21","414","93","383","86","31","30",
"0500000US38025","Dunn County, North Dakota","1571","79","975","73","831","76","144","46","91","38","53","27","596","90","497","88","99","35",
"0500000US38027","Eddy County, North Dakota","1173","83","574","52","479","51","95","37","34","24","61","29","599","83","569","80","30","18",
"0500000US38029","Emmons County, North Dakota","1528","84","901","70","802","60","99","42","53","26","46","29","627","89","574","86","53","27",
"0500000US38031","Foster County, North Dakota","1531","84","941","112","827","113","114","42","41","31","73","38","590","99","502","107","88","55",
"0500000US38033","Golden Valley County, North Dakota","699","60","499","59","428","61","71","35","32","21","39","27","200","47","186","43","14","15",
"0500000US38035","Grand Forks County, North Dakota","31295","469","15307","582","11938","603","3369","405","949","210","2420","363","15988","685","11906","720","4082","423",
"0500000US38037","Grant County, North Dakota","1059","57","629","54","573","53","56","18","20","11","36","14","430","67","412","66","18","9",
"0500000US38039","Griggs County, North Dakota","992","76","564","62","473","55","91","30","29","21","62","24","428","70","375","64","53","28",
"0500000US38041","Hettinger County, North Dakota","1130","68","641","48","555","49","86","35","30","20","56","31","489","84","462","85","27","16",
"0500000US38043","Kidder County, North Dakota","1170","82","594","56","540","48","54","28","25","18","29","17","576","90","538","90","38","23",
"0500000US38045","LaMoure County, North Dakota","1745","82","1160","73","1025","69","135","42","54","29","81","29","585","92","563","90","22","14",
"0500000US38047","Logan County, North Dakota","777","56","502","59","472","57","30","14","13","9","17","11","275","47","264","46","11","9",
"0500000US38049","McHenry County, North Dakota","2244","97","1473","100","1239","99","234","57","111","47","123","44","771","105","711","106","60","27",
"0500000US38051","McIntosh County, North Dakota","1196","88","668","79","578","74","90","38","59","37","31","15","528","68","472","70","56","24",
"0500000US38053","McKenzie County, North Dakota","5997","237","3586","308","2951","283","635","219","300","165","335","142","2411","401","1767","377","644","232",
"0500000US38055","McLean County, North Dakota","4377","138","2861","163","2518","141","343","63","151","49","192","44","1516","171","1333","157","183","66",
"0500000US38057","Mercer County, North Dakota","3594","173","2330","171","2061","191","269","100","140","73","129","63","1264","180","1115","176","149","66",
"0500000US38059","Morton County, North Dakota","13946","353","8727","479","7145","451","1582","266","672","203","910","224","5219","502","4237","517","982","288",
"0500000US38061","Mountrail County, North Dakota","3901","164","2416","173","1784","161","632","140","266","93","366","115","1485","204","1232","200","253","100",
"0500000US38063","Nelson County, North Dakota","1338","71","802","80","721","82","81","26","16","11","65","24","536","88","499","89","37","22",
"0500000US38065","Oliver County, North Dakota","725","53","556","63","484","69","72","29","31","21","41","23","169","43","157","43","12","13",
"0500000US38067","Pembina County, North Dakota","2973","99","1701","116","1469","111","232","66","67","34","165","60","1272","116","1192","116","80","31",
"0500000US38069","Pierce County, North Dakota","1854","124","1077","104","947","95","130","73","85","63","45","37","777","156","665","146","112","74",
"0500000US38071","Ramsey County, North Dakota","5410","176","2671","268","2148","282","523","178","245","141","278","123","2739","291","2365","356","374","181",
"0500000US38073","Ransom County, North Dakota","2337","76","1437","112","1176","129","261","82","115","49","146","59","900","107","778","102","122","47",
"0500000US38075","Renville County, North Dakota","969","51","614","43","531","44","83","30","44","24","39","17","355","49","293","47","62","23",
"0500000US38077","Richland County, North Dakota","6849","195","4023","196","3295","188","728","113","161","45","567","113","2826","201","2156","214","670","166",
"0500000US38079","Rolette County, North Dakota","3769","110","2694","170","1363","158","1331","164","366","80","965","158","1075","138","909","147","166","56",
"0500000US38081","Sargent County, North Dakota","1751","65","1043","63","847","61","196","58","82","32","114","48","708","69","597","71","111","35",
"0500000US38083","Sheridan County, North Dakota","675","56","387","46","322","39","65","28","16","15","49","26","288","45","253","42","35","19",
"0500000US38085","Sioux County, North Dakota","1112","29","773","60","308","49","465","63","120","44","345","53","339","61","284","59","55","29",
"0500000US38087","Slope County, North Dakota","374","39","200","35","198","35","2","2","2","2","0","10","174","39","164","41","10","11",
"0500000US38089","Stark County, North Dakota","13537","361","8533","441","6446","446","2087","337","1005","230","1082","237","5004","439","4131","480","873","208",
"0500000US38091","Steele County, North Dakota","806","72","535","69","489","67","46","26","26","17","20","15","271","62","243","63","28","27",
"0500000US38093","Stutsman County, North Dakota","9437","226","4860","281","3982","329","878","200","415","138","463","142","4577","360","4146","374","431","122",
"0500000US38095","Towner County, North Dakota","989","102","588","71","508","66","80","43","50","38","30","24","401","100","333","89","68","40",
"0500000US38097","Traill County, North Dakota","3333","103","2168","132","1827","126","341","63","100","34","241","53","1165","128","1015","133","150","50",
"0500000US38099","Walsh County, North Dakota","4400","150","2771","171","2260","151","511","117","137","53","374","103","1629","155","1448","164","181","73",
"0500000US38101","Ward County, North Dakota","28568","541","17270","766","13645","732","3625","476","1400","372","2225","387","11298","834","8892","726","2406","462",
"0500000US38103","Wells County, North Dakota","1787","93","996","84","875","82","121","44","39","25","82","38","791","108","704","102","87","45",
"0500000US38105","Williams County, North Dakota","15154","764","9597","649","7274","661","2323","511","1228","426","1095","342","5557","699","4609","648","948","366",
"0500000US39001","Adams County, Ohio","10421","324","7109","312","5540","335","1569","218","481","143","1088","170","3312","281","2898","281","414","151",
"0500000US39003","Allen County, Ohio","41295","415","25272","738","17713","687","7559","554","2329","300","5230","491","16023","835","13561","822","2462","331",
"0500000US39005","Ashland County, Ohio","20720","350","13550","476","10646","471","2904","345","1133","248","1771","300","7170","524","6058","470","1112","231",
"0500000US39007","Ashtabula County, Ohio","39245","594","24681","622","17486","700","7195","553","2430","386","4765","445","14564","703","11920","681","2644","372",
"0500000US39009","Athens County, Ohio","23014","428","11863","453","9416","505","2447","341","877","206","1570","263","11151","442","8031","491","3120","384",
"0500000US39011","Auglaize County, Ohio","18940","297","12349","421","10183","460","2166","328","836","199","1330","271","6591","443","5524","477","1067","262",
"0500000US39013","Belmont County, Ohio","27195","479","16833","624","12280","601","4553","477","1612","277","2941","354","10362","687","8990","631","1372","247",
"0500000US39015","Brown County, Ohio","17138","370","11803","498","8711","555","3092","352","1033","242","2059","342","5335","514","4506","509","829","191",
"0500000US39017","Butler County, Ohio","146822","835","97319","1515","73421","1569","23898","1469","7508","869","16390","1135","49503","1603","40164","1526","9339","802",
"0500000US39019","Carroll County, Ohio","11206","359","7589","448","5512","395","2077","334","945","224","1132","238","3617","365","3168","342","449","145",
"0500000US39021","Champaign County, Ohio","15646","318","10641","362","8279","383","2362","306","839","222","1523","212","5005","343","4294","333","711","150",
"0500000US39023","Clark County, Ohio","55975","587","35134","811","24273","708","10861","608","3387","413","7474","550","20841","785","17370","696","3471","411",
"0500000US39025","Clermont County, Ohio","84955","525","57137","898","43282","1083","13855","1019","4450","520","9405","876","27818","909","22175","997","5643","548",
"0500000US39027","Clinton County, Ohio","16761","293","10904","470","8363","440","2541","345","795","180","1746","271","5857","550","5098","540","759","197",
"0500000US39029","Columbiana County, Ohio","41459","607","25799","830","18643","860","7156","608","2852","432","4304","448","15660","758","13460","752","2200","345",
"0500000US39031","Coshocton County, Ohio","14786","317","9475","437","7200","379","2275","321","596","171","1679","257","5311","389","4584","403","727","197",
"0500000US39033","Crawford County, Ohio","18059","354","11429","564","8578","579","2851","364","892","211","1959","300","6630","535","5590","513","1040","225",
"0500000US39035","Cuyahoga County, Ohio","554551","1919","296308","2553","189096","2319","107212","2392","24879","1327","82333","2167","258243","3029","219952","2872","38291","1739",
"0500000US39037","Darke County, Ohio","21297","276","13897","462","10906","434","2991","322","1051","181","1940","302","7400","417","6328","405","1072","200",
"0500000US39039","Defiance County, Ohio","15327","236","10343","392","8012","408","2331","284","1160","241","1171","188","4984","399","4242","363","742","179",
"0500000US39041","Delaware County, Ohio","82287","534","62094","967","52266","1126","9828","832","3402","571","6426","626","20193","966","17009","913","3184","432",
"0500000US39043","Erie County, Ohio","32482","572","20435","732","14413","549","6022","614","1744","323","4278","491","12047","722","10283","712","1764","345",
"0500000US39045","Fairfield County, Ohio","60357","513","43861","891","33867","798","9994","658","3360","452","6634","521","16496","881","13322","843","3174","402",
"0500000US39047","Fayette County, Ohio","11582","269","7203","375","5529","402","1674","299","584","170","1090","231","4379","431","3540","372","839","187",
"0500000US39049","Franklin County, Ohio","553099","1958","314993","2963","210775","2811","104218","2597","29089","1683","75129","2042","238106","3034","183802","3077","54304","1577",
"0500000US39051","Fulton County, Ohio","16986","193","11722","433","9252","428","2470","370","836","225","1634","298","5264","389","4451","376","813","219",
"0500000US39053","Gallia County, Ohio","11614","264","7866","424","6026","453","1840","298","594","163","1246","244","3748","382","3233","372","515","150",
"0500000US39055","Geauga County, Ohio","35807","426","26230","636","22662","745","3568","472","1388","300","2180","342","9577","615","7861","586","1716","331",
"0500000US39057","Greene County, Ohio","68166","556","43461","822","35040","865","8421","617","2882","373","5539","508","24705","1010","19723","941","4982","527",
"0500000US39059","Guernsey County, Ohio","16318","311","10191","436","7427","449","2764","313","849","203","1915","280","6127","410","5409","419","718","160",
"0500000US39061","Hamilton County, Ohio","354739","1411","199040","2303","137210","2108","61830","1867","14721","1205","47109","1547","155699","2708","126551","2507","29148","1516",
"0500000US39063","Hancock County, Ohio","31615","413","19695","688","15191","685","4504","612","1673","350","2831","435","11920","670","9783","654","2137","384",
"0500000US39065","Hardin County, Ohio","11724","249","7624","347","6059","368","1565","258","574","200","991","180","4100","394","3293","417","807","224",
"0500000US39067","Harrison County, Ohio","5948","190","3577","216","2707","191","870","168","322","93","548","141","2371","228","2062","231","309","108",
"0500000US39069","Henry County, Ohio","11451","193","7525","334","5754","271","1771","261","695","185","1076","194","3926","350","3119","312","807","175",
"0500000US39071","Highland County, Ohio","16938","311","11471","501","8701","513","2770","362","878","248","1892","250","5467","498","4458","430","1009","272",
"0500000US39073","Hocking County, Ohio","11568","266","7914","310","5913","367","2001","285","952","279","1049","197","3654","308","3113","327","541","137",
"0500000US39075","Holmes County, Ohio","13395","305","10575","337","9530","378","1045","210","364","143","681","162","2820","336","2468","321","352","142",
"0500000US39077","Huron County, Ohio","23490","385","14810","565","10884","478","3926","426","1152","228","2774","361","8680","573","7306","558","1374","264",
"0500000US39079","Jackson County, Ohio","12933","355","8327","451","6325","446","2002","423","557","160","1445","381","4606","547","3863","493","743","286",
"0500000US39081","Jefferson County, Ohio","27143","394","16625","508","11982","492","4643","442","1495","266","3148","353","10518","590","9106","558","1412","233",
"0500000US39083","Knox County, Ohio","23491","411","15686","601","12949","639","2737","380","916","221","1821","357","7805","670","6757","601","1048","289",
"0500000US39085","Lake County, Ohio","101144","664","61622","1111","46653","1179","14969","1006","3975","449","10994","905","39522","977","32537","944","6985","601",
"0500000US39087","Lawrence County, Ohio","22650","476","14782","568","10592","465","4190","424","1274","316","2916","318","7868","572","6636","616","1232","293",
"0500000US39089","Licking County, Ohio","68620","589","47046","748","36847","839","10199","712","3045","387","7154","612","21574","794","17247","781","4327","493",
"0500000US39091","Logan County, Ohio","19560","383","12687","533","9582","550","3105","376","1345","325","1760","255","6873","530","5663","537","1210","305",
"0500000US39093","Lorain County, Ohio","127544","756","79752","1201","59201","1322","20551","882","5236","609","15315","791","47792","1237","40358","1296","7434","814",
"0500000US39095","Lucas County, Ohio","183243","898","104475","1515","67451","1525","37024","1124","9170","778","27854","1054","78768","1467","65388","1408","13380","892",
"0500000US39097","Madison County, Ohio","15686","241","10775","400","8173","468","2602","409","785","215","1817","337","4911","391","4065","402","846","245",
"0500000US39099","Mahoning County, Ohio","98065","687","57349","1105","38805","1047","18544","843","5098","505","13446","742","40716","1098","34758","1118","5958","602",
"0500000US39101","Marion County, Ohio","24683","368","15076","591","10921","593","4155","453","1378","264","2777","392","9607","624","7961","543","1646","351",
"0500000US39103","Medina County, Ohio","73086","503","51165","763","42120","795","9045","723","3361","454","5684","493","21921","846","18206","840","3715","472",
"0500000US39105","Meigs County, Ohio","9102","253","5701","341","3903","287","1798","250","605","207","1193","170","3401","379","2914","376","487","153",
"0500000US39107","Mercer County, Ohio","16408","243","10942","440","9277","421","1665","294","649","191","1016","226","5466","470","4594","470","872","201",
"0500000US39109","Miami County, Ohio","44906","399","29722","806","23707","852","6015","583","1799","346","4216","476","15184","800","13181","780","2003","366",
"0500000US39111","Monroe County, Ohio","5651","199","3651","200","2989","213","662","140","228","64","434","119","2000","213","1704","200","296","113",
"0500000US39113","Montgomery County, Ohio","231319","1238","131553","1922","89711","1796","41842","1545","10862","763","30980","1236","99766","1882","83548","1938","16218","953",
"0500000US39115","Morgan County, Ohio","5713","230","3958","226","3114","234","844","149","321","110","523","106","1755","182","1458","169","297","99",
"0500000US39117","Morrow County, Ohio","13463","258","9693","423","7766","429","1927","278","613","209","1314","282","3770","355","3008","322","762","186",
"0500000US39119","Muskingum County, Ohio","34357","520","22050","742","14878","570","7172","692","2387","402","4785","456","12307","682","10237","615","2070","355",
"0500000US39121","Noble County, Ohio","4619","185","2912","226","2485","225","427","129","124","78","303","101","1707","228","1545","213","162","89",
"0500000US39123","Ottawa County, Ohio","18504","406","11444","430","9105","423","2339","337","863","233","1476","258","7060","450","6038","453","1022","210",
"0500000US39125","Paulding County, Ohio","7624","183","4839","279","3809","214","1030","147","386","109","644","114","2785","268","2434","263","351","106",
"0500000US39127","Perry County, Ohio","13452","242","9686","403","7268","411","2418","284","708","166","1710","242","3766","440","3161","412","605","152",
"0500000US39129","Pickaway County, Ohio","21899","224","14838","510","11484","584","3354","421","1053","261","2301","319","7061","518","6057","559","1004","222",
"0500000US39131","Pike County, Ohio","10866","278","7121","346","5127","454","1994","358","719","243","1275","257","3745","394","3297","417","448","165",
"0500000US39133","Portage County, Ohio","65249","582","40074","1003","30337","1059","9737","694","3085","380","6652","588","25175","1111","19592","1155","5583","588",
"0500000US39135","Preble County, Ohio","16725","248","11393","379","8632","397","2761","325","881","186","1880","258","5332","386","4583","362","749","221",
"0500000US39137","Putnam County, Ohio","13153","206","9466","273","8383","293","1083","188","408","116","675","161","3687","257","3270","256","417","114",
"0500000US39139","Richland County, Ohio","50111","552","29613","914","22176","853","7437","711","1718","335","5719","629","20498","910","17014","937","3484","612",
"0500000US39141","Ross County, Ohio","29808","434","18377","710","13215","600","5162","601","1582","357","3580","513","11431","743","9583","719","1848","427",
"0500000US39143","Sandusky County, Ohio","24686","314","15568","569","11440","633","4128","598","1534","308","2594","459","9118","552","7696","504","1422","325",
"0500000US39145","Scioto County, Ohio","28864","467","18268","652","13064","625","5204","561","1463","340","3741","444","10596","644","9405","620","1191","247",
"0500000US39147","Seneca County, Ohio","22279","341","14106","464","10311","441","3795","360","1244","210","2551","355","8173","506","6792","532","1381","264",
"0500000US39149","Shelby County, Ohio","18906","316","12711","397","10179","505","2532","288","660","188","1872","298","6195","440","4863","389","1332","307",
"0500000US39151","Stark County, Ohio","155955","762","97081","1530","69767","1569","27314","1322","8119","745","19195","1068","58874","1506","48265","1528","10609","839",
"0500000US39153","Summit County, Ohio","231267","1212","138939","1995","98878","1715","40061","1537","10951","857","29110","1220","92328","2178","75354","2078","16974","1133",
"0500000US39155","Trumbull County, Ohio","86550","664","51678","1067","36291","1058","15387","840","4267","561","11120","710","34872","1198","29732","1197","5140","631",
"0500000US39157","Tuscarawas County, Ohio","38492","358","24733","703","18810","788","5923","575","2495","368","3428","475","13759","705","11733","717","2026","329",
"0500000US39159","Union County, Ohio","24232","268","18070","533","14683","498","3387","446","1256","250","2131","359","6162","563","4953","538","1209","268",
"0500000US39161","Van Wert County, Ohio","11549","204","7705","322","5950","304","1755","239","567","137","1188","199","3844","326","3405","287","439","137",
"0500000US39163","Vinton County, Ohio","5328","181","3663","250","2940","275","723","183","130","67","593","150","1665","230","1318","217","347","134",
"0500000US39165","Warren County, Ohio","92052","741","68782","1014","57360","1154","11422","906","3776","589","7646","773","23270","1062","19113","1058","4157","524",
"0500000US39167","Washington County, Ohio","24779","372","15834","585","12249","579","3585","405","1033","255","2552","339","8945","460","7527","375","1418","295",
"0500000US39169","Wayne County, Ohio","44365","435","29914","611","24912","609","5002","469","1579","242","3423","412","14451","684","12324","671","2127","323",
"0500000US39171","Williams County, Ohio","15476","238","9772","425","7073","408","2699","363","973","253","1726","270","5704","417","4856","411","848","217",
"0500000US39173","Wood County, Ohio","54257","481","31540","664","24306","672","7234","692","2262","315","4972","538","22717","767","17637","831","5080","475",
"0500000US39175","Wyandot County, Ohio","8999","237","6029","298","4744","305","1285","242","399","138","886","198","2970","313","2570","296","400","120",
"0500000US40001","Adair County, Oklahoma","7133","155","4700","226","3257","230","1443","175","380","87","1063","149","2433","222","2159","217","274","70",
"0500000US40003","Alfalfa County, Oklahoma","1938","103","1293","108","1087","96","206","63","85","45","121","38","645","97","575","81","70","38",
"0500000US40005","Atoka County, Oklahoma","4975","124","3470","159","2681","134","789","124","282","102","507","81","1505","130","1215","128","290","66",
"0500000US40007","Beaver County, Oklahoma","1673","89","1209","95","1007","100","202","67","95","46","107","46","464","101","394","101","70","44",
"0500000US40009","Beckham County, Oklahoma","8188","293","5260","385","3765","359","1495","330","550","224","945","220","2928","427","2464","391","464","169",
"0500000US40011","Blaine County, Oklahoma","3381","146","2130","149","1569","143","561","90","179","46","382","77","1251","146","1074","138","177","52",
"0500000US40013","Bryan County, Oklahoma","18397","228","12050","410","8309","382","3741","286","1230","174","2511","282","6347","441","5050","396","1297","217",
"0500000US40015","Caddo County, Oklahoma","9053","214","5875","228","4153","202","1722","194","668","122","1054","145","3178","223","2757","230","421","78",
"0500000US40017","Canadian County, Oklahoma","58227","512","42464","1005","33317","1064","9147","739","2728","329","6419","622","15763","882","12995","909","2768","337",
"0500000US40019","Carter County, Oklahoma","19046","258","12224","324","8484","381","3740","298","1119","161","2621","252","6822","326","5843","317","979","198",
"0500000US40021","Cherokee County, Oklahoma","18698","271","11958","437","8515","494","3443","312","1063","199","2380","247","6740","435","5480","379","1260","205",
"0500000US40023","Choctaw County, Oklahoma","5923","120","3520","203","2380","151","1140","143","323","84","817","109","2403","200","2132","195","271","75",
"0500000US40025","Cimarron County, Oklahoma","707","100","522","104","464","102","58","33","16","15","42","30","185","57","161","54","24","30",
"0500000US40027","Cleveland County, Oklahoma","116799","801","73940","1559","55129","1547","18811","1197","5881","695","12930","891","42859","1518","33000","1562","9859","891",
"0500000US40029","Coal County, Oklahoma","2051","69","1284","91","948","88","336","62","102","36","234","48","767","97","708","101","59","19",
"0500000US40031","Comanche County, Oklahoma","44898","474","28423","727","18907","694","9516","574","2623","360","6893","487","16475","740","13924","745","2551","313",
"0500000US40033","Cotton County, Oklahoma","2040","86","1337","112","980","100","357","73","149","51","208","57","703","102","628","93","75","33",
"0500000US40035","Craig County, Oklahoma","5190","123","3355","153","2493","156","862","128","260","81","602","96","1835","179","1527","167","308","88",
"0500000US40037","Creek County, Oklahoma","28246","220","19379","442","14612","490","4767","357","1710","219","3057","297","8867","430","7770","449","1097","146",
"0500000US40039","Custer County, Oklahoma","11044","307","6766","384","5231","377","1535","252","438","121","1097","217","4278","430","3404","403","874","186",
"0500000US40041","Delaware County, Oklahoma","17161","307","11113","390","8289","397","2824","250","928","196","1896","239","6048","395","5160","368","888","164",
"0500000US40043","Dewey County, Oklahoma","1631","64","1061","70","845","79","216","48","49","16","167","48","570","61","501","60","69","29",
"0500000US40045","Ellis County, Oklahoma","1478","87","963","81","805","88","158","48","65","24","93","40","515","99","465","97","50","26",
"0500000US40047","Garfield County, Oklahoma","23893","487","15158","681","11153","594","4005","452","1397","261","2608","330","8735","600","7319","534","1416","306",
"0500000US40049","Garvin County, Oklahoma","10110","151","6465","245","4810","225","1655","184","628","108","1027","138","3645","262","3037","266","608","113",
"0500000US40051","Grady County, Oklahoma","20688","224","14864","313","12172","403","2692","251","904","157","1788","212","5824","321","4900","301","924","169",
"0500000US40053","Grant County, Oklahoma","1612","82","996","103","722","107","274","59","71","27","203","48","616","101","556","100","60","22",
"0500000US40055","Greer County, Oklahoma","1948","113","1137","150","956","144","181","68","31","20","150","65","811","133","775","131","36","34",
"0500000US40057","Harmon County, Oklahoma","964","72","619","76","450","62","169","45","34","19","135","44","345","88","256","59","89","62",
"0500000US40059","Harper County, Oklahoma","1333","74","945","102","831","99","114","59","35","21","79","52","388","90","374","92","14","11",
"0500000US40061","Haskell County, Oklahoma","4584","121","3195","139","2481","153","714","101","245","63","469","80","1389","134","1211","125","178","59",
"0500000US40063","Hughes County, Oklahoma","4034","135","2544","144","1858","143","686","102","218","52","468","87","1490","146","1329","145","161","51",
"0500000US40065","Jackson County, Oklahoma","9775","253","6228","290","4578","300","1650","201","569","133","1081","173","3547","310","3116","310","431","115",
"0500000US40067","Jefferson County, Oklahoma","2163","59","1294","81","835","87","459","62","121","36","338","49","869","89","771","90","98","31",
"0500000US40069","Johnston County, Oklahoma","3891","90","2624","119","1779","131","845","109","289","70","556","97","1267","124","1143","128","124","35",
"0500000US40071","Kay County, Oklahoma","16776","298","10554","350","7487","358","3067","300","936","177","2131","241","6222","364","5267","321","955","224",
"0500000US40073","Kingfisher County, Oklahoma","5684","154","4032","263","3394","256","638","128","286","85","352","101","1652","234","1356","214","296","99",
"0500000US40075","Kiowa County, Oklahoma","3438","149","2298","154","1639","149","659","116","235","77","424","84","1140","145","1007","130","133","45",
"0500000US40077","Latimer County, Oklahoma","3901","106","2517","120","1847","126","670","95","241","58","429","76","1384","122","1255","117","129","40",
"0500000US40079","Le Flore County, Oklahoma","17997","209","12187","340","8871","302","3316","240","1153","152","2163","184","5810","330","4967","323","843","165",
"0500000US40081","Lincoln County, Oklahoma","13141","147","9016","273","6879","298","2137","219","654","116","1483","197","4125","307","3486","283","639","131",
"0500000US40083","Logan County, Oklahoma","17834","326","13585","492","11167","463","2418","371","819","221","1599","300","4249","447","3547","419","702","307",
"0500000US40085","Love County, Oklahoma","3899","106","2725","145","2056","153","669","97","217","59","452","86","1174","141","991","138","183","54",
"0500000US40087","McClain County, Oklahoma","16421","184","12146","414","9990","438","2156","290","789","179","1367","239","4275","406","3712","434","563","135",
"0500000US40089","McCurtain County, Oklahoma","11143","221","7573","285","5052","293","2521","218","661","122","1860","196","3570","262","3265","250","305","73",
"0500000US40091","McIntosh County, Oklahoma","7784","193","5093","252","3417","216","1676","220","659","132","1017","197","2691","251","2340","212","351","125",
"0500000US40093","Major County, Oklahoma","3182","118","2403","115","2108","123","295","68","130","50","165","49","779","109","657","105","122","44",
"0500000US40095","Marshall County, Oklahoma","5982","177","4007","229","3102","208","905","150","286","84","619","116","1975","199","1769","198","206","62",
"0500000US40097","Mayes County, Oklahoma","15315","225","10661","339","7971","377","2690","267","887","164","1803","218","4654","281","3966","264","688","131",
"0500000US40099","Murray County, Oklahoma","4956","184","3461","191","2601","203","860","151","283","81","577","127","1495","203","1253","196","242","80",
"0500000US40101","Muskogee County, Oklahoma","25739","292","16096","539","10994","504","5102","387","1137","173","3965","370","9643","540","8374","524","1269","252",
"0500000US40103","Noble County, Oklahoma","4147","154","2785","211","2225","206","560","144","189","85","371","102","1362","189","1202","190","160","79",
"0500000US40105","Nowata County, Oklahoma","3686","105","2594","137","1958","121","636","104","191","55","445","92","1092","117","929","106","163","57",
"0500000US40107","Okfuskee County, Oklahoma","4009","102","2784","143","1932","156","852","111","195","55","657","89","1225","115","1073","102","152","56",
"0500000US40109","Oklahoma County, Oklahoma","328101","1481","198703","2213","137448","2186","61255","1973","17244","1088","44011","1652","129398","2402","106115","2258","23283","1379",
"0500000US40111","Okmulgee County, Oklahoma","14246","231","9298","337","6429","309","2869","289","885","180","1984","224","4948","328","4377","305","571","102",
"0500000US40113","Osage County, Oklahoma","17374","179","11671","389","9005","390","2666","288","848","153","1818","240","5703","375","4991","368","712","146",
"0500000US40115","Ottawa County, Oklahoma","11921","157","7640","180","5263","184","2377","130","791","88","1586","108","4281","204","3633","164","648","110",
"0500000US40117","Pawnee County, Oklahoma","6108","113","4155","158","3111","152","1044","151","420","84","624","116","1953","159","1607","157","346","85",
"0500000US40119","Payne County, Oklahoma","32609","635","16808","606","12100","720","4708","574","1731","332","2977","421","15801","867","12034","912","3767","525",
"0500000US40121","Pittsburg County, Oklahoma","17851","240","11501","380","8278","388","3223","256","808","135","2415","258","6350","330","5501","356","849","159",
"0500000US40123","Pontotoc County, Oklahoma","15134","200","9971","325","7042","351","2929","286","914","149","2015","244","5163","308","4443","277","720","117",
"0500000US40125","Pottawatomie County, Oklahoma","26927","255","18036","480","13194","464","4842","396","1421","196","3421","358","8891","418","7468","381","1423","188",
"0500000US40127","Pushmataha County, Oklahoma","4431","112","2937","161","2170","165","767","105","283","70","484","77","1494","144","1306","136","188","65",
"0500000US40129","Roger Mills County, Oklahoma","1416","67","1034","67","836","68","198","41","47","25","151","31","382","56","349","53","33","19",
"0500000US40131","Rogers County, Oklahoma","36672","282","26602","460","20871","466","5731","379","1876","254","3855","302","10070","459","8392","446","1678","225",
"0500000US40133","Seminole County, Oklahoma","8782","146","5847","216","3892","193","1955","182","571","105","1384","144","2935","175","2556","179","379","82",
"0500000US40135","Sequoyah County, Oklahoma","15454","212","10513","295","7611","370","2902","327","1112","191","1790","238","4941","299","4325","288","616","133",
"0500000US40137","Stephens County, Oklahoma","17567","216","11989","350","9373","410","2616","319","655","127","1961","290","5578","358","4821","339","757","168",
"0500000US40139","Texas County, Oklahoma","6824","223","4278","316","3115","331","1163","235","472","159","691","216","2546","352","2088","360","458","207",
"0500000US40141","Tillman County, Oklahoma","2668","106","1617","114","1210","116","407","88","92","45","315","74","1051","116","972","118","79","38",
"0500000US40143","Tulsa County, Oklahoma","272422","759","168458","1365","119902","1467","48556","1034","15203","731","33353","940","103964","1280","85079","1256","18885","696",
"0500000US40145","Wagoner County, Oklahoma","31379","221","23225","522","18551","532","4674","359","1595","234","3079","306","8154","490","6906","514","1248","178",
"0500000US40147","Washington County, Oklahoma","20957","233","13516","438","9885","451","3631","294","1067","189","2564","246","7441","417","6492","434","949","173",
"0500000US40149","Washita County, Oklahoma","4131","129","2731","190","2081","202","650","114","196","61","454","111","1400","150","1195","148","205","58",
"0500000US40151","Woods County, Oklahoma","3584","177","1966","218","1485","187","481","148","179","97","302","124","1618","230","1239","190","379","136",
"0500000US40153","Woodward County, Oklahoma","7925","248","5361","378","3978","356","1383","254","331","146","1052","212","2564","375","2231","360","333","109",
"0500000US41001","Baker County, Oregon","7355","192","4272","288","3525","264","747","179","283","133","464","142","3083","307","2692","286","391","132",
"0500000US41003","Benton County, Oregon","38537","470","21008","639","16142","625","4866","527","1557","316","3309","443","17529","688","11527","690","6002","509",
"0500000US41005","Clackamas County, Oregon","163845","878","113022","1496","90202","1333","22820","1068","7229","695","15591","964","50823","1466","38905","1251","11918","810",
"0500000US41007","Clatsop County, Oregon","17984","527","10178","433","7665","409","2513","339","949","238","1564","253","7806","528","6519","542","1287","311",
"0500000US41009","Columbia County, Oregon","20928","341","14578","579","11178","597","3400","457","1195","298","2205","351","6350","576","4969","495","1381","306",
"0500000US41011","Coos County, Oregon","28731","472","17387","682","12737","594","4650","584","1544","312","3106","453","11344","688","9179","677","2165","366",
"0500000US41013","Crook County, Oregon","10782","296","7620","429","5769","439","1851","347","711","234","1140","318","3162","404","2359","385","803","231",
"0500000US41015","Curry County, Oregon","11159","349","7012","447","5123","460","1889","329","594","242","1295","265","4147","420","3338","413","809","229",
"0500000US41017","Deschutes County, Oregon","84933","994","55409","1250","44555","1390","10854","1048","3488","648","7366","780","29524","1307","21028","1278","8496","827",
"0500000US41019","Douglas County, Oregon","47519","437","30281","967","22262","880","8019","630","2513","405","5506","573","17238","874","13408","788","3830","455",
"0500000US41021","Gilliam County, Oregon","875","96","466","66","380","77","86","41","15","12","71","36","409","97","352","89","57","36",
"0500000US41023","Grant County, Oregon","3444","110","1975","167","1682","178","293","75","93","44","200","68","1469","192","1191","192","278","74",
"0500000US41025","Harney County, Oregon","3129","143","1962","175","1627","184","335","110","82","49","253","101","1167","189","1104","185","63","47",
"0500000US41027","Hood River County, Oregon","8939","233","5695","256","4539","322","1156","273","547","218","609","175","3244","287","2546","326","698","215",
"0500000US41029","Jackson County, Oregon","92035","634","57593","1308","44261","1220","13332","878","4536","524","8796","685","34442","1396","27380","1331","7062","681",
"0500000US41031","Jefferson County, Oregon","8814","249","6384","341","4422","337","1962","300","642","172","1320","225","2430","282","1876","261","554","161",
"0500000US41033","Josephine County, Oregon","36715","421","23749","701","17279","779","6470","629","1961","344","4509","531","12966","750","10260","706","2706","445",
"0500000US41035","Klamath County, Oregon","28999","470","17532","719","13156","664","4376","471","1296","307","3080","356","11467","631","9150","562","2317","420",
"0500000US41037","Lake County, Oregon","3480","167","2084","208","1742","196","342","110","97","67","245","87","1396","234","1129","202","267","108",
"0500000US41039","Lane County, Oregon","160445","760","92728","1314","68884","1582","23844","1400","7032","791","16812","1016","67717","1352","46787","1493","20930","1116",
"0500000US41041","Lincoln County, Oregon","23115","555","13588","541","9850","564","3738","445","1152","238","2586","384","9527","646","7684","612","1843","273",
"0500000US41043","Linn County, Oregon","50729","426","34077","874","25784","911","8293","699","2979","431","5314","504","16652","851","12645","787","4007","542",
"0500000US41045","Malheur County, Oregon","10292","236","6753","351","4639","303","2114","247","576","145","1538","219","3539","336","2889","313","650","165",
"0500000US41047","Marion County, Oregon","126870","667","84603","1333","60949","1315","23654","1364","8041","773","15613","1203","42267","1241","33169","1174","9098","744",
"0500000US41049","Morrow County, Oregon","4326","159","3109","217","2245","234","864","200","271","102","593","169","1217","191","836","194","381","126",
"0500000US41051","Multnomah County, Oregon","349803","1598","177166","2539","129642","2442","47524","1484","16020","1169","31504","1225","172637","2722","122896","2590","49741","2002",
"0500000US41053","Polk County, Oregon","32986","487","22337","613","16771","690","5566","587","1578","290","3988","462","10649","636","7930","637","2719","341",
"0500000US41055","Sherman County, Oregon","804","66","496","52","385","55","111","29","32","15","79","29","308","63","236","57","72","41",
"0500000US41057","Tillamook County, Oregon","11936","524","7318","465","5678","403","1640","314","569","187","1071","245","4618","466","3685","428","933","237",
"0500000US41059","Umatilla County, Oregon","28707","451","20190","628","13965","647","6225","613","2139","344","4086","501","8517","622","6771","660","1746","376",
"0500000US41061","Union County, Oregon","10900","156","6851","245","5344","249","1507","224","370","131","1137","185","4049","253","3163","240","886","190",
"0500000US41063","Wallowa County, Oregon","3387","159","2015","199","1684","179","331","96","96","53","235","93","1372","190","1162","200","210","78",
"0500000US41065","Wasco County, Oregon","10563","236","6084","345","4785","313","1299","220","383","125","916","187","4479","329","3695","359","784","166",
"0500000US41067","Washington County, Oregon","235406","893","156099","1817","121516","1733","34583","1604","11208","922","23375","1254","79307","1946","56977","1680","22330","1152",
"0500000US41069","Wheeler County, Oregon","703","70","447","68","363","74","84","35","27","17","57","31","256","55","227","54","29","24",
"0500000US41071","Yamhill County, Oregon","39247","432","27458","823","21185","718","6273","660","1763","377","4510","557","11789","796","9128","769","2661","343",
"0500000US42001","Adams County, Pennsylvania","40841","393","28229","602","22519","718","5710","533","2362","341","3348","420","12612","573","10230","490","2382","307",
"0500000US42003","Allegheny County, Pennsylvania","545802","1976","302270","2632","225008","2486","77262","2252","19850","1096","57412","1877","243532","2776","200796","2752","42736","1336",
"0500000US42005","Armstrong County, Pennsylvania","28035","303","18457","439","14848","458","3609","368","1224","185","2385","328","9578","453","7951","412","1627","234",
"0500000US42007","Beaver County, Pennsylvania","72257","632","44950","934","34403","896","10547","625","2754","353","7793","493","27307","998","24018","918","3289","443",
"0500000US42009","Bedford County, Pennsylvania","19750","349","12724","384","10411","444","2313","273","867","153","1446","199","7026","472","6008","481","1018","207",
"0500000US42011","Berks County, Pennsylvania","163236","819","108511","1362","77653","1619","30858","1422","9141","757","21717","1154","54725","1440","44798","1431","9927","889",
"0500000US42013","Blair County, Pennsylvania","50558","548","30587","735","22907","794","7680","590","2231","330","5449","545","19971","764","16864","826","3107","500",
"0500000US42015","Bradford County, Pennsylvania","24610","272","15290","381","11780","404","3510","296","1278","173","2232","227","9320","398","7727","403","1593","246",
"0500000US42017","Bucks County, Pennsylvania","249187","727","178036","1662","143153","2042","34883","1324","11774","806","23109","1109","71151","1610","58932","1823","12219","773",
"0500000US42019","Butler County, Pennsylvania","80824","596","52026","856","43240","1022","8786","715","3227","458","5559","513","28798","860","24477","917","4321","512",
"0500000US42021","Cambria County, Pennsylvania","55973","615","33075","662","24185","592","8890","509","2931","297","5959","444","22898","812","19944","804","2954","363",
"0500000US42023","Cameron County, Pennsylvania","2216","120","1287","109","916","97","371","85","133","45","238","72","929","136","804","139","125","45",
"0500000US42025","Carbon County, Pennsylvania","27255","500","17002","659","11697","649","5305","541","1934","335","3371","414","10253","606","8059","650","2194","334",
"0500000US42027","Centre County, Pennsylvania","59013","594","32262","705","26940","859","5322","543","1767","289","3555","484","26751","848","20065","933","6686","583",
"0500000US42029","Chester County, Pennsylvania","204774","936","144006","1461","119901","1507","24105","1235","7454","753","16651","1089","60768","1581","47313","1583","13455","945",
"0500000US42031","Clarion County, Pennsylvania","15049","257","9631","258","7643","262","1988","186","678","117","1310","143","5418","363","4359","319","1059","154",
"0500000US42033","Clearfield County, Pennsylvania","32518","492","20539","617","15763","652","4776","465","1544","271","3232","396","11979","646","10006","613","1973","325",
"0500000US42035","Clinton County, Pennsylvania","15424","265","9911","325","7447","338","2464","269","878","165","1586","235","5513","329","4283","302","1230","184",
"0500000US42037","Columbia County, Pennsylvania","26350","358","15800","407","12146","414","3654","365","1447","268","2207","268","10550","499","8285","493","2265","310",
"0500000US42039","Crawford County, Pennsylvania","33838","493","21767","519","16364","502","5403","426","1860","271","3543","355","12071","569","10028","531","2043","233",
"0500000US42041","Cumberland County, Pennsylvania","106427","704","67088","1197","54559","1477","12529","1089","3845","536","8684","855","39339","1232","31983","1132","7356","759",
"0500000US42043","Dauphin County, Pennsylvania","121358","730","73465","1454","52574","1312","20891","1238","5665","762","15226","1039","47893","1324","38645","1266","9248","955",
"0500000US42045","Delaware County, Pennsylvania","216946","987","140756","1642","98702","1752","42054","1557","11267","1002","30787","1185","76190","1659","65273","1492","10917","906",
"0500000US42047","Elk County, Pennsylvania","13325","316","8274","343","6421","358","1853","274","704","159","1149","216","5051","393","4553","391","498","125",
"0500000US42049","Erie County, Pennsylvania","110587","821","66222","1224","47345","1225","18877","1050","5413","555","13464","824","44365","1269","36553","1310","7812","693",
"0500000US42051","Fayette County, Pennsylvania","55182","708","33440","871","24286","724","9154","581","2680","349","6474","518","21742","926","18260","809","3482","397",
"0500000US42053","Forest County, Pennsylvania","1920","90","1052","91","899","84","153","35","80","27","73","23","868","91","759","88","109","37",
"0500000US42055","Franklin County, Pennsylvania","63510","548","42542","963","33408","935","9134","777","2891","515","6243","660","20968","914","17225","846","3743","572",
"0500000US42057","Fulton County, Pennsylvania","6339","124","4195","142","3339","140","856","119","288","67","568","93","2144","145","1945","148","199","52",
"0500000US42059","Greene County, Pennsylvania","14324","234","9546","317","7253","317","2293","260","843","146","1450","223","4778","324","4082","314","696","173",
"0500000US42061","Huntingdon County, Pennsylvania","16341","342","10724","313","8649","316","2075","203","644","101","1431","174","5617","273","5044","267","573","115",
"0500000US42063","Indiana County, Pennsylvania","32487","467","19280","445","15357","470","3923","392","1292","220","2631","311","13207","586","10826","606","2381","357",
"0500000US42065","Jefferson County, Pennsylvania","18344","206","11785","287","9246","264","2539","229","892","148","1647","195","6559","308","5626","305","933","147",
"0500000US42067","Juniata County, Pennsylvania","9025","164","6335","200","5258","219","1077","171","447","100","630","126","2690","172","2239","169","451","112",
"0500000US42069","Lackawanna County, Pennsylvania","88263","725","52943","981","36510","987","16433","961","5226","596","11207","726","35320","1213","29426","1021","5894","589",
"0500000US42071","Lancaster County, Pennsylvania","212748","813","146761","1660","120006","1741","26755","1293","8407","888","18348","1108","65987","1607","53057","1445","12930","926",
"0500000US42073","Lawrence County, Pennsylvania","36121","429","22457","527","16184","606","6273","480","1729","257","4544","379","13664","630","11930","628","1734","295",
"0500000US42075","Lebanon County, Pennsylvania","56712","463","38466","870","29808","886","8658","656","2573","491","6085","532","18246","777","15148","719","3098","498",
"0500000US42077","Lehigh County, Pennsylvania","144386","695","96976","1460","68793","1437","28183","1315","8182","789","20001","1107","47410","1533","38734","1387","8676","761",
"0500000US42079","Luzerne County, Pennsylvania","135055","904","82663","1327","56145","1259","26518","1104","7784","673","18734","906","52392","1390","44075","1255","8317","754",
"0500000US42081","Lycoming County, Pennsylvania","46861","491","28796","760","21795","781","7001","654","2284","373","4717","522","18065","749","14781","767","3284","402",
"0500000US42083","McKean County, Pennsylvania","16369","264","10282","292","7732","295","2550","229","1080","154","1470","198","6087","366","5111","352","976","195",
"0500000US42085","Mercer County, Pennsylvania","46524","489","29072","722","22114","628","6958","526","2012","304","4946","470","17452","689","15649","703","1803","205",
"0500000US42087","Mifflin County, Pennsylvania","18510","399","12137","445","9467","460","2670","328","803","202","1867","279","6373","492","5258","431","1115","250",
"0500000US42089","Monroe County, Pennsylvania","61212","979","42732","1187","32009","1162","10723","732","3386","435","7337","664","18480","933","14706","882","3774","506",
"0500000US42091","Montgomery County, Pennsylvania","335505","932","222312","2000","178914","2210","43398","1539","13271","956","30127","1161","113193","2137","92902","2051","20291","1099",
"0500000US42093","Montour County, Pennsylvania","7862","155","5060","237","4022","291","1038","172","306","83","732","151","2802","256","2533","271","269","73",
"0500000US42095","Northampton County, Pennsylvania","122624","772","82804","1201","62834","1456","19970","1137","5914","679","14056","883","39820","1212","31968","1169","7852","683",
"0500000US42097","Northumberland County, Pennsylvania","37886","421","23678","626","17568","636","6110","482","2397","346","3713","335","14208","722","12124","676","2084","272",
"0500000US42099","Perry County, Pennsylvania","18299","207","12708","333","10104","371","2604","244","984","160","1620","219","5591","328","4738","333","853","145",
"0500000US42101","Philadelphia County, Pennsylvania","679428","2660","349287","4278","185505","4275","163782","3763","35776","2103","128006","3222","330141","4480","262989","4236","67152","2538",
"0500000US42103","Pike County, Pennsylvania","24262","601","16457","635","13094","611","3363","497","1062","228","2301","385","7805","606","6139","585","1666","242",
"0500000US42105","Potter County, Pennsylvania","6992","154","4520","145","3700","152","820","117","309","66","511","96","2472","153","2016","153","456","107",
"0500000US42107","Schuylkill County, Pennsylvania","57988","731","37008","764","25232","793","11776","639","4252","475","7524","593","20980","832","17170","786","3810","476",
"0500000US42109","Snyder County, Pennsylvania","14600","241","9983","315","8157","304","1826","225","586","120","1240","175","4617","311","3759","325","858","199",
"0500000US42111","Somerset County, Pennsylvania","29344","423","19151","433","15600","531","3551","311","1263","189","2288","272","10193","500","8679","501","1514","225",
"0500000US42113","Sullivan County, Pennsylvania","2551","120","1620","94","1376","89","244","49","75","24","169","43","931","96","798","94","133","38",
"0500000US42115","Susquehanna County, Pennsylvania","15517","250","10102","281","7589","273","2513","239","1009","138","1504","182","5415","277","4655","265","760","104",
"0500000US42117","Tioga County, Pennsylvania","16687","281","11186","306","8737","319","2449","270","799","169","1650","203","5501","322","4526","309","975","127",
"0500000US42119","Union County, Pennsylvania","14546","327","9714","357","8276","371","1438","244","495","156","943","209","4832","413","4165","389","667","155",
"0500000US42121","Venango County, Pennsylvania","21397","317","13890","440","10611","416","3279","345","1073","199","2206","312","7507","426","6398","424","1109","171",
"0500000US42123","Warren County, Pennsylvania","16123","299","10154","347","8151","302","2003","235","734","144","1269","185","5969","352","5187","343","782","158",
"0500000US42125","Washington County, Pennsylvania","88505","781","56307","1130","44251","1054","12056","685","3923","429","8133","557","32198","1087","26988","976","5210","548",
"0500000US42127","Wayne County, Pennsylvania","20877","475","13193","444","10445","419","2748","279","788","158","1960","239","7684","474","6628","448","1056","180",
"0500000US42129","Westmoreland County, Pennsylvania","154979","839","97244","1210","76630","1289","20614","1106","5986","548","14628","955","57735","1290","49353","1271","8382","706",
"0500000US42131","Wyoming County, Pennsylvania","10912","217","7079","233","5460","225","1619","167","531","93","1088","137","3833","272","3023","235","810","157",
"0500000US42133","York County, Pennsylvania","181583","763","123386","1563","94773","1492","28613","1284","8962","717","19651","1037","58197","1373","47401","1504","10796","837",
"0500000US44001","Bristol County, Rhode Island","20104","322","12901","559","10284","644","2617","402","667","204","1950","326","7203","544","5948","513","1255","275",
"0500000US44003","Kent County, Rhode Island","72839","553","45911","1033","33599","1296","12312","925","3991","484","8321","699","26928","1105","21166","1062","5762","672",
"0500000US44005","Newport County, Rhode Island","36868","642","22179","779","17660","750","4519","549","1160","289","3359","479","14689","752","11255","704","3434","487",
"0500000US44007","Providence County, Rhode Island","259210","1297","155454","2103","102975","2203","52479","2048","15161","1130","37318","1781","103756","2094","81897","2032","21859","1220",
"0500000US44009","Washington County, Rhode Island","52549","710","34078","732","27982","798","6096","662","1698","362","4398","539","18471","782","13898","796","4573","541",
"0500000US45001","Abbeville County, South Carolina","9762","394","6520","437","4886","462","1634","337","456","157","1178","291","3242","412","2933","361","309","140",
"0500000US45003","Aiken County, South Carolina","69916","942","47011","1099","34457","1191","12554","978","3252","644","9302","796","22905","1098","18977","1036","3928","656",
"0500000US45005","Allendale County, South Carolina","3238","148","1830","193","1032","170","798","170","163","88","635","153","1408","195","1199","177","209","97",
"0500000US45007","Anderson County, South Carolina","83904","631","56748","1122","41817","1226","14931","870","3585","456","11346","793","27156","1226","23589","1199","3567","440",
"0500000US45009","Bamberg County, South Carolina","4644","250","2612","238","1742","252","870","187","160","83","710","167","2032","304","1841","278","191","103",
"0500000US45011","Barnwell County, South Carolina","8116","235","5119","360","3029","294","2090","293","337","142","1753","255","2997","314","2801","297","196","100",
"0500000US45013","Beaufort County, South Carolina","82333","953","56367","1316","46224","1345","10143","841","2699","525","7444","732","25966","1195","21240","1263","4726","831",
"0500000US45015","Berkeley County, South Carolina","93711","781","63702","1491","47820","1522","15882","1208","4629","729","11253","1004","30009","1465","24043","1335","5966","884",
"0500000US45017","Calhoun County, South Carolina","6179","207","3976","318","2967","293","1009","244","237","145","772","204","2203","311","1953","316","250","117",
"0500000US45019","Charleston County, South Carolina","178975","1483","103745","1783","78992","2059","24753","1501","6835","800","17918","1208","75230","1946","58945","1725","16285","1142",
"0500000US45021","Cherokee County, South Carolina","22063","448","13766","645","9210","552","4556","548","1402","336","3154","387","8297","580","7241","574","1056","243",
"0500000US45023","Chester County, South Carolina","13159","265","8855","421","5970","446","2885","327","667","164","2218","283","4304","381","3806","356","498","160",
"0500000US45025","Chesterfield County, South Carolina","17534","406","11083","559","7093","506","3990","370","1082","251","2908","322","6451","520","5726","543","725","182",
"0500000US45027","Clarendon County, South Carolina","12356","320","8028","399","5625","368","2403","316","589","157","1814","279","4328","399","3844","360","484","151",
"0500000US45029","Colleton County, South Carolina","16408","399","10569","576","6123","484","4446","441","1298","299","3148","389","5839","641","5141","611","698","211",
"0500000US45031","Darlington County, South Carolina","25561","414","15860","693","9540","630","6320","549","1375","367","4945","405","9701","659","8633","664","1068","227",
"0500000US45033","Dillon County, South Carolina","10829","315","7051","380","4000","378","3051","380","827","275","2224","288","3778","376","3386","392","392","166",
"0500000US45035","Dorchester County, South Carolina","63179","563","44260","1218","31917","1329","12343","936","2969","560","9374","712","18919","1214","15449","1133","3470","569",
"0500000US45037","Edgefield County, South Carolina","9768","275","7005","339","5201","361","1804","284","264","123","1540","257","2763","341","2397","315","366","173",
"0500000US45039","Fairfield County, South Carolina","8930","330","5814","321","3487","365","2327","336","505","177","1822","268","3116","340","2824","321","292","124",
"0500000US45041","Florence County, South Carolina","52856","752","33703","1001","22323","983","11380","737","2293","365","9087","665","19153","1019","17096","1087","2057","385",
"0500000US45043","Georgetown County, South Carolina","27129","616","18884","729","14253","782","4631","532","1102","333","3529","453","8245","554","7398","576","847","176",
"0500000US45045","Greenville County, South Carolina","220565","1294","144326","2287","107883","2090","36443","1998","10074","1323","26369","1383","76239","2090","62767","2289","13472","1003",
"0500000US45047","Greenwood County, South Carolina","27884","487","16745","693","11169","614","5576","510","1308","284","4268","390","11139","707","9880","731","1259","272",
"0500000US45049","Hampton County, South Carolina","7225","230","4533","282","2776","298","1757","274","289","134","1468","208","2692","280","2361","270","331","120",
"0500000US45051","Horry County, South Carolina","158779","1593","103211","1678","78997","1620","24214","1473","5761","835","18453","1209","55568","1628","46507","1602","9061","772",
"0500000US45053","Jasper County, South Carolina","13118","354","8971","517","6651","480","2320","453","476","169","1844","397","4147","578","3482","528","665","289",
"0500000US45055","Kershaw County, South Carolina","26897","357","18803","626","13942","644","4861","470","1191","344","3670","504","8094","570","6965","563","1129","250",
"0500000US45057","Lancaster County, South Carolina","40128","616","27769","963","21350","979","6419","626","1662","394","4757","558","12359","933","11293","934","1066","264",
"0500000US45059","Laurens County, South Carolina","26959","472","17708","728","12466","687","5242","558","1224","268","4018","475","9251","715","7813","653","1438","351",
"0500000US45061","Lee County, South Carolina","6351","223","3717","310","2233","244","1484","161","267","83","1217","151","2634","343","2372","334","262","124",
"0500000US45063","Lexington County, South Carolina","121964","765","82536","1334","61788","1348","20748","902","6086","673","14662","852","39428","1466","32469","1341","6959","774",
"0500000US45065","McCormick County, South Carolina","4199","226","2737","237","2229","214","508","116","83","38","425","104","1462","235","1298","236","164","70",
"0500000US45067","Marion County, South Carolina","12177","376","6480","500","3152","384","3328","451","565","192","2763","458","5697","521","5260","552","437","201",
"0500000US45069","Marlboro County, South Carolina","9789","374","5056","323","2991","282","2065","278","441","164","1624","219","4733","429","4418","413","315","102",
"0500000US45071","Newberry County, South Carolina","15325","371","10397","479","7196","539","3201","396","865","244","2336","358","4928","477","4362","472","566","176",
"0500000US45073","Oconee County, South Carolina","34515","680","24052","692","18484","796","5568","556","1584","335","3984","495","10463","721","8816","737","1647","372",
"0500000US45075","Orangeburg County, South Carolina","33077","620","20128","850","11589","831","8539","661","1639","353","6900","627","12949","863","11663","822","1286","301",
"0500000US45077","Pickens County, South Carolina","52414","676","32437","941","25581","1023","6856","594","1952","321","4904","544","19977","815","14991","926","4986","529",
"0500000US45079","Richland County, South Carolina","167961","1263","97273","1890","62020","1799","35253","1504","7524","755","27729","1378","70688","1903","56984","1984","13704","1095",
"0500000US45081","Saluda County, South Carolina","7670","217","5563","298","4073","299","1490","247","476","147","1014","192","2107","265","1965","274","142","86",
"0500000US45083","Spartanburg County, South Carolina","131672","878","90383","1389","64930","1484","25453","1178","6593","720","18860","1024","41289","1405","34407","1403","6882","820",
"0500000US45085","Sumter County, South Carolina","41083","635","26343","851","17747","936","8596","744","1773","382","6823","634","14740","839","13038","857","1702","367",
"0500000US45087","Union County, South Carolina","11611","284","7075","414","4257","363","2818","278","530","178","2288","270","4536","411","4201","383","335","102",
"0500000US45089","Williamsburg County, South Carolina","12291","334","7537","457","4538","395","2999","364","665","200","2334","317","4754","504","4334","521","420","168",
"0500000US45091","York County, South Carolina","113785","854","81081","1368","62420","1502","18661","955","5323","588","13338","920","32704","1496","26495","1326","6209","668",
"0500000US46003","Aurora County, South Dakota","1064","66","667","60","546","54","121","32","31","15","90","28","397","51","353","47","44","18",
"0500000US46005","Beadle County, South Dakota","7536","234","4785","235","3969","262","816","208","355","174","461","118","2751","289","2490","269","261","102",
"0500000US46007","Bennett County, South Dakota","920","92","724","84","420","76","304","66","62","42","242","55","196","72","171","68","25","27",
"0500000US46009","Bon Homme County, South Dakota","2418","99","1561","95","1326","97","235","56","129","42","106","33","857","94","777","92","80","41",
"0500000US46011","Brookings County, South Dakota","13798","279","6942","346","6085","358","857","167","390","120","467","136","6856","425","4881","432","1975","262",
"0500000US46013","Brown County, South Dakota","16285","330","8960","507","7142","451","1818","260","648","199","1170","229","7325","518","6203","581","1122","271",
"0500000US46015","Brule County, South Dakota","1955","100","1191","110","977","121","214","64","64","46","150","63","764","121","638","103","126","68",
"0500000US46017","Buffalo County, South Dakota","508","54","324","54","114","35","210","43","98","36","112","30","184","49","173","48","11","11",
"0500000US46019","Butte County, South Dakota","4306","202","2939","247","2273","231","666","178","245","107","421","152","1367","244","1128","235","239","111",
"0500000US46021","Campbell County, South Dakota","754","55","492","54","480","55","12","9","7","8","5","5","262","49","227","50","35","17",
"0500000US46023","Charles Mix County, South Dakota","3032","85","1950","128","1480","127","470","67","167","46","303","60","1082","125","957","123","125","53",
"0500000US46025","Clark County, South Dakota","1336","76","845","85","708","89","137","46","68","29","69","30","491","85","409","74","82","39",
"0500000US46027","Clay County, South Dakota","5547","215","2599","230","2137","212","462","128","196","114","266","112","2948","273","2123","316","825","206",
"0500000US46029","Codington County, South Dakota","12526","269","7346","444","5838","410","1508","253","627","176","881","215","5180","497","4108","466","1072","254",
"0500000US46031","Corson County, South Dakota","1128","40","832","57","419","47","413","47","171","39","242","36","296","49","253","49","43","21",
"0500000US46033","Custer County, South Dakota","4451","167","3115","199","2726","215","389","142","194","101","195","89","1336","250","1194","242","142","101",
"0500000US46035","Davison County, South Dakota","8899","217","5169","353","4117","374","1052","219","533","183","519","119","3730","366","3358","369","372","137",
"0500000US46037","Day County, South Dakota","2371","104","1403","96","1040","91","363","74","219","70","144","43","968","108","820","113","148","62",
"0500000US46039","Deuel County, South Dakota","1754","95","1151","80","998","93","153","46","86","32","67","30","603","108","530","98","73","33",
"0500000US46041","Dewey County, South Dakota","1692","53","1150","78","554","71","596","75","187","45","409","68","542","87","471","78","71","33",
"0500000US46043","Douglas County, South Dakota","1138","60","795","64","739","62","56","27","28","22","28","19","343","64","312","59","31","27",
"0500000US46045","Edmunds County, South Dakota","1630","74","1116","85","999","90","117","45","55","33","62","30","514","93","434","92","80","38",
"0500000US46047","Fall River County, South Dakota","3632","130","2310","203","1723","170","587","178","296","113","291","126","1322","208","1179","209","143","85",
"0500000US46049","Faulk County, South Dakota","862","67","473","50","450","51","23","13","18","11","5","5","389","82","367","81","22","13",
"0500000US46051","Grant County, South Dakota","3029","159","1943","143","1749","158","194","84","82","52","112","70","1086","177","982","182","104","61",
"0500000US46053","Gregory County, South Dakota","1609","111","972","81","841","79","131","45","60","32","71","29","637","88","608","83","29","19",
"0500000US46055","Haakon County, South Dakota","687","74","455","85","430","86","25","19","4","8","21","17","232","73","187","66","45","33",
"0500000US46057","Hamlin County, South Dakota","2194","109","1642","97","1412","97","230","63","127","49","103","33","552","79","471","71","81","33",
"0500000US46059","Hand County, South Dakota","1405","96","817","79","673","83","144","49","51","30","93","42","588","88","533","79","55","37",
"0500000US46061","Hanson County, South Dakota","1132","55","868","65","771","59","97","35","28","15","69","29","264","62","227","57","37","24",
"0500000US46063","Harding County, South Dakota","498","62","287","38","256","37","31","16","23","14","8","7","211","63","195","62","16","15",
"0500000US46065","Hughes County, South Dakota","7253","208","4423","278","3395","300","1028","237","495","215","533","165","2830","292","2449","296","381","148",
"0500000US46067","Hutchinson County, South Dakota","2908","72","1909","99","1578","102","331","76","107","46","224","61","999","117","888","119","111","41",
"0500000US46069","Hyde County, South Dakota","503","60","318","57","285","57","33","24","0","10","33","24","185","42","157","38","28","18",
"0500000US46071","Jackson County, South Dakota","830","95","601","71","356","69","245","68","96","34","149","62","229","68","207","68","22","21",
"0500000US46073","Jerauld County, South Dakota","785","72","486","64","427","69","59","26","21","12","38","22","299","55","273","58","26","18",
"0500000US46075","Jones County, South Dakota","342","54","230","54","182","49","48","23","22","19","26","18","112","38","106","39","6","7",
"0500000US46077","Kingsbury County, South Dakota","2112","79","1352","73","1185","76","167","43","85","27","82","33","760","74","673","75","87","33",
"0500000US46079","Lake County, South Dakota","4716","171","2874","205","2264","214","610","173","203","79","407","154","1842","217","1437","203","405","112",
"0500000US46081","Lawrence County, South Dakota","12054","374","6711","405","5503","408","1208","309","418","193","790","241","5343","453","4187","431","1156","307",
"0500000US46083","Lincoln County, South Dakota","27879","265","19578","546","16054","692","3524","582","1114","291","2410","446","8301","567","6439","603","1862","327",
"0500000US46085","Lyman County, South Dakota","1188","83","775","89","552","73","223","46","71","30","152","33","413","71","382","73","31","19",
"0500000US46087","McCook County, South Dakota","2221","84","1548","75","1287","85","261","61","116","46","145","43","673","80","545","72","128","53",
"0500000US46089","McPherson County, South Dakota","915","67","534","60","474","59","60","32","27","21","33","25","381","52","350","52","31","22",
"0500000US46091","Marshall County, South Dakota","1651","114","1100","102","975","99","125","53","31","24","94","45","551","101","537","100","14","12",
"0500000US46093","Meade County, South Dakota","11968","425","8431","477","6699","457","1732","265","696","214","1036","216","3537","451","2864","428","673","197",
"0500000US46095","Mellette County, South Dakota","641","62","400","64","248","52","152","45","51","34","101","37","241","69","220","67","21","19",
"0500000US46097","Miner County, South Dakota","932","56","607","46","505","49","102","34","65","30","37","17","325","59","289","55","36","28",
"0500000US46099","Minnehaha County, South Dakota","84814","560","49313","1062","37947","953","11366","890","4099","516","7267","771","35501","1046","28716","1009","6785","662",
"0500000US46101","Moody County, South Dakota","2559","95","1778","123","1379","110","399","82","241","79","158","47","781","111","686","101","95","39",
"0500000US46102","Oglala Lakota County, South Dakota","2923","214","2410","235","586","176","1824","242","346","146","1478","194","513","213","443","200","70","71",
"0500000US46103","Pennington County, South Dakota","46370","532","27786","865","21628","828","6158","573","2331","358","3827","428","18584","853","15276","782","3308","489",
"0500000US46105","Perkins County, South Dakota","1309","95","882","84","728","94","154","55","20","13","134","52","427","89","396","84","31","21",
"0500000US46107","Potter County, South Dakota","1066","75","629","66","563","64","66","29","34","24","32","16","437","68","391","65","46","23",
"0500000US46109","Roberts County, South Dakota","3625","100","2381","122","1733","106","648","81","205","51","443","71","1244","110","1075","107","169","52",
"0500000US46111","Sanborn County, South Dakota","946","61","586","56","521","55","65","20","26","18","39","16","360","74","312","73","48","26",
"0500000US46115","Spink County, South Dakota","2486","103","1503","95","1308","106","195","49","49","23","146","44","983","105","893","98","90","39",
"0500000US46117","Stanley County, South Dakota","1290","100","842","117","660","106","182","76","28","25","154","74","448","106","443","105","5","11",
"0500000US46119","Sully County, South Dakota","637","60","361","36","331","38","30","16","13","9","17","14","276","54","218","47","58","36",
"0500000US46121","Todd County, South Dakota","2544","70","1809","142","722","154","1087","153","323","103","764","119","735","150","679","154","56","37",
"0500000US46123","Tripp County, South Dakota","2258","128","1308","131","974","130","334","103","174","75","160","62","950","147","865","144","85","58",
"0500000US46125","Turner County, South Dakota","3568","84","2264","100","1896","109","368","67","193","48","175","43","1304","125","1086","132","218","59",
"0500000US46127","Union County, South Dakota","7310","118","5020","249","4342","262","678","161","272","96","406","131","2290","262","1818","261","472","186",
"0500000US46129","Walworth County, South Dakota","2415","125","1432","128","1209","139","223","97","22","26","201","95","983","173","840","160","143","70",
"0500000US46135","Yankton County, South Dakota","9695","258","5480","358","4405","322","1075","233","362","143","713","191","4215","403","3735","362","480","171",
"0500000US46137","Ziebach County, South Dakota","735","26","574","44","304","48","270","42","106","33","164","37","161","36","121","35","40","19",
"0500000US47001","Anderson County, Tennessee","32755","523","20620","609","15041","626","5579","528","1767","324","3812","483","12135","734","10167","630","1968","423",
"0500000US47003","Bedford County, Tennessee","19505","302","13938","624","9267","522","4671","477","1302","300","3369","411","5567","598","4760","590","807","243",
"0500000US47005","Benton County, Tennessee","7121","272","4415","304","3154","269","1261","215","465","150","796","193","2706","347","2392","328","314","134",
"0500000US47007","Bledsoe County, Tennessee","4858","149","3648","224","2853","262","795","246","392","228","403","116","1210","212","1065","190","145","89",
"0500000US47009","Blount County, Tennessee","55522","683","38251","836","30575","884","7676","683","2350","337","5326","547","17271","749","14735","785","2536","472",
"0500000US47011","Bradley County, Tennessee","42596","464","29712","840","22757","738","6955","596","1989","322","4966","543","12884","795","10848","827","2036","345",
"0500000US47013","Campbell County, Tennessee","17186","413","11240","451","7739","460","3501","378","1026","245","2475","316","5946","442","4784","391","1162","244",
"0500000US47015","Cannon County, Tennessee","5776","159","3791","210","2638","252","1153","214","413","140","740","178","1985","245","1828","260","157","74",
"0500000US47017","Carroll County, Tennessee","11541","306","7535","404","5631","386","1904","268","827","169","1077","210","4006","366","3601","348","405","129",
"0500000US47019","Carter County, Tennessee","24425","463","14963","649","10988","518","3975","540","1213","283","2762","446","9462","596","8246","621","1216","231",
"0500000US47021","Cheatham County, Tennessee","16279","308","11906","464","9453","519","2453","338","859","220","1594","291","4373","393","3526","361","847","226",
"0500000US47023","Chester County, Tennessee","6430","217","4425","367","3292","401","1133","223","470","141","663","175","2005","320","1623","308","382","139",
"0500000US47025","Claiborne County, Tennessee","13724","363","8552","449","6486","479","2066","305","760","209","1306","257","5172","425","4440","407","732","209",
"0500000US47027","Clay County, Tennessee","3486","181","2274","240","1570","225","704","202","278","126","426","155","1212","240","1115","222","97","50",
"0500000US47029","Cocke County, Tennessee","15509","442","10293","596","6835","554","3458","471","1028","310","2430","373","5216","497","4074","458","1142","311",
"0500000US47031","Coffee County, Tennessee","23097","453","15053","655","10835","664","4218","488","1462","303","2756","408","8044","659","6698","562","1346","283",
"0500000US47033","Crockett County, Tennessee","5508","139","3781","191","2682","248","1099","213","326","132","773","147","1727","202","1423","188","304","106",
"0500000US47035","Cumberland County, Tennessee","28195","410","19111","675","15991","752","3120","387","883","192","2237","327","9084","606","7648","602","1436","269",
"0500000US47037","Davidson County, Tennessee","324907","1705","167086","2656","114008","2570","53078","2290","15085","1222","37993","1732","157821","2879","120293","2746","37528","1733",
"0500000US47039","Decatur County, Tennessee","4568","215","3066","229","2439","259","627","154","160","91","467","117","1502","232","1336","214","166","80",
"0500000US47041","DeKalb County, Tennessee","8652","250","5848","365","4467","342","1381","279","443","176","938","209","2804","336","2229","330","575","165",
"0500000US47043","Dickson County, Tennessee","21757","407","15451","627","11501","669","3950","535","1295","304","2655","411","6306","547","4818","512","1488","345",
"0500000US47045","Dyer County, Tennessee","14769","384","9435","611","6195","599","3240","422","937","296","2303","330","5334","602","4784","607","550","180",
"0500000US47047","Fayette County, Tennessee","17210","288","12536","391","9891","474","2645","340","781","176","1864","286","4674","417","4155","385","519","130",
"0500000US47049","Fentress County, Tennessee","7831","258","5007","351","3860","337","1147","303","335","182","812","232","2824","400","2623","414","201","101",
"0500000US47051","Franklin County, Tennessee","17445","368","10970","527","8548","524","2422","314","614","153","1808","256","6475","497","5621","508","854","207",
"0500000US47053","Gibson County, Tennessee","20360","396","13715","555","9580","591","4135","465","1277","295","2858","354","6645","562","5483","547","1162","334",
"0500000US47055","Giles County, Tennessee","12058","374","8109","372","5890","374","2219","372","667","206","1552","290","3949","397","3376","381","573","178",
"0500000US47057","Grainger County, Tennessee","9660","277","6514","340","4946","294","1568","285","522","161","1046","226","3146","403","2882","388","264","106",
"0500000US47059","Greene County, Tennessee","28400","568","18760","726","14431","637","4329","545","1561","411","2768","392","9640","674","8616","682","1024","266",
"0500000US47061","Grundy County, Tennessee","5161","163","3492","240","2577","249","915","158","227","79","688","138","1669","215","1401","194","268","131",
"0500000US47063","Hamblen County, Tennessee","26146","362","17338","711","12544","680","4794","568","1376","315","3418","532","8808","735","7316","730","1492","300",
"0500000US47065","Hamilton County, Tennessee","154181","1015","96531","1609","71183","1571","25348","1343","6541","668","18807","1124","57650","1839","46835","1659","10815","713",
"0500000US47067","Hancock County, Tennessee","2828","135","1699","152","1202","153","497","110","176","79","321","87","1129","160","1013","156","116","69",
"0500000US47069","Hardeman County, Tennessee","9110","338","5549","403","3383","380","2166","272","199","81","1967","261","3561","455","3358","407","203","121",
"0500000US47071","Hardin County, Tennessee","11001","312","6829","386","5159","437","1670","329","403","175","1267","285","4172","455","3519","373","653","250",
"0500000US47073","Hawkins County, Tennessee","23567","457","16228","643","12104","650","4124","460","1313","291","2811","394","7339","614","6351","572","988","206",
"0500000US47075","Haywood County, Tennessee","7167","228","4456","304","2564","285","1892","254","406","132","1486","230","2711","352","2366","367","345","154",
"0500000US47077","Henderson County, Tennessee","10920","325","7251","366","5167","444","2084","397","847","215","1237","336","3669","418","3199","407","470","187",
"0500000US47079","Henry County, Tennessee","13452","342","8106","395","6181","366","1925","289","604","197","1321","201","5346","451","4860","426","486","145",
"0500000US47081","Hickman County, Tennessee","9435","262","7137","370","5191","384","1946","358","662","253","1284","305","2298","335","1941","311","357","140",
"0500000US47083","Houston County, Tennessee","3353","104","2325","147","1694","188","631","170","128","59","503","141","1028","140","837","132","191","94",
"0500000US47085","Humphreys County, Tennessee","7241","301","4818","345","3581","304","1237","289","455","264","782","178","2423","309","2105","294","318","110",
"0500000US47087","Jackson County, Tennessee","4795","198","3147","302","2390","238","757","165","187","84","570","145","1648","271","1397","259","251","94",
"0500000US47089","Jefferson County, Tennessee","21817","574","15607","617","12128","672","3479","462","922","221","2557","407","6210","605","5248","545","962","242",
"0500000US47091","Johnson County, Tennessee","7298","327","4722","345","3383","344","1339","287","329","139","1010","244","2576","376","2233","350","343","140",
"0500000US47093","Knox County, Tennessee","201146","1077","121469","1389","93300","1454","28169","1193","7757","687","20412","1154","79677","1620","62236","1778","17441","1095",
"0500000US47095","Lake County, Tennessee","2067","121","1154","170","675","144","479","105","48","36","431","97","913","137","808","131","105","65",
"0500000US47097","Lauderdale County, Tennessee","9325","241","6120","317","3757","269","2363","250","341","117","2022","265","3205","296","2815","281","390","122",
"0500000US47099","Lawrence County, Tennessee","16991","264","11451","424","8440","499","3011","382","687","169","2324","376","5540","433","4856","415","684","204",
"0500000US47101","Lewis County, Tennessee","5387","265","3456","283","2636","326","820","279","175","119","645","235","1931","318","1656","274","275","155",
"0500000US47103","Lincoln County, Tennessee","14849","301","9837","469","7512","471","2325","373","1000","221","1325","311","5012","509","4491","507","521","148",
"0500000US47105","Loudon County, Tennessee","24056","382","17230","589","14487","559","2743","381","886","237","1857","329","6826","543","5763","532","1063","265",
"0500000US47107","McMinn County, Tennessee","21218","419","14794","565","10852","506","3942","476","1150","278","2792","394","6424","529","5476","499","948","244",
"0500000US47109","McNairy County, Tennessee","9939","311","6656","388","5057","406","1599","251","416","113","1183","196","3283","357","2832","324","451","129",
"0500000US47111","Macon County, Tennessee","9421","305","6627","485","4943","451","1684","322","734","210","950","246","2794","491","2264","466","530","161",
"0500000US47113","Madison County, Tennessee","40153","486","24902","828","16300","725","8602","692","1470","328","7132","635","15251","774","13157","729","2094","418",
"0500000US47115","Marion County, Tennessee","11869","315","8310","441","6140","451","2170","356","628","142","1542","332","3559","424","2953","397","606","185",
"0500000US47117","Marshall County, Tennessee","13622","293","9463","459","7057","499","2406","406","643","201","1763","384","4159","426","3566","419","593","175",
"0500000US47119","Maury County, Tennessee","42306","653","28828","864","22138","837","6690","654","2119","401","4571","585","13478","846","11465","785","2013","465",
"0500000US47121","Meigs County, Tennessee","5235","263","3303","327","2666","301","637","181","196","85","441","134","1932","252","1605","240","327","107",
"0500000US47123","Monroe County, Tennessee","19714","319","13355","563","9819","495","3536","399","1094","266","2442","356","6359","600","5417","598","942","276",
"0500000US47125","Montgomery County, Tennessee","87759","746","61083","1522","45119","1532","15964","966","4588","569","11376","743","26676","1484","21059","1444","5617","693",
"0500000US47127","Moore County, Tennessee","2739","132","1932","188","1567","175","365","125","100","65","265","111","807","175","728","168","79","59",
"0500000US47129","Morgan County, Tennessee","7188","264","5103","355","3999","371","1104","211","292","143","812","200","2085","305","1828","288","257","132",
"0500000US47131","Obion County, Tennessee","12527","289","7645","325","5834","371","1811","268","471","134","1340","212","4882","338","4163","329","719","188",
"0500000US47133","Overton County, Tennessee","9071","261","5882","282","4353","299","1529","277","444","158","1085","233","3189","324","2836","330","353","108",
"0500000US47135","Perry County, Tennessee","3610","264","2655","242","2284","255","371","143","128","79","243","106","955","192","799","176","156","84",
"0500000US47137","Pickett County, Tennessee","2167","161","1377","184","1205","184","172","69","44","31","128","61","790","161","748","163","42","38",
"0500000US47139","Polk County, Tennessee","7424","253","4778","322","3820","328","958","212","219","110","739","189","2646","341","2204","276","442","155",
"0500000US47141","Putnam County, Tennessee","33601","441","21083","729","15723","780","5360","666","1857","405","3503","569","12518","709","9665","742","2853","397",
"0500000US47143","Rhea County, Tennessee","13475","364","9456","575","6879","552","2577","404","688","227","1889","358","4019","452","3454","457","565","207",
"0500000US47145","Roane County, Tennessee","22790","383","15410","621","11672","586","3738","501","1399","336","2339","391","7380","561","6341","547","1039","293",
"0500000US47147","Robertson County, Tennessee","28255","273","20303","746","15549","711","4754","537","1382","307","3372","424","7952","691","6216","624","1736","373",
"0500000US47149","Rutherford County, Tennessee","129431","1019","90203","1849","66368","1968","23835","1326","7496","918","16339","1055","39228","1824","30559","1593","8669","944",
"0500000US47151","Scott County, Tennessee","8755","259","5835","321","4089","367","1746","346","408","218","1338","230","2920","348","2430","341","490","182",
"0500000US47153","Sequatchie County, Tennessee","6194","213","4653","272","3233","284","1420","223","428","127","992","222","1541","247","1276","244","265","95",
"0500000US47155","Sevier County, Tennessee","40344","762","26607","841","19972","987","6635","714","1880","362","4755","607","13737","728","11207","719","2530","398",
"0500000US47157","Shelby County, Tennessee","362741","1701","218952","2748","127370","2844","91582","2871","18999","1433","72583","2378","143789","2578","124335","2444","19454","1402",
"0500000US47159","Smith County, Tennessee","7932","182","5624","297","4538","328","1086","166","424","119","662","125","2308","288","2007","259","301","127",
"0500000US47161","Stewart County, Tennessee","5323","214","3385","262","2696","270","689","163","219","97","470","125","1938","223","1656","222","282","121",
"0500000US47163","Sullivan County, Tennessee","68907","781","43390","1014","31599","1068","11791","901","3190","457","8601","727","25517","1093","21990","1097","3527","482",
"0500000US47165","Sumner County, Tennessee","78582","621","55644","1072","43655","948","11989","877","3676","616","8313","755","22938","1020","18800","1089","4138","545",
"0500000US47167","Tipton County, Tennessee","22660","382","16401","544","12210","555","4191","398","1320","281","2871","363","6259","546","5546","512","713","223",
"0500000US47169","Trousdale County, Tennessee","3700","150","2633","269","1934","303","699","193","177","110","522","172","1067","245","991","242","76","62",
"0500000US47171","Unicoi County, Tennessee","7795","275","5014","352","3779","370","1235","253","211","119","1024","233","2781","400","2382","378","399","175",
"0500000US47173","Union County, Tennessee","7931","288","5981","332","4928","331","1053","213","287","101","766","184","1950","299","1641","261","309","149",
"0500000US47175","Van Buren County, Tennessee","2569","119","1735","152","1437","163","298","102","111","66","187","82","834","175","706","159","128","69",
"0500000US47177","Warren County, Tennessee","16203","438","10643","511","7467","518","3176","424","1070","272","2106","369","5560","443","4771","418","789","190",
"0500000US47179","Washington County, Tennessee","56759","569","33908","892","26484","962","7424","853","2180","379","5244","670","22851","900","17984","927","4867","670",
"0500000US47181","Wayne County, Tennessee","5982","217","3901","260","2849","268","1052","217","444","154","608","180","2081","264","1732","234","349","143",
"0500000US47183","Weakley County, Tennessee","13384","318","8595","422","6386","394","2209","322","778","216","1431","237","4789","428","3629","401","1160","261",
"0500000US47185","White County, Tennessee","11226","277","7184","393","5374","353","1810","330","642","224","1168","267","4042","431","3185","386","857","292",
"0500000US47187","Williamson County, Tennessee","92214","804","70950","1147","61860","1215","9090","813","2346","414","6744","707","21264","1201","17461","1240","3803","651",
"0500000US47189","Wilson County, Tennessee","59139","562","42932","967","35083","1023","7849","755","1939","371","5910","662","16207","1033","13249","973","2958","452",
"0500000US48001","Anderson County, Texas","17579","486","12481","575","9017","628","3464","532","682","205","2782","457","5098","542","4459","527","639","226",
"0500000US48003","Andrews County, Texas","6844","148","4921","375","3892","379","1029","257","366","193","663","195","1923","383","1577","313","346","219",
"0500000US48005","Angelina County, Texas","32271","440","22614","670","15625","686","6989","664","1494","320","5495","615","9657","630","8351","632","1306","251",
"0500000US48007","Aransas County, Texas","12478","428","7538","493","5959","488","1579","380","429","179","1150","348","4940","458","4021","447","919","303",
"0500000US48009","Archer County, Texas","3468","111","2448","141","2058","140","390","83","137","61","253","70","1020","137","907","146","113","63",
"0500000US48011","Armstrong County, Texas","767","67","583","63","488","68","95","45","12","11","83","43","184","56","176","57","8","12",
"0500000US48013","Atascosa County, Texas","16786","467","12307","531","8530","619","3777","492","1559","387","2218","386","4479","518","4131","513","348","141",
"0500000US48015","Austin County, Texas","12128","350","8790","429","6665","446","2125","421","862","288","1263","295","3338","367","2838","401","500","180",
"0500000US48017","Bailey County, Texas","2209","247","1668","213","1248","229","420","173","185","121","235","95","541","163","489","161","52","50",
"0500000US48019","Bandera County, Texas","9255","309","6080","411","5039","442","1041","256","137","80","904","257","3175","409","2740","371","435","186",
"0500000US48021","Bastrop County, Texas","36868","521","26255","877","20426","989","5829","704","1741","340","4088","595","10613","867","8237","922","2376","436",
"0500000US48023","Baylor County, Texas","1530","109","1060","107","786","108","274","103","44","30","230","93","470","117","385","112","85","48",
"0500000US48025","Bee County, Texas","8807","317","5682","437","3648","391","2034","359","652","226","1382","279","3125","432","2663","506","462","285",
"0500000US48027","Bell County, Texas","142305","954","95506","1862","66703","1847","28803","1599","6550","757","22253","1373","46799","1891","38945","1719","7854","970",
"0500000US48029","Bexar County, Texas","750939","2459","488547","3804","326472","3826","162075","3883","45824","1911","116251","3391","262392","4359","213613","4130","48779","2240",
"0500000US48031","Blanco County, Texas","5166","218","3661","280","3120","268","541","136","71","49","470","129","1505","272","1209","276","296","133",
"0500000US48033","Borden County, Texas","243","43","201","41","183","41","18","18","3","6","15","16","42","19","42","19","0","15",
"0500000US48035","Bosque County, Texas","7496","216","5246","236","4244","234","1002","167","227","80","775","140","2250","215","2009","231","241","90",
"0500000US48037","Bowie County, Texas","35073","498","22181","737","15281","616","6900","687","1724","351","5176","636","12892","805","11522","836","1370","355",
"0500000US48039","Brazoria County, Texas","133898","1160","99807","1524","75991","2021","23816","1456","7897","1036","15919","938","34091","1554","27840","1521","6251","748",
"0500000US48041","Brazos County, Texas","91087","1012","49588","1084","35404","1238","14184","865","3644","554","10540","750","41499","1336","27719","1297","13780","897",
"0500000US48043","Brewster County, Texas","4951","177","2732","299","2089","238","643","227","228","132","415","201","2219","393","2006","391","213","128",
"0500000US48045","Briscoe County, Texas","553","74","342","49","287","48","55","27","20","21","35","18","211","61","192","59","19","17",
"0500000US48047","Brooks County, Texas","2977","260","1981","322","913","219","1068","325","554","306","514","235","996","341","945","347","51","101",
"0500000US48049","Brown County, Texas","14972","381","9581","492","7035","457","2546","308","578","143","1968","287","5391","472","4690","471","701","160",
"0500000US48051","Burleson County, Texas","7900","218","5109","371","3962","371","1147","189","193","91","954","181","2791","393","2351","347","440","214",
"0500000US48053","Burnet County, Texas","20969","478","15106","519","12342","579","2764","382","1038","235","1726","264","5863","533","4947","539","916","253",
"0500000US48055","Caldwell County, Texas","16647","240","11497","564","8082","578","3415","384","864","249","2551","383","5150","539","4152","432","998","271",
"0500000US48057","Calhoun County, Texas","8670","462","6396","671","4905","609","1491","424","354","182","1137","400","2274","515","1903","511","371","288",
"0500000US48059","Callahan County, Texas","5239","264","3542","292","2784","344","758","184","119","64","639","174","1697","239","1516","239","181","81",
"0500000US48061","Cameron County, Texas","138433","877","104478","1438","67069","1693","37409","1587","10011","840","27398","1524","33955","1370","29728","1302","4227","479",
"0500000US48063","Camp County, Texas","4817","248","3348","249","2468","257","880","198","262","113","618","130","1469","278","1174","242","295","156",
"0500000US48065","Carson County, Texas","2293","113","1443","149","1182","153","261","91","67","49","194","85","850","163","768","163","82","51",
"0500000US48067","Cass County, Texas","11805","313","7808","454","5650","416","2158","318","416","132","1742","294","3997","402","3461","367","536","162",
"0500000US48069","Castro County, Texas","2413","136","1896","180","1364","180","532","134","224","86","308","104","517","134","441","139","76","60",
"0500000US48071","Chambers County, Texas","17229","420","13768","600","11502","703","2266","517","870","278","1396","402","3461","605","2929","530","532","212",
"0500000US48073","Cherokee County, Texas","18185","453","13414","578","9728","601","3686","444","853","200","2833","373","4771","494","4288","468","483","164",
"0500000US48075","Childress County, Texas","1838","196","1262","153","935","170","327","130","88","80","239","117","576","154","502","126","74","77",
"0500000US48077","Clay County, Texas","4289","157","3190","199","2670","200","520","123","131","53","389","114","1099","169","1014","167","85","43",
"0500000US48079","Cochran County, Texas","922","64","634","72","412","60","222","69","66","56","156","42","288","51","262","54","26","19",
"0500000US48081","Coke County, Texas","1594","95","961","123","674","105","287","83","130","64","157","61","633","109","528","108","105","55",
"0500000US48083","Coleman County, Texas","3343","247","1937","217","1498","212","439","137","125","66","314","132","1406","237","1219","206","187","83",
"0500000US48085","Collin County, Texas","416646","1382","302862","2723","249752","3173","53110","2185","15638","1159","37472","1781","113784","2456","93158","2231","20626","1428",
"0500000US48087","Collingsworth County, Texas","975","94","714","80","465","82","249","86","72","56","177","62","261","74","172","57","89","45",
"0500000US48089","Colorado County, Texas","7937","335","5372","409","4126","377","1246","284","557","186","689","199","2565","386","2137","349","428","182",
"0500000US48091","Comal County, Texas","71354","807","50945","1051","42207","1255","8738","898","2504","499","6234","766","20409","993","16564","975","3845","543",
"0500000US48093","Comanche County, Texas","5355","212","3699","242","2861","220","838","173","325","138","513","154","1656","199","1386","190","270","108",
"0500000US48095","Concho County, Texas","814","86","519","79","411","69","108","46","29","18","79","41","295","82","280","82","15","13",
"0500000US48097","Cooke County, Texas","16528","353","11548","498","9090","513","2458","372","766","238","1692","288","4980","492","4015","433","965","261",
"0500000US48099","Coryell County, Texas","26986","500","19064","642","14250","721","4814","568","1131","272","3683","480","7922","579","6565","556","1357","264",
"0500000US48101","Cottle County, Texas","577","96","388","77","274","64","114","48","28","27","86","40","189","88","180","87","9","13",
"0500000US48103","Crane County, Texas","1632","109","1113","199","958","184","155","93","7","14","148","92","519","205","451","196","68","59",
"0500000US48105","Crockett County, Texas","1225","177","822","187","788","188","34","92","0","15","34","92","403","201","403","201","0","15",
"0500000US48107","Crosby County, Texas","1929","101","1342","110","943","107","399","92","112","60","287","79","587","110","528","109","59","37",
"0500000US48109","Culberson County, Texas","868","208","455","128","272","130","183","90","52","53","131","77","413","172","401","168","12","18",
"0500000US48111","Dallam County, Texas","2586","195","1761","285","1387","277","374","205","130","138","244","143","825","241","775","235","50","87",
"0500000US48113","Dallas County, Texas","982737","2364","613259","5020","413940","4542","199319","3743","54286","2334","145033","2844","369478","4660","301277","4530","68201","2729",
"0500000US48115","Dawson County, Texas","4043","207","2611","236","1748","198","863","188","274","140","589","160","1432","243","1278","239","154","106",
"0500000US48117","Deaf Smith County, Texas","6051","187","4485","277","3040","311","1445","260","479","167","966","225","1566","250","1279","234","287","164",
"0500000US48119","Delta County, Texas","2173","106","1567","177","1246","167","321","103","99","60","222","86","606","144","532","137","74","49",
"0500000US48121","Denton County, Texas","360392","1242","256456","2323","206811","2395","49645","1836","15980","1102","33665","1524","103936","2238","81319","2053","22617","1352",
"0500000US48123","DeWitt County, Texas","6921","244","4400","274","3275","272","1125","203","327","119","798","193","2521","302","2210","295","311","137",
"0500000US48125","Dickens County, Texas","727","83","447","61","367","58","80","26","34","19","46","19","280","58","250","58","30","14",
"0500000US48127","Dimmit County, Texas","2998","185","2140","257","1128","226","1012","265","269","191","743","191","858","202","834","204","24","27",
"0500000US48129","Donley County, Texas","1180","103","755","113","606","101","149","63","21","17","128","61","425","101","358","93","67","42",
"0500000US48131","Duval County, Texas","3053","170","1864","245","1178","213","686","206","206","115","480","169","1189","244","1136","240","53","63",
"0500000US48133","Eastland County, Texas","7236","307","4820","360","3726","396","1094","224","250","107","844","219","2416","351","2096","309","320","137",
"0500000US48135","Ector County, Texas","64563","626","43141","1451","28706","1443","14435","1191","4584","811","9851","1059","21422","1560","17511","1292","3911","1008",
"0500000US48137","Edwards County, Texas","404","118","244","97","205","86","39","51","10","18","29","46","160","76","160","76","0","15",
"0500000US48139","Ellis County, Texas","71759","597","56320","879","43482","1132","12838","930","4288","609","8550","681","15439","912","13114","948","2325","497",
"0500000US48141","El Paso County, Texas","299637","1051","214772","2447","138248","2715","76524","2159","20298","1309","56226","1896","84865","2306","72020","2167","12845","1128",
"0500000US48143","Erath County, Texas","16816","347","10903","446","8485","480","2418","443","687","259","1731","318","5913","377","4229","396","1684","273",
"0500000US48145","Falls County, Texas","6344","219","4016","341","2891","287","1125","286","335","154","790","234","2328","375","2104","364","224","159",
"0500000US48147","Fannin County, Texas","12767","333","9100","404","6572","370","2528","359","1038","283","1490","223","3667","363","3272","355","395","127",
"0500000US48149","Fayette County, Texas","10403","310","7058","388","5586","408","1472","280","668","215","804","187","3345","314","2935","294","410","181",
"0500000US48151","Fisher County, Texas","1564","98","1141","99","864","85","277","64","107","44","170","50","423","64","384","65","39","27",
"0500000US48153","Floyd County, Texas","1952","115","1465","121","955","127","510","118","146","71","364","112","487","110","383","100","104","64",
"0500000US48155","Foard County, Texas","437","76","250","72","220","73","30","21","9","13","21","18","187","66","175","64","12","20",
"0500000US48157","Fort Bend County, Texas","292713","1417","237668","2437","188527","2716","49141","2772","13145","1652","35996","2119","55045","2543","46155","2440","8890","1095",
"0500000US48159","Franklin County, Texas","3897","211","2905","278","2351","259","554","152","123","68","431","139","992","205","769","165","223","127",
"0500000US48161","Freestone County, Texas","7090","295","4966","307","3772","329","1194","221","193","86","1001","202","2124","252","1931","242","193","94",
"0500000US48163","Frio County, Texas","5437","254","3792","378","2290","406","1502","348","628","266","874","241","1645","422","1367","347","278","259",
"0500000US48165","Gaines County, Texas","6929","234","5129","364","4415","381","714","226","144","114","570","196","1800","346","1542","339","258","124",
"0500000US48167","Galveston County, Texas","140660","969","94431","1573","72179","1634","22252","1169","6377","713","15875","998","46229","1520","38914","1532","7315","759",
"0500000US48169","Garza County, Texas","1463","176","1040","160","745","170","295","116","79","70","216","95","423","136","387","137","36","42",
"0500000US48171","Gillespie County, Texas","11513","437","7855","520","6683","439","1172","351","329","158","843","303","3658","488","3129","446","529","192",
"0500000US48173","Glasscock County, Texas","460","70","338","63","292","67","46","38","39","37","7","7","122","49","95","44","27","29",
"0500000US48175","Goliad County, Texas","2811","172","1835","172","1555","174","280","98","47","39","233","90","976","175","960","175","16","17",
"0500000US48177","Gonzales County, Texas","7926","216","5330","377","3581","393","1749","324","384","130","1365","285","2596","396","2214","371","382","155",
"0500000US48179","Gray County, Texas","7991","253","5579","312","4064","314","1515","266","461","175","1054","191","2412","366","2153","333","259","140",
"0500000US48181","Grayson County, Texas","55248","772","37886","1065","27763","1067","10123","962","2894","534","7229","701","17362","879","14518","867","2844","452",
"0500000US48183","Gregg County, Texas","48277","534","32441","939","21994","851","10447","915","2425","457","8022","862","15836","1034","13069","922","2767","494",
"0500000US48185","Grimes County, Texas","10255","451","7293","445","5881","403","1412","332","326","163","1086","293","2962","469","2569","444","393","162",
"0500000US48187","Guadalupe County, Texas","65424","593","48029","1055","36375","1148","11654","939","3371","528","8283","803","17395","1023","13772","992","3623","536",
"0500000US48189","Hale County, Texas","11024","281","7644","315","5204","392","2440","362","584","176","1856","314","3380","379","2925","380","455","153",
"0500000US48191","Hall County, Texas","1169","106","839","114","578","91","261","85","133","57","128","48","330","78","303","80","27","22",
"0500000US48193","Hamilton County, Texas","3120","186","1895","219","1444","198","451","145","138","72","313","114","1225","224","1165","221","60","44",
"0500000US48195","Hansford County, Texas","1858","107","1323","137","1176","147","147","71","38","28","109","66","535","122","474","128","61","47",
"0500000US48197","Hardeman County, Texas","1230","122","759","100","547","88","212","69","28","23","184","67","471","102","420","111","51","33",
"0500000US48199","Hardin County, Texas","22222","494","16154","659","12471","601","3683","482","1109","275","2574","451","6068","625","5374","646","694","221",
"0500000US48201","Harris County, Texas","1757164","3293","1164380","5441","785325","6458","379055","5245","113582","3658","265473","4416","592784","6208","486685","5964","106099","3346",
"0500000US48203","Harrison County, Texas","26287","462","18555","626","13194","751","5361","580","1281","351","4080","463","7732","650","6812","680","920","283",
"0500000US48205","Hartley County, Texas","1633","116","1133","117","919","117","214","136","57","69","157","104","500","141","457","146","43","46",
"0500000US48207","Haskell County, Texas","2123","138","1413","158","1114","130","299","100","111","77","188","66","710","143","618","132","92","51",
"0500000US48209","Hays County, Texas","99849","744","64036","1413","49291","1523","14745","1113","4807","651","9938","861","35813","1550","23456","1587","12357","1106",
"0500000US48211","Hemphill County, Texas","1476","100","915","112","765","120","150","65","88","42","62","43","561","122","542","118","19","19",
"0500000US48213","Henderson County, Texas","33575","572","23342","753","18164","714","5178","480","1384","298","3794","392","10233","717","8788","708","1445","302",
"0500000US48215","Hidalgo County, Texas","270210","1465","209298","2170","135342","2372","73956","2133","17811","1271","56145","1939","60912","1828","51587","1742","9325","1025",
"0500000US48217","Hill County, Texas","13767","320","9245","358","6985","383","2260","275","790","179","1470","208","4522","365","4071","337","451","106",
"0500000US48219","Hockley County, Texas","7915","252","5696","298","4194","351","1502","229","328","97","1174","203","2219","260","1948","235","271","121",
"0500000US48221","Hood County, Texas","25523","526","18385","563","15495","536","2890","407","1059","240","1831","356","7138","667","6340","659","798","210",
"0500000US48223","Hopkins County, Texas","14002","297","10109","320","7797","436","2312","353","768","185","1544","291","3893","352","3445","325","448","154",
"0500000US48225","Houston County, Texas","7983","266","5339","303","3855","271","1484","249","323","129","1161","230","2644","328","2436","326","208","93",
"0500000US48227","Howard County, Texas","12191","351","7779","425","5454","383","2325","402","862","208","1463","334","4412","462","3971","410","441","169",
"0500000US48229","Hudspeth County, Texas","842","60","571","85","413","90","158","73","69","66","89","41","271","77","260","75","11","12",
"0500000US48231","Hunt County, Texas","38466","518","26977","797","20260","847","6717","604","2114","390","4603","540","11489","710","9358","697","2131","379",
"0500000US48233","Hutchinson County, Texas","7000","307","4412","297","3587","297","825","182","270","111","555","145","2588","301","2266","255","322","131",
"0500000US48235","Irion County, Texas","588","70","420","72","363","69","57","36","30","32","27","18","168","62","136","56","32","33",
"0500000US48237","Jack County, Texas","2986","142","2100","186","1565","209","535","172","138","90","397","141","886","187","801","173","85","67",
"0500000US48239","Jackson County, Texas","6028","227","4609","359","3536","346","1073","298","558","276","515","150","1419","314","1282","294","137","87",
"0500000US48241","Jasper County, Texas","13845","362","9427","490","7198","495","2229","380","802","233","1427","312","4418","488","3843","486","575","256",
"0500000US48243","Jeff Davis County, Texas","966","175","570","137","476","119","94","92","0","15","94","92","396","171","338","149","58","68",
"0500000US48245","Jefferson County, Texas","94807","949","61492","1418","40017","1116","21475","1145","5686","727","15789","947","33315","1504","27877","1507","5438","773",
"0500000US48247","Jim Hogg County, Texas","1279","195","785","126","376","116","409","101","103","65","306","107","494","163","476","162","18","19",
"0500000US48249","Jim Wells County, Texas","13279","412","10096","478","6456","508","3640","446","962","277","2678","382","3183","479","2719","426","464","196",
"0500000US48251","Johnson County, Texas","65507","638","50458","970","39823","955","10635","1007","3518","509","7117","821","15049","979","12571","920","2478","447",
"0500000US48253","Jones County, Texas","5915","227","4195","299","3392","310","803","158","247","97","556","143","1720","276","1557","273","163","92",
"0500000US48255","Karnes County, Texas","4730","249","3146","333","2009","248","1137","289","435","198","702","218","1584","280","1311","252","273","168",
"0500000US48257","Kaufman County, Texas","50990","602","39074","913","29411","933","9663","773","2595","447","7068","613","11916","884","9763","784","2153","373",
"0500000US48259","Kendall County, Texas","17741","415","13510","551","11262","533","2248","411","486","198","1762","400","4231","453","3841","461","390","150",
"0500000US48261","Kenedy County, Texas","55","33","33","27","20","22","13","15","5","8","8","13","22","20","9","11","13","17",
"0500000US48263","Kent County, Texas","308","69","183","47","142","47","41","33","10","13","31","30","125","59","120","59","5","8",
"0500000US48265","Kerr County, Texas","22615","529","14651","659","11675","642","2976","461","982","284","1994","394","7964","593","6704","497","1260","337",
"0500000US48267","Kimble County, Texas","2041","177","1233","145","1019","148","214","90","37","41","177","82","808","175","786","172","22","34",
"0500000US48269","King County, Texas","111","43","98","43","73","36","25","22","0","15","25","22","13","15","13","15","0","15",
"0500000US48271","Kinney County, Texas","1152","150","781","127","595","146","186","94","52","80","134","84","371","148","334","147","37","60",
"0500000US48273","Kleberg County, Texas","11853","393","7411","391","4830","474","2581","375","812","248","1769","326","4442","494","2972","492","1470","347",
"0500000US48275","Knox County, Texas","1246","80","869","82","704","76","165","49","62","25","103","38","377","72","325","62","52","30",
"0500000US48277","Lamar County, Texas","20019","451","13507","650","9820","623","3687","474","861","243","2826","437","6512","568","5728","529","784","253",
"0500000US48279","Lamb County, Texas","4677","179","3118","202","2141","201","977","160","443","139","534","127","1559","193","1466","190","93","49",
"0500000US48281","Lampasas County, Texas","8390","252","5938","298","4881","324","1057","203","312","116","745","178","2452","263","1940","243","512","162",
"0500000US48283","La Salle County, Texas","1647","226","1214","181","789","192","425","141","91","59","334","128","433","158","377","148","56","57",
"0500000US48285","Lavaca County, Texas","8476","261","5638","325","4580","333","1058","189","392","100","666","165","2838","310","2643","303","195","93",
"0500000US48287","Lee County, Texas","6984","265","5357","379","3796","411","1561","305","541","228","1020","232","1627","368","1535","361","92","87",
"0500000US48289","Leon County, Texas","6741","334","4653","347","3862","343","791","185","193","67","598","173","2088","335","1869","319","219","81",
"0500000US48291","Liberty County, Texas","31183","769","22975","959","17532","980","5443","650","1625","433","3818","510","8208","891","6504","819","1704","432",
"0500000US48293","Limestone County, Texas","8389","289","5741","300","4027","303","1714","212","396","131","1318","158","2648","284","2360","272","288","109",
"0500000US48295","Lipscomb County, Texas","1025","77","753","75","584","64","169","51","62","26","107","47","272","58","260","57","12","12",
"0500000US48297","Live Oak County, Texas","4358","218","2894","263","2383","241","511","149","81","52","430","132","1464","259","1300","233","164","95",
"0500000US48299","Llano County, Texas","10765","426","6967","402","5410","365","1557","283","363","169","1194","192","3798","414","3361","405","437","181",
"0500000US48301","Loving County, Texas","27","29","4","5","4","5","0","15","0","15","0","15","23","28","23","28","0","15",
"0500000US48303","Lubbock County, Texas","126225","983","75454","1261","51801","1345","23653","1261","6678","695","16975","1163","50771","1426","37875","1646","12896","918",
"0500000US48305","Lynn County, Texas","2099","96","1602","111","1334","120","268","73","61","33","207","62","497","107","399","88","98","46",
"0500000US48307","McCulloch County, Texas","3297","205","1954","217","1445","221","509","160","139","68","370","141","1343","226","1198","229","145","101",
"0500000US48309","McLennan County, Texas","97338","940","63694","1249","45816","1160","17878","1113","4834","603","13044","1037","33644","1337","26623","1316","7021","623",
"0500000US48311","McMullen County, Texas","207","83","170","77","96","48","74","53","44","47","30","24","37","27","36","26","1","3",
"0500000US48313","Madison County, Texas","4225","1021","2999","757","2205","700","794","252","130","105","664","231","1226","377","1176","367","50","41",
"0500000US48315","Marion County, Texas","4207","228","2405","273","1761","213","644","139","171","75","473","120","1802","259","1671","237","131","77",
"0500000US48317","Martin County, Texas","1973","98","1591","132","1051","124","540","110","296","94","244","106","382","138","321","126","61","61",
"0500000US48319","Mason County, Texas","1711","125","1131","116","1039","126","92","58","9","12","83","54","580","155","541","156","39","40",
"0500000US48321","Matagorda County, Texas","15439","437","9832","548","7088","521","2744","417","914","362","1830","318","5607","594","5106","585","501","217",
"0500000US48323","Maverick County, Texas","18080","401","13474","647","9070","683","4404","558","1211","355","3193","509","4606","608","4348","611","258","138",
"0500000US48325","Medina County, Texas","17804","400","13440","521","10885","622","2555","443","984","220","1571","359","4364","480","3791","427","573","291",
"0500000US48327","Menard County, Texas","942","149","496","85","423","84","73","47","22","23","51","41","446","155","437","155","9","14",
"0500000US48329","Midland County, Texas","67651","730","45660","1387","34500","1378","11160","1159","4027","914","7133","818","21991","1381","18935","1455","3056","586",
"0500000US48331","Milam County, Texas","10152","303","7026","399","5337","393","1689","367","472","174","1217","312","3126","404","2830","392","296","121",
"0500000US48333","Mills County, Texas","1799","152","1274","139","988","156","286","84","112","73","174","48","525","107","477","100","48","42",
"0500000US48335","Mitchell County, Texas","2758","193","1786","203","1393","185","393","126","91","60","302","108","972","158","823","144","149","111",
"0500000US48337","Montague County, Texas","8538","263","5732","317","4533","342","1199","220","311","110","888","186","2806","312","2289","296","517","153",
"0500000US48339","Montgomery County, Texas","247541","1559","182877","2283","148466","2415","34411","1750","10139","1162","24272","1518","64664","2192","52248","1984","12416","974",
"0500000US48341","Moore County, Texas","7157","272","4782","414","3424","407","1358","309","456","195","902","229","2375","382","2030","394","345","135",
"0500000US48343","Morris County, Texas","4895","218","3230","250","2380","227","850","163","222","102","628","144","1665","220","1388","192","277","125",
"0500000US48345","Motley County, Texas","460","69","312","60","227","50","85","40","57","37","28","17","148","50","119","42","29","24",
"0500000US48347","Nacogdoches County, Texas","25302","440","15959","671","11424","660","4535","625","1240","256","3295","543","9343","538","7274","594","2069","399",
"0500000US48349","Navarro County, Texas","19044","435","13533","588","10162","577","3371","473","939","270","2432","383","5511","576","4588","547","923","232",
"0500000US48351","Newton County, Texas","4841","245","3194","290","2286","287","908","195","336","148","572","140","1647","247","1496","240","151","103",
"0500000US48353","Nolan County, Texas","5886","219","3747","235","2350","238","1397","217","466","139","931","152","2139","250","1880","265","259","113",
"0500000US48355","Nueces County, Texas","131160","1287","89224","1524","59188","1557","30036","1423","7889","727","22147","1192","41936","1662","33755","1625","8181","796",
"0500000US48357","Ochiltree County, Texas","3680","214","2371","234","1508","260","863","202","326","130","537","173","1309","251","1110","232","199","137",
"0500000US48359","Oldham County, Texas","614","70","483","73","383","61","100","47","28","22","72","41","131","41","121","40","10","9",
"0500000US48361","Orange County, Texas","32437","550","23088","742","17125","778","5963","714","1552","307","4411","604","9349","748","8109","717","1240","393",
"0500000US48363","Palo Pinto County, Texas","11234","257","7811","348","5745","301","2066","276","624","170","1442","233","3423","344","2868","327","555","149",
"0500000US48365","Panola County, Texas","8898","282","6149","331","4664","362","1485","274","372","127","1113","246","2749","369","2450","353","299","157",
"0500000US48367","Parker County, Texas","56437","682","43184","916","36073","979","7111","638","1871","300","5240","556","13253","755","11085","776","2168","401",
"0500000US48369","Parmer County, Texas","3231","140","2642","161","2168","176","474","140","149","87","325","133","589","154","474","130","115","77",
"0500000US48371","Pecos County, Texas","5238","168","3229","328","2205","333","1024","264","185","117","839","236","2009","326","1552","326","457","213",
"0500000US48373","Polk County, Texas","19517","595","13942","678","10275","594","3667","480","1278","290","2389","399","5575","479","4597","464","978","275",
"0500000US48375","Potter County, Texas","42581","662","26300","778","17377","832","8923","796","2620","406","6303","683","16281","934","13944","819","2337","406",
"0500000US48377","Presidio County, Texas","2418","211","1271","229","1039","213","232","180","90","111","142","128","1147","287","942","299","205","109",
"0500000US48379","Rains County, Texas","4856","257","3623","287","2637","271","986","223","362","119","624","184","1233","244","1059","259","174","72",
"0500000US48381","Randall County, Texas","56807","589","37337","911","29309","1036","8028","864","2836","583","5192","609","19470","990","16551","963","2919","462",
"0500000US48383","Reagan County, Texas","1033","109","738","116","617","117","121","72","67","61","54","38","295","110","295","110","0","15",
"0500000US48385","Real County, Texas","1128","140","661","134","536","125","125","68","0","15","125","68","467","145","467","145","0","15",
"0500000US48387","Red River County, Texas","4978","186","3410","233","2437","262","973","180","200","101","773","170","1568","231","1408","219","160","115",
"0500000US48389","Reeves County, Texas","4224","203","2774","311","1886","254","888","258","216","115","672","207","1450","275","1296","263","154","102",
"0500000US48391","Refugio County, Texas","2495","138","1656","150","1047","160","609","124","154","75","455","105","839","129","705","123","134","61",
"0500000US48393","Roberts County, Texas","323","51","209","48","186","46","23","18","4","7","19","16","114","40","112","40","2","3",
"0500000US48395","Robertson County, Texas","6701","244","4566","299","3124","257","1442","239","328","133","1114","195","2135","297","1873","261","262","107",
"0500000US48397","Rockwall County, Texas","41237","444","32372","697","27760","793","4612","596","1312","308","3300","418","8865","642","7065","499","1800","483",
"0500000US48399","Runnels County, Texas","3809","194","2545","202","1730","176","815","179","287","107","528","143","1264","200","1081","175","183","103",
"0500000US48401","Rusk County, Texas","18027","375","13144","528","9605","545","3539","360","577","160","2962","340","4883","540","4252","496","631","169",
"0500000US48403","Sabine County, Texas","4649","329","3257","293","2693","269","564","181","246","133","318","125","1392","279","1248","260","144","87",
"0500000US48405","San Augustine County, Texas","2940","231","2131","214","1501","195","630","175","118","55","512","154","809","180","765","182","44","41",
"0500000US48407","San Jacinto County, Texas","10881","437","8227","497","6103","443","2124","341","912","258","1212","241","2654","427","2282","394","372","146",
"0500000US48409","San Patricio County, Texas","25334","530","18109","693","12198","650","5911","583","1719","336","4192","543","7225","641","6356","650","869","229",
"0500000US48411","San Saba County, Texas","2090","131","1388","141","1095","155","293","97","66","48","227","93","702","129","628","117","74","47",
"0500000US48413","Schleicher County, Texas","964","100","744","109","609","88","135","73","40","50","95","50","220","88","220","88","0","15",
"0500000US48415","Scurry County, Texas","5876","171","3893","328","2811","345","1082","264","368","163","714","211","1983","353","1722","346","261","127",
"0500000US48417","Shackelford County, Texas","1293","74","904","90","749","88","155","53","14","11","141","53","389","87","380","87","9","10",
"0500000US48419","Shelby County, Texas","9366","326","6890","398","4724","391","2166","341","785","263","1381","267","2476","294","2151","282","325","127",
"0500000US48421","Sherman County, Texas","843","82","579","99","467","83","112","45","34","24","78","40","264","78","217","71","47","28",
"0500000US48423","Smith County, Texas","83134","1163","57522","1514","43131","1464","14391","1009","3412","578","10979","902","25612","1339","20932","1076","4680","790",
"0500000US48425","Somervell County, Texas","3713","148","2742","239","2249","261","493","205","270","201","223","106","971","190","831","205","140","88",
"0500000US48427","Starr County, Texas","19157","453","14969","547","9091","638","5878","528","821","203","5057","535","4188","487","3860","469","328","154",
"0500000US48429","Stephens County, Texas","3623","242","2358","230","1661","220","697","190","237","127","460","114","1265","257","1199","260","66","42",
"0500000US48431","Sterling County, Texas","399","66","339","65","248","64","91","40","46","31","45","30","60","31","57","31","3","5",
"0500000US48433","Stonewall County, Texas","513","70","337","57","308","59","29","19","5","5","24","20","176","54","155","51","21","27",
"0500000US48435","Sutton County, Texas","1273","183","882","148","666","146","216","120","65","57","151","101","391","159","305","131","86","101",
"0500000US48437","Swisher County, Texas","2383","158","1440","166","1010","150","430","123","125","78","305","112","943","175","827","169","116","65",
"0500000US48439","Tarrant County, Texas","782419","2389","524202","3448","378509","4272","145693","3668","41002","1990","104691","2782","258217","3244","208651","3213","49566","1959",
"0500000US48441","Taylor County, Texas","54934","776","35715","865","26176","859","9539","747","2565","446","6974","607","19219","826","15231","802","3988","537",
"0500000US48443","Terrell County, Texas","451","147","247","87","168","68","79","57","31","38","48","40","204","102","200","101","4","7",
"0500000US48445","Terry County, Texas","4297","173","3122","236","1737","224","1385","237","501","165","884","226","1175","217","979","209","196","99",
"0500000US48447","Throckmorton County, Texas","737","60","427","59","319","65","108","38","0","15","108","38","310","60","280","61","30","21",
"0500000US48449","Titus County, Texas","11156","193","7942","360","5577","335","2365","300","645","185","1720","233","3214","319","2800","335","414","164",
"0500000US48451","Tom Green County, Texas","46756","659","29403","1010","20969","875","8434","845","2464","481","5970","655","17353","1056","14416","984","2937","451",
"0500000US48453","Travis County, Texas","583747","1810","314302","3663","239391","3888","74911","3041","23299","1656","51612","2539","269445","3296","194806","4131","74639","3101",
"0500000US48455","Trinity County, Texas","6078","265","3806","359","2873","325","933","215","485","140","448","125","2272","311","2041","310","231","122",
"0500000US48457","Tyler County, Texas","7145","277","4898","271","3721","309","1177","227","448","138","729","176","2247","279","1973","264","274","118",
"0500000US48459","Upshur County, Texas","15583","300","11071","460","8421","501","2650","391","744","239","1906","298","4512","430","3885","367","627","173",
"0500000US48461","Upton County, Texas","1360","106","972","123","748","121","224","92","58","52","166","71","388","119","333","111","55","54",
"0500000US48463","Uvalde County, Texas","8417","344","5577","517","3788","435","1789","387","421","189","1368","336","2840","499","2443","476","397","253",
"0500000US48465","Val Verde County, Texas","16810","386","12170","514","8269","613","3901","586","1164","355","2737","497","4640","494","4052","482","588","228",
"0500000US48467","Van Zandt County, Texas","22682","541","16273","682","12327","736","3946","507","1184","322","2762","410","6409","527","5638","518","771","197",
"0500000US48469","Victoria County, Texas","34855","543","23281","766","16990","798","6291","668","2117","345","4174","579","11574","746","8631","665","2943","484",
"0500000US48471","Walker County, Texas","26017","686","13969","883","9833","730","4136","647","900","362","3236","497","12048","1065","9488","951","2560","560",
"0500000US48473","Waller County, Texas","18342","320","13996","633","10270","579","3726","564","1385","380","2341","434","4346","558","3176","520","1170","440",
"0500000US48475","Ward County, Texas","4388","157","3116","234","2227","245","889","217","372","172","517","172","1272","238","1111","247","161","104",
"0500000US48477","Washington County, Texas","15481","360","9935","520","7638","438","2297","358","655","213","1642","321","5546","520","4809","504","737","243",
"0500000US48479","Webb County, Texas","81373","678","64405","1097","40444","1419","23961","1281","5371","535","18590","1179","16968","1093","14359","976","2609","501",
"0500000US48481","Wharton County, Texas","15890","353","11466","477","8408","460","3058","511","950","293","2108","396","4424","465","3894","436","530","243",
"0500000US48483","Wheeler County, Texas","1928","99","1432","116","1099","118","333","89","60","33","273","83","496","104","452","100","44","38",
"0500000US48485","Wichita County, Texas","49017","626","30576","854","21098","776","9478","746","2597","399","6881","623","18441","867","15251","832","3190","481",
"0500000US48487","Wilbarger County, Texas","4778","287","2782","309","1760","311","1022","202","243","141","779","168","1996","314","1850","298","146","87",
"0500000US48489","Willacy County, Texas","5691","181","4274","324","2773","268","1501","264","256","148","1245","235","1417","315","1349","297","68","61",
"0500000US48491","Williamson County, Texas","252323","1054","176427","1869","141769","2223","34658","1495","11708","1055","22950","1106","75896","1919","59932","1662","15964","1146",
"0500000US48493","Wilson County, Texas","18185","307","14255","431","12102","513","2153","372","616","173","1537","310","3930","409","3398","347","532","179",
"0500000US48495","Winkler County, Texas","2762","136","2105","169","1532","222","573","167","182","94","391","136","657","136","636","138","21","19",
"0500000US48497","Wise County, Texas","25135","439","19189","581","15581","563","3608","445","1300","276","2308","379","5946","531","4908","476","1038","277",
"0500000US48499","Wood County, Texas","18672","477","12458","644","10179","651","2279","326","817","274","1462","247","6214","626","5380","642","834","218",
"0500000US48501","Yoakum County, Texas","2612","168","2066","211","1578","228","488","182","193","156","295","125","546","178","502","179","44","49",
"0500000US48503","Young County, Texas","7643","196","4990","315","3855","345","1135","207","335","133","800","182","2653","323","2323","341","330","171",
"0500000US48505","Zapata County, Texas","4565","278","3288","279","1728","221","1560","263","473","190","1087","222","1277","233","1172","232","105","55",
"0500000US48507","Zavala County, Texas","3271","195","2493","276","1355","312","1138","290","207","111","931","302","778","220","658","194","120","117",
"0500000US49001","Beaver County, Utah","2518","105","1928","167","1723","178","205","109","75","56","130","89","590","141","533","150","57","58",
"0500000US49003","Box Elder County, Utah","19557","281","15028","396","12580","478","2448","378","1086","299","1362","245","4529","367","3895","357","634","147",
"0500000US49005","Cache County, Utah","44439","427","33713","713","28550","715","5163","448","1498","274","3665","401","10726","736","6805","622","3921","505",
"0500000US49007","Carbon County, Utah","8123","231","5294","290","4274","308","1020","184","354","108","666","149","2829","279","2454","261","375","117",
"0500000US49009","Daggett County, Utah","288","48","165","39","157","39","8","5","3","4","5","4","123","34","118","33","5","5",
"0500000US49011","Davis County, Utah","115919","587","91049","1276","75271","1249","15778","933","5559","619","10219","817","24870","1221","19739","1134","5131","640",
"0500000US49013","Duchesne County, Utah","6878","140","5350","195","4383","209","967","135","379","96","588","108","1528","182","1309","166","219","65",
"0500000US49015","Emery County, Utah","3453","115","2563","180","2101","175","462","93","125","44","337","85","890","149","801","139","89","52",
"0500000US49017","Garfield County, Utah","2042","143","1469","138","1289","161","180","82","100","59","80","38","573","123","522","123","51","44",
"0500000US49019","Grand County, Utah","4554","202","2563","264","1876","289","687","246","267","212","420","132","1991","313","1444","273","547","191",
"0500000US49021","Iron County, Utah","20157","438","14029","530","11527","569","2502","377","1010","270","1492","301","6128","557","4267","517","1861","332",
"0500000US49023","Juab County, Utah","3862","89","3226","158","2702","224","524","172","244","117","280","123","636","130","524","128","112","80",
"0500000US49025","Kane County, Utah","3456","280","2277","312","2100","286","177","106","96","92","81","52","1179","282","1071","282","108","73",
"0500000US49027","Millard County, Utah","4357","147","3416","181","2727","183","689","157","194","79","495","136","941","134","913","131","28","27",
"0500000US49029","Morgan County, Utah","3785","92","3394","133","3090","159","304","115","85","62","219","114","391","103","329","99","62","44",
"0500000US49031","Piute County, Utah","555","75","371","62","335","64","36","22","13","14","23","19","184","62","173","62","11","13",
"0500000US49033","Rich County, Utah","923","88","737","73","663","76","74","35","28","25","46","26","186","74","163","70","23","21",
"0500000US49035","Salt Lake County, Utah","426245","1549","281956","2573","216876","2886","65080","1971","21597","1133","43483","1912","144289","2538","107332","2519","36957","1582",
"0500000US49037","San Juan County, Utah","4555","151","3402","176","2380","197","1022","144","239","71","783","117","1153","160","970","145","183","77",
"0500000US49039","Sanpete County, Utah","8888","252","6701","306","5691","316","1010","197","322","115","688","158","2187","277","1629","222","558","179",
"0500000US49041","Sevier County, Utah","7503","188","5869","237","5025","247","844","162","336","112","508","117","1634","190","1403","177","231","96",
"0500000US49043","Summit County, Utah","15730","436","11413","495","9851","483","1562","274","436","148","1126","212","4317","431","3376","421","941","181",
"0500000US49045","Tooele County, Utah","23925","283","19292","509","15305","676","3987","451","1365","300","2622","393","4633","473","3422","388","1211","272",
"0500000US49047","Uintah County, Utah","12145","296","8899","377","7069","442","1830","254","614","190","1216","214","3246","393","2817","392","429","139",
"0500000US49049","Utah County, Utah","203018","813","162200","1357","138957","1523","23243","1035","8863","719","14380","795","40818","1385","25960","1195","14858","925",
"0500000US49051","Wasatch County, Utah","12880","383","10062","432","8988","456","1074","241","410","157","664","170","2818","391","2287","370","531","227",
"0500000US49053","Washington County, Utah","69786","900","52030","1243","44723","1282","7307","680","2541","461","4766","620","17756","1155","14302","1139","3454","476",
"0500000US49055","Wayne County, Utah","1156","100","885","118","769","115","116","66","53","43","63","45","271","74","244","74","27","21",
"0500000US49057","Weber County, Utah","94125","690","67581","1002","52063","1119","15518","1001","5807","655","9711","774","26544","1044","20762","967","5782","685",
"0500000US50001","Addison County, Vermont","14966","225","9222","340","7575","321","1647","194","626","109","1021","167","5744","340","4304","341","1440","206",
"0500000US50003","Bennington County, Vermont","14987","334","8931","410","6940","405","1991","244","363","125","1628","244","6056","407","5017","397","1039","256",
"0500000US50005","Caledonia County, Vermont","13091","256","8202","323","6165","324","2037","276","593","155","1444","255","4889","324","3801","349","1088","249",
"0500000US50007","Chittenden County, Vermont","71456","541","38961","989","31173","947","7788","692","2337","422","5451","592","32495","1019","21788","944","10707","815",
"0500000US50009","Essex County, Vermont","2823","140","1630","123","1286","132","344","59","96","35","248","56","1193","124","913","109","280","72",
"0500000US50011","Franklin County, Vermont","19963","397","13359","450","10362","500","2997","331","1123","238","1874","207","6604","519","5019","424","1585","283",
"0500000US50013","Grand Isle County, Vermont","3140","155","1961","140","1717","137","244","67","86","35","158","55","1179","145","889","144","290","79",
"0500000US50015","Lamoille County, Vermont","11923","392","7258","412","5394","373","1864","253","618","157","1246","222","4665","420","3572","397","1093","216",
"0500000US50017","Orange County, Vermont","12742","202","8024","372","6256","328","1768","254","587","187","1181","176","4718","348","3835","338","883","175",
"0500000US50019","Orleans County, Vermont","12072","315","7520","353","5876","344","1644","201","554","121","1090","154","4552","301","3434","310","1118","178",
"0500000US50021","Rutland County, Vermont","25321","412","14538","592","11598","551","2940","380","1145","283","1795","268","10783","612","8593","590","2190","339",
"0500000US50023","Washington County, Vermont","25855","417","15104","585","11825","548","3279","353","1264","272","2015","284","10751","620","8365","607","2386","361",
"0500000US50025","Windham County, Vermont","19784","318","11244","436","8325","441","2919","323","894","220","2025","225","8540","447","6915","445","1625","270",
"0500000US50027","Windsor County, Vermont","25293","446","15148","527","12480","515","2668","327","693","168","1975","281","10145","636","8284","591","1861","323",
"0500000US51001","Accomack County, Virginia","14446","463","9205","522","6568","430","2637","359","1014","240","1623","285","5241","535","4891","522","350","116",
"0500000US51003","Albemarle County, Virginia","45912","518","28396","761","22806","731","5590","546","1422","330","4168","488","17516","788","13442","855","4074","488",
"0500000US51005","Alleghany County, Virginia","6383","220","3782","276","2945","241","837","181","262","108","575","146","2601","342","2351","328","250","105",
"0500000US51007","Amelia County, Virginia","5417","195","4147","282","3384","321","763","255","222","138","541","226","1270","280","1103","274","167","98",
"0500000US51009","Amherst County, Virginia","12694","312","8032","396","6014","396","2018","279","748","200","1270","204","4662","404","3944","404","718","181",
"0500000US51011","Appomattox County, Virginia","6639","219","4504","268","3320","236","1184","221","359","122","825","184","2135","313","1978","307","157","65",
"0500000US51013","Arlington County, Virginia","112027","978","49498","1200","41029","1298","8469","699","2916","454","5553","534","62529","1306","46575","1320","15954","840",
"0500000US51015","Augusta County, Virginia","31083","386","20814","733","16925","805","3889","424","1225","265","2664","346","10269","716","8469","689","1800","343",
"0500000US51017","Bath County, Virginia","1822","140","1069","113","896","130","173","72","21","26","152","67","753","165","576","143","177","86",
"0500000US51019","Bedford County, Virginia","33127","394","23058","726","19522","693","3536","435","1272","255","2264","332","10069","630","8538","644","1531","270",
"0500000US51021","Bland County, Virginia","2376","190","1534","179","1252","158","282","126","194","113","88","45","842","213","812","206","30","30",
"0500000US51023","Botetourt County, Virginia","13220","344","9124","439","7498","487","1626","286","684","178","942","203","4096","435","3628","438","468","130",
"0500000US51025","Brunswick County, Virginia","6477","302","3990","330","2389","288","1601","250","370","135","1231","201","2487","269","2230","284","257","100",
"0500000US51027","Buchanan County, Virginia","7530","396","4931","376","3610","372","1321","255","463","151","858","197","2599","338","2199","314","400","178",
"0500000US51029","Buckingham County, Virginia","6274","229","4074","259","2985","261","1089","216","378","139","711","165","2200","270","1794","257","406","155",
"0500000US51031","Campbell County, Virginia","22240","402","14610","554","11081","668","3529","471","984","234","2545","373","7630","553","6466","555","1164","251",
"0500000US51033","Caroline County, Virginia","11988","264","8135","411","6022","402","2113","316","591","188","1522","271","3853","410","2960","393","893","230",
"0500000US51035","Carroll County, Virginia","12576","384","8390","394","6678","411","1712","274","585","166","1127","211","4186","428","3752","381","434","198",
"0500000US51036","Charles City County, Virginia","2911","215","1828","365","1274","455","554","119","147","46","407","100","1083","190","930","204","153","50",
"0500000US51037","Charlotte County, Virginia","4704","222","2884","202","1941","221","943","183","199","82","744","167","1820","248","1564","242","256","106",
"0500000US51041","Chesterfield County, Virginia","140155","557","101180","1391","76837","1503","24343","1379","5860","727","18483","1139","38975","1337","32037","1176","6938","673",
"0500000US51043","Clarke County, Virginia","5890","210","4035","276","3456","266","579","166","197","105","382","144","1855","259","1602","265","253","100",
"0500000US51045","Craig County, Virginia","1735","185","1270","156","1169","177","101","66","26","25","75","58","465","187","433","186","32","30",
"0500000US51047","Culpeper County, Virginia","18924","321","14303","486","10247","489","4056","586","1248","291","2808","504","4621","424","4011","415","610","172",
"0500000US51049","Cumberland County, Virginia","4010","239","2717","225","1838","207","879","218","252","118","627","191","1293","240","1039","210","254","129",
"0500000US51051","Dickenson County, Virginia","5935","277","4051","294","3083","299","968","211","303","107","665","155","1884","304","1669","296","215","119",
"0500000US51053","Dinwiddie County, Virginia","10661","351","7379","309","5512","310","1867","280","510","172","1357","234","3282","381","2672","373","610","203",
"0500000US51057","Essex County, Virginia","4447","215","2485","231","1880","214","605","157","123","72","482","156","1962","293","1785","297","177","80",
"0500000US51059","Fairfax County, Virginia","414101","1274","288423","2124","236694","2306","51729","1721","16273","944","35456","1459","125678","2091","100106","2334","25572","1311",
"0500000US51061","Fauquier County, Virginia","26720","425","19739","521","15896","571","3843","484","1393","307","2450","381","6981","534","5910","526","1071","221",
"0500000US51063","Floyd County, Virginia","6627","227","4279","331","3541","328","738","180","360","139","378","157","2348","337","1989","326","359","115",
"0500000US51065","Fluvanna County, Virginia","10329","290","7549","385","6170","443","1379","318","379","147","1000","287","2780","362","2179","324","601","180",
"0500000US51067","Franklin County, Virginia","22999","482","15674","586","11983","545","3691","508","1385","340","2306","333","7325","717","6116","645","1209","346",
"0500000US51069","Frederick County, Virginia","35385","369","25110","657","19932","825","5178","668","1743","343","3435","494","10275","618","8461","564","1814","373",
"0500000US51071","Giles County, Virginia","6698","295","4325","259","3399","256","926","219","294","100","632","171","2373","301","2081","292","292","106",
"0500000US51073","Gloucester County, Virginia","15274","400","10571","487","8597","522","1974","351","563","190","1411","304","4703","529","3956","519","747","201",
"0500000US51075","Goochland County, Virginia","10342","258","7671","441","6816","426","855","209","252","104","603","163","2671","390","2160","371","511","181",
"0500000US51077","Grayson County, Virginia","6337","237","4116","242","3256","255","860","155","287","94","573","128","2221","235","1985","238","236","81",
"0500000US51079","Greene County, Virginia","8032","222","5762","404","4584","421","1178","271","308","129","870","218","2270","376","1629","293","641","247",
"0500000US51081","Greensville County, Virginia","3199","183","2170","182","1165","198","1005","163","183","83","822","156","1029","198","901","189","128","92",
"0500000US51083","Halifax County, Virginia","13613","382","8440","489","5949","439","2491","286","423","134","2068","257","5173","485","4799","456","374","131",
"0500000US51085","Hanover County, Virginia","42688","384","30755","693","24893","789","5862","537","1669","313","4193","405","11933","654","9854","713","2079","372",
"0500000US51087","Henrico County, Virginia","137365","837","86590","1392","61167","1526","25423","1063","6214","620","19209","974","50775","1477","41982","1478","8793","819",
"0500000US51089","Henry County, Virginia","21043","433","12678","599","9047","570","3631","433","972","229","2659","353","8365","622","7401","593","964","206",
"0500000US51091","Highland County, Virginia","1003","115","639","74","527","70","112","49","8","9","104","48","364","117","311","111","53","43",
"0500000US51093","Isle of Wight County, Virginia","15756","326","11066","430","8900","439","2166","318","670","180","1496","233","4690","410","3841","399","849","219",
"0500000US51095","James City County, Virginia","31990","455","22572","682","18570","680","4002","478","874","291","3128","413","9418","623","7837","659","1581","347",
"0500000US51097","King and Queen County, Virginia","3003","171","2074","233","1472","227","602","134","198","115","404","99","929","188","740","187","189","80",
"0500000US51099","King George County, Virginia","10133","189","7341","336","5859","372","1482","278","419","143","1063","208","2792","310","2422","306","370","125",
"0500000US51101","King William County, Virginia","7352","155","5395","250","4165","310","1230","258","409","162","821","191","1957","246","1713","218","244","112",
"0500000US51103","Lancaster County, Virginia","5701","254","3168","324","2647","242","521","213","80","60","441","204","2533","391","2166","373","367","158",
"0500000US51105","Lee County, Virginia","8527","282","5426","400","3698","298","1728","313","618","166","1110","254","3101","384","2762","349","339","191",
"0500000US51107","Loudoun County, Virginia","143032","544","111950","1247","94580","1263","17370","1058","5956","591","11414","812","31082","1165","24437","1027","6645","676",
"0500000US51109","Louisa County, Virginia","15561","432","11351","495","9123","432","2228","361","731","211","1497","279","4210","469","3467","450","743","183",
"0500000US51111","Lunenburg County, Virginia","4771","193","2880","257","2022","259","858","200","319","136","539","145","1891","270","1685","247","206","106",
"0500000US51113","Madison County, Virginia","5482","172","3889","235","2978","247","911","200","357","143","554","153","1593","208","1249","195","344","126",
"0500000US51115","Mathews County, Virginia","3987","241","2301","236","1974","214","327","146","151","111","176","86","1686","306","1449","282","237","159",
"0500000US51117","Mecklenburg County, Virginia","13569","395","7962","413","5338","363","2624","320","867","209","1757","233","5607","486","4803","447","804","210",
"0500000US51119","Middlesex County, Virginia","4772","286","3173","268","2716","254","457","122","109","57","348","106","1599","284","1385","275","214","86",
"0500000US51121","Montgomery County, Virginia","36961","702","19630","652","15980","685","3650","497","1119","264","2531","368","17331","802","11264","928","6067","637",
"0500000US51125","Nelson County, Virginia","6364","308","3826","287","3266","305","560","154","181","86","379","136","2538","286","2117","275","421","149",
"0500000US51127","New Kent County, Virginia","9263","232","7422","355","6266","440","1156","289","255","136","901","254","1841","319","1497","253","344","129",
"0500000US51131","Northampton County, Virginia","5437","237","3506","284","2459","196","1047","204","233","110","814","179","1931","225","1598","205","333","100",
"0500000US51133","Northumberland County, Virginia","5640","367","3553","450","2717","360","836","267","176","116","660","247","2087","394","1818","352","269","147",
"0500000US51135","Nottoway County, Virginia","5611","211","3469","281","2301","274","1168","229","325","122","843","188","2142","304","1864","312","278","133",
"0500000US51137","Orange County, Virginia","14856","333","10408","477","7858","573","2550","472","769","237","1781","410","4448","482","3447","485","1001","318",
"0500000US51139","Page County, Virginia","9911","340","6086","417","4525","433","1561","268","597","168","964","229","3825","426","3410","414","415","175",
"0500000US51141","Patrick County, Virginia","7781","354","4928","362","4017","364","911","182","359","131","552","159","2853","372","2408","325","445","164",
"0500000US51143","Pittsylvania County, Virginia","25020","460","16119","660","11380","606","4739","439","1371","282","3368","373","8901","565","7644","604","1257","289",
"0500000US51145","Powhatan County, Virginia","11325","245","8657","373","7235","427","1422","284","650","232","772","191","2668","366","2039","322","629","202",
"0500000US51147","Prince Edward County, Virginia","7641","381","4453","356","3000","289","1453","331","458","190","995","271","3188","375","2360","335","828","263",
"0500000US51149","Prince George County, Virginia","12919","261","10066","412","6860","496","3206","477","1032","318","2174","391","2853","364","2175","275","678","275",
"0500000US51153","Prince William County, Virginia","156798","649","118975","1512","90749","1695","28226","1105","9554","677","18672","903","37823","1383","30644","1185","7179","649",
"0500000US51155","Pulaski County, Virginia","14456","336","8758","525","6540","508","2218","333","761","213","1457","255","5698","516","4958","469","740","189",
"0500000US51157","Rappahannock County, Virginia","2985","196","2054","221","1581","193","473","129","159","93","314","122","931","191","771","194","160","96",
"0500000US51159","Richmond County, Virginia","3177","162","1836","178","1508","190","328","131","128","77","200","95","1341","231","984","201","357","169",
"0500000US51161","Roanoke County, Virginia","39725","394","26144","770","20008","751","6136","597","2031","372","4105","497","13581","756","11728","745","1853","387",
"0500000US51163","Rockbridge County, Virginia","9552","300","6411","326","4912","373","1499","284","475","140","1024","236","3141","325","2785","318","356","127",
"0500000US51165","Rockingham County, Virginia","32686","401","22591","640","17848","739","4743","546","1815","293","2928","441","10095","587","8470","634","1625","271",
"0500000US51167","Russell County, Virginia","10669","284","7147","454","5324","425","1823","301","551","162","1272","248","3522","452","3227","469","295","125",
"0500000US51169","Scott County, Virginia","9127","253","5491","275","4067","308","1424","242","358","125","1066","193","3636","347","3218","294","418","165",
"0500000US51171","Shenandoah County, Virginia","17962","424","11428","509","8297","504","3131","387","990","214","2141","340","6534","525","5241","459","1293","264",
"0500000US51173","Smyth County, Virginia","12659","297","7829","399","5608","377","2221","279","669","163","1552","225","4830","366","4049","318","781","184",
"0500000US51175","Southampton County, Virginia","6868","211","4734","277","3289","286","1445","266","334","111","1111","246","2134","289","1838","250","296","137",
"0500000US51177","Spotsylvania County, Virginia","52481","387","39433","689","31074","807","8359","623","2907","416","5452","537","13048","682","10025","666","3023","445",
"0500000US51179","Stafford County, Virginia","52326","415","40582","680","32611","809","7971","621","2523","426","5448","550","11744","662","9321","634","2423","379",
"0500000US51181","Surry County, Virginia","2830","172","2022","186","1536","190","486","127","57","51","429","110","808","151","741","149","67","38",
"0500000US51183","Sussex County, Virginia","3785","171","2485","217","1568","179","917","191","406","129","511","129","1300","205","1180","200","120","49",
"0500000US51185","Tazewell County, Virginia","16290","438","10687","572","7965","485","2722","380","682","157","2040","367","5603","510","5079","518","524","155",
"0500000US51187","Warren County, Virginia","15339","398","10538","516","8058","545","2480","390","1008","222","1472","307","4801","444","3535","415","1266","318",
"0500000US51191","Washington County, Virginia","22112","378","14318","446","11206","456","3112","350","757","177","2355","307","7794","489","6589","434","1205","291",
"0500000US51193","Westmoreland County, Virginia","8149","393","4846","387","3334","325","1512","321","299","138","1213","303","3303","385","2770","389","533","206",
"0500000US51195","Wise County, Virginia","13905","356","9367","602","6891","575","2476","332","850","205","1626","253","4538","505","4033","467","505","198",
"0500000US51197","Wythe County, Virginia","12533","302","7881","446","6277","478","1604","297","595","212","1009","230","4652","459","4056","462","596","207",
"0500000US51199","York County, Virginia","26968","326","19528","579","16236","548","3292","369","931","209","2361","285","7440","570","6282","611","1158","304",
"0500000US51510","Alexandria city, Virginia","76096","582","34764","1076","26133","1022","8631","736","2707","507","5924","541","41332","1121","33789","1065","7543","625",
"0500000US51520","Bristol city, Virginia","7226","292","4095","337","2446","363","1649","273","439","169","1210","274","3131","383","2840","364","291","127",
"0500000US51530","Buena Vista city, Virginia","2554","153","1713","193","1046","198","667","163","195","102","472","143","841","153","808","150","33","30",
"0500000US51540","Charlottesville city, Virginia","19815","385","8903","448","6237","390","2666","379","603","177","2063","358","10912","462","7539","517","3373","443",
"0500000US51550","Chesapeake city, Virginia","93626","629","66578","1329","49521","1243","17057","965","3580","499","13477","797","27048","1220","22721","1122","4327","527",
"0500000US51570","Colonial Heights city, Virginia","7530","198","4783","336","3047","342","1736","296","227","95","1509","255","2747","285","2404","269","343","106",
"0500000US51580","Covington city, Virginia","2576","118","1423","150","830","157","593","131","191","76","402","123","1153","201","957","199","196","111",
"0500000US51590","Danville city, Virginia","19066","382","9850","517","4889","356","4961","470","979","204","3982","401","9216","618","8178","588","1038","284",
"0500000US51595","Emporia city, Virginia","2157","226","1329","209","632","166","697","176","147","96","550","166","828","186","714","164","114","95",
"0500000US51600","Fairfax city, Virginia","9155","117","5775","283","4738","305","1037","190","436","133","601","164","3380","312","2300","304","1080","208",
"0500000US51610","Falls Church city, Virginia","6273","145","3510","196","2985","184","525","194","183","100","342","146","2763","232","2162","254","601","198",
"0500000US51620","Franklin city, Virginia","3454","229","2329","288","1225","220","1104","260","147","114","957","232","1125","246","1001","226","124","104",
"0500000US51630","Fredericksburg city, Virginia","11720","206","5720","437","4038","357","1682","353","459","200","1223","313","6000","494","4570","554","1430","306",
"0500000US51640","Galax city, Virginia","2763","234","1599","192","1032","184","567","175","230","111","337","139","1164","238","1105","224","59","48",
"0500000US51650","Hampton city, Virginia","58057","609","34116","902","21263","939","12853","808","3288","460","9565","703","23941","915","20451","948","3490","448",
"0500000US51660","Harrisonburg city, Virginia","17360","299","8719","438","5808","458","2911","305","703","200","2208","299","8641","427","4790","502","3851","380",
"0500000US51670","Hopewell city, Virginia","9255","323","5760","435","3046","363","2714","384","509","181","2205","399","3495","419","2928","409","567","223",
"0500000US51678","Lexington city, Virginia","2187","236","1034","183","845","162","189","127","21","27","168","128","1153","300","851","234","302","163",
"0500000US51680","Lynchburg city, Virginia","28701","574","16339","584","10698","615","5641","525","1036","224","4605","484","12362","647","9122","559","3240","427",
"0500000US51683","Manassas city, Virginia","14203","165","10339","350","7903","481","2436","337","755","235","1681","279","3864","369","3113","386","751","195",
"0500000US51685","Manassas Park city, Virginia","5193","194","3673","294","2616","288","1057","283","439","207","618","184","1520","333","1431","325","89","56",
"0500000US51690","Martinsville city, Virginia","5711","245","3134","246","1586","225","1548","266","405","153","1143","218","2577","281","2352","286","225","105",
"0500000US51700","Newport News city, Virginia","76112","550","43361","1224","26681","1268","16680","929","4065","482","12615","777","32751","1208","27269","1179","5482","637",
"0500000US51710","Norfolk city, Virginia","94965","721","52688","1173","31205","939","21483","948","5265","633","16218","854","42277","1238","33560","1200","8717","759",
"0500000US51720","Norton city, Virginia","1605","161","860","120","599","128","261","120","35","34","226","113","745","192","667","205","78","82",
"0500000US51730","Petersburg city, Virginia","15138","401","6499","473","2763","342","3736","436","525","169","3211","440","8639","526","7632","527","1007","258",
"0500000US51735","Poquoson city, Virginia","4728","108","3805","199","3320","229","485","146","161","85","324","122","923","188","809","194","114","83",
"0500000US51740","Portsmouth city, Virginia","40288","452","24164","804","13398","823","10766","859","2192","446","8574","716","16124","796","13351","762","2773","455",
"0500000US51750","Radford city, Virginia","5540","249","2376","212","1697","154","679","173","79","50","600","165","3164","284","1700","239","1464","285",
"0500000US51760","Richmond city, Virginia","104321","766","45734","1293","25638","1170","20096","983","4840","621","15256","857","58587","1381","44982","1268","13605","730",
"0500000US51770","Roanoke city, Virginia","43575","640","22455","939","12938","736","9517","851","2173","491","7344","700","21120","926","17189","904","3931","658",
"0500000US51775","Salem city, Virginia","10256","223","6328","413","4430","369","1898","330","687","180","1211","281","3928","350","3170","301","758","237",
"0500000US51790","Staunton city, Virginia","11309","278","6150","325","4099","391","2051","289","347","135","1704","255","5159","423","4311","415","848","242",
"0500000US51800","Suffolk city, Virginia","37908","357","25829","621","18590","723","7239","540","1746","251","5493","501","12079","603","10172","560","1907","328",
"0500000US51810","Virginia Beach city, Virginia","179851","907","119563","1480","86378","1582","33185","1522","9840","970","23345","1148","60288","1537","47629","1418","12659","983",
"0500000US51820","Waynesboro city, Virginia","9841","313","5803","341","3693","359","2110","343","872","244","1238","278","4038","341","3486","323","552","171",
"0500000US51830","Williamsburg city, Virginia","5020","242","2697","307","2030","327","667","195","104","84","563","175","2323","341","1796","352","527","169",
"0500000US51840","Winchester city, Virginia","11492","329","6006","370","3923","389","2083","384","443","200","1640","366","5486","437","4227","382","1259","308",
"0500000US53001","Adams County, Washington","6288","162","4744","245","3537","284","1207","220","306","129","901","192","1544","204","1455","193","89","46",
"0500000US53003","Asotin County, Washington","9490","221","5628","283","4225","315","1403","246","482","143","921","209","3862","331","3107","336","755","167",
"0500000US53005","Benton County, Washington","78046","560","52763","1039","38807","1085","13956","1014","4029","594","9927","846","25283","996","20402","1001","4881","562",
"0500000US53007","Chelan County, Washington","31520","492","20790","733","16230","757","4560","554","1435","348","3125","447","10730","660","8539","661","2191","349",
"0500000US53009","Clallam County, Washington","35046","426","21169","608","16453","586","4716","423","1510","269","3206","345","13877","596","11386","649","2491","314",
"0500000US53011","Clark County, Washington","196017","823","130773","1766","100012","2062","30761","1540","9548","904","21213","1226","65244","1668","49018","1513","16226","1080",
"0500000US53013","Columbia County, Washington","1862","136","1176","129","863","137","313","102","137","73","176","72","686","127","564","109","122","60",
"0500000US53015","Cowlitz County, Washington","43943","449","28801","821","21314","886","7487","609","2264","409","5223","486","15142","837","11969","780","3173","438",
"0500000US53017","Douglas County, Washington","15923","330","11504","434","8530","530","2974","430","1006","245","1968","347","4419","449","3609","399","810","189",
"0500000US53019","Ferry County, Washington","3169","137","1809","165","1465","162","344","81","141","49","203","65","1360","168","1164","157","196","61",
"0500000US53021","Franklin County, Washington","29890","470","24016","680","16484","830","7532","657","2504","445","5028","572","5874","626","4738","614","1136","285",
"0500000US53023","Garfield County, Washington","1031","87","656","85","598","86","58","33","0","13","58","33","375","106","354","106","21","20",
"0500000US53025","Grant County, Washington","35398","515","24996","749","17743","858","7253","620","2699","437","4554","519","10402","709","8314","660","2088","409",
"0500000US53027","Grays Harbor County, Washington","30628","562","18417","595","13519","694","4898","473","1627","286","3271","420","12211","663","9648","609","2563","357",
"0500000US53029","Island County, Washington","35972","647","24661","686","20760","766","3901","471","1256","278","2645","387","11311","669","9168","614","2143","339",
"0500000US53031","Jefferson County, Washington","16340","415","9615","486","7906","469","1709","241","601","190","1108","165","6725","552","5630","477","1095","218",
"0500000US53033","King County, Washington","941054","2581","541377","3693","436956","3779","104421","2508","35565","1785","68856","1666","399677","3907","297911","3748","101766","2284",
"0500000US53035","Kitsap County, Washington","108537","829","74042","1247","58722","1279","15320","920","5566","573","9754","767","34495","1214","25834","1081","8661","765",
"0500000US53037","Kittitas County, Washington","19993","500","11970","519","9606","605","2364","360","738","222","1626","296","8023","573","4854","503","3169","449",
"0500000US53039","Klickitat County, Washington","9872","221","6292","394","5065","359","1227","291","363","185","864","225","3580","372","2856","348","724","216",
"0500000US53041","Lewis County, Washington","32916","435","22097","651","16420","676","5677","546","2099","315","3578","407","10819","680","8657","601","2162","347",
"0500000US53043","Lincoln County, Washington","4820","149","3162","178","2634","182","528","127","166","60","362","114","1658","154","1380","140","278","78",
"0500000US53045","Mason County, Washington","26029","620","17688","745","14007","725","3681","375","1390","253","2291","313","8341","684","6335","569","2006","341",
"0500000US53047","Okanogan County, Washington","17540","446","11836","458","8679","425","3157","397","1034","236","2123","329","5704","475","4619","466","1085","239",
"0500000US53049","Pacific County, Washington","10977","428","6670","387","5269","339","1401","226","372","106","1029","198","4307","371","3755","367","552","152",
"0500000US53051","Pend Oreille County, Washington","5949","220","4009","221","3093","234","916","204","289","128","627","147","1940","223","1446","215","494","155",
"0500000US53053","Pierce County, Washington","351330","1296","235924","2071","175404","2364","60520","2060","20621","1350","39899","1645","115406","2194","86268","1937","29138","1409",
"0500000US53055","San Juan County, Washington","9015","234","5388","239","4562","230","826","120","271","62","555","92","3627","223","2801","196","826","123",
"0500000US53057","Skagit County, Washington","52329","421","34849","713","26660","701","8189","476","2841","420","5348","430","17480","751","13330","626","4150","460",
"0500000US53059","Skamania County, Washington","5019","142","3296","176","2681","148","615","128","253","91","362","83","1723","218","1326","212","397","97",
"0500000US53061","Snohomish County, Washington","316212","1181","214187","2522","169330","2345","44857","1617","15383","983","29474","1401","102025","2527","75533","2333","26492","1535",
"0500000US53063","Spokane County, Washington","218395","980","135696","1785","102179","1735","33517","1563","10762","823","22755","1260","82699","1615","63377","1658","19322","1225",
"0500000US53065","Stevens County, Washington","19374","295","13377","449","10995","485","2382","315","961","223","1421","204","5997","438","5004","412","993","215",
"0500000US53067","Thurston County, Washington","118899","801","77442","1471","59993","1466","17449","1009","5113","595","12336","804","41457","1271","31575","1399","9882","761",
"0500000US53069","Wahkiakum County, Washington","2100","114","1332","155","1196","162","136","74","19","23","117","70","768","142","583","146","185","70",
"0500000US53071","Walla Walla County, Washington","23447","364","14302","558","11363","613","2939","417","895","222","2044","317","9145","589","7782","577","1363","313",
"0500000US53073","Whatcom County, Washington","94021","718","55302","1100","44587","1201","10715","878","3752","606","6963","605","38719","1288","27099","1255","11620","872",
"0500000US53075","Whitman County, Washington","18721","472","9079","405","7257","416","1822","288","493","134","1329","266","9642","579","6163","454","3479","502",
"0500000US53077","Yakima County, Washington","87708","656","61577","1196","40899","1155","20678","1037","7228","787","13450","859","26131","1059","21111","920","5020","632",
"0500000US54001","Barbour County, West Virginia","6152","213","4073","309","2882","289","1191","241","282","126","909","226","2079","265","1706","252","373","172",
"0500000US54003","Berkeley County, West Virginia","51021","530","33399","948","23658","959","9741","779","3170","550","6571","638","17622","961","13017","882","4605","555",
"0500000US54005","Boone County, West Virginia","7927","258","5328","329","3998","291","1330","245","424","122","906","184","2599","318","2293","295","306","157",
"0500000US54007","Braxton County, West Virginia","4790","266","3321","259","2551","263","770","175","231","99","539","149","1469","254","1301","240","168","74",
"0500000US54009","Brooke County, West Virginia","9675","252","5471","310","4000","286","1471","273","349","148","1122","245","4204","393","3708","354","496","141",
"0500000US54011","Cabell County, West Virginia","39318","546","22204","724","16077","694","6127","542","1596","270","4531","503","17114","813","13806","833","3308","453",
"0500000US54013","Calhoun County, West Virginia","2525","179","1685","174","1292","169","393","114","82","52","311","101","840","163","684","147","156","96",
"0500000US54015","Clay County, West Virginia","2972","192","1983","190","1473","165","510","145","258","128","252","103","989","196","900","197","89","48",
"0500000US54017","Doddridge County, West Virginia","2554","162","1864","198","1529","217","335","126","38","33","297","124","690","136","637","132","53","33",
"0500000US54019","Fayette County, West Virginia","15948","422","10355","510","8042","541","2313","296","622","174","1691","252","5593","452","4999","462","594","174",
"0500000US54021","Gilmer County, West Virginia","2254","172","1421","157","979","147","442","127","113","63","329","107","833","170","740","160","93","54",
"0500000US54023","Grant County, West Virginia","4393","226","2918","257","2415","230","503","138","171","68","332","120","1475","224","1277","211","198","91",
"0500000US54025","Greenbrier County, West Virginia","14788","369","8600","507","6422","474","2178","349","752","185","1426","309","6188","581","5276","538","912","242",
"0500000US54027","Hampshire County, West Virginia","8643","404","5598","431","4351","362","1247","267","442","182","805","168","3045","358","2807","331","238","116",
"0500000US54029","Hancock County, West Virginia","12824","287","7665","469","5597","407","2068","296","585","171","1483","245","5159","433","4535","468","624","198",
"0500000US54031","Hardy County, West Virginia","5954","245","3492","270","2379","265","1113","252","529","201","584","147","2462","308","1988","285","474","153",
"0500000US54033","Harrison County, West Virginia","26353","451","15694","575","11701","492","3993","470","1297","248","2696","391","10659","630","9398","620","1261","255",
"0500000US54035","Jackson County, West Virginia","11515","295","7307","418","5816","377","1491","289","412","154","1079","252","4208","471","3719","465","489","160",
"0500000US54037","Jefferson County, West Virginia","22804","266","15986","457","11941","576","4045","400","1419","244","2626","314","6818","508","5228","458","1590","243",
"0500000US54039","Kanawha County, West Virginia","76459","898","45315","1178","32286","1110","13029","814","3340","501","9689","836","31144","1236","26472","1318","4672","586",
"0500000US54041","Lewis County, West Virginia","6967","264","4427","296","3514","304","913","214","299","111","614","174","2540","353","2074","288","466","205",
"0500000US54043","Lincoln County, West Virginia","7673","353","5092","391","3852","363","1240","265","340","141","900","219","2581","416","2254","404","327","154",
"0500000US54045","Logan County, West Virginia","12760","341","8672","487","6364","436","2308","384","887","297","1421","266","4088","461","3587","442","501","184",
"0500000US54047","McDowell County, West Virginia","6467","288","4020","321","2718","320","1302","279","388","164","914","224","2447","306","2357","308","90","52",
"0500000US54049","Marion County, West Virginia","23339","406","14771","482","11221","450","3550","331","1255","215","2295","257","8568","486","6378","461","2190","341",
"0500000US54051","Marshall County, West Virginia","12487","322","8533","356","6380","417","2153","319","610","154","1543","278","3954","384","3303","352","651","190",
"0500000US54053","Mason County, West Virginia","10211","378","6882","374","5635","439","1247","305","346","140","901","266","3329","391","3033","359","296","121",
"0500000US54055","Mercer County, West Virginia","24224","574","15157","678","10770","718","4387","415","1111","320","3276","388","9067","756","7732","656","1335","351",
"0500000US54057","Mineral County, West Virginia","11120","309","7505","407","5894","416","1611","290","500","199","1111","232","3615","431","3038","438","577","228",
"0500000US54059","Mingo County, West Virginia","9317","308","6312","352","4526","375","1786","286","579","190","1207","212","3005","362","2632","360","373","159",
"0500000US54061","Monongalia County, West Virginia","44629","560","23106","737","17534","677","5572","540","1894","434","3678","461","21523","836","15770","929","5753","673",
"0500000US54063","Monroe County, West Virginia","4619","256","3059","295","2466","301","593","155","263","130","330","116","1560","316","1480","312","80","59",
"0500000US54065","Morgan County, West Virginia","7342","283","4980","324","3857","327","1123","210","468","154","655","167","2362","349","2068","320","294","116",
"0500000US54067","Nicholas County, West Virginia","9466","375","6118","416","4851","450","1267","309","580","268","687","251","3348","439","2945","419","403","142",
"0500000US54069","Ohio County, West Virginia","18342","354","10237","380","7541","352","2696","288","816","196","1880","271","8105","444","6982","425","1123","192",
"0500000US54071","Pendleton County, West Virginia","2342","143","1608","170","1364","170","244","89","72","49","172","67","734","150","575","143","159","85",
"0500000US54073","Pleasants County, West Virginia","2769","124","1882","172","1466","148","416","114","74","47","342","97","887","162","721","154","166","88",
"0500000US54075","Pocahontas County, West Virginia","3181","169","1871","176","1451","148","420","115","190","92","230","80","1310","184","1190","185","120","57",
"0500000US54077","Preston County, West Virginia","12809","379","8631","422","6921","382","1710","269","482","118","1228","216","4178","453","3407","422","771","186",
"0500000US54079","Putnam County, West Virginia","23251","320","15890","547","13004","583","2886","412","917","237","1969","351","7361","590","5999","578","1362","391",
"0500000US54081","Raleigh County, West Virginia","29004","678","18892","942","13471","901","5421","683","1585","395","3836","519","10112","900","8906","860","1206","328",
"0500000US54083","Randolph County, West Virginia","10678","303","6747","425","5155","475","1592","346","485","207","1107","287","3931","443","3313","398","618","214",
"0500000US54085","Ritchie County, West Virginia","3389","170","2146","170","1782","168","364","98","125","60","239","79","1243","153","1050","145","193","83",
"0500000US54087","Roane County, West Virginia","5704","228","3323","249","2577","245","746","166","237","88","509","142","2381","242","2051","253","330","140",
"0500000US54089","Summers County, West Virginia","4680","259","2489","348","1795","349","694","189","249","113","445","132","2191","358","1903","332","288","143",
"0500000US54091","Taylor County, West Virginia","6604","225","4496","343","3161","297","1335","334","532","194","803","211","2108","353","1789","351","319","117",
"0500000US54093","Tucker County, West Virginia","2840","176","1723","159","1442","154","281","70","114","52","167","52","1117","145","1015","135","102","44",
"0500000US54095","Tyler County, West Virginia","3296","147","2021","172","1640","168","381","102","149","58","232","78","1275","167","1081","161","194","80",
"0500000US54097","Upshur County, West Virginia","9557","291","6116","328","4601","340","1515","254","483","160","1032","228","3441","376","2856","360","585","226",
"0500000US54099","Wayne County, West Virginia","15762","423","10572","475","8160","463","2412","382","989","290","1423","251","5190","511","4599","493","591","190",
"0500000US54101","Webster County, West Virginia","2899","182","1879","188","1462","188","417","107","168","64","249","77","1020","156","852","156","168","79",
"0500000US54103","Wetzel County, West Virginia","6113","211","3780","265","2919","272","861","196","362","137","499","137","2333","292","2040","264","293","121",
"0500000US54105","Wirt County, West Virginia","2041","126","1496","128","1135","139","361","116","108","70","253","101","545","119","512","114","33","33",
"0500000US54107","Wood County, West Virginia","35836","502","22212","668","16385","711","5827","545","1531","266","4296","475","13624","714","11993","702","1631","298",
"0500000US54109","Wyoming County, West Virginia","8068","256","5731","397","4353","432","1378","375","552","224","826","260","2337","373","1981","350","356","164",
"0500000US55001","Adams County, Wisconsin","9517","286","5757","228","4758","233","999","111","464","78","535","62","3760","232","2988","213","772","111",
"0500000US55003","Ashland County, Wisconsin","6832","222","3891","246","3058","242","833","136","269","93","564","107","2941","249","2501","251","440","126",
"0500000US55005","Barron County, Wisconsin","19955","283","12848","358","10385","383","2463","269","751","139","1712","218","7107","386","6001","373","1106","161",
"0500000US55007","Bayfield County, Wisconsin","7437","202","4906","158","4133","145","773","82","306","56","467","69","2531","179","2112","168","419","52",
"0500000US55009","Brown County, Wisconsin","110933","641","67169","1358","51755","1230","15414","1001","5670","616","9744","752","43764","1239","34426","1324","9338","709",
"0500000US55011","Buffalo County, Wisconsin","5720","142","3560","122","2864","127","696","94","254","60","442","74","2160","140","1794","138","366","66",
"0500000US55013","Burnett County, Wisconsin","7188","191","4361","181","3690","153","671","87","247","52","424","64","2827","160","2409","147","418","74",
"0500000US55015","Calumet County, Wisconsin","21372","258","14951","461","12514","480","2437","321","874","218","1563","253","6421","470","5458","481","963","258",
"0500000US55017","Chippewa County, Wisconsin","27139","310","17159","516","13853","508","3306","395","1038","170","2268","365","9980","520","7992","556","1988","333",
"0500000US55019","Clark County, Wisconsin","12839","160","8766","200","7240","201","1526","137","670","99","856","89","4073","217","3392","204","681","90",
"0500000US55021","Columbia County, Wisconsin","24158","332","15819","432","12608","371","3211","321","1219","260","1992","228","8339","412","6743","410","1596","229",
"0500000US55023","Crawford County, Wisconsin","6706","167","4129","174","3283","168","846","120","288","61","558","111","2577","198","2133","197","444","101",
"0500000US55025","Dane County, Wisconsin","251529","1049","134330","1679","107884","1663","26446","1306","8522","821","17924","991","117199","1995","85429","2097","31770","1209",
"0500000US55027","Dodge County, Wisconsin","35910","250","22358","489","17775","488","4583","454","1644","272","2939","324","13552","502","11326","547","2226","278",
"0500000US55029","Door County, Wisconsin","14986","393","9138","368","8051","362","1087","211","410","120","677","175","5848","460","5093","447","755","172",
"0500000US55031","Douglas County, Wisconsin","19160","280","10823","431","8597","384","2226","239","826","164","1400","186","8337","424","6752","440","1585","281",
"0500000US55033","Dunn County, Wisconsin","17440","272","10469","310","8392","341","2077","252","821","145","1256","230","6971","360","5179","389","1792","234",
"0500000US55035","Eau Claire County, Wisconsin","44726","387","25761","652","20208","711","5553","613","2071","336","3482","487","18965","769","13371","858","5594","588",
"0500000US55037","Florence County, Wisconsin","2197","99","1398","116","1102","128","296","67","80","39","216","62","799","147","694","145","105","32",
"0500000US55039","Fond du Lac County, Wisconsin","43243","463","26500","755","21380","720","5120","499","1795","278","3325","407","16743","799","13934","812","2809","453",
"0500000US55041","Forest County, Wisconsin","4006","148","2694","112","2021","117","673","82","278","62","395","65","1312","125","1112","124","200","49",
"0500000US55043","Grant County, Wisconsin","19960","246","12083","275","10055","295","2028","195","703","125","1325","148","7877","345","6147","390","1730","214",
"0500000US55045","Green County, Wisconsin","15775","180","9701","343","7833","317","1868","216","850","156","1018","176","6074","371","5121","332","953","170",
"0500000US55047","Green Lake County, Wisconsin","8285","195","5294","206","4123","186","1171","181","368","86","803","162","2991","205","2586","198","405","78",
"0500000US55049","Iowa County, Wisconsin","10118","161","6429","188","5236","188","1193","132","499","121","694","82","3689","227","2948","208","741","121",
"0500000US55051","Iron County, Wisconsin","3109","149","1829","104","1489","98","340","66","166","50","174","44","1280","134","1063","109","217","70",
"0500000US55053","Jackson County, Wisconsin","8274","167","5293","219","4209","212","1084","132","369","76","715","115","2981","217","2546","206","435","72",
"0500000US55055","Jefferson County, Wisconsin","34873","365","21853","618","17445","580","4408","449","1468","257","2940","339","13020","633","10719","626","2301","302",
"0500000US55057","Juneau County, Wisconsin","10955","301","6772","219","5254","242","1518","143","591","107","927","106","4183","269","3417","237","766","111",
"0500000US55059","Kenosha County, Wisconsin","68904","596","43533","794","32270","931","11263","754","3674","454","7589","620","25371","937","20834","854","4537","530",
"0500000US55061","Kewaunee County, Wisconsin","8357","155","5791","208","4948","185","843","129","343","75","500","96","2566","227","2147","232","419","100",
"0500000US55063","La Crosse County, Wisconsin","51497","520","28341","750","22252","768","6089","604","2209","405","3880","513","23156","955","16267","968","6889","613",
"0500000US55065","Lafayette County, Wisconsin","6763","83","4412","122","3567","131","845","91","325","60","520","78","2351","134","1885","140","466","59",
"0500000US55067","Langlade County, Wisconsin","8881","270","5443","277","4319","261","1124","200","373","107","751","177","3438","303","3032","268","406","109",
"0500000US55069","Lincoln County, Wisconsin","12772","235","7804","276","6221","306","1583","193","655","157","928","167","4968","258","4227","285","741","148",
"0500000US55071","Manitowoc County, Wisconsin","35188","462","22042","598","17469","603","4573","441","1710","275","2863","315","13146","609","11142","601","2004","295",
"0500000US55073","Marathon County, Wisconsin","57866","405","36705","774","29673","762","7032","619","2908","409","4124","469","21161","813","16435","846","4726","508",
"0500000US55075","Marinette County, Wisconsin","19051","303","11791","350","9616","361","2175","217","829","201","1346","179","7260","411","6121","407","1139","184",
"0500000US55077","Marquette County, Wisconsin","6987","135","4448","165","3583","158","865","110","328","65","537","84","2539","180","2057","178","482","69",
"0500000US55078","Menominee County, Wisconsin","1405","99","1131","94","550","90","581","104","164","62","417","96","274","72","242","67","32","23",
"0500000US55079","Milwaukee County, Wisconsin","392399","1628","207992","2582","127334","2207","80658","2050","20561","1187","60097","1542","184407","2365","148785","2102","35622","1352",
"0500000US55081","Monroe County, Wisconsin","18301","234","11645","376","9151","352","2494","374","876","177","1618","290","6656","380","5643","358","1013","200",
"0500000US55083","Oconto County, Wisconsin","16811","227","11454","308","9408","305","2046","213","896","146","1150","168","5357","312","4227","274","1130","172",
"0500000US55085","Oneida County, Wisconsin","17493","469","10719","372","9143","360","1576","224","513","122","1063","191","6774","483","5653","465","1121","201",
"0500000US55087","Outagamie County, Wisconsin","78382","385","50363","742","41293","827","9070","565","3293","333","5777","475","28019","768","22483","817","5536","424",
"0500000US55089","Ozaukee County, Wisconsin","38309","352","25306","682","21432","669","3874","528","1558","355","2316","374","13003","706","11319","696","1684","309",
"0500000US55091","Pepin County, Wisconsin","3046","79","2129","95","1761","106","368","65","174","43","194","51","917","107","790","102","127","33",
"0500000US55093","Pierce County, Wisconsin","15867","280","10447","384","8605","395","1842","250","759","140","1083","208","5420","404","4100","406","1320","186",
"0500000US55095","Polk County, Wisconsin","19542","239","12867","304","10504","320","2363","191","966","132","1397","162","6675","335","5630","336","1045","149",
"0500000US55097","Portage County, Wisconsin","29679","287","17843","497","14302","456","3541","339","1279","242","2262","270","11836","548","8778","496","3058","358",
"0500000US55099","Price County, Wisconsin","6539","150","3847","154","3143","140","704","75","243","45","461","64","2692","170","2397","150","295","61",
"0500000US55101","Racine County, Wisconsin","80406","605","50656","1118","36834","1234","13822","892","4246","595","9576","683","29750","1086","24609","963","5141","518",
"0500000US55103","Richland County, Wisconsin","7250","172","4521","217","3663","178","858","140","290","62","568","124","2729","237","2278","204","451","115",
"0500000US55105","Rock County, Wisconsin","67201","481","42366","829","31700","744","10666","669","3665","432","7001","595","24835","772","20416","841","4419","424",
"0500000US55107","Rusk County, Wisconsin","6355","147","3873","149","3138","159","735","95","214","45","521","89","2482","157","2130","171","352","84",
"0500000US55109","St. Croix County, Wisconsin","37511","352","26427","614","21562","615","4865","538","1717","295","3148","488","11084","664","8870","597","2214","374",
"0500000US55111","Sauk County, Wisconsin","27987","334","18009","514","14248","473","3761","351","1514","250","2247","269","9978","516","7906","490","2072","244",
"0500000US55113","Sawyer County, Wisconsin","8810","272","5311","318","4035","261","1276","158","390","85","886","135","3499","280","2897","284","602","144",
"0500000US55115","Shawano County, Wisconsin","17246","266","11146","264","8914","273","2232","220","765","134","1467","202","6100","311","5011","319","1089","164",
"0500000US55117","Sheboygan County, Wisconsin","49725","418","30406","743","24041","746","6365","507","2238","278","4127","441","19319","762","15861","744","3458","459",
"0500000US55119","Taylor County, Wisconsin","8046","186","5104","219","4322","194","782","102","329","66","453","80","2942","219","2377","198","565","145",
"0500000US55121","Trempealeau County, Wisconsin","12533","132","8026","233","6309","222","1717","167","741","126","976","120","4507","249","3688","250","819","140",
"0500000US55123","Vernon County, Wisconsin","12424","190","8068","241","6755","254","1313","177","511","115","802","124","4356","259","3708","264","648","96",
"0500000US55125","Vilas County, Wisconsin","11147","330","6867","271","5738","286","1129","146","433","72","696","124","4280","349","3762","330","518","118",
"0500000US55127","Walworth County, Wisconsin","43087","499","27703","670","21580","727","6123","518","2295","358","3828","425","15384","606","12062","656","3322","349",
"0500000US55129","Washburn County, Wisconsin","7566","167","4768","177","4013","158","755","103","277","60","478","87","2798","190","2349","180","449","87",
"0500000US55131","Washington County, Wisconsin","57070","393","38916","780","32230","679","6686","573","2546","362","4140","479","18154","851","14601","866","3553","402",
"0500000US55133","Waukesha County, Wisconsin","168658","701","113269","1364","96147","1449","17122","988","5906","635","11216","768","55389","1365","45526","1410","9863","767",
"0500000US55135","Waupaca County, Wisconsin","22571","339","14706","426","11437","403","3269","340","1362","253","1907","237","7865","458","6527","442","1338","189",
"0500000US55137","Waushara County, Wisconsin","10586","170","6619","203","5409","200","1210","131","470","82","740","103","3967","224","3360","209","607","74",
"0500000US55139","Winnebago County, Wisconsin","72667","485","41657","858","32248","846","9409","693","3258","470","6151","521","31010","857","23758","856","7252","545",
"0500000US55141","Wood County, Wisconsin","32253","429","19784","517","15264","542","4520","440","1336","294","3184","333","12469","615","10176","581","2293","286",
"0500000US56001","Albany County, Wyoming","17083","361","8242","447","6324","486","1918","413","844","309","1074","237","8841","578","5631","586","3210","400",
"0500000US56003","Big Horn County, Wyoming","4460","193","2848","215","2351","210","497","127","211","94","286","82","1612","232","1370","219","242","84",
"0500000US56005","Campbell County, Wyoming","17988","456","12240","556","9971","637","2269","501","758","246","1511","435","5748","551","4383","476","1365","339",
"0500000US56007","Carbon County, Wyoming","6116","224","3944","311","3052","288","892","206","418","159","474","147","2172","275","1931","286","241","106",
"0500000US56009","Converse County, Wyoming","5772","195","3599","302","2735","332","864","236","287","150","577","177","2173","290","1729","258","444","163",
"0500000US56011","Crook County, Wyoming","2907","199","2033","221","1829","220","204","94","80","69","124","60","874","165","743","169","131","84",
"0500000US56013","Fremont County, Wyoming","15037","249","9489","378","6958","390","2531","259","899","161","1632","208","5548","405","4742","389","806","168",
"0500000US56015","Goshen County, Wyoming","5200","161","3198","236","2682","239","516","145","235","98","281","106","2002","228","1737","235","265","98",
"0500000US56017","Hot Springs County, Wyoming","2140","128","1419","155","1166","109","253","124","116","91","137","76","721","171","642","165","79","74",
"0500000US56019","Johnson County, Wyoming","3932","185","2328","275","1982","224","346","136","99","74","247","111","1604","240","1400","215","204","147",
"0500000US56021","Laramie County, Wyoming","43279","405","26944","785","21568","863","5376","587","1822","422","3554","448","16335","911","13810","804","2525","501",
"0500000US56023","Lincoln County, Wyoming","8324","259","5627","355","4834","359","793","206","324","123","469","166","2697","359","2383","355","314","115",
"0500000US56025","Natrona County, Wyoming","33886","511","20569","672","15429","630","5140","463","1635","280","3505","407","13317","706","11328","691","1989","351",
"0500000US56027","Niobrara County, Wyoming","1188","101","603","86","555","87","48","31","15","17","33","26","585","128","520","124","65","42",
"0500000US56029","Park County, Wyoming","13330","294","8327","463","6852","513","1475","283","635","235","840","220","5003","425","4423","457","580","192",
"0500000US56031","Platte County, Wyoming","3848","219","2266","189","1984","186","282","85","59","39","223","81","1582","275","1392","246","190","155",
"0500000US56033","Sheridan County, Wyoming","13845","331","8366","525","7095","464","1271","249","323","119","948","235","5479","512","4875","508","604","209",
"0500000US56035","Sublette County, Wyoming","3693","296","2319","247","2113","252","206","85","39","31","167","80","1374","271","1128","259","246","123",
"0500000US56037","Sweetwater County, Wyoming","17502","351","10817","456","8523","462","2294","296","918","209","1376","287","6685","446","5855","449","830","235",
"0500000US56039","Teton County, Wyoming","9830","467","6206","498","5242","501","964","275","560","209","404","194","3624","521","2278","476","1346","311",
"0500000US56041","Uinta County, Wyoming","7716","282","5327","316","4105","295","1222","266","361","154","861","198","2389","310","2006","307","383","149",
"0500000US56043","Washakie County, Wyoming","3394","140","1932","146","1644","156","288","89","70","42","218","78","1462","186","1263","185","199","84",
"0500000US56045","Weston County, Wyoming","2848","192","1779","215","1367","215","412","149","213","101","199","103","1069","174","933","160","136","85",
"0500000US72001","Adjuntas Municipio, Puerto Rico","6069","290","4000","327","2381","262","1619","248","428","147","1191","211","2069","283","1815","255","254","112",
"0500000US72003","Aguada Municipio, Puerto Rico","13100","580","8352","593","5423","429","2929","435","663","203","2266","406","4748","476","4073","443","675","170",
"0500000US72005","Aguadilla Municipio, Puerto Rico","22295","785","14277","795","7913","634","6364","574","1511","317","4853","519","8018","525","7126","499","892","205",
"0500000US72007","Aguas Buenas Municipio, Puerto Rico","8932","399","6255","444","3544","379","2711","410","665","215","2046","340","2677","344","2409","329","268","140",
"0500000US72009","Aibonito Municipio, Puerto Rico","9777","368","5927","473","3033","335","2894","363","607","194","2287","341","3850","403","3357","370","493","167",
"0500000US72011","Añasco Municipio, Puerto Rico","9524","511","5934","490","3364","465","2570","385","645","204","1925","336","3590","425","2979","386","611","217",
"0500000US72013","Arecibo Municipio, Puerto Rico","33403","1004","21133","943","11422","712","9711","733","2266","370","7445","607","12270","669","11140","668","1130","247",
"0500000US72015","Arroyo Municipio, Puerto Rico","6739","452","4190","481","1822","329","2368","363","353","159","2015","324","2549","402","2244","398","305","147",
"0500000US72017","Barceloneta Municipio, Puerto Rico","9053","465","6032","485","2860","443","3172","441","498","219","2674","446","3021","434","2446","407","575","197",
"0500000US72019","Barranquitas Municipio, Puerto Rico","10014","490","7108","537","3729","451","3379","508","1023","252","2356","435","2906","427","2371","386","535","191",
"0500000US72021","Bayamón Municipio, Puerto Rico","74334","1268","47042","1241","24872","958","22170","893","4457","472","17713","755","27292","904","23328","852","3964","356",
"0500000US72023","Cabo Rojo Municipio, Puerto Rico","19137","803","12405","705","7427","634","4978","486","1056","266","3922","444","6732","644","5568","590","1164","261",
"0500000US72025","Caguas Municipio, Puerto Rico","51048","1024","33001","1175","17751","960","15250","867","3343","509","11907","841","18047","1037","15364","1025","2683","457",
"0500000US72027","Camuy Municipio, Puerto Rico","12431","473","8833","560","5770","477","3063","349","360","158","2703","313","3598","458","3209","427","389","164",
"0500000US72029","Canóvanas Municipio, Puerto Rico","15816","538","10947","578","6703","542","4244","508","966","264","3278","456","4869","466","4095","444","774","224",
"0500000US72031","Carolina Municipio, Puerto Rico","64982","1308","40943","1339","20773","995","20170","1138","3869","643","16301","960","24039","1276","19912","1150","4127","499",
"0500000US72033","Cataño Municipio, Puerto Rico","9293","371","6246","390","3047","381","3199","384","837","214","2362","297","3047","350","2671","327","376","141",
"0500000US72035","Cayey Municipio, Puerto Rico","17016","566","10828","626","5428","471","5400","498","1458","301","3942","420","6188","562","5150","534","1038","235",
"0500000US72037","Ceiba Municipio, Puerto Rico","4435","379","3061","343","1722","267","1339","238","314","137","1025","198","1374","235","1173","206","201","105",
"0500000US72039","Ciales Municipio, Puerto Rico","5774","279","4112","325","2497","317","1615","275","373","175","1242","256","1662","225","1412","216","250","136",
"0500000US72041","Cidra Municipio, Puerto Rico","15010","443","10600","538","6125","471","4475","503","949","232","3526","450","4410","469","3668","443","742","205",
"0500000US72043","Coamo Municipio, Puerto Rico","13776","546","8723","555","4766","498","3957","467","962","248","2995","387","5053","527","4355","535","698","216",
"0500000US72045","Comerío Municipio, Puerto Rico","6113","360","4058","402","1954","302","2104","325","661","210","1443","285","2055","336","1723","302","332","162",
"0500000US72047","Corozal Municipio, Puerto Rico","11512","533","8312","529","4527","493","3785","443","1016","277","2769","371","3200","453","2835","423","365","161",
"0500000US72049","Culebra Municipio, Puerto Rico","524","91","289","73","170","59","119","47","44","36","75","37","235","75","182","68","53","36",
"0500000US72051","Dorado Municipio, Puerto Rico","12768","620","8422","597","5297","588","3125","501","722","238","2403","422","4346","502","3758","477","588","212",
"0500000US72053","Fajardo Municipio, Puerto Rico","13169","666","8289","547","4395","489","3894","469","1008","262","2886","411","4880","498","4299","485","581","213",
"0500000US72054","Florida Municipio, Puerto Rico","4749","331","3239","424","1738","316","1501","311","212","133","1289","296","1510","344","1382","340","128","105",
"0500000US72055","Guánica Municipio, Puerto Rico","5782","336","3922","340","1962","248","1960","306","479","150","1481","277","1860","262","1649","250","211","73",
"0500000US72057","Guayama Municipio, Puerto Rico","15792","666","9646","698","4903","552","4743","628","1194","384","3549","502","6146","605","5407","553","739","259",
"0500000US72059","Guayanilla Municipio, Puerto Rico","6390","321","4419","345","2180","254","2239","302","653","151","1586","264","1971","252","1753","240","218","88",
"0500000US72061","Guaynabo Municipio, Puerto Rico","36309","835","22399","785","14498","696","7901","559","1940","311","5961","504","13910","721","11759","658","2151","368",
"0500000US72063","Gurabo Municipio, Puerto Rico","15846","548","10983","737","6836","612","4147","598","1075","262","3072","511","4863","542","4174","487","689","280",
"0500000US72065","Hatillo Municipio, Puerto Rico","13676","661","9854","639","6297","551","3557","473","669","224","2888","458","3822","446","3483","422","339","183",
"0500000US72067","Hormigueros Municipio, Puerto Rico","6210","307","3998","325","2326","262","1672","295","293","119","1379","255","2212","265","1828","250","384","140",
"0500000US72069","Humacao Municipio, Puerto Rico","20316","743","12926","856","7851","590","5075","625","1169","314","3906","540","7390","625","6361","584","1029","275",
"0500000US72071","Isabela Municipio, Puerto Rico","14926","683","9735","669","6315","493","3420","473","701","227","2719","418","5191","517","4807","507","384","145",
"0500000US72073","Jayuya Municipio, Puerto Rico","5177","345","3623","373","1985","304","1638","308","510","177","1128","232","1554","276","1210","251","344","144",
"0500000US72075","Juana Díaz Municipio, Puerto Rico","16491","549","11145","557","6102","491","5043","425","1127","240","3916","350","5346","447","4310","413","1036","258",
"0500000US72077","Juncos Municipio, Puerto Rico","14455","576","9825","608","5515","587","4310","646","1105","348","3205","506","4630","498","3871","491","759","275",
"0500000US72079","Lajas Municipio, Puerto Rico","8844","557","5635","551","3043","454","2592","423","657","249","1935","398","3209","389","2810","406","399","172",
"0500000US72081","Lares Municipio, Puerto Rico","10770","453","7538","538","4202","428","3336","421","1023","266","2313","312","3232","370","2833","357","399","156",
"0500000US72083","Las Marías Municipio, Puerto Rico","3078","251","2022","234","1302","190","720","175","179","78","541","150","1056","192","863","191","193","75",
"0500000US72085","Las Piedras Municipio, Puerto Rico","13031","592","8734","642","4950","531","3784","517","1034","255","2750","468","4297","505","3652","488","645","195",
"0500000US72087","Loíza Municipio, Puerto Rico","9064","333","6050","389","2912","320","3138","370","664","188","2474","292","3014","310","2694","303","320","126",
"0500000US72089","Luquillo Municipio, Puerto Rico","6966","408","4543","416","2420","318","2123","302","465","150","1658","256","2423","319","2080","286","343","157",
"0500000US72091","Manatí Municipio, Puerto Rico","15510","600","9553","560","4986","414","4567","461","1541","321","3026","418","5957","469","5169","470","788","215",
"0500000US72093","Maricao Municipio, Puerto Rico","1798","174","1153","183","638","132","515","131","131","74","384","104","645","133","474","123","171","92",
"0500000US72095","Maunabo Municipio, Puerto Rico","4250","331","2893","330","1427","232","1466","305","462","225","1004","227","1357","244","1225","246","132","74",
"0500000US72097","Mayagüez Municipio, Puerto Rico","30020","743","16634","812","9114","634","7520","596","1544","280","5976","542","13386","724","11074","677","2312","350",
"0500000US72099","Moca Municipio, Puerto Rico","13831","589","9895","608","6182","488","3713","444","720","198","2993","362","3936","465","3327","423","609","228",
"0500000US72101","Morovis Municipio, Puerto Rico","10903","385","7652","434","4286","390","3366","385","807","252","2559","332","3251","421","2594","321","657","232",
"0500000US72103","Naguabo Municipio, Puerto Rico","8618","532","5569","466","2701","401","2868","496","521","184","2347","456","3049","463","2531","403","518","236",
"0500000US72105","Naranjito Municipio, Puerto Rico","9263","489","6117","517","2740","387","3377","459","1011","331","2366","370","3146","367","2576","371","570","213",
"0500000US72107","Orocovis Municipio, Puerto Rico","7028","374","4761","343","2547","275","2214","276","774","199","1440","237","2267","278","1785","251","482","146",
"0500000US72109","Patillas Municipio, Puerto Rico","6434","346","4291","395","2435","298","1856","306","615","220","1241","245","2143","360","1721","311","422","172",
"0500000US72111","Peñuelas Municipio, Puerto Rico","7008","377","4809","416","2439","316","2370","312","728","187","1642","261","2199","322","1831","294","368","137",
"0500000US72113","Ponce Municipio, Puerto Rico","55830","1009","34299","956","17282","856","17017","930","3615","489","13402","838","21531","1016","19230","993","2301","387",
"0500000US72115","Quebradillas Municipio, Puerto Rico","8448","559","5923","543","3247","461","2676","445","607","234","2069","361","2525","466","2246","413","279","176",
"0500000US72117","Rincón Municipio, Puerto Rico","5849","370","3706","391","2261","334","1445","265","373","150","1072","217","2143","282","1826","256","317","113",
"0500000US72119","Río Grande Municipio, Puerto Rico","17136","671","11532","592","6387","482","5145","478","1127","229","4018","421","5604","571","4700","520","904","245",
"0500000US72121","Sabana Grande Municipio, Puerto Rico","8101","412","4811","432","2615","365","2196","295","685","164","1511","251","3290","364","2833","318","457","194",
"0500000US72123","Salinas Municipio, Puerto Rico","10761","453","6902","479","3737","366","3165","414","870","259","2295","309","3859","412","3330","413","529","170",
"0500000US72125","San Germán Municipio, Puerto Rico","11860","515","6875","524","3756","454","3119","391","661","208","2458","354","4985","478","4354","458","631","219",
"0500000US72127","San Juan Municipio, Puerto Rico","153632","1854","78068","2277","36886","1455","41182","1675","7773","771","33409","1340","75564","1944","65775","1786","9789","772",
"0500000US72129","San Lorenzo Municipio, Puerto Rico","14374","536","9402","543","5195","461","4207","410","1262","284","2945","325","4972","520","4262","491","710","211",
"0500000US72131","San Sebastián Municipio, Puerto Rico","14605","698","9577","661","6350","547","3227","437","895","224","2332","379","5028","519","4323","532","705","223",
"0500000US72133","Santa Isabel Municipio, Puerto Rico","7548","399","4754","359","2532","289","2222","296","619","181","1603","253","2794","337","2281","344","513","153",
"0500000US72135","Toa Alta Municipio, Puerto Rico","24068","585","17777","776","10221","652","7556","683","1873","338","5683","577","6291","579","5142","507","1149","308",
"0500000US72137","Toa Baja Municipio, Puerto Rico","29965","642","18792","698","9174","522","9618","642","1971","342","7647","552","11173","641","9234","643","1939","336",
"0500000US72139","Trujillo Alto Municipio, Puerto Rico","27237","730","18089","1086","11254","867","6835","805","1673","442","5162","666","9148","963","7747","813","1401","436",
"0500000US72141","Utuado Municipio, Puerto Rico","11311","405","7401","501","4445","416","2956","425","850","220","2106","347","3910","353","3265","295","645","229",
"0500000US72143","Vega Alta Municipio, Puerto Rico","14015","469","9765","588","5487","484","4278","501","1233","324","3045","428","4250","575","3727","511","523","186",
"0500000US72145","Vega Baja Municipio, Puerto Rico","21587","636","13624","670","6802","636","6822","573","1980","359","4842","534","7963","580","6942","572","1021","258",
"0500000US72147","Vieques Municipio, Puerto Rico","3125","308","1824","343","881","210","943","248","67","69","876","237","1301","255","1142","251","159","121",
"0500000US72149","Villalba Municipio, Puerto Rico","7451","419","5420","459","2892","341","2528","374","793","191","1735","341","2031","312","1768","285","263","134",
"0500000US72151","Yabucoa Municipio, Puerto Rico","12167","508","7976","480","4215","394","3761","366","1296","261","2465","355","4191","494","3610","481","581","159",
"0500000US72153","Yauco Municipio, Puerto Rico","13217","575","8327","551","5302","408","3025","360","689","183","2336","316","4890","430","4089","353","801","193",
