"GEO_ID","NAME","B09001_001E","B09001_001M","B09001_002E","B09001_002M","B09001_003E","B09001_003M","B09001_004E","B09001_004M","B09001_005E","B09001_005M","B09001_006E","B09001_006M","B09001_007E","B09001_007M","B09001_008E","B09001_008M","B09001_009E","B09001_009M","B09001_010E","B09001_010M",
"Geography","Geographic Area Name","Estimate!!Total:","Margin of Error!!Total:","Estimate!!Total:!!In households:","Margin of Error!!Total:!!In households:","Estimate!!Total:!!In households:!!Under 3 years","Margin of Error!!Total:!!In households:!!Under 3 years","Estimate!!Total:!!In households:!!3 and 4 years","Margin of Error!!Total:!!In households:!!3 and 4 years","Estimate!!Total:!!In households:!!5 years","Margin of Error!!Total:!!In households:!!5 years","Estimate!!Total:!!In households:!!6 to 8 years","Margin of Error!!Total:!!In households:!!6 to 8 years","Estimate!!Total:!!In households:!!9 to 11 years","Margin of Error!!Total:!!In households:!!9 to 11 years","Estimate!!Total:!!In households:!!12 to 14 years","Margin of Error!!Total:!!In households:!!12 to 14 years","Estimate!!Total:!!In households:!!15 to 17 years","Margin of Error!!Total:!!In households:!!15 to 17 years","Estimate!!Total:!!In group quarters","Margin of Error!!Total:!!In group quarters",
"0500000US01001","Autauga County, Alabama","14030","75","14025","74","2085","251","1533","227","558","179","2114","312","2455","307","2619","316","2661","112","5","5",
"0500000US01003","Baldwin County, Alabama","52190","*****","52110","36","6769","579","5817","585","3372","542","7199","602","8483","862","10767","881","9703","68","80","34",
"0500000US01005","Barbour County, Alabama","5112","30","5100","31","697","140","632","89","293","133","804","199","745","190","970","213","959","86","12","10",
"0500000US01007","Bibb County, Alabama","4437","21","4413","22","646","109","446","113","151","77","819","191","744","182","856","258","751","4","24","5",
"0500000US01009","Blount County, Alabama","13733","99","13733","99","2037","231","1333","234","661","157","2367","341","2384","266","2384","354","2567","72","0","31",
"0500000US01011","Bullock County, Alabama","2068","*****","2068","5","233","113","310","101","233","143","181","70","266","124","562","125","283","123","0","21",
"0500000US01013","Butler County, Alabama","4112","90","4112","90","512","145","528","142","219","101","503","123","778","135","808","162","764","49","0","21",
"0500000US01015","Calhoun County, Alabama","24893","86","24741","97","3101","371","3457","376","1368","329","3986","466","3836","416","4507","435","4486","112","152","43",
"0500000US01017","Chambers County, Alabama","7149","*****","7147","7","878","267","1036","244","356","138","1160","251","1314","300","1211","220","1192","30","2","6",
"0500000US01019","Cherokee County, Alabama","4726","21","4721","24","690","138","490","122","154","87","569","163","900","194","1011","186","907","62","5","10",
"0500000US01021","Chilton County, Alabama","11105","86","11105","86","1845","152","991","153","442","168","2041","279","1693","272","2369","279","1724","111","0","28",
"0500000US01023","Choctaw County, Alabama","2443","54","2443","54","492","79","169","79","155","84","397","113","501","115","284","83","445","4","0","21",
"0500000US01025","Clarke County, Alabama","4858","6","4855","9","873","116","456","123","195","101","875","232","848","245","727","173","881","8","3","6",
"0500000US01027","Clay County, Alabama","2974","25","2974","25","486","86","281","87","131","75","416","139","532","121","602","174","526","91","0","21",
"0500000US01029","Cleburne County, Alabama","3387","59","3387","59","472","83","418","93","252","112","565","124","448","123","620","214","612","36","0","21",
"0500000US01031","Coffee County, Alabama","13250","32","13250","32","1937","161","1397","155","548","137","1748","232","2548","251","2602","279","2470","14","0","31",
"0500000US01033","Colbert County, Alabama","12368","*****","12364","8","1480","255","1630","238","715","242","1933","271","2407","292","2071","334","2128","97","4","5",
"0500000US01035","Conecuh County, Alabama","2261","3","2261","3","358","110","241","110","226","92","266","90","590","100","269","87","311","40","0","21",
"0500000US01037","Coosa County, Alabama","1795","60","1795","60","255","82","235","101","41","38","315","118","321","153","234","120","394","117","0","21",
"0500000US01039","Covington County, Alabama","8346","*****","8345","4","1216","159","960","144","431","116","1337","251","1754","273","1163","208","1484","28","1","2",
"0500000US01041","Crenshaw County, Alabama","2987","70","2987","70","386","103","357","97","206","75","429","115","584","119","500","110","525","2","0","21",
"0500000US01043","Cullman County, Alabama","20313","*****","20285","14","2715","321","2551","317","1221","365","3292","401","3394","319","3522","381","3590","49","28","6",
"0500000US01045","Dale County, Alabama","11571","*****","11561","7","1810","199","1555","193","477","140","2053","257","2028","242","1763","202","1875","44","10","5",
"0500000US01047","Dallas County, Alabama","8705","76","8655","78","1234","274","935","281","401","184","1192","374","1749","329","1526","366","1618","29","50","10",
"0500000US01049","DeKalb County, Alabama","17353","*****","17351","5","2622","182","1590","184","720","151","2407","325","3339","259","3395","301","3278","44","2","3",
"0500000US01051","Elmore County, Alabama","19313","94","19309","94","2529","324","2241","323","916","254","2621","344","3637","446","3783","484","3582","51","4","3",
"0500000US01053","Escambia County, Alabama","8308","62","8302","63","1255","280","856","280","506","262","1401","344","1406","327","1573","269","1305","165","6","6",
"0500000US01055","Etowah County, Alabama","22582","*****","22507","21","3505","284","2402","285","1148","273","3670","361","3984","384","3769","389","4029","79","75","19",
"0500000US01057","Fayette County, Alabama","3410","6","3410","6","403","103","349","100","138","58","636","168","549","116","651","136","684","75","0","21",
"0500000US01059","Franklin County, Alabama","8052","40","8052","40","1009","205","1175","208","268","114","1515","269","1207","200","1529","293","1349","175","0","28",
"0500000US01061","Geneva County, Alabama","5905","*****","5905","5","628","158","767","157","287","115","999","180","987","155","1131","136","1106","59","0","25",
"0500000US01063","Greene County, Alabama","1602","*****","1602","1","133","100","111","57","205","74","404","103","233","83","273","102","243","4","0","19",
"0500000US01065","Hale County, Alabama","3584","61","3584","61","404","191","615","200","303","143","843","212","269","136","580","207","570","3","0","21",
"0500000US01067","Henry County, Alabama","3602","20","3600","21","496","116","375","117","199","96","587","143","696","183","565","185","682","21","2","4",
"0500000US01069","Houston County, Alabama","24773","4","24693","6","3960","186","2746","186","1387","173","3905","255","4230","348","4154","317","4311","21","80","5",
"0500000US01071","Jackson County, Alabama","11035","8","11017","9","1543","188","1288","184","444","188","1528","267","1822","270","2315","314","2077","105","18","4",
"0500000US01073","Jefferson County, Alabama","153183","49","152981","76","23476","915","17276","915","8832","848","25287","1235","24674","1270","27323","1455","26113","78","202","58",
"0500000US01075","Lamar County, Alabama","3030","42","3030","42","497","89","308","85","134","61","427","133","558","119","545","133","561","60","0","21",
"0500000US01077","Lauderdale County, Alabama","18584","*****","18542","45","2612","267","2167","268","1111","388","2823","439","3179","351","3306","399","3344","44","42","38",
"0500000US01079","Lawrence County, Alabama","7240","36","7240","36","1066","165","785","138","397","135","1234","235","1225","250","1271","259","1262","59","0","28",
"0500000US01081","Lee County, Alabama","37937","*****","37899","29","5335","402","4400","404","1741","384","5924","617","6414","619","7323","759","6762","41","38","29",
"0500000US01083","Limestone County, Alabama","24658","25","24641","26","3928","334","2220","333","1624","349","3973","458","4116","493","4236","494","4544","70","17","12",
"0500000US01085","Lowndes County, Alabama","2158","*****","2158","2","287","90","303","89","139","86","345","90","310","109","367","73","407","47","0","19",
"0500000US01087","Macon County, Alabama","2887","98","2833","102","500","88","383","87","83","42","406","94","513","118","451","123","497","47","54","30",
"0500000US01089","Madison County, Alabama","87718","*****","87637","54","12991","590","9940","593","4834","498","14148","898","14819","875","15460","893","15445","54","81","52",
"0500000US01091","Marengo County, Alabama","4154","45","4154","45","559","136","570","134","132","72","716","160","569","224","867","225","741","15","0","21",
"0500000US01093","Marion County, Alabama","6163","31","6163","31","860","173","719","143","265","93","937","183","980","155","1186","205","1216","160","0","25",
"0500000US01095","Marshall County, Alabama","25941","*****","25938","7","4453","301","2869","302","1311","304","3900","438","4580","414","4403","495","4422","46","3","4",
"0500000US01097","Mobile County, Alabama","96039","*****","95908","33","15401","732","10559","731","4904","647","16285","1058","15661","906","16524","1037","16574","39","131","34",
"0500000US01099","Monroe County, Alabama","4101","48","4101","48","427","181","329","148","114","63","858","161","695","152","890","206","788","27","0","21",
"0500000US01101","Montgomery County, Alabama","54656","*****","54343","60","8126","563","7155","562","3166","515","9699","756","8468","744","8897","833","8832","66","313","60",
"0500000US01103","Morgan County, Alabama","29106","55","29078","55","4314","425","3210","428","1358","314","4835","522","5142","554","5057","511","5162","41","28","5",
"0500000US01105","Perry County, Alabama","1709","*****","1709","2","124","55","392","114","59","87","200","123","421","148","151","112","362","196","0","19",
"0500000US01107","Pickens County, Alabama","3584","*****","3584","4","552","114","380","114","108","62","544","131","600","136","747","132","653","4","0","21",
"0500000US01109","Pike County, Alabama","6358","63","6353","63","912","148","730","150","378","117","953","200","1224","188","1046","202","1110","60","5","2",
"0500000US01111","Randolph County, Alabama","4699","21","4699","21","720","159","384","146","294","109","943","186","528","123","999","250","831","27","0","25",
"0500000US01113","Russell County, Alabama","14298","*****","14291","5","2031","275","1740","274","945","313","2394","344","2747","461","2178","369","2256","70","7","2",
"0500000US01115","St. Clair County, Alabama","20940","*****","20913","11","3166","271","1971","260","969","295","3164","364","3775","581","4090","450","3778","101","27","8",
"0500000US01117","Shelby County, Alabama","52379","*****","52311","10","6893","383","5314","385","2612","315","8742","562","9494","580","9103","619","10153","28","68","8",
"0500000US01119","Sumter County, Alabama","2293","*****","2293","7","390","86","242","86","190","67","348","66","427","102","319","84","377","42","0","21",
"0500000US01121","Talladega County, Alabama","16707","83","16516","241","2578","308","1766","305","1060","247","2594","417","2765","355","2790","424","2963","107","191","220",
"0500000US01123","Tallapoosa County, Alabama","8217","21","8142","29","1196","156","838","167","448","138","1486","251","1215","198","1596","287","1363","32","75","19",
"0500000US01125","Tuscaloosa County, Alabama","48617","*****","48406","134","7825","522","5067","521","2795","479","8417","693","8074","647","8229","820","7999","133","211","134",
"0500000US01127","Walker County, Alabama","14869","11","14829","20","2142","332","1618","287","1043","253","2201","337","2374","389","3029","376","2422","86","40","17",
"0500000US01129","Washington County, Alabama","3029","72","3029","72","361","91","484","92","223","97","364","90","380","140","646","156","571","106","0","21",
"0500000US01131","Wilcox County, Alabama","2255","*****","2247","16","217","99","395","100","43","46","341","163","423","86","415","152","413","51","8","16",
"0500000US01133","Winston County, Alabama","4884","123","4879","122","815","120","479","145","369","154","784","120","759","132","767","153","906","62","5","14",
"0500000US02013","Aleutians East Borough, Alaska","488","74","488","74","66","18","47","15","22","9","55","15","95","25","108","33","95","20","0","10",
"0500000US02016","Aleutians West Census Area, Alaska","481","*****","481","11","74","16","54","14","16","8","84","21","94","15","82","18","77","20","0","15",
"0500000US02020","Anchorage Municipality, Alaska","67997","*****","67712","76","10174","628","8161","627","4251","602","11166","925","11873","898","11174","792","10913","74","285","76",
"0500000US02050","Bethel Census Area, Alaska","6382","11","6356","20","1065","87","825","79","448","100","922","87","1139","96","1027","102","930","37","26","16",
"0500000US02060","Bristol Bay Borough, Alaska","137","43","137","43","29","15","25","15","8","7","17","8","31","13","10","6","17","15","0","10",
"0500000US02063","Chugach Census Area, Alaska","1435","121","1433","121","208","105","233","68","73","50","270","91","245","63","206","64","198","30","2","5",
"0500000US02066","Copper River Census Area, Alaska","690","111","690","111","85","37","40","27","26","19","142","38","86","36","180","45","131","33","0","10",
"0500000US02068","Denali Borough, Alaska","288","74","288","74","53","23","27","15","12","14","33","16","49","28","54","26","60","44","0","10",
"0500000US02070","Dillingham Census Area, Alaska","1459","4","1458","7","227","27","164","21","69","19","304","48","200","31","250","35","244","22","1","3",
"0500000US02090","Fairbanks North Star Borough, Alaska","22625","*****","22542","29","4193","325","2444","315","1236","315","3603","401","4494","444","3105","464","3467","290","83","28",
"0500000US02100","Haines Borough, Alaska","462","128","462","128","24","19","27","24","17","16","64","49","38","19","132","72","160","69","0","10",
"0500000US02105","Hoonah-Angoon Census Area, Alaska","394","63","394","63","51","24","25","13","17","11","55","18","85","28","105","29","56","21","0","10",
"0500000US02110","Juneau City and Borough, Alaska","6497","48","6438","50","1017","121","493","104","273","115","1166","230","1291","230","1175","202","1023","92","59","19",
"0500000US02122","Kenai Peninsula Borough, Alaska","13282","26","13258","28","1946","207","1354","196","655","141","2111","285","2091","200","2792","302","2309","38","24","11",
"0500000US02130","Ketchikan Gateway Borough, Alaska","2778","31","2761","44","364","55","220","49","181","71","543","99","468","89","512","91","473","47","17","30",
"0500000US02150","Kodiak Island Borough, Alaska","3024","56","3024","56","343","95","369","97","208","100","602","165","541","178","703","149","258","82","0","16",
"0500000US02158","Kusilvak Census Area, Alaska","3442","16","3442","16","639","52","414","55","173","29","571","78","577","80","576","64","492","15","0","15",
"0500000US02164","Lake and Peninsula Borough, Alaska","235","38","235","38","39","12","28","11","10","6","42","14","33","10","41","11","42","11","0","10",
"0500000US02170","Matanuska-Susitna Borough, Alaska","28987","*****","28958","19","4139","219","2841","210","1364","191","4985","316","5112","344","5335","374","5182","24","29","20",
"0500000US02180","Nome Census Area, Alaska","3326","*****","3320","10","524","37","317","35","140","31","587","69","590","52","613","69","549","40","6","2",
"0500000US02185","North Slope Borough, Alaska","2782","65","2778","65","378","54","259","59","125","37","469","74","500","88","535","84","512","53","4","4",
"0500000US02188","Northwest Arctic Borough, Alaska","2777","28","2775","28","434","46","306","41","157","31","414","36","544","36","460","43","460","33","2","5",
"0500000US02195","Petersburg Borough, Alaska","633","92","633","92","87","27","97","35","16","11","123","32","119","29","103","38","88","27","0","10",
"0500000US02198","Prince of Wales-Hyder Census Area, Alaska","1206","9","1206","9","170","21","131","20","82","21","187","34","222","36","175","24","239","23","0","15",
"0500000US02220","Sitka City and Borough, Alaska","1604","19","1583","19","243","41","125","44","22","14","288","57","322","55","269","62","314","39","21","4",
"0500000US02230","Skagway Municipality, Alaska","205","45","205","45","45","15","20","8","7","4","54","21","27","12","23","11","29","13","0","10",
"0500000US02240","Southeast Fairbanks Census Area, Alaska","1720","83","1703","93","347","48","110","37","92","49","255","73","308","78","327","76","264","30","17","32",
"0500000US02275","Wrangell City and Borough, Alaska","411","69","411","69","78","24","55","26","15","9","57","30","67","24","65","24","74","21","0","10",
"0500000US02282","Yakutat City and Borough, Alaska","64","21","58","18","4","5","15","14","1","2","14","6","7","5","4","3","13","8","6","11",
"0500000US02290","Yukon-Koyukuk Census Area, Alaska","1368","49","1367","50","186","31","151","28","51","25","200","40","240","43","301","50","238","21","1","3",
"0500000US04001","Apache County, Arizona","16983","234","16911","232","2036","215","1712","216","852","164","2846","227","3286","267","3007","304","3172","51","72","45",
"0500000US04003","Cochise County, Arizona","25890","*****","25804","12","3551","277","2804","275","1349","284","4039","345","5157","462","4227","442","4677","77","86","10",
"0500000US04005","Coconino County, Arizona","28234","*****","28126","104","4209","268","2529","300","1528","249","4196","457","5281","561","5242","468","5141","104","108","105",
"0500000US04007","Gila County, Arizona","10028","81","9996","80","1691","191","632","187","889","242","1580","219","1795","274","1677","298","1732","26","32","6",
"0500000US04009","Graham County, Arizona","10124","29","10117","30","1384","159","1072","159","509","126","1521","206","1920","205","1877","192","1834","17","7","4",
"0500000US04011","Greenlee County, Arizona","2396","58","2396","58","337","145","211","108","96","78","704","162","220","88","424","168","404","20","0","20",
"0500000US04012","La Paz County, Arizona","2489","44","2487","44","400","81","220","82","100","43","443","107","401","107","463","93","460","24","2","3",
"0500000US04013","Maricopa County, Arizona","1024257","*****","1022408","351","146645","2406","109711","2405","53495","2132","167661","2855","173642","2799","184397","3171","186857","353","1849","351",
"0500000US04015","Mohave County, Arizona","35598","87","35574","90","4513","438","4398","435","1662","366","5955","497","6330","510","6128","448","6588","116","24","24",
"0500000US04017","Navajo County, Arizona","27363","65","27319","64","3604","281","2851","298","1211","239","5252","434","4363","411","4947","487","5091","84","44","21",
"0500000US04019","Pima County, Arizona","207722","*****","207207","120","30605","927","21069","948","10976","953","35271","1558","36161","1364","35447","1153","37678","149","515","120",
"0500000US04021","Pinal County, Arizona","100909","*****","100782","52","13832","609","11216","610","5894","783","15608","1015","18494","915","17812","1070","17926","45","127","51",
"0500000US04023","Santa Cruz County, Arizona","12606","127","12602","125","1628","249","1386","252","699","213","1721","337","2030","282","2839","359","2299","75","4","9",
"0500000US04025","Yavapai County, Arizona","37781","27","37677","47","4780","445","4384","417","2021","419","5655","644","7007","568","6678","632","7152","114","104","40",
"0500000US04027","Yuma County, Arizona","51996","5","51979","19","7988","558","6099","558","2853","367","8622","710","8344","708","9231","602","8842","124","17","19",
"0500000US05001","Arkansas County, Arkansas","3826","13","3810","13","657","89","350","87","245","108","698","148","746","152","509","101","605","37","16","3",
"0500000US05003","Ashley County, Arkansas","4141","5","4123","14","565","90","490","93","109","63","699","182","422","142","1089","183","749","45","18","10",
"0500000US05005","Baxter County, Arkansas","7509","60","7509","60","1049","148","724","140","589","217","1062","220","1404","251","1174","243","1507","74","0","28",
"0500000US05007","Benton County, Arkansas","77250","*****","77166","40","12066","592","8054","593","4616","550","13351","752","13195","655","12453","765","13431","91","84","40",
"0500000US05009","Boone County, Arkansas","8586","38","8525","71","1001","181","996","181","378","146","1396","259","1783","215","1331","282","1640","74","61","56",
"0500000US05011","Bradley County, Arkansas","2505","24","2503","25","302","60","304","60","102","57","303","106","502","112","647","154","343","72","2","7",
"0500000US05013","Calhoun County, Arkansas","903","25","903","25","99","47","88","35","18","20","124","47","178","82","235","66","161","62","0","13",
"0500000US05015","Carroll County, Arkansas","6204","39","6204","39","1038","102","473","125","315","104","1235","174","927","211","978","195","1238","118","0","25",
"0500000US05017","Chicot County, Arkansas","2117","52","2102","48","264","103","237","81","103","71","163","75","450","146","503","141","382","65","15","22",
"0500000US05019","Clark County, Arkansas","4240","18","4230","19","781","93","312","77","245","98","730","182","670","150","758","165","734","123","10","3",
"0500000US05021","Clay County, Arkansas","3067","13","3067","13","429","77","352","68","261","102","473","129","341","99","650","141","561","46","0","21",
"0500000US05023","Cleburne County, Arkansas","4813","58","4813","58","692","107","441","80","255","91","745","143","810","149","915","194","955","58","0","25",
"0500000US05025","Cleveland County, Arkansas","1595","*****","1595","3","107","52","185","52","17","18","158","67","183","60","476","127","469","95","0","19",
"0500000US05027","Columbia County, Arkansas","4796","79","4757","79","755","103","585","102","235","111","735","180","807","167","1055","181","585","92","39","5",
"0500000US05029","Conway County, Arkansas","4758","*****","4741","5","745","117","401","103","324","112","676","166","881","156","942","173","772","67","17","4",
"0500000US05031","Craighead County, Arkansas","28553","*****","28501","31","4285","411","3241","403","1493","326","4757","440","4637","437","5166","519","4922","53","52","31",
"0500000US05033","Crawford County, Arkansas","14636","*****","14630","16","1944","219","1694","229","736","204","2644","294","2459","301","2442","297","2711","91","6","3",
"0500000US05035","Crittenden County, Arkansas","12759","56","12746","60","1837","273","1449","254","911","241","2155","258","1938","273","2212","307","2244","91","13","13",
"0500000US05037","Cross County, Arkansas","3925","*****","3925","6","659","71","368","70","267","101","605","127","513","107","792","138","721","15","0","21",
"0500000US05039","Dallas County, Arkansas","1256","*****","1130","25","119","37","180","38","70","78","185","58","321","87","87","47","168","68","126","24",
"0500000US05041","Desha County, Arkansas","2690","*****","2686","12","348","112","326","139","83","46","625","120","411","127","385","88","508","50","4","13",
"0500000US05043","Drew County, Arkansas","3743","18","3668","20","585","91","387","95","69","51","621","132","647","200","640","173","719","93","75","11",
"0500000US05045","Faulkner County, Arkansas","28894","*****","28845","40","4109","393","3312","391","1892","334","4847","529","4641","532","4824","533","5220","69","49","40",
"0500000US05047","Franklin County, Arkansas","3871","48","3806","53","583","104","300","106","185","97","537","163","914","149","581","134","706","45","65","25",
"0500000US05049","Fulton County, Arkansas","2541","25","2541","25","357","66","238","63","119","63","387","92","514","124","433","110","493","36","0","21",
"0500000US05051","Garland County, Arkansas","19821","18","19730","78","3054","326","2029","326","1067","259","3393","441","3443","314","3156","426","3588","96","91","76",
"0500000US05053","Grant County, Arkansas","3847","99","3847","99","415","118","535","107","189","85","477","134","803","156","696","152","732","41","0","21",
"0500000US05055","Greene County, Arkansas","11123","64","11104","64","1842","162","908","160","626","205","1647","341","2204","343","1753","236","2124","142","19","5",
"0500000US05057","Hempstead County, Arkansas","4933","28","4925","32","760","149","487","149","256","102","825","207","801","196","1010","243","786","100","8","20",
"0500000US05059","Hot Spring County, Arkansas","6539","39","6539","39","1042","178","601","170","328","141","899","200","1261","226","1225","275","1183","155","0","28",
"0500000US05061","Howard County, Arkansas","3234","*****","3234","4","525","81","308","83","210","104","633","201","484","118","553","153","521","53","0","21",
"0500000US05063","Independence County, Arkansas","9283","86","9232","86","1609","191","619","141","627","163","1242","244","1832","357","1770","265","1533","130","51","31",
"0500000US05065","Izard County, Arkansas","2490","84","2490","84","318","57","281","67","52","30","403","96","365","82","572","117","499","27","0","21",
"0500000US05067","Jackson County, Arkansas","3336","*****","3336","3","508","93","329","93","121","66","601","151","417","101","663","139","697","68","0","21",
"0500000US05069","Jefferson County, Arkansas","13906","46","13874","52","2273","261","1548","217","715","166","2428","340","2224","336","2224","405","2462","74","32","21",
"0500000US05071","Johnson County, Arkansas","6299","*****","6299","5","996","153","652","154","340","121","1107","249","932","192","1138","214","1134","95","0","25",
"0500000US05073","Lafayette County, Arkansas","1120","9","1114","11","88","57","125","78","39","33","226","54","199","70","219","63","218","51","6","5",
"0500000US05075","Lawrence County, Arkansas","3624","*****","3618","9","539","77","372","54","126","53","541","78","663","110","674","123","703","45","6","6",
"0500000US05077","Lee County, Arkansas","1581","55","1573","58","326","88","171","46","40","41","198","34","304","120","322","76","212","118","8","11",
"0500000US05079","Lincoln County, Arkansas","2038","*****","2038","8","178","86","328","87","130","88","273","124","272","86","532","127","325","40","0","21",
"0500000US05081","Little River County, Arkansas","2589","*****","2589","5","474","80","141","57","162","58","314","86","518","94","562","104","418","62","0","21",
"0500000US05083","Logan County, Arkansas","4590","105","4590","105","579","94","608","91","225","79","669","170","853","169","778","110","878","67","0","25",
"0500000US05085","Lonoke County, Arkansas","18587","*****","18574","29","2532","213","1968","209","1373","326","2761","356","3257","312","3296","366","3387","51","13","24",
"0500000US05087","Madison County, Arkansas","3952","45","3952","45","598","102","334","93","155","96","771","177","770","155","593","162","731","66","0","21",
"0500000US05089","Marion County, Arkansas","3197","30","3197","30","477","85","254","81","63","47","631","136","558","105","646","154","568","22","0","21",
"0500000US05091","Miller County, Arkansas","9899","53","9792","65","1544","187","891","183","620","169","1198","292","1847","223","2028","279","1664","48","107","45",
"0500000US05093","Mississippi County, Arkansas","10126","37","10126","37","1439","175","1223","174","843","261","1666","299","1212","233","1946","292","1797","18","0","28",
"0500000US05095","Monroe County, Arkansas","1552","25","1552","25","328","70","94","45","56","40","486","112","265","87","160","83","163","45","0","19",
"0500000US05097","Montgomery County, Arkansas","1601","22","1586","22","245","72","172","76","89","41","248","69","232","73","340","85","260","15","15","4",
"0500000US05099","Nevada County, Arkansas","1807","30","1807","30","213","109","224","74","73","45","421","105","198","103","339","126","339","17","0","19",
"0500000US05101","Newton County, Arkansas","1332","*****","1332","4","192","55","118","55","18","22","182","88","274","72","241","90","307","37","0","19",
"0500000US05103","Ouachita County, Arkansas","4909","49","4909","49","752","118","452","125","266","110","771","194","796","177","951","173","921","23","0","25",
"0500000US05105","Perry County, Arkansas","2202","30","2170","31","262","60","192","59","63","38","492","124","437","107","306","101","418","59","32","7",
"0500000US05107","Phillips County, Arkansas","4054","59","4051","59","578","112","455","112","161","72","620","166","807","167","720","149","710","29","3","5",
"0500000US05109","Pike County, Arkansas","2253","43","2253","43","236","58","296","66","87","44","381","101","391","120","377","87","485","44","0","21",
"0500000US05111","Poinsett County, Arkansas","5455","*****","5439","7","861","122","579","119","185","93","811","156","991","162","1070","195","942","78","16","4",
"0500000US05113","Polk County, Arkansas","4360","43","4360","43","673","106","400","87","251","113","872","185","650","143","662","171","852","62","0","21",
"0500000US05115","Pope County, Arkansas","14816","*****","14815","6","2377","260","1376","261","537","157","2151","271","3176","296","2560","334","2638","80","1","3",
"0500000US05117","Prairie County, Arkansas","1660","52","1660","52","219","67","143","63","45","32","282","75","367","84","203","101","401","76","0","19",
"0500000US05119","Pulaski County, Arkansas","93178","51","93016","79","14300","771","10669","768","4725","635","15911","1015","15661","986","16084","1291","15666","67","162","57",
"0500000US05121","Randolph County, Arkansas","4613","46","4578","71","748","158","468","138","260","93","685","149","818","185","822","173","777","48","35","55",
"0500000US05123","St. Francis County, Arkansas","4753","4","4698","23","779","91","567","89","266","123","1058","257","640","198","602","172","786","28","55","22",
"0500000US05125","Saline County, Arkansas","29643","*****","29613","29","4192","354","2871","340","1726","395","5134","580","3923","475","6154","539","5613","88","30","28",
"0500000US05127","Scott County, Arkansas","2218","96","2218","96","351","74","181","92","38","29","370","148","496","121","402","129","380","35","0","19",
"0500000US05129","Searcy County, Arkansas","1594","31","1594","31","246","70","136","55","74","46","257","87","301","97","275","80","305","34","0","19",
"0500000US05131","Sebastian County, Arkansas","30628","61","30530","63","4998","290","3086","290","1678","397","4868","480","5652","399","4866","545","5382","21","98","14",
"0500000US05133","Sevier County, Arkansas","4456","113","4456","113","543","95","552","119","177","68","694","141","979","298","685","142","826","46","0","21",
"0500000US05135","Sharp County, Arkansas","3622","44","3620","43","597","73","343","70","277","100","551","133","657","135","498","110","697","59","2","5",
"0500000US05137","Stone County, Arkansas","2471","120","2471","120","262","122","345","94","102","60","479","144","492","124","323","122","468","69","0","21",
"0500000US05139","Union County, Arkansas","8984","38","8984","38","1504","191","682","192","446","210","1589","323","1550","337","1580","287","1633","80","0","28",
"0500000US05141","Van Buren County, Arkansas","3076","67","3076","67","316","114","358","114","199","89","724","203","346","96","518","159","615","37","0","21",
"0500000US05143","Washington County, Arkansas","60304","*****","60222","25","9576","510","6500","509","3286","406","9704","882","10644","801","10126","830","10386","107","82","21",
"0500000US05145","White County, Arkansas","18039","*****","17978","14","2468","238","1918","244","684","223","2590","360","3412","396","3587","479","3319","54","61","14",
"0500000US05147","Woodruff County, Arkansas","1303","*****","1303","4","169","61","121","60","76","45","139","56","216","74","289","75","293","53","0","19",
"0500000US05149","Yell County, Arkansas","4835","*****","4826","13","763","116","498","115","295","137","1088","143","637","144","670","141","875","21","9","9",
"0500000US06001","Alameda County, California","326276","*****","325631","333","50657","1193","35696","1197","18282","960","53681","1230","56140","1362","55012","1273","56163","336","645","333",
"0500000US06003","Alpine County, California","321","84","321","84","54","29","14","11","4","5","48","31","36","25","71","46","94","34","0","14",
"0500000US06005","Amador County, California","6389","124","6271","146","1079","121","502","117","456","173","805","204","1236","187","1097","227","1096","115","118","49",
"0500000US06007","Butte County, California","42452","*****","42367","57","6335","431","4429","429","2184","369","7349","574","7683","542","6923","600","7464","56","85","57",
"0500000US06009","Calaveras County, California","7833","13","7783","16","985","204","967","211","404","165","1327","241","1303","195","1306","206","1491","110","50","9",
"0500000US06011","Colusa County, California","5914","160","5905","161","785","116","579","122","356","127","957","207","1000","248","986","218","1242","142","9","16",
"0500000US06013","Contra Costa County, California","256000","*****","255822","38","36255","1028","25667","1028","13507","1022","40387","1232","45576","1291","46106","1686","48324","45","178","39",
"0500000US06015","Del Norte County, California","5657","68","5647","67","691","121","658","126","125","82","1075","249","1057","183","1085","203","956","68","10","10",
"0500000US06017","El Dorado County, California","37633","*****","37558","66","4823","358","3778","359","1754","294","5946","424","7220","471","6618","540","7419","77","75","65",
"0500000US06019","Fresno County, California","282519","*****","282012","145","40720","1218","30191","1211","14895","1027","45284","1366","51053","1791","50567","1399","49302","83","507","145",
"0500000US06021","Glenn County, California","7622","*****","7619","8","1020","161","877","163","379","150","1174","190","1258","217","1519","307","1392","54","3","8",
"0500000US06023","Humboldt County, California","25301","96","25281","110","3405","313","2795","332","1378","321","3937","460","5059","426","4191","416","4516","80","20","54",
"0500000US06025","Imperial County, California","51054","38","51043","39","6883","642","5861","629","2538","592","8145","890","8589","923","10227","936","8800","101","11","5",
"0500000US06027","Inyo County, California","3781","7","3781","7","483","97","420","93","217","104","832","200","519","122","628","183","682","30","0","21",
"0500000US06029","Kern County, California","261490","*****","261180","103","36439","1096","27711","1109","14086","1021","43171","1423","44799","1653","48698","1838","46276","70","310","103",
"0500000US06031","Kings County, California","41126","39","41107","57","6781","414","4106","414","2257","560","6045","545","6899","668","8090","632","6929","38","19","45",
"0500000US06033","Lake County, California","14934","78","14912","87","2036","334","1708","347","593","193","2731","404","2295","368","2995","432","2554","122","22","29",
"0500000US06035","Lassen County, California","5611","49","5594","50","839","87","550","84","263","87","973","151","1015","148","900","155","1054","89","17","6",
"0500000US06037","Los Angeles County, California","2019140","*****","2016355","298","291592","3043","209134","3054","103490","2770","325394","4043","350918","3916","370427","4116","365400","226","2785","294",
"0500000US06039","Madera County, California","43672","24","43625","26","6401","442","4291","387","1618","354","7905","670","7479","598","7941","664","7990","137","47","12",
"0500000US06041","Marin County, California","49986","86","49864","127","6431","387","4894","393","2753","445","7692","532","8258","607","9508","677","10328","55","122","99",
"0500000US06043","Mariposa County, California","2941","45","2900","68","406","114","213","107","221","114","487","106","507","162","540","154","526","66","41","54",
"0500000US06045","Mendocino County, California","18897","53","18845","70","2541","244","2125","231","994","215","3134","415","3581","399","3203","405","3267","125","52","39",
"0500000US06047","Merced County, California","83330","*****","83279","15","11856","623","8539","619","4473","527","13941","918","13549","1030","15823","1163","15098","46","51","10",
"0500000US06049","Modoc County, California","1639","*****","1635","14","282","54","111","52","125","81","279","86","300","59","302","102","236","40","4","8",
"0500000US06051","Mono County, California","2329","92","2329","92","411","135","184","66","74","69","366","160","396","179","579","199","319","189","0","21",
"0500000US06053","Monterey County, California","112274","*****","112009","187","15684","814","12917","820","5586","658","19068","840","19393","1028","19674","1013","19687","203","265","186",
"0500000US06055","Napa County, California","26226","64","26130","73","3624","261","2394","261","1295","199","3861","396","4481","438","5220","462","5255","50","96","28",
"0500000US06057","Nevada County, California","17411","89","17335","105","2537","286","1494","267","801","195","3030","339","3024","381","3168","391","3281","114","76","44",
"0500000US06059","Orange County, California","665133","*****","663900","250","95711","1850","69372","1860","35516","1716","104172","2111","112406","2080","123609","2253","123114","174","1233","250",
"0500000US06061","Placer County, California","91287","*****","91204","33","12371","579","8405","582","4668","567","15182","852","16673","783","16769","864","17136","64","83","33",
"0500000US06063","Plumas County, California","3336","61","3336","61","498","106","346","103","89","78","627","198","581","206","527","222","668","109","0","21",
"0500000US06065","Riverside County, California","597369","*****","596845","126","83664","1765","60687","1763","30069","1514","95806","2117","104924","2320","110811","2228","110884","142","524","126",
"0500000US06067","Sacramento County, California","364525","*****","364145","117","53749","1275","40419","1275","17944","922","58711","1693","63978","1609","65453","1837","63891","73","380","118",
"0500000US06069","San Benito County, California","17016","72","17007","74","2459","231","1855","243","1020","286","2805","332","2886","409","2921","431","3061","18","9","8",
"0500000US06071","San Bernardino County, California","560378","*****","559884","149","79738","1851","59517","1873","29305","1738","89888","2377","98862","1954","101679","2333","100895","94","494","148",
"0500000US06073","San Diego County, California","687317","*****","686303","194","110240","1932","73345","1926","35164","1596","114120","2914","115559","2208","121413","2618","116462","198","1014","192",
"0500000US06075","San Francisco County, California","113508","*****","113310","89","21763","859","12371","832","5607","734","17276","850","18720","819","19685","1016","17888","113","198","90",
"0500000US06077","San Joaquin County, California","208824","*****","208597","105","28481","982","23045","997","10538","933","32821","1178","37148","1402","39076","1245","37488","150","227","105",
"0500000US06079","San Luis Obispo County, California","49244","53","49107","96","7113","481","5190","470","2815","479","8148","627","7472","601","9429","673","8940","133","137","75",
"0500000US06081","San Mateo County, California","145095","*****","144970","60","23023","717","14848","711","8265","763","22326","1039","24986","1010","25421","1053","26101","41","125","59",
"0500000US06083","Santa Barbara County, California","99399","*****","98977","179","16224","883","10578","875","5346","623","15263","926","17129","778","17473","1002","16964","140","422","178",
"0500000US06085","Santa Clara County, California","390076","*****","389510","195","56523","1463","42165","1456","19750","1092","62296","1464","65439","1678","71376","1886","71961","228","566","197",
"0500000US06087","Santa Cruz County, California","48713","82","48495","135","6825","384","4817","392","2260","385","8134","677","8189","630","9008","670","9262","133","218","102",
"0500000US06089","Shasta County, California","39148","*****","39048","25","5835","407","3787","405","2035","340","6711","505","6456","463","7372","532","6852","32","100","24",
"0500000US06091","Sierra County, California","397","84","397","84","0","14","0","14","0","14","22","36","90","56","230","69","55","28","0","14",
"0500000US06093","Siskiyou County, California","8690","27","8610","28","971","139","1000","138","356","144","1105","211","1878","261","1779","259","1521","47","80","6",
"0500000US06095","Solano County, California","98830","*****","98734","63","14480","653","10967","658","5381","622","16501","892","17406","900","16877","947","17122","75","96","63",
"0500000US06097","Sonoma County, California","92397","*****","92164","97","13416","697","9070","690","4552","654","14923","955","15651","840","16986","845","17566","89","233","96",
"0500000US06099","Stanislaus County, California","147379","*****","147195","121","19956","852","16803","832","6720","702","24185","1179","25706","1195","27289","1139","26536","19","184","122",
"0500000US06101","Sutter County, California","24874","23","24857","28","3712","303","2423","305","1384","386","4458","452","4040","505","4072","504","4768","206","17","15",
"0500000US06103","Tehama County, California","15696","*****","15688","9","2017","232","1739","232","1263","298","2486","319","2536","378","2860","318","2787","66","8","5",
"0500000US06105","Trinity County, California","2727","265","2721","264","459","143","149","81","251","113","453","173","475","152","512","116","422","63","6","6",
"0500000US06107","Tulare County, California","142421","*****","142287","58","19324","1032","15341","1023","7178","764","23284","1099","25951","986","25444","1086","25765","47","134","58",
"0500000US06109","Tuolumne County, California","9305","93","9268","101","1404","215","825","207","568","177","1618","281","1476","249","1645","285","1732","57","37","44",
"0500000US06111","Ventura County, California","182707","*****","182286","249","25433","1017","18575","1007","9558","923","30252","1215","31490","1096","32703","1176","34275","93","421","249",
"0500000US06113","Yolo County, California","44283","*****","44172","69","6202","433","4314","431","2341","388","7451","650","7947","761","7586","627","8331","98","111","70",
"0500000US06115","Yuba County, California","22964","87","22911","95","3679","277","2489","273","1215","364","3799","430","4257","526","3944","451","3528","147","53","33",
"0500000US08001","Adams County, Colorado","131839","*****","131755","66","19751","750","13938","746","6641","715","19708","1171","22444","1123","25439","1251","23834","46","84","66",
"0500000US08003","Alamosa County, Colorado","3939","69","3929","65","478","116","480","120","209","192","666","159","922","214","472","171","702","44","10","19",
"0500000US08005","Arapahoe County, Colorado","149062","*****","148883","46","22484","771","15398","770","7495","760","24219","1069","24728","1078","27600","1293","26959","51","179","47",
"0500000US08007","Archuleta County, Colorado","2321","28","2316","30","275","84","254","77","137","91","435","133","365","124","396","109","454","62","5","10",
"0500000US08009","Baca County, Colorado","768","*****","768","5","111","25","65","23","47","34","171","51","87","33","166","63","121","10","0","14",
"0500000US08011","Bent County, Colorado","889","*****","889","5","98","31","89","23","50","37","237","107","83","41","167","80","165","31","0","19",
"0500000US08013","Boulder County, Colorado","57715","*****","57591","80","7232","420","5548","420","2874","409","9249","585","10289","558","10705","710","11694","82","124","80",
"0500000US08014","Broomfield County, Colorado","15615","61","15615","61","1994","194","1366","194","902","202","2237","288","2914","291","2959","311","3243","64","0","32",
"0500000US08015","Chaffee County, Colorado","2804","16","2801","13","330","133","384","129","120","88","438","162","537","118","509","191","483","40","3","7",
"0500000US08017","Cheyenne County, Colorado","386","63","380","62","59","33","30","18","26","12","60","25","100","31","48","18","57","26","6","6",
"0500000US08019","Clear Creek County, Colorado","1370","92","1349","94","141","34","113","29","62","41","268","80","211","98","189","88","365","99","21","11",
"0500000US08021","Conejos County, Colorado","1903","26","1903","26","234","45","225","45","100","44","365","109","276","80","368","75","335","6","0","19",
"0500000US08023","Costilla County, Colorado","671","25","671","25","74","22","103","22","21","20","63","40","205","55","74","26","131","35","0","14",
"0500000US08025","Crowley County, Colorado","735","75","735","75","91","34","57","30","26","18","99","27","167","56","181","44","114","19","0","19",
"0500000US08027","Custer County, Colorado","719","141","719","141","60","37","40","39","3","6","51","33","209","116","169","121","187","85","0","19",
"0500000US08029","Delta County, Colorado","6029","66","6022","71","791","111","648","122","242","127","839","164","1198","169","1163","204","1141","44","7","18",
"0500000US08031","Denver County, Colorado","129515","185","129191","205","22888","904","15433","900","7540","797","19233","1050","21738","1080","21904","965","20455","61","324","113",
"0500000US08033","Dolores County, Colorado","340","129","340","129","97","96","38","45","0","14","18","7","19","21","73","34","95","66","0","14",
"0500000US08035","Douglas County, Colorado","88298","114","88298","114","12180","534","8144","529","4519","492","13846","639","15974","705","15855","743","17780","17","0","32",
"0500000US08037","Eagle County, Colorado","11268","148","11268","148","1325","282","1428","282","772","394","1346","309","2214","332","1990","384","2193","32","0","32",
"0500000US08039","Elbert County, Colorado","5919","12","5919","12","767","122","617","95","217","71","979","165","875","148","1212","214","1252","82","0","25",
"0500000US08041","El Paso County, Colorado","171727","*****","171550","58","26963","873","18587","872","8593","692","28590","1209","30305","1221","28865","1039","29647","91","177","58",
"0500000US08043","Fremont County, Colorado","7936","131","7905","131","1215","179","702","176","383","143","1153","240","1407","218","1578","279","1467","32","31","12",
"0500000US08045","Garfield County, Colorado","15339","19","15339","19","2227","328","1742","306","853","346","2347","536","2901","525","2587","468","2682","43","0","32",
"0500000US08047","Gilpin County, Colorado","967","216","967","216","246","89","54","52","37","33","232","164","128","101","148","68","122","64","0","19",
"0500000US08049","Grand County, Colorado","2535","137","2535","137","371","124","317","109","97","63","528","145","434","150","353","155","435","41","0","21",
"0500000US08051","Gunnison County, Colorado","2614","43","2604","46","289","63","177","84","117","69","393","130","793","240","239","103","596","134","10","20",
"0500000US08053","Hinsdale County, Colorado","186","56","186","56","23","19","15","16","17","20","24","18","48","20","42","22","17","18","0","14",
"0500000US08055","Huerfano County, Colorado","1088","40","1088","40","178","92","94","47","19","30","63","62","59","59","282","192","393","120","0","19",
"0500000US08057","Jackson County, Colorado","232","84","232","84","11","17","29","26","21","22","60","41","12","19","46","31","53","36","0","14",
"0500000US08059","Jefferson County, Colorado","106970","36","106768","62","16519","549","10473","555","6161","538","17234","787","17661","723","18951","841","19769","58","202","56",
"0500000US08061","Kiowa County, Colorado","298","63","298","63","30","17","28","15","17","15","68","22","46","21","60","25","49","29","0","14",
"0500000US08063","Kit Carson County, Colorado","1835","25","1835","25","308","40","133","40","91","44","289","84","416","80","282","96","316","4","0","19",
"0500000US08065","Lake County, Colorado","1369","207","1366","207","242","108","131","68","45","37","221","94","167","87","298","113","262","123","3","9",
"0500000US08067","La Plata County, Colorado","9867","*****","9848","14","1312","155","959","158","810","252","1204","202","1956","258","1715","227","1892","22","19","14",
"0500000US08069","Larimer County, Colorado","67339","46","67222","78","8885","585","7013","584","3671","613","10515","644","11717","680","12769","860","12652","80","117","59",
"0500000US08071","Las Animas County, Colorado","2592","60","2591","60","312","62","311","68","121","51","465","73","382","83","505","87","495","25","1","2",
"0500000US08073","Lincoln County, Colorado","964","62","964","62","175","53","72","28","38","25","125","38","183","61","199","58","172","29","0","19",
"0500000US08075","Logan County, Colorado","3757","76","3749","74","648","138","353","90","292","112","601","170","659","126","555","113","641","19","8","20",
"0500000US08077","Mesa County, Colorado","32410","32","32366","60","4224","416","3679","419","1582","332","5663","536","5625","500","5605","535","5988","125","44","48",
"0500000US08079","Mineral County, Colorado","86","51","86","51","25","27","0","14","0","14","10","9","4","4","31","25","16","16","0","14",
"0500000US08081","Moffat County, Colorado","3197","56","3197","56","407","73","304","93","203","106","484","125","589","161","630","165","580","44","0","21",
"0500000US08083","Montezuma County, Colorado","5468","50","5430","52","816","129","434","157","418","210","728","171","1181","221","896","219","957","98","38","7",
"0500000US08085","Montrose County, Colorado","8775","43","8771","43","1164","170","861","157","401","113","1426","251","1710","266","1600","298","1609","36","4","7",
"0500000US08087","Morgan County, Colorado","7368","97","7368","97","1102","168","893","169","391","130","1495","264","1261","240","1022","217","1204","33","0","25",
"0500000US08089","Otero County, Colorado","4232","39","4210","41","625","114","403","115","197","72","519","124","610","130","1078","163","778","35","22","13",
"0500000US08091","Ouray County, Colorado","639","156","639","156","41","23","53","31","20","15","59","24","158","90","123","55","185","82","0","19",
"0500000US08093","Park County, Colorado","2554","6","2551","4","378","115","215","106","47","45","302","96","616","109","466","138","527","79","3","4",
"0500000US08095","Phillips County, Colorado","1145","146","1145","146","156","85","107","65","90","43","213","69","196","93","245","72","138","53","0","14",
"0500000US08097","Pitkin County, Colorado","2484","20","2466","36","236","91","262","86","43","37","301","116","435","157","535","148","654","118","18","26",
"0500000US08099","Prowers County, Colorado","3107","56","3098","63","439","91","319","91","301","124","738","130","371","96","394","98","536","36","9","19",
"0500000US08101","Pueblo County, Colorado","36904","59","36786","76","4976","367","4047","367","1967","379","5768","505","6451","496","6832","482","6745","86","118","47",
"0500000US08103","Rio Blanco County, Colorado","1589","83","1589","83","332","104","117","35","78","47","246","100","233","95","331","70","252","2","0","19",
"0500000US08105","Rio Grande County, Colorado","2281","40","2274","40","348","77","214","77","46","41","413","133","352","85","481","121","420","4","7","5",
"0500000US08107","Routt County, Colorado","4312","27","4260","31","494","114","422","108","238","94","807","138","850","176","742","161","707","34","52","15",
"0500000US08109","Saguache County, Colorado","1174","3","1174","3","72","49","219","86","52","37","215","82","134","74","222","101","260","62","0","19",
"0500000US08111","San Juan County, Colorado","93","53","93","53","34","30","3","2","0","14","12","14","11","17","16","24","17","19","0","14",
"0500000US08113","San Miguel County, Colorado","1425","334","1425","334","103","72","98","72","124","133","118","47","197","101","210","85","575","350","0","19",
"0500000US08115","Sedgwick County, Colorado","510","89","510","89","113","60","64","29","12","12","66","27","70","31","69","28","116","52","0","14",
"0500000US08117","Summit County, Colorado","5046","81","5046","81","428","124","716","212","260","176","1066","365","800","267","920","282","856","155","0","29",
"0500000US08119","Teller County, Colorado","3889","77","3889","77","466","82","387","76","278","146","727","164","654","160","608","142","769","77","0","25",
"0500000US08121","Washington County, Colorado","1071","25","1071","25","140","28","112","31","50","19","270","39","145","27","152","38","202","20","0","14",
"0500000US08123","Weld County, Colorado","89272","*****","89216","33","14021","676","9743","676","4315","492","14118","867","16286","979","15533","956","15200","45","56","33",
"0500000US08125","Yuma County, Colorado","2776","24","2776","24","465","62","253","63","197","70","545","163","474","148","383","145","459","130","0","19",
"0500000US09110","Capitol Planning Region, Connecticut","197024","24","196600","116","30167","932","19242","937","9350","874","31500","1259","34719","1391","34976","1339","36646","93","424","115",
"0500000US09120","Greater Bridgeport Planning Region, Connecticut","72779","*****","72639","98","10242","559","7512","560","4357","544","11015","839","12923","787","12685","729","13905","119","140","98",
"0500000US09130","Lower Connecticut River Valley Planning Region, Connecticut","29367","*****","29291","48","4285","257","2906","258","1428","260","4373","442","5291","461","5175","451","5833","42","76","46",
"0500000US09140","Naugatuck Valley Planning Region, Connecticut","92250","70","91975","110","13243","637","9755","640","4582","541","14334","947","15478","907","17164","970","17419","98","275","88",
"0500000US09150","Northeastern Connecticut Planning Region, Connecticut","17754","*****","17717","35","2609","207","1699","207","857","189","2995","307","3222","378","2952","318","3383","29","37","33",
"0500000US09160","Northwest Hills Planning Region, Connecticut","20175","*****","20145","39","2877","205","1897","205","1062","247","2832","371","3689","305","3660","393","4128","45","30","38",
"0500000US09170","South Central Connecticut Planning Region, Connecticut","111623","13","111366","102","17087","654","11318","661","5908","598","17514","1053","18287","1004","20303","1052","20949","83","257","104",
"0500000US09180","Southeastern Connecticut Planning Region, Connecticut","54124","*****","54040","45","7727","482","5660","481","2662","434","8883","621","8638","615","10288","684","10182","44","84","44",
"0500000US09190","Western Connecticut Planning Region, Connecticut","136490","52","136406","91","19168","743","14266","744","7484","666","22548","874","21827","1028","24726","1106","26387","67","84","77",
"0500000US10001","Kent County, Delaware","42721","68","42614","87","5890","636","5039","631","2928","559","7194","563","7184","691","6911","567","7468","63","107","56",
"0500000US10003","New Castle County, Delaware","122695","43","122418","111","18755","695","12780","697","6578","623","19683","989","19915","1063","22791","1198","21916","78","277","104",
"0500000US10005","Sussex County, Delaware","46256","*****","46244","19","7315","507","4821","509","2172","375","8010","730","7417","587","8322","624","8187","10","12","20",
"0500000US11001","District of Columbia, District of Columbia","127314","56","126856","99","23916","844","16537","852","7608","997","22382","1251","20801","1288","19066","1179","16546","111","458","90",
"0500000US12001","Alachua County, Florida","50780","*****","50408","179","7862","561","5528","560","2652","520","8910","800","7748","808","9470","1004","8238","176","372","179",
"0500000US12003","Baker County, Florida","6895","45","6889","51","812","192","822","194","297","208","745","252","1278","382","1244","310","1691","305","6","16",
"0500000US12005","Bay County, Florida","39382","38","39319","46","6254","384","4018","393","2182","381","6560","527","6515","508","7005","550","6785","30","63","27",
"0500000US12007","Bradford County, Florida","5715","39","5715","39","889","180","678","219","122","75","977","219","995","190","1114","262","940","125","0","28",
"0500000US12009","Brevard County, Florida","114255","22","114090","60","15289","756","12264","754","6397","690","18297","1010","20446","1212","20097","1002","21300","64","165","54",
"0500000US12011","Broward County, Florida","410337","*****","409845","238","61836","1749","45397","1745","20608","1423","64849","2100","70191","1993","74413","2319","72551","237","492","234",
"0500000US12013","Calhoun County, Florida","2668","117","2668","117","317","77","310","59","119","107","261","78","577","100","511","129","573","66","0","24",
"0500000US12015","Charlotte County, Florida","23648","*****","23611","12","3277","307","2250","311","1094","263","3904","433","3999","342","4488","420","4599","27","37","10",
"0500000US12017","Citrus County, Florida","23936","43","23855","66","3260","366","2262","362","1357","367","3967","546","4497","536","4067","541","4445","195","81","47",
"0500000US12019","Clay County, Florida","51999","110","51968","116","7289","526","4521","521","2532","470","8954","682","10324","682","8273","674","10075","75","31","51",
"0500000US12021","Collier County, Florida","64916","16","64862","38","8604","691","7837","698","3012","455","10491","1022","10850","713","11981","888","12087","32","54","34",
"0500000US12023","Columbia County, Florida","15907","116","15903","116","2781","278","1180","279","782","248","3032","467","2915","444","2460","422","2753","28","4","4",
"0500000US12027","DeSoto County, Florida","6349","5","6309","12","990","171","798","171","221","118","775","181","1140","204","1190","210","1195","69","40","12",
"0500000US12029","Dixie County, Florida","3054","126","3054","126","529","131","188","107","96","74","517","117","471","113","639","142","614","58","0","24",
"0500000US12031","Duval County, Florida","229053","*****","228781","122","36060","1407","28339","1396","14078","1414","36872","1876","36936","1446","39753","1824","36743","149","272","122",
"0500000US12033","Escambia County, Florida","68089","73","67936","99","11048","622","7525","623","3052","461","11751","1227","12297","1100","10886","691","11377","87","153","79",
"0500000US12035","Flagler County, Florida","20335","92","20330","93","2331","298","2138","305","812","303","3193","452","4406","512","3450","442","4000","73","5","2",
"0500000US12037","Franklin County, Florida","1938","90","1938","90","279","65","181","87","118","65","598","149","249","115","212","83","301","25","0","24",
"0500000US12039","Gadsden County, Florida","9643","*****","9640","22","942","218","1552","218","736","323","1737","280","1495","332","1477","271","1701","21","3","19",
"0500000US12041","Gilchrist County, Florida","4037","19","3922","50","496","116","547","112","201","105","581","190","754","149","681","158","662","64","115","47",
"0500000US12043","Glades County, Florida","1662","*****","1662","3","155","69","182","93","148","58","261","88","256","63","294","66","366","77","0","24",
"0500000US12045","Gulf County, Florida","2282","71","2281","72","287","70","355","54","131","63","451","92","368","88","284","97","405","39","1","3",
"0500000US12047","Hamilton County, Florida","2800","43","2786","44","445","173","280","104","63","49","378","121","459","119","658","193","503","108","14","11",
"0500000US12049","Hardee County, Florida","6270","240","6265","240","811","183","739","217","476","200","678","166","945","208","1552","353","1064","14","5","9",
"0500000US12051","Hendry County, Florida","10572","48","10572","48","1693","361","1026","242","534","249","1370","300","2157","413","1817","400","1975","266","0","32",
"0500000US12053","Hernando County, Florida","38353","35","38311","49","5307","465","3659","445","1812","317","5811","566","6635","680","7870","820","7217","54","42","32",
"0500000US12055","Highlands County, Florida","17631","39","17609","53","2235","315","2054","312","944","245","2490","391","2855","391","3803","404","3228","73","22","29",
"0500000US12057","Hillsborough County, Florida","329191","*****","328562","129","49272","1527","36909","1526","17477","1278","56245","2167","55439","1857","56417","2049","56803","208","629","129",
"0500000US12059","Holmes County, Florida","3991","77","3967","78","732","100","230","82","218","111","545","175","675","145","798","102","769","35","24","8",
"0500000US12061","Indian River County, Florida","25086","30","25041","38","3639","377","2737","368","1338","242","4054","471","3990","398","4694","531","4589","61","45","19",
"0500000US12063","Jackson County, Florida","9135","100","9089","105","1383","206","1048","203","313","132","1875","247","1332","222","1500","216","1638","105","46","35",
"0500000US12065","Jefferson County, Florida","2589","14","2589","14","399","66","220","64","92","63","473","111","515","119","408","93","482","86","0","24",
"0500000US12067","Lafayette County, Florida","1414","156","1414","156","217","109","125","42","158","124","205","74","268","81","147","71","294","148","0","21",
"0500000US12069","Lake County, Florida","78465","57","78380","61","10732","695","8548","693","3875","602","13355","1051","13952","854","13659","1010","14259","86","85","18",
"0500000US12071","Lee County, Florida","140310","57","140042","150","22045","962","14475","960","6800","757","23675","1369","22876","1197","24906","1120","25265","154","268","145",
"0500000US12073","Leon County, Florida","55054","50","54700","194","8876","592","5482","601","2900","532","9078","656","8974","665","9839","717","9551","75","354","183",
"0500000US12075","Levy County, Florida","8801","46","8799","47","1304","172","892","165","179","100","1585","226","1597","309","1732","290","1510","113","2","5",
"0500000US12077","Liberty County, Florida","1506","157","1483","157","97","43","211","51","73","53","351","107","197","77","202","57","352","77","23","10",
"0500000US12079","Madison County, Florida","3196","92","3178","92","504","74","359","58","149","66","480","143","573","164","570","165","543","10","18","18",
"0500000US12081","Manatee County, Florida","75182","73","75003","98","10015","685","8707","680","4186","616","12848","1056","12362","1017","13082","846","13803","76","179","68",
"0500000US12083","Marion County, Florida","75043","21","74949","45","10988","806","7825","819","3114","669","11955","1011","12304","889","15326","1072","13437","48","94","39",
"0500000US12085","Martin County, Florida","26134","9","26118","16","3876","340","2578","309","1823","388","4258","564","4028","571","4529","513","5026","87","16","13",
"0500000US12086","Miami-Dade County, Florida","548079","56","547658","178","87680","2283","61120","2287","28278","1895","87833","2338","92574","2387","93991","2430","96182","190","421","172",
"0500000US12087","Monroe County, Florida","12831","19","12760","182","2267","315","1317","302","647","173","2041","271","2122","342","2373","303","1993","224","71","178",
"0500000US12089","Nassau County, Florida","18923","*****","18906","29","2448","388","2043","383","1312","388","3207","547","3337","373","3203","388","3356","61","17","28",
"0500000US12091","Okaloosa County, Florida","48926","*****","48863","27","8048","506","5299","503","2924","416","8441","644","8134","592","8043","638","7974","57","63","26",
"0500000US12093","Okeechobee County, Florida","8721","77","8597","99","1513","160","748","165","677","188","1211","251","1394","232","1368","254","1686","207","124","49",
"0500000US12095","Orange County, Florida","314642","*****","314128","149","46506","1784","36606","1776","15600","1571","50251","1953","55828","2051","54624","2104","54713","163","514","149",
"0500000US12097","Osceola County, Florida","102052","66","102027","68","13162","992","12252","999","5854","931","17240","1197","16057","1336","18709","1485","18753","94","25","10",
"0500000US12099","Palm Beach County, Florida","289116","*****","288707","254","42194","1353","33456","1350","15514","1139","46367","1857","48868","1843","49999","1866","52309","103","409","255",
"0500000US12101","Pasco County, Florida","123778","35","123688","83","16880","753","12882","750","6228","673","21460","959","20973","944","22828","997","22437","84","90","66",
"0500000US12103","Pinellas County, Florida","148581","*****","148445","60","22955","852","14481","853","6416","616","23817","1244","26716","1118","26827","1206","27233","68","136","60",
"0500000US12105","Polk County, Florida","173947","60","173846","70","24674","1116","19705","1117","8890","930","29234","1313","28877","1166","31504","1349","30962","62","101","44",
"0500000US12107","Putnam County, Florida","15954","*****","15912","15","2607","286","1497","259","1053","266","2661","387","2145","347","3142","428","2807","35","42","15",
"0500000US12109","St. Johns County, Florida","66193","61","66094","75","7860","647","6014","646","3520","542","10707","904","12738","842","12534","906","12721","78","99","47",
"0500000US12111","St. Lucie County, Florida","70901","26","70870","33","10046","602","7830","614","3650","630","11969","855","10903","962","13459","1097","13013","66","31","20",
"0500000US12113","Santa Rosa County, Florida","43250","82","43219","83","6248","486","4142","486","2761","490","7227","632","7899","663","7033","693","7909","46","31","8",
"0500000US12115","Sarasota County, Florida","64325","41","64232","80","8580","607","6535","599","3863","679","10077","625","10135","739","12658","825","12384","85","93","69",
"0500000US12117","Seminole County, Florida","98915","94","98834","97","13933","660","9879","667","4775","562","15833","761","18801","931","17081","959","18532","49","81","36",
"0500000US12119","Sumter County, Florida","10245","142","10243","142","1559","258","1080","247","527","164","1803","263","1991","329","1445","308","1838","163","2","4",
"0500000US12121","Suwannee County, Florida","9471","55","9454","55","885","226","1107","199","515","237","1658","405","1358","294","1947","334","1984","221","17","7",
"0500000US12123","Taylor County, Florida","4365","69","4365","69","640","127","321","147","185","114","1041","246","610","224","871","250","697","167","0","28",
"0500000US12125","Union County, Florida","3414","21","3406","22","552","96","288","93","212","95","503","172","650","159","573","124","628","80","8","7",
"0500000US12127","Volusia County, Florida","100824","42","100463","146","13857","830","11643","836","5174","658","17301","1164","16594","1050","17931","1019","17963","103","361","136",
"0500000US12129","Wakulla County, Florida","7314","38","7314","38","968","211","831","241","527","202","909","213","1197","290","1564","346","1318","139","0","32",
"0500000US12131","Walton County, Florida","17350","*****","17340","8","2857","294","1829","299","1292","285","2706","456","2631","444","3092","539","2933","23","10","6",
"0500000US12133","Washington County, Florida","5110","23","5110","23","811","138","419","204","334","112","735","172","791","168","1106","192","914","81","0","28",
"0500000US13001","Appling County, Georgia","4505","13","4466","20","749","123","362","121","224","131","787","177","1002","239","598","173","744","114","39","16",
"0500000US13003","Atkinson County, Georgia","2110","5","2110","5","429","64","180","59","225","102","383","133","317","99","329","127","247","117","0","20",
"0500000US13005","Bacon County, Georgia","2793","*****","2792","5","393","149","347","125","79","69","580","161","553","167","315","122","525","95","1","3",
"0500000US13007","Baker County, Georgia","447","124","447","124","26","20","35","20","36","35","96","43","94","44","131","109","29","27","0","14",
"0500000US13009","Baldwin County, Georgia","8036","24","7904","43","1149","175","862","180","171","102","1348","252","1268","256","1673","284","1433","67","132","37",
"0500000US13011","Banks County, Georgia","4117","6","4117","6","557","97","479","99","247","109","847","180","608","137","675","160","704","55","0","23",
"0500000US13013","Barrow County, Georgia","22595","*****","22594","5","3162","254","2570","250","1245","288","3082","408","4177","434","4265","471","4093","11","1","2",
"0500000US13015","Bartow County, Georgia","26282","36","26267","39","3593","406","3058","405","1567","385","3997","457","4775","535","4472","567","4805","82","15","18",
"0500000US13017","Ben Hill County, Georgia","4179","29","4176","30","774","142","254","113","163","132","648","233","775","197","809","197","753","90","3","6",
"0500000US13019","Berrien County, Georgia","4292","8","4289","11","682","84","403","84","204","87","954","146","568","134","685","165","793","87","3","7",
"0500000US13021","Bibb County, Georgia","38203","*****","38074","46","5837","428","4189","427","1536","328","5871","653","6543","588","7586","656","6512","104","129","45",
"0500000US13023","Bleckley County, Georgia","2521","30","2478","48","279","61","269","96","203","86","403","144","515","133","408","125","401","69","43","35",
"0500000US13025","Brantley County, Georgia","3834","69","3834","69","507","145","407","145","247","147","577","163","720","204","656","187","720","24","0","23",
"0500000US13027","Brooks County, Georgia","3258","172","3258","172","458","132","368","111","83","55","426","144","514","162","733","122","676","146","0","23",
"0500000US13029","Bryan County, Georgia","14061","32","14061","32","1844","227","1548","211","777","321","2501","494","2224","335","2661","473","2506","78","0","30",
"0500000US13031","Bulloch County, Georgia","16550","*****","16531","25","2727","331","1758","328","588","156","2544","451","3120","450","2944","423","2850","49","19","23",
"0500000US13033","Burke County, Georgia","6005","26","6005","26","768","186","701","183","525","263","1007","282","775","256","1178","422","1051","16","0","27",
"0500000US13035","Butts County, Georgia","5450","52","5443","52","673","197","704","189","200","110","872","213","1243","267","830","297","921","41","7","7",
"0500000US13037","Calhoun County, Georgia","840","*****","840","5","151","37","76","30","45","34","141","67","197","57","64","36","166","35","0","20",
"0500000US13039","Camden County, Georgia","13714","*****","13690","47","2086","269","1682","259","844","204","2545","351","2328","321","2052","324","2153","59","24","45",
"0500000US13043","Candler County, Georgia","2734","166","2734","166","371","112","100","60","166","72","250","97","408","138","823","200","616","164","0","23",
"0500000US13045","Carroll County, Georgia","29613","*****","29519","58","4748","360","3005","360","2068","422","4779","461","5079","637","4552","714","5288","80","94","57",
"0500000US13047","Catoosa County, Georgia","15052","*****","15044","16","2068","287","1285","287","789","266","2372","346","2284","332","3137","432","3109","129","8","13",
"0500000US13049","Charlton County, Georgia","2545","187","2545","187","291","83","197","84","151","71","309","120","384","124","383","86","830","177","0","23",
"0500000US13051","Chatham County, Georgia","62225","91","61997","137","10202","629","7109","627","3107","467","10089","893","10172","797","10885","916","10433","131","228","101",
"0500000US13053","Chattahoochee County, Georgia","1311","214","1304","214","371","64","213","64","56","52","153","68","186","68","241","88","84","47","7","15",
"0500000US13055","Chattooga County, Georgia","5501","37","5501","37","708","175","575","183","395","160","968","180","883","149","923","186","1049","83","0","27",
"0500000US13057","Cherokee County, Georgia","64003","76","63932","83","8530","571","6602","566","2951","525","10496","870","10930","737","11909","1003","12514","49","71","30",
"0500000US13059","Clarke County, Georgia","21685","*****","21634","50","3334","371","2777","372","1223","280","3591","466","3603","492","3542","508","3564","102","51","48",
"0500000US13061","Clay County, Georgia","562","122","562","122","128","71","27","38","38","32","73","44","48","45","68","45","180","86","0","14",
"0500000US13063","Clayton County, Georgia","80080","*****","80020","14","12255","795","7853","792","4979","740","13590","1171","12271","1268","14717","997","14355","35","60","9",
"0500000US13065","Clinch County, Georgia","1676","*****","1676","4","302","93","145","93","0","20","452","145","181","116","197","134","399","109","0","20",
"0500000US13067","Cobb County, Georgia","174967","*****","174777","72","26533","934","17125","935","10683","1147","28770","1376","28695","1296","30289","1376","32682","83","190","71",
"0500000US13069","Coffee County, Georgia","10640","106","10640","106","2023","196","845","196","738","203","2071","353","1838","355","1328","311","1797","35","0","30",
"0500000US13071","Colquitt County, Georgia","11856","47","11824","53","2000","171","1056","170","730","201","1838","250","1895","316","2154","337","2151","43","32","43",
"0500000US13073","Columbia County, Georgia","40356","58","40351","58","5623","470","3980","468","2888","498","6295","678","6824","717","7314","678","7427","40","5","8",
"0500000US13075","Cook County, Georgia","4458","*****","4458","3","750","148","469","141","121","73","506","197","745","269","1086","336","781","86","0","23",
"0500000US13077","Coweta County, Georgia","35278","*****","35265","9","4455","398","4013","397","1543","340","6406","684","6021","662","6049","590","6778","22","13","5",
"0500000US13079","Crawford County, Georgia","2547","113","2546","113","334","103","230","94","101","65","300","155","620","184","431","119","530","102","1","4",
"0500000US13081","Crisp County, Georgia","4673","152","4644","151","803","218","516","176","144","101","943","197","578","234","861","223","799","15","29","7",
"0500000US13083","Dade County, Georgia","3221","112","3221","112","646","122","320","74","82","54","544","129","423","142","652","161","554","11","0","23",
"0500000US13085","Dawson County, Georgia","6177","41","6177","41","875","163","868","212","361","154","890","203","923","223","1107","203","1153","95","0","30",
"0500000US13087","Decatur County, Georgia","7061","23","7061","23","1150","205","804","182","707","282","793","204","1035","228","1361","246","1211","101","0","27",
"0500000US13089","DeKalb County, Georgia","174042","105","173754","122","28275","1083","21445","1046","8925","1162","27811","1346","28945","1584","30134","1512","28219","88","288","51",
"0500000US13091","Dodge County, Georgia","3707","*****","3669","41","417","101","473","98","180","87","599","155","511","131","761","130","728","101","38","41",
"0500000US13093","Dooly County, Georgia","1710","*****","1710","3","254","83","130","72","68","51","315","127","240","89","397","128","306","60","0","23",
"0500000US13095","Dougherty County, Georgia","20025","67","20001","65","2945","354","2449","358","919","270","3615","508","3612","436","3031","412","3430","56","24","30",
"0500000US13097","Douglas County, Georgia","37449","*****","37328","54","5543","493","3072","501","1933","588","5942","680","6885","693","6592","761","7361","176","121","55",
"0500000US13099","Early County, Georgia","2586","15","2579","17","382","76","264","80","133","67","526","145","424","130","385","109","465","11","7","10",
"0500000US13101","Echols County, Georgia","1123","126","1123","126","238","87","98","38","44","38","210","70","196","75","170","82","167","61","0","14",
"0500000US13103","Effingham County, Georgia","18257","18","18251","18","2695","283","1679","288","839","212","3356","482","3665","415","2774","401","3243","45","6","3",
"0500000US13105","Elbert County, Georgia","4380","28","4380","28","601","155","538","158","126","91","693","162","720","192","805","180","897","110","0","23",
"0500000US13107","Emanuel County, Georgia","5732","16","5711","36","933","140","534","157","273","101","991","190","1007","196","899","181","1074","57","21","30",
"0500000US13109","Evans County, Georgia","2704","25","2692","28","313","80","303","79","100","70","474","127","512","115","494","122","496","90","12","6",
"0500000US13111","Fannin County, Georgia","3989","48","3985","47","510","120","541","130","306","133","586","154","528","165","693","164","821","59","4","5",
"0500000US13113","Fayette County, Georgia","27500","*****","27500","6","2897","298","2329","297","1096","276","3807","440","5137","474","6149","617","6085","30","0","34",
"0500000US13115","Floyd County, Georgia","22606","40","22499","50","3335","309","2467","304","1454","247","3392","393","4221","413","3573","430","4057","46","107","24",
"0500000US13117","Forsyth County, Georgia","68772","*****","68758","16","7582","424","6832","423","3154","453","11625","851","13032","711","13008","917","13525","19","14","4",
"0500000US13119","Franklin County, Georgia","5381","75","5349","97","760","145","618","135","207","77","1009","172","767","179","1089","193","899","100","32","55",
"0500000US13121","Fulton County, Georgia","224708","212","224203","322","34140","1531","23380","1552","10732","979","38117","1516","38420","1677","38846","1499","40568","209","505","214",
"0500000US13123","Gilmer County, Georgia","5936","64","5936","64","922","153","639","135","312","111","1067","166","950","164","1002","171","1044","25","0","30",
"0500000US13125","Glascock County, Georgia","659","78","659","78","64","19","61","19","54","22","102","44","163","67","47","30","168","55","0","14",
"0500000US13127","Glynn County, Georgia","17784","22","17737","23","2491","338","1923","334","885","435","2448","466","2894","432","3903","526","3193","57","47","8",
"0500000US13129","Gordon County, Georgia","13672","44","13670","44","2187","240","1202","207","1050","315","2035","354","2348","400","2451","337","2397","45","2","2",
"0500000US13131","Grady County, Georgia","6432","28","6432","28","1029","163","570","161","408","118","1020","235","1045","180","1103","181","1257","128","0","27",
"0500000US13133","Greene County, Georgia","3460","59","3460","59","356","109","402","102","142","101","364","141","627","166","808","209","761","148","0","27",
"0500000US13135","Gwinnett County, Georgia","255158","35","255131","34","33763","1168","25789","1172","13781","1369","41117","1597","42969","1931","48329","2013","49383","44","27","13",
"0500000US13137","Habersham County, Georgia","10428","*****","10411","31","1650","180","1031","160","612","168","1485","259","1672","235","2077","296","1884","97","17","30",
"0500000US13139","Hall County, Georgia","50640","*****","50560","53","7451","429","5502","425","2471","370","7993","566","8298","653","9366","720","9479","135","80","53",
"0500000US13141","Hancock County, Georgia","1188","128","1188","128","72","85","46","71","46","62","398","213","74","78","168","115","384","152","0","20",
"0500000US13143","Haralson County, Georgia","7429","96","7410","96","1036","161","751","152","498","154","1184","252","1386","270","1191","199","1364","85","19","10",
"0500000US13145","Harris County, Georgia","7744","108","7709","111","899","133","726","134","501","147","1121","175","1538","261","1287","249","1637","126","35","26",
"0500000US13147","Hart County, Georgia","5477","21","5477","21","793","180","563","170","405","146","1107","304","888","213","786","221","935","147","0","27",
"0500000US13149","Heard County, Georgia","2716","27","2716","27","427","89","171","77","116","73","418","117","524","121","484","137","576","102","0","23",
"0500000US13151","Henry County, Georgia","62617","*****","62591","37","7581","495","6636","503","3280","511","9766","825","10989","985","11361","995","12978","22","26","37",
"0500000US13153","Houston County, Georgia","43325","93","43314","93","6272","663","4208","664","1982","527","7910","897","7764","630","7356","752","7822","33","11","5",
"0500000US13155","Irwin County, Georgia","2107","99","2107","99","370","172","222","79","50","50","325","133","252","117","426","148","462","183","0","20",
"0500000US13157","Jackson County, Georgia","21285","*****","21285","11","2941","252","2210","243","987","202","3256","408","3872","396","4237","388","3782","13","0","34",
"0500000US13159","Jasper County, Georgia","3719","10","3719","10","686","128","267","98","114","64","547","115","663","157","723","184","719","12","0","23",
"0500000US13161","Jeff Davis County, Georgia","3823","*****","3822","9","514","85","277","98","268","133","673","145","734","148","475","159","881","101","1","7",
"0500000US13163","Jefferson County, Georgia","3462","46","3462","46","481","91","365","89","128","73","733","210","575","166","517","130","663","40","0","23",
"0500000US13165","Jenkins County, Georgia","1496","234","1496","234","113","58","110","57","136","89","251","121","248","117","341","202","297","110","0","20",
"0500000US13167","Johnson County, Georgia","1633","*****","1633","4","293","61","170","62","130","95","255","98","274","69","285","144","226","46","0","20",
"0500000US13169","Jones County, Georgia","6525","35","6525","35","952","166","555","136","396","129","1023","217","1066","229","1204","206","1329","51","0","27",
"0500000US13171","Lamar County, Georgia","4000","40","4000","40","552","148","483","124","302","150","536","223","628","158","577","168","922","119","0","23",
"0500000US13173","Lanier County, Georgia","2303","94","2303","94","325","104","297","107","268","129","217","110","342","106","420","144","434","111","0","23",
"0500000US13175","Laurens County, Georgia","12231","57","12220","56","1979","252","1114","249","513","212","2334","316","1611","275","2450","426","2219","87","11","3",
"0500000US13177","Lee County, Georgia","8606","*****","8604","12","1282","232","681","165","536","265","847","255","2027","394","1415","327","1816","119","2","10",
"0500000US13179","Liberty County, Georgia","18733","59","18720","58","4110","355","2273","358","1080","272","3005","392","3246","396","2673","483","2333","47","13","6",
"0500000US13181","Lincoln County, Georgia","1472","29","1472","29","220","86","80","48","48","37","183","100","223","68","370","143","348","86","0","20",
"0500000US13183","Long County, Georgia","5072","106","5072","106","686","153","737","137","284","107","847","190","826","166","907","191","785","14","0","23",
"0500000US13185","Lowndes County, Georgia","29477","14","29406","22","5293","338","2669","342","1507","332","4640","622","4886","587","5606","588","4805","84","71","15",
"0500000US13187","Lumpkin County, Georgia","5855","33","5855","33","981","145","522","130","250","136","718","148","868","205","1310","266","1206","69","0","30",
"0500000US13189","McDuffie County, Georgia","5367","36","5367","36","716","264","567","214","145","86","973","308","960","342","1097","315","909","5","0","27",
"0500000US13191","McIntosh County, Georgia","1712","45","1712","45","112","46","181","57","26","19","212","80","525","132","357","113","299","43","0","23",
"0500000US13193","Macon County, Georgia","2135","16","2135","16","296","103","273","101","44","40","279","71","448","131","439","139","356","13","0","23",
"0500000US13195","Madison County, Georgia","7383","17","7372","25","1058","233","865","184","366","128","962","253","1366","230","1385","301","1370","150","11","16",
"0500000US13197","Marion County, Georgia","1519","*****","1519","7","184","97","129","86","78","56","234","79","374","131","324","140","196","80","0","20",
"0500000US13199","Meriwether County, Georgia","4387","26","4366","30","770","140","421","140","224","127","812","191","663","170","737","178","739","9","21","15",
"0500000US13201","Miller County, Georgia","1315","41","1315","41","168","67","81","44","0","20","158","67","262","88","426","103","220","55","0","20",
"0500000US13205","Mitchell County, Georgia","4823","29","4818","29","601","129","614","129","148","67","1006","193","443","166","1168","184","838","31","5","4",
"0500000US13207","Monroe County, Georgia","6267","67","6267","67","866","193","566","173","281","150","951","207","1370","257","1099","251","1134","51","0","27",
"0500000US13209","Montgomery County, Georgia","1750","*****","1749","5","289","61","157","59","43","40","316","95","393","89","241","64","310","30","1","2",
"0500000US13211","Morgan County, Georgia","4661","43","4661","43","512","130","625","128","343","186","684","295","661","203","725","187","1111","289","0","27",
"0500000US13213","Murray County, Georgia","9552","17","9547","21","1262","216","1095","209","238","134","1587","285","1882","216","1638","290","1845","40","5","6",
"0500000US13215","Muscogee County, Georgia","50790","74","50677","82","8035","549","5747","544","2888","525","9094","739","8623","837","8086","760","8204","80","113","45",
"0500000US13217","Newton County, Georgia","29868","60","29838","62","4057","425","3013","426","1173","469","4920","711","5081","657","5765","663","5829","47","30","9",
"0500000US13219","Oconee County, Georgia","11299","*****","11299","5","960","148","1105","142","534","150","2397","227","2130","245","1766","201","2407","81","0","30",
"0500000US13221","Oglethorpe County, Georgia","3332","54","3332","54","512","83","191","101","156","72","783","213","437","156","598","179","655","116","0","23",
"0500000US13223","Paulding County, Georgia","45577","46","45543","50","6468","483","4340","482","2208","389","7071","781","7518","734","9362","901","8576","96","34","15",
"0500000US13225","Peach County, Georgia","6076","154","6070","155","993","210","539","175","442","176","660","224","942","184","1331","250","1163","80","6","14",
"0500000US13227","Pickens County, Georgia","6557","35","6543","34","845","164","753","171","385","154","1047","216","870","202","1321","231","1322","67","14","10",
"0500000US13229","Pierce County, Georgia","4982","21","4980","26","610","120","500","110","145","88","795","217","888","220","1086","231","956","144","2","17",
"0500000US13231","Pike County, Georgia","4617","67","4612","67","475","114","571","103","276","109","503","148","892","175","956","149","939","23","5","4",
"0500000US13233","Polk County, Georgia","10991","52","10986","53","2011","250","844","253","604","215","1462","280","2039","334","1851","394","2175","178","5","14",
"0500000US13235","Pulaski County, Georgia","1735","325","1735","325","344","147","190","100","25","34","320","130","295","133","172","88","389","119","0","20",
"0500000US13237","Putnam County, Georgia","4436","20","4433","21","440","105","403","170","215","184","638","170","765","236","1049","250","923","191","3","7",
"0500000US13239","Quitman County, Georgia","317","108","317","108","53","36","0","14","64","48","65","51","44","21","38","39","53","36","0","14",
"0500000US13241","Rabun County, Georgia","2812","10","2796","34","463","104","286","98","80","50","456","124","345","93","642","131","524","42","16","32",
"0500000US13243","Randolph County, Georgia","1675","217","1675","217","201","106","388","197","110","160","243","208","391","208","132","88","210","110","0","20",
"0500000US13245","Richmond County, Georgia","47209","38","47029","80","7770","499","5493","496","2122","432","8798","740","7567","684","7505","688","7774","104","180","75",
"0500000US13247","Rockdale County, Georgia","22585","28","22552","30","2511","423","2769","415","708","262","3881","550","3690","562","4352","494","4641","68","33","23",
"0500000US13249","Schley County, Georgia","1112","175","1112","175","79","49","121","68","50","40","112","55","265","112","276","70","209","75","0","14",
"0500000US13251","Screven County, Georgia","2941","11","2911","22","571","85","261","72","157","108","438","131","587","159","575","154","322","64","30","18",
"0500000US13253","Seminole County, Georgia","1836","94","1835","94","237","51","223","43","79","55","284","87","333","99","323","99","356","40","1","1",
"0500000US13255","Spalding County, Georgia","16132","100","16124","105","2419","318","1932","335","838","293","2527","402","3098","479","2478","390","2832","53","8","17",
"0500000US13257","Stephens County, Georgia","5763","120","5744","125","867","186","618","141","208","110","870","243","1076","209","1170","281","935","79","19","25",
"0500000US13259","Stewart County, Georgia","592","*****","592","2","50","26","42","40","23","35","76","46","101","68","227","101","73","45","0","14",
"0500000US13261","Sumter County, Georgia","6511","38","6460","45","938","132","748","130","223","125","1385","362","952","296","1090","333","1124","89","51","25",
"0500000US13263","Talbot County, Georgia","946","16","946","16","143","71","24","20","12","17","145","73","267","85","201","66","154","28","0","20",
"0500000US13265","Taliaferro County, Georgia","291","75","291","75","48","30","26","26","17","18","47","26","52","30","56","39","45","27","0","14",
"0500000US13267","Tattnall County, Georgia","4872","24","4869","25","732","142","399","118","126","64","870","175","760","133","1038","185","944","123","3","4",
"0500000US13269","Taylor County, Georgia","1538","11","1510","13","228","43","160","43","78","54","243","90","270","103","255","148","276","67","28","6",
"0500000US13271","Telfair County, Georgia","1907","*****","1900","14","313","100","161","44","77","60","364","126","356","116","373","113","256","50","7","14",
"0500000US13273","Terrell County, Georgia","1975","*****","1952","10","347","89","116","94","121","69","440","147","297","121","427","128","204","79","23","5",
"0500000US13275","Thomas County, Georgia","10796","63","10752","63","1476","220","1214","215","878","200","1689","253","1634","262","1906","272","1955","69","44","10",
"0500000US13277","Tift County, Georgia","10273","98","10268","94","1554","155","1126","151","504","193","1228","255","2261","429","1807","334","1788","26","5","16",
"0500000US13279","Toombs County, Georgia","7122","26","7062","56","1162","172","725","171","263","130","1113","265","1314","257","1191","220","1294","15","60","51",
"0500000US13281","Towns County, Georgia","1619","33","1619","33","306","64","107","64","130","55","456","93","184","80","126","56","310","28","0","23",
"0500000US13283","Treutlen County, Georgia","1393","206","1388","208","192","90","212","112","91","87","147","68","188","73","250","114","308","104","5","42",
"0500000US13285","Troup County, Georgia","17223","25","17166","62","2799","321","1516","294","1254","358","2788","386","3067","403","2860","506","2882","77","57","61",
"0500000US13287","Turner County, Georgia","2239","61","2239","61","316","125","342","152","127","102","372","146","351","130","378","157","353","101","0","20",
"0500000US13289","Twiggs County, Georgia","1467","*****","1467","2","79","55","209","94","86","62","246","82","256","99","175","78","416","77","0","20",
"0500000US13291","Union County, Georgia","3923","55","3921","55","625","108","306","113","335","91","632","169","778","195","493","144","752","23","2","3",
"0500000US13293","Upson County, Georgia","6397","74","6397","74","1068","260","563","138","180","79","924","246","1050","319","1471","317","1141","142","0","27",
"0500000US13295","Walker County, Georgia","14556","70","14537","71","1906","288","1722","279","830","222","2204","363","2070","399","3246","445","2559","71","19","12",
"0500000US13297","Walton County, Georgia","24685","27","24684","27","3189","328","2684","318","1579","292","3675","399","4223","391","4505","446","4829","49","1","3",
"0500000US13299","Ware County, Georgia","8934","72","8923","74","1228","247","1010","246","761","243","1578","273","1366","286","1433","323","1547","81","11","7",
"0500000US13301","Warren County, Georgia","1051","*****","1051","2","182","50","137","45","84","54","197","110","172","84","114","58","165","28","0","20",
"0500000US13303","Washington County, Georgia","4245","6","4239","7","595","103","450","105","130","88","637","201","665","143","998","253","764","5","6","5",
"0500000US13305","Wayne County, Georgia","7410","96","7406","96","1219","188","614","172","386","158","1409","200","1278","242","1221","301","1279","70","4","4",
"0500000US13307","Webster County, Georgia","339","113","339","113","17","29","37","28","14","24","140","82","40","40","29","50","62","46","0","14",
"0500000US13309","Wheeler County, Georgia","1154","28","1154","28","69","59","179","92","4","14","170","69","101","70","324","88","307","155","0","20",
"0500000US13311","White County, Georgia","5573","88","5566","90","884","172","474","130","271","105","755","199","1001","153","1100","237","1081","74","7","13",
"0500000US13313","Whitfield County, Georgia","25747","216","25698","214","3660","450","2708","371","1244","348","4149","444","4472","445","4621","504","4844","71","49","12",
"0500000US13315","Wilcox County, Georgia","1671","79","1671","79","205","57","187","56","123","44","268","71","250","56","354","85","284","49","0","20",
"0500000US13317","Wilkes County, Georgia","1925","89","1924","89","293","58","179","58","85","79","498","102","356","97","259","124","254","46","1","3",
"0500000US13319","Wilkinson County, Georgia","1915","61","1913","61","248","60","230","54","134","60","198","69","268","69","448","90","387","35","2","7",
"0500000US13321","Worth County, Georgia","4548","48","4540","51","689","97","448","103","113","79","1070","211","818","208","580","169","822","32","8","18",
"0500000US15001","Hawaii County, Hawaii","42438","*****","42399","24","6857","433","3728","437","1825","287","7586","616","7762","643","7482","635","7159","64","39","25",
"0500000US15003","Honolulu County, Hawaii","206028","*****","204958","416","32533","840","23962","860","10711","764","34018","1161","36022","1254","35733","1073","31979","179","1070","415",
"0500000US15005","Kalawao County, Hawaii","0","12","0","12","0","12","0","12","0","12","0","12","0","12","0","12","0","12","0","12",
"0500000US15007","Kauai County, Hawaii","15636","124","15636","124","2080","244","1884","244","560","149","2843","338","2622","360","3038","383","2609","26","0","28",
"0500000US15009","Maui County, Hawaii","34507","8","34503","10","5270","361","3551","363","1630","315","5908","469","6020","509","6283","533","5841","74","4","3",
"0500000US16001","Ada County, Idaho","114193","*****","114126","22","14557","757","11826","757","5437","708","18663","1044","21242","1140","20407","896","21994","41","67","20",
"0500000US16003","Adams County, Idaho","827","54","827","54","124","27","50","34","67","40","90","53","206","77","116","35","174","59","0","12",
"0500000US16005","Bannock County, Idaho","22469","36","22386","61","3435","218","1986","197","1038","243","3937","377","3827","400","4133","418","4030","104","83","52",
"0500000US16007","Bear Lake County, Idaho","1820","40","1820","40","264","54","178","47","62","28","288","72","364","48","271","61","393","31","0","17",
"0500000US16009","Benewah County, Idaho","2235","*****","2230","14","241","34","275","32","130","64","356","79","420","87","405","63","403","17","5","7",
"0500000US16011","Bingham County, Idaho","14456","41","14454","41","2033","169","1401","164","525","152","2351","242","2676","216","2661","296","2807","64","2","1",
"0500000US16013","Blaine County, Idaho","4781","119","4781","119","517","128","542","139","292","143","621","159","712","202","1067","179","1030","10","0","23",
"0500000US16015","Boise County, Idaho","1274","16","1266","24","182","56","141","52","74","40","176","37","224","42","247","50","222","18","8","20",
"0500000US16017","Bonner County, Idaho","9996","14","9954","50","1273","193","1069","182","681","175","1810","256","1778","270","1575","237","1768","61","42","49",
"0500000US16019","Bonneville County, Idaho","38603","88","38588","90","5401","358","4117","353","1788","340","6952","525","6352","476","7260","508","6718","70","15","9",
"0500000US16021","Boundary County, Idaho","3072","28","3072","28","462","96","380","98","68","53","468","120","617","109","573","164","504","25","0","19",
"0500000US16023","Butte County, Idaho","660","110","660","110","63","29","41","21","20","10","116","51","173","56","107","41","140","51","0","12",
"0500000US16025","Camas County, Idaho","297","81","297","81","50","34","34","19","14","11","76","47","48","33","16","17","59","32","0","12",
"0500000US16027","Canyon County, Idaho","67038","*****","66801","121","9247","554","7528","523","4063","573","11103","717","11438","774","11733","717","11689","132","237","121",
"0500000US16029","Caribou County, Idaho","1891","38","1891","38","287","50","154","43","73","36","307","60","289","58","416","80","365","27","0","17",
"0500000US16031","Cassia County, Idaho","7879","31","7879","31","1071","176","916","170","433","107","1316","165","1279","163","1347","199","1517","57","0","23",
"0500000US16033","Clark County, Idaho","242","101","242","101","53","28","39","29","20","21","54","33","27","14","20","13","29","18","0","12",
"0500000US16035","Clearwater County, Idaho","1341","48","1337","50","192","38","123","47","36","36","181","51","203","62","336","89","266","16","4","5",
"0500000US16037","Custer County, Idaho","623","146","623","146","10","12","129","60","15","14","113","58","157","78","88","62","111","52","0","12",
"0500000US16039","Elmore County, Idaho","7101","31","7086","33","1472","135","751","138","291","78","1214","253","1045","178","1258","241","1055","43","15","9",
"0500000US16041","Franklin County, Idaho","4593","25","4589","24","807","145","377","95","186","88","792","127","808","125","678","127","941","95","4","4",
"0500000US16043","Fremont County, Idaho","3340","28","3229","41","431","52","338","52","211","58","585","110","493","84","587","94","584","48","111","39",
"0500000US16045","Gem County, Idaho","4523","139","4498","139","601","127","412","130","330","155","611","166","816","197","862","153","866","76","25","12",
"0500000US16047","Gooding County, Idaho","4204","29","4203","30","774","88","236","69","145","65","674","108","702","137","899","184","773","30","1","2",
"0500000US16049","Idaho County, Idaho","3456","34","3456","34","532","96","340","99","113","54","747","135","555","114","443","113","726","79","0","19",
"0500000US16051","Jefferson County, Idaho","10724","33","10724","33","1324","119","1045","118","580","152","1919","256","1877","181","1908","260","2071","43","0","26",
"0500000US16053","Jerome County, Idaho","7461","*****","7461","8","1196","114","630","112","334","139","1237","258","1316","288","1323","248","1425","46","0","23",
"0500000US16055","Kootenai County, Idaho","40656","107","40625","108","5758","413","4124","400","2826","461","6170","610","6991","617","7484","656","7272","148","31","15",
"0500000US16057","Latah County, Idaho","7748","51","7667","76","1322","117","684","115","417","135","1263","228","1454","160","1162","225","1365","102","81","64",
"0500000US16059","Lemhi County, Idaho","1399","4","1394","11","154","85","179","85","22","27","179","63","286","69","314","79","260","15","5","13",
"0500000US16061","Lewis County, Idaho","808","19","808","19","140","22","57","14","38","19","152","26","121","23","159","25","141","9","0","12",
"0500000US16063","Lincoln County, Idaho","1393","27","1393","27","223","35","122","31","130","63","213","55","191","45","242","65","272","11","0","17",
"0500000US16065","Madison County, Idaho","11054","113","10986","130","2351","172","1360","170","521","130","1547","147","1485","189","1740","205","1982","63","68","64",
"0500000US16067","Minidoka County, Idaho","6265","89","6260","88","1031","162","480","158","296","144","676","141","1092","149","1566","238","1119","69","5","3",
"0500000US16069","Nez Perce County, Idaho","9063","78","8963","90","1170","133","1042","150","447","103","1473","233","1383","195","1798","300","1650","120","100","39",
"0500000US16071","Oneida County, Idaho","1289","20","1289","20","164","35","140","37","30","26","223","51","222","58","270","70","240","15","0","12",
"0500000US16073","Owyhee County, Idaho","3056","*****","3008","17","491","57","247","49","137","69","622","123","459","115","485","129","567","24","48","18",
"0500000US16075","Payette County, Idaho","6826","42","6826","42","962","155","759","154","283","109","1430","196","1076","195","1052","232","1264","58","0","23",
"0500000US16077","Power County, Idaho","2423","*****","2423","5","276","58","148","43","53","49","376","131","539","176","657","167","374","72","0","17",
"0500000US16079","Shoshone County, Idaho","2857","50","2857","50","433","65","409","75","167","75","410","111","511","99","480","106","447","16","0","19",
"0500000US16081","Teton County, Idaho","2775","77","2775","77","366","91","333","79","197","94","692","121","359","88","322","98","506","52","0","19",
"0500000US16083","Twin Falls County, Idaho","24672","64","24654","61","2970","317","2933","318","1175","243","4045","474","4649","347","4402","463","4480","66","18","21",
"0500000US16085","Valley County, Idaho","2326","104","2324","104","385","100","230","107","123","91","356","156","567","153","210","113","453","110","2","2",
"0500000US16087","Washington County, Idaho","2474","*****","2474","4","347","80","231","93","143","75","395","112","417","105","518","124","423","70","0","19",
"0500000US17001","Adams County, Illinois","14578","*****","14546","24","2053","215","1737","210","594","172","2607","267","2375","267","2678","297","2502","49","32","24",
"0500000US17003","Alexander County, Illinois","1040","4","1040","4","75","29","101","45","76","54","193","71","195","59","241","95","159","37","0","13",
"0500000US17005","Bond County, Illinois","2963","*****","2958","10","499","60","202","42","52","32","591","105","511","106","476","105","627","36","5","9",
"0500000US17007","Boone County, Illinois","12650","16","12650","16","1639","155","1063","177","872","225","1770","303","2123","388","2540","346","2643","123","0","30",
"0500000US17009","Brown County, Illinois","1062","*****","1062","4","156","62","131","63","100","48","177","42","148","42","138","43","212","21","0","18",
"0500000US17011","Bureau County, Illinois","6799","*****","6794","16","1011","87","654","86","405","98","1107","145","1262","158","1064","138","1291","12","5","16",
"0500000US17013","Calhoun County, Illinois","861","19","861","19","124","26","57","26","44","27","176","52","132","36","163","64","165","16","0","13",
"0500000US17015","Carroll County, Illinois","2759","55","2756","56","382","46","280","44","148","67","478","81","499","63","455","76","514","35","3","6",
"0500000US17017","Cass County, Illinois","3119","16","3119","16","388","85","468","84","261","88","439","109","449","97","585","113","529","11","0","20",
"0500000US17019","Champaign County, Illinois","39863","102","39758","107","6635","486","4058","489","2427","400","5700","562","6198","565","7819","669","6921","53","105","41",
"0500000US17021","Christian County, Illinois","6482","69","6473","68","931","103","697","115","316","106","1226","221","827","151","1150","167","1326","112","9","5",
"0500000US17023","Clark County, Illinois","3412","*****","3412","5","447","95","408","107","147","78","602","145","600","140","609","162","599","28","0","20",
"0500000US17025","Clay County, Illinois","3111","38","3111","38","381","95","380","101","117","68","663","158","507","112","466","126","597","67","0","20",
"0500000US17027","Clinton County, Illinois","7980","6","7965","21","1335","114","750","104","588","123","1336","180","1381","173","1189","201","1386","36","15","20",
"0500000US17029","Coles County, Illinois","8549","22","8544","22","1416","166","895","171","473","179","1264","239","1554","172","1516","255","1426","90","5","4",
"0500000US17031","Cook County, Illinois","1092202","*****","1090799","325","163691","2790","116582","2789","57810","2231","180583","3087","186254","2986","190604","3485","195275","186","1403","324",
"0500000US17033","Crawford County, Illinois","3746","65","3703","66","603","81","410","80","173","66","589","113","741","104","534","105","653","40","43","7",
"0500000US17035","Cumberland County, Illinois","2317","*****","2317","3","348","47","196","49","116","60","490","85","260","65","447","98","460","22","0","20",
"0500000US17037","DeKalb County, Illinois","21723","*****","21694","39","2872","284","2541","286","1294","221","3969","384","3658","330","3595","427","3765","39","29","38",
"0500000US17039","De Witt County, Illinois","3280","41","3277","42","616","114","270","90","164","73","478","135","528","122","609","134","612","49","3","5",
"0500000US17041","Douglas County, Illinois","4859","64","4859","64","845","94","493","98","346","117","766","122","798","158","715","173","896","62","0","20",
"0500000US17043","DuPage County, Illinois","206075","51","205857","97","30619","895","20900","886","10496","735","35086","1152","34097","1178","36662","1187","37997","70","218","78",
"0500000US17045","Edgar County, Illinois","3275","68","3275","68","485","110","323","108","254","103","582","119","426","97","600","136","605","7","0","20",
"0500000US17047","Edwards County, Illinois","1338","23","1338","23","238","31","95","30","148","62","221","54","236","51","138","38","262","19","0","18",
"0500000US17049","Effingham County, Illinois","8265","*****","8265","9","1228","200","922","197","442","114","1461","146","1301","154","1474","185","1437","24","0","27",
"0500000US17051","Fayette County, Illinois","4355","41","4355","41","747","106","460","76","191","57","829","114","666","102","737","92","725","14","0","24",
"0500000US17053","Ford County, Illinois","3130","35","3130","35","433","56","332","60","236","73","533","90","586","101","387","73","623","55","0","20",
"0500000US17055","Franklin County, Illinois","8240","*****","8229","10","1289","146","814","145","329","101","1244","151","1215","160","1851","218","1487","42","11","9",
"0500000US17057","Fulton County, Illinois","6451","28","6451","28","785","94","806","95","252","83","1220","172","1068","131","1133","172","1187","22","0","27",
"0500000US17059","Gallatin County, Illinois","986","36","986","36","104","28","106","26","36","24","154","56","284","70","130","44","172","13","0","13",
"0500000US17061","Greene County, Illinois","2575","64","2575","64","379","71","230","70","117","40","330","68","367","70","636","87","516","58","0","20",
"0500000US17063","Grundy County, Illinois","12939","19","12939","19","1420","196","1587","190","845","207","2357","309","1992","342","2279","302","2459","76","0","30",
"0500000US17065","Hamilton County, Illinois","1731","32","1731","32","243","59","167","59","91","61","232","96","274","75","361","117","363","34","0","18",
"0500000US17067","Hancock County, Illinois","3635","13","3629","20","489","72","339","74","194","59","607","90","607","80","699","107","694","40","6","14",
"0500000US17069","Hardin County, Illinois","533","74","525","74","62","29","40","19","15","13","52","23","108","32","139","43","109","22","8","3",
"0500000US17071","Henderson County, Illinois","1145","*****","1145","6","110","37","180","32","74","31","200","38","226","42","136","45","219","12","0","18",
"0500000US17073","Henry County, Illinois","10516","*****","10516","5","1147","159","1194","166","690","207","1768","218","1653","194","1994","231","2070","61","0","27",
"0500000US17075","Iroquois County, Illinois","5703","16","5679","22","751","111","710","100","335","87","972","111","881","83","929","118","1101","33","24","14",
"0500000US17077","Jackson County, Illinois","9994","26","9932","44","1609","206","1104","178","598","139","1799","269","1349","197","1803","200","1670","73","62","38",
"0500000US17079","Jasper County, Illinois","2069","30","2069","30","343","53","194","50","54","40","353","86","548","102","214","80","363","26","0","18",
"0500000US17081","Jefferson County, Illinois","8140","*****","8110","10","1224","116","831","109","598","145","1243","125","1365","168","1416","170","1433","35","30","8",
"0500000US17083","Jersey County, Illinois","4207","41","4201","42","434","96","551","98","236","163","682","169","689","158","762","155","847","40","6","8",
"0500000US17085","Jo Daviess County, Illinois","3972","11","3972","11","532","85","333","81","164","70","601","113","862","144","703","113","777","27","0","24",
"0500000US17087","Johnson County, Illinois","2483","43","2483","43","320","62","246","60","156","69","357","88","381","83","603","72","420","36","0","20",
"0500000US17089","Kane County, Illinois","123564","*****","123253","62","16401","636","13212","637","6766","756","19829","1023","20376","973","22595","1126","24074","35","311","63",
"0500000US17091","Kankakee County, Illinois","24272","*****","24137","30","3563","262","2499","264","1283","222","4115","394","4045","381","4096","343","4536","55","135","29",
"0500000US17093","Kendall County, Illinois","37238","*****","37237","6","4540","366","3849","366","1784","320","6764","641","6840","647","6233","571","7227","8","1","2",
"0500000US17095","Knox County, Illinois","9907","77","9894","77","1694","166","949","170","656","141","1805","266","1491","253","1592","222","1707","95","13","13",
"0500000US17097","Lake County, Illinois","166306","48","166160","60","22329","710","15631","713","8918","813","27687","1073","27991","1085","30791","1084","32813","52","146","41",
"0500000US17099","LaSalle County, Illinois","23020","15","23016","15","3460","266","2183","245","1335","275","3626","320","4215","406","3959","359","4238","12","4","8",
"0500000US17101","Lawrence County, Illinois","2796","*****","2796","4","385","68","257","61","95","50","451","90","603","105","511","94","494","20","0","20",
"0500000US17103","Lee County, Illinois","6655","*****","6644","16","850","107","748","101","248","93","1016","220","1223","175","1349","186","1210","74","11","15",
"0500000US17105","Livingston County, Illinois","7802","*****","7794","8","1116","134","898","135","573","137","1350","164","1089","183","1295","206","1473","48","8","3",
"0500000US17107","Logan County, Illinois","5338","48","5332","50","641","96","616","97","245","87","848","155","1270","131","682","131","1030","70","6","13",
"0500000US17109","McDonough County, Illinois","4850","21","4808","66","816","142","511","113","209","96","840","145","779","139","886","147","767","67","42","53",
"0500000US17111","McHenry County, Illinois","71089","64","71057","68","9517","519","6962","513","3448","453","11085","680","12422","678","13659","752","13964","16","32","21",
"0500000US17113","McLean County, Illinois","36391","35","36326","58","5167","340","4003","340","1688","290","5297","443","7044","405","6680","439","6447","41","65","44",
"0500000US17115","Macon County, Illinois","23066","*****","23054","18","3902","290","2260","314","1511","305","3516","429","3855","366","3984","391","4026","104","12","14",
"0500000US17117","Macoupin County, Illinois","9136","55","9136","55","1376","141","819","137","631","171","1499","202","1471","181","1614","221","1726","41","0","27",
"0500000US17119","Madison County, Illinois","56348","36","56316","39","7679","391","6101","390","3265","403","8751","619","10125","724","10147","675","10248","9","32","10",
"0500000US17121","Marion County, Illinois","8685","*****","8661","10","1272","139","1020","133","485","120","1158","169","1656","206","1516","206","1554","41","24","4",
"0500000US17123","Marshall County, Illinois","2378","*****","2378","5","286","41","288","41","128","44","424","69","367","59","473","67","412","19","0","20",
"0500000US17125","Mason County, Illinois","2647","35","2647","35","364","55","239","56","123","77","457","107","426","76","534","105","504","16","0","20",
"0500000US17127","Massac County, Illinois","2955","82","2955","82","380","124","250","97","184","77","318","103","586","131","668","119","569","68","0","20",
"0500000US17129","Menard County, Illinois","2643","60","2643","60","367","50","257","50","210","95","539","108","293","69","483","86","494","10","0","20",
"0500000US17131","Mercer County, Illinois","3230","46","3230","46","469","67","269","69","141","49","463","112","674","131","571","92","643","20","0","20",
"0500000US17133","Monroe County, Illinois","7651","85","7651","85","886","205","921","204","589","164","1107","191","1241","187","1529","272","1378","26","0","27",
"0500000US17135","Montgomery County, Illinois","5621","59","5621","59","829","133","569","117","345","105","832","160","1178","147","838","151","1030","32","0","24",
"0500000US17137","Morgan County, Illinois","6252","21","6225","28","977","107","648","102","174","70","1051","232","1019","149","1364","218","992","53","27","20",
"0500000US17139","Moultrie County, Illinois","3632","45","3632","45","464","71","354","66","220","74","618","110","689","117","574","116","713","31","0","20",
"0500000US17141","Ogle County, Illinois","11430","12","11414","14","1664","158","1056","159","507","130","1990","258","1906","268","2056","257","2235","64","16","7",
"0500000US17143","Peoria County, Illinois","42971","*****","42821","60","7088","422","4530","421","2580","364","8332","608","6268","497","6904","644","7119","32","150","61",
"0500000US17145","Perry County, Illinois","3979","70","3973","70","554","115","436","117","244","93","876","134","612","148","484","136","767","70","6","2",
"0500000US17147","Piatt County, Illinois","3608","31","3608","31","451","96","371","98","290","129","778","124","449","92","646","125","623","17","0","20",
"0500000US17149","Pike County, Illinois","3353","23","3353","23","523","58","373","56","228","75","564","86","519","108","559","103","587","29","0","20",
"0500000US17151","Pope County, Illinois","539","99","539","99","127","35","47","25","40","23","53","30","41","22","118","73","113","41","0","13",
"0500000US17153","Pulaski County, Illinois","1032","9","1032","9","133","38","119","37","106","57","166","44","128","56","173","63","207","2","0","18",
"0500000US17155","Putnam County, Illinois","1103","26","1103","26","195","29","60","21","52","25","202","42","137","38","208","45","249","38","0","18",
"0500000US17157","Randolph County, Illinois","6063","42","6063","42","874","85","576","87","242","88","1128","154","822","153","1294","149","1127","76","0","27",
"0500000US17159","Richland County, Illinois","3584","32","3584","32","558","82","335","67","225","105","565","119","534","93","716","150","651","47","0","20",
"0500000US17161","Rock Island County, Illinois","32091","*****","32087","13","4580","259","3652","261","1753","354","5118","487","5899","477","5443","468","5642","14","4","8",
"0500000US17163","St. Clair County, Illinois","58413","*****","58382","30","8521","539","5900","540","2816","405","9816","614","10271","783","10627","782","10431","15","31","27",
"0500000US17165","Saline County, Illinois","4799","34","4779","35","815","108","483","106","279","78","912","125","552","147","947","150","791","49","20","11",
"0500000US17167","Sangamon County, Illinois","42640","22","42514","39","6258","485","4581","485","1930","337","7098","499","7325","561","7572","589","7750","36","126","32",
"0500000US17169","Schuyler County, Illinois","1153","58","1153","58","158","53","109","52","45","35","91","41","244","86","289","81","217","14","0","18",
"0500000US17171","Scott County, Illinois","1030","25","1030","25","121","37","93","38","85","42","222","55","129","39","145","47","235","22","0","13",
"0500000US17173","Shelby County, Illinois","4412","26","4412","26","618","72","467","75","160","63","790","150","717","142","864","156","796","18","0","24",
"0500000US17175","Stark County, Illinois","1147","27","1147","27","209","24","95","26","116","35","200","44","154","52","167","53","206","13","0","18",
"0500000US17177","Stephenson County, Illinois","9296","35","9266","35","1167","177","1137","175","567","149","1284","237","1642","223","1802","243","1667","71","30","8",
"0500000US17179","Tazewell County, Illinois","28584","*****","28574","10","3853","238","2824","236","1578","272","4333","399","5275","426","5284","450","5427","43","10","7",
"0500000US17181","Union County, Illinois","3617","73","3617","73","525","79","359","86","232","74","308","73","833","151","642","137","718","58","0","20",
"0500000US17183","Vermilion County, Illinois","16954","*****","16954","3","2446","210","1835","205","797","171","2638","275","2877","281","3342","344","3019","14","0","30",
"0500000US17185","Wabash County, Illinois","2331","58","2331","58","295","44","258","45","111","50","310","71","440","104","499","90","418","15","0","20",
"0500000US17187","Warren County, Illinois","3693","56","3693","56","435","92","361","68","267","100","687","136","396","111","824","202","723","84","0","20",
"0500000US17189","Washington County, Illinois","2836","*****","2796","11","416","57","288","53","101","40","478","96","585","75","332","73","596","36","40","10",
"0500000US17191","Wayne County, Illinois","3592","42","3589","42","489","60","422","72","260","94","504","92","670","112","628","121","616","24","3","2",
"0500000US17193","White County, Illinois","2957","27","2948","27","489","58","172","59","279","106","525","120","453","113","504","111","526","22","9","3",
"0500000US17195","Whiteside County, Illinois","12065","*****","12046","31","1546","159","1443","159","767","189","2143","246","1938","276","2040","296","2169","58","19","31",
"0500000US17197","Will County, Illinois","165564","28","165417","50","22810","713","15231","714","8276","638","25672","1334","28815","974","31643","1297","32970","45","147","36",
"0500000US17199","Williamson County, Illinois","14227","31","14227","31","1836","202","1656","218","868","214","2286","270","2562","278","2517","307","2502","47","0","30",
"0500000US17201","Winnebago County, Illinois","66531","*****","66383","32","10370","619","6852","619","3778","585","11192","606","11648","635","10772","638","11771","37","148","37",
"0500000US17203","Woodford County, Illinois","9161","*****","9161","4","1156","150","997","150","619","149","1395","204","1695","219","1600","237","1699","39","0","27",
"0500000US18001","Adams County, Indiana","11335","20","11335","20","2048","143","1165","144","402","141","1667","229","1924","302","2285","296","1844","83","0","27",
"0500000US18003","Allen County, Indiana","99630","43","99481","61","15551","648","10871","649","5392","516","16108","844","16959","864","17401","859","17199","43","149","38",
"0500000US18005","Bartholomew County, Indiana","20102","47","20033","53","2846","274","2349","278","868","228","3232","435","3985","392","3308","406","3445","124","69","24",
"0500000US18007","Benton County, Indiana","2147","*****","2147","5","249","54","281","49","109","60","388","76","317","72","404","79","399","23","0","18",
"0500000US18009","Blackford County, Indiana","2722","71","2719","72","291","78","312","80","117","65","443","143","671","144","346","117","539","34","3","8",
"0500000US18011","Boone County, Indiana","19066","*****","19040","15","2693","246","1932","247","914","206","3094","447","3537","456","3469","401","3401","169","26","15",
"0500000US18013","Brown County, Indiana","2593","79","2589","79","330","98","276","103","218","98","214","64","366","95","646","129","539","42","4","4",
"0500000US18015","Carroll County, Indiana","4470","9","4468","11","736","97","391","82","167","77","669","116","772","143","844","165","889","54","2","6",
"0500000US18017","Cass County, Indiana","8683","97","8571","98","1397","158","728","154","332","112","1485","243","1560","210","1463","214","1606","120","112","10",
"0500000US18019","Clark County, Indiana","27419","*****","27361","18","4294","312","2970","310","1651","304","4309","402","4058","413","5441","462","4638","29","58","16",
"0500000US18021","Clay County, Indiana","6053","67","6053","67","766","146","814","151","261","134","885","166","961","176","1254","242","1112","55","0","24",
"0500000US18023","Clinton County, Indiana","8848","91","8843","91","1133","174","1112","223","474","141","1628","262","1357","161","1521","317","1618","33","5","11",
"0500000US18025","Crawford County, Indiana","2173","7","2170","10","403","68","142","66","52","33","403","98","338","119","425","106","407","9","3","7",
"0500000US18027","Daviess County, Indiana","10015","*****","10015","6","1815","227","1088","178","661","105","1464","184","1794","220","1548","258","1645","151","0","27",
"0500000US18029","Dearborn County, Indiana","11176","16","11172","17","1632","185","1147","173","567","187","1797","328","1980","307","1810","307","2239","68","4","6",
"0500000US18031","Decatur County, Indiana","6208","*****","6208","4","1076","119","550","110","347","140","818","206","1142","163","1129","226","1146","71","0","24",
"0500000US18033","DeKalb County, Indiana","10553","33","10551","33","1556","170","1193","180","445","136","1555","260","1713","239","2146","321","1943","61","2","3",
"0500000US18035","Delaware County, Indiana","20376","*****","20293","20","3404","245","1869","241","1414","303","3438","356","3168","330","3318","313","3682","25","83","20",
"0500000US18037","Dubois County, Indiana","10582","20","10582","20","1537","190","1152","171","751","275","1972","228","1645","250","1554","310","1971","125","0","27",
"0500000US18039","Elkhart County, Indiana","56707","28","56594","46","7830","563","7110","565","3041","518","9258","678","9071","721","10136","867","10148","47","113","49",
"0500000US18041","Fayette County, Indiana","5136","22","5122","21","680","133","572","130","269","80","519","126","981","148","974","129","1127","97","14","6",
"0500000US18043","Floyd County, Indiana","18131","*****","18123","6","2476","223","1947","245","805","178","3148","322","2774","323","3667","412","3306","70","8","4",
"0500000US18045","Fountain County, Indiana","3690","37","3690","37","680","87","381","83","205","92","425","110","619","113","746","113","634","29","0","20",
"0500000US18047","Franklin County, Indiana","5064","66","5064","66","631","78","669","85","265","126","893","158","745","177","900","226","961","30","0","24",
"0500000US18049","Fulton County, Indiana","4744","*****","4744","8","622","97","539","94","203","99","779","152","1141","182","647","154","813","33","0","24",
"0500000US18051","Gibson County, Indiana","7810","19","7793","29","1030","175","909","156","492","127","1472","181","1413","191","1057","193","1420","99","17","21",
"0500000US18053","Grant County, Indiana","14136","55","14111","58","2346","208","1402","210","491","159","2300","300","2694","338","2392","295","2486","21","25","20",
"0500000US18055","Greene County, Indiana","6626","65","6623","65","994","149","628","155","398","133","1217","204","916","160","1165","175","1305","58","3","2",
"0500000US18057","Hamilton County, Indiana","92736","42","92728","42","12414","644","8936","646","5003","600","15944","958","16722","876","16319","940","17390","7","8","12",
"0500000US18059","Hancock County, Indiana","19505","*****","19505","5","2867","296","1831","284","933","260","3599","356","3308","420","3409","422","3558","94","0","30",
"0500000US18061","Harrison County, Indiana","8853","33","8848","33","1172","226","902","194","622","168","1485","254","1655","261","1389","262","1623","47","5","4",
"0500000US18063","Hendricks County, Indiana","44976","*****","44961","15","5710","385","4397","385","2417","474","8078","607","7444","781","8342","712","8573","27","15","13",
"0500000US18065","Henry County, Indiana","9904","*****","9895","16","1376","173","1038","150","560","127","1840","224","1432","188","1793","249","1856","46","9","11",
"0500000US18067","Howard County, Indiana","19135","*****","19115","12","3079","250","1896","250","1008","209","3385","454","3379","356","3086","359","3282","102","20","11",
"0500000US18069","Huntington County, Indiana","7963","39","7963","39","1240","167","790","158","409","132","1203","234","1344","193","1500","210","1477","58","0","27",
"0500000US18071","Jackson County, Indiana","12051","28","12045","29","1648","368","1300","314","784","312","2198","423","1940","270","1959","372","2216","125","6","2",
"0500000US18073","Jasper County, Indiana","7650","69","7609","74","1290","138","556","128","413","119","1439","266","1076","217","1426","238","1409","72","41","17",
"0500000US18075","Jay County, Indiana","5185","28","5171","27","847","132","558","130","304","118","932","147","926","171","761","129","843","34","14","7",
"0500000US18077","Jefferson County, Indiana","6579","49","6562","49","849","109","871","117","220","88","1348","266","1022","215","1039","186","1213","86","17","4",
"0500000US18079","Jennings County, Indiana","6377","39","6376","38","967","116","572","115","387","186","1083","237","1191","208","979","232","1197","41","1","3",
"0500000US18081","Johnson County, Indiana","40361","37","40307","42","5962","439","3911","411","2273","486","5869","546","6881","559","8262","740","7149","163","54","30",
"0500000US18083","Knox County, Indiana","7787","104","7711","106","1175","225","824","111","667","184","855","177","1313","221","1551","214","1326","93","76","26",
"0500000US18085","Kosciusko County, Indiana","18929","*****","18903","32","2854","200","1969","204","652","148","3176","323","3457","326","3436","326","3359","70","26","31",
"0500000US18087","LaGrange County, Indiana","12952","10","12925","39","2100","141","1450","143","649","129","2243","196","2387","217","1806","233","2290","60","27","36",
"0500000US18089","Lake County, Indiana","115840","41","115669","48","17085","611","11539","618","6128","631","19511","1002","19782","829","20172","1207","21452","44","171","23",
"0500000US18091","LaPorte County, Indiana","23756","45","23698","52","3873","298","2098","293","1591","349","3956","453","3639","409","4374","468","4167","69","58","34",
"0500000US18093","Lawrence County, Indiana","9564","89","9564","89","1415","157","1107","151","519","155","1358","229","1631","233","1742","257","1792","42","0","27",
"0500000US18095","Madison County, Indiana","28283","*****","28161","28","4114","254","3082","254","1671","305","4437","408","4982","398","4722","439","5153","56","122","28",
"0500000US18097","Marion County, Indiana","243915","47","243453","106","40664","1188","27774","1188","13390","1055","40784","1758","40467","1934","40705","1669","39669","93","462","94",
"0500000US18099","Marshall County, Indiana","11317","*****","11289","6","1337","196","1533","191","391","106","2188","304","1824","267","1830","262","2186","65","28","4",
"0500000US18101","Martin County, Indiana","2139","39","2139","39","322","64","239","59","119","62","506","136","299","98","263","103","391","11","0","18",
"0500000US18103","Miami County, Indiana","7430","48","7428","48","950","161","834","145","436","129","972","170","1433","259","1300","193","1503","72","2","5",
"0500000US18105","Monroe County, Indiana","22129","*****","21982","75","3388","290","2251","290","1312","291","3646","398","3761","378","3746","362","3878","69","147","76",
"0500000US18107","Montgomery County, Indiana","8809","60","8800","60","1287","149","967","167","483","160","1588","252","1437","225","1441","226","1597","69","9","5",
"0500000US18109","Morgan County, Indiana","16023","*****","16022","4","2156","279","1589","232","883","200","2728","311","2475","284","3115","365","3076","70","1","3",
"0500000US18111","Newton County, Indiana","2890","69","2890","69","317","75","457","79","240","99","388","101","471","91","489","105","528","51","0","20",
"0500000US18113","Noble County, Indiana","11557","42","11557","42","1986","167","1128","151","682","171","2048","292","1802","226","1883","209","2028","24","0","27",
"0500000US18115","Ohio County, Indiana","1196","19","1196","19","159","53","132","44","23","21","272","70","186","47","214","63","210","19","0","18",
"0500000US18117","Orange County, Indiana","4531","27","4531","27","695","108","499","112","415","145","779","142","702","137","615","157","826","39","0","20",
"0500000US18119","Owen County, Indiana","4396","61","4396","61","658","97","478","94","154","84","815","144","765","119","693","135","833","40","0","24",
"0500000US18121","Parke County, Indiana","3651","71","3651","71","495","76","467","63","169","74","840","171","483","80","509","94","688","49","0","20",
"0500000US18123","Perry County, Indiana","3974","58","3974","58","584","92","450","94","198","88","573","131","627","158","745","145","797","60","0","20",
"0500000US18125","Pike County, Indiana","2675","*****","2675","5","406","63","250","50","229","79","346","93","523","85","424","109","497","55","0","20",
"0500000US18127","Porter County, Indiana","37321","*****","37267","39","4612","335","4166","334","2094","342","6472","507","6192","495","6677","504","7054","78","54","38",
"0500000US18129","Posey County, Indiana","5418","79","5416","78","682","120","610","114","286","84","880","165","973","157","1022","151","963","30","2","5",
"0500000US18131","Pulaski County, Indiana","2746","51","2746","51","423","66","272","61","143","58","482","134","274","68","614","141","538","35","0","20",
"0500000US18133","Putnam County, Indiana","7209","117","7187","117","1002","134","767","133","231","88","1210","180","1154","177","1541","220","1282","50","22","7",
"0500000US18135","Randolph County, Indiana","5529","31","5529","31","916","128","510","112","260","88","957","146","854","143","1074","154","958","32","0","24",
"0500000US18137","Ripley County, Indiana","6862","89","6862","89","1038","135","657","136","250","78","1305","226","1104","169","1205","181","1303","40","0","24",
"0500000US18139","Rush County, Indiana","3782","104","3782","104","588","116","331","109","181","70","591","109","654","106","607","131","830","84","0","20",
"0500000US18141","St. Joseph County, Indiana","63303","16","63175","47","9477","485","7147","487","4443","492","10121","615","10032","578","10887","705","11068","48","128","42",
"0500000US18143","Scott County, Indiana","5702","87","5689","89","716","172","699","184","354","197","1045","221","827","226","1084","204","964","34","13","10",
"0500000US18145","Shelby County, Indiana","10169","95","10164","95","1525","196","1129","235","759","229","1745","300","1732","230","1497","261","1777","10","5","5",
"0500000US18147","Spencer County, Indiana","4313","19","4313","19","545","82","413","82","256","92","691","127","775","131","779","103","854","62","0","20",
"0500000US18149","Starke County, Indiana","5267","74","5267","74","809","133","625","129","221","95","770","144","957","179","941","165","944","47","0","24",
"0500000US18151","Steuben County, Indiana","6830","56","6830","56","1088","144","583","125","314","108","1044","168","1118","165","1362","174","1321","33","0","27",
"0500000US18153","Sullivan County, Indiana","3907","34","3907","34","607","138","407","121","205","72","622","104","712","112","653","121","701","50","0","24",
"0500000US18155","Switzerland County, Indiana","2348","*****","2348","5","350","89","214","87","90","60","366","113","345","108","535","141","448","40","0","18",
"0500000US18157","Tippecanoe County, Indiana","38352","*****","38116","84","5467","279","4694","278","1929","303","6085","416","6823","481","6595","497","6523","82","236","84",
"0500000US18159","Tipton County, Indiana","3145","20","3143","21","468","99","436","89","169","58","548","87","491","97","431","109","600","41","2","4",
"0500000US18161","Union County, Indiana","1443","47","1443","47","289","46","103","31","150","65","109","64","310","62","229","69","253","18","0","18",
"0500000US18163","Vanderburgh County, Indiana","39047","*****","38972","37","5636","489","4790","491","1879","434","5815","493","7418","535","6686","512","6748","48","75","38",
"0500000US18165","Vermillion County, Indiana","3320","47","3320","47","487","84","315","100","104","55","479","168","593","128","717","116","625","15","0","20",
"0500000US18167","Vigo County, Indiana","21761","*****","21619","59","3445","269","2189","262","1021","231","3559","359","3714","409","4019","417","3672","80","142","59",
"0500000US18169","Wabash County, Indiana","6505","60","6369","69","756","172","870","157","309","119","914","163","893","162","1376","206","1251","85","136","32",
"0500000US18171","Warren County, Indiana","1833","*****","1833","4","208","41","182","36","96","46","418","132","193","59","401","126","335","15","0","18",
"0500000US18173","Warrick County, Indiana","15035","*****","15033","5","1705","201","1794","259","417","121","2576","407","2991","365","2729","373","2821","69","2","4",
"0500000US18175","Washington County, Indiana","6429","86","6429","86","1020","122","563","131","288","103","972","220","1237","175","1116","193","1233","89","0","24",
"0500000US18177","Wayne County, Indiana","15017","*****","14934","16","2218","217","1809","208","995","202","2614","280","2427","308","2222","248","2649","124","83","16",
"0500000US18179","Wells County, Indiana","7014","31","7009","31","1054","125","639","132","517","128","1356","199","1163","185","1092","164","1188","41","5","6",
"0500000US18181","White County, Indiana","5705","15","5696","21","844","106","564","107","352","105","1332","242","771","173","766","154","1067","35","9","14",
"0500000US18183","Whitley County, Indiana","7896","25","7896","25","1210","144","771","135","412","136","1625","192","1049","227","1452","219","1377","37","0","27",
"0500000US19001","Adair County, Iowa","1706","47","1705","46","258","41","214","42","71","36","279","54","271","61","313","83","299","23","1","3",
"0500000US19003","Adams County, Iowa","806","18","806","18","96","30","120","26","16","14","163","26","172","26","103","25","136","4","0","10",
"0500000US19005","Allamakee County, Iowa","3448","68","3448","68","403","60","478","68","336","84","507","124","603","98","563","113","558","9","0","16",
"0500000US19007","Appanoose County, Iowa","2626","87","2626","87","384","114","325","65","191","57","373","87","464","73","407","84","482","8","0","16",
"0500000US19009","Audubon County, Iowa","1210","27","1210","27","179","34","157","37","73","37","131","54","134","48","316","77","220","10","0","15",
"0500000US19011","Benton County, Iowa","5881","*****","5880","5","885","74","549","74","240","91","900","150","1148","186","1111","156","1047","21","1","2",
"0500000US19013","Black Hawk County, Iowa","28744","*****","28705","13","4706","347","3294","347","1256","247","5281","431","4858","405","4513","465","4797","56","39","13",
"0500000US19015","Boone County, Iowa","5612","23","5568","25","811","113","590","101","288","91","846","173","883","138","993","171","1157","80","44","11",
"0500000US19017","Bremer County, Iowa","5654","21","5614","26","889","102","512","78","340","89","1072","172","961","128","831","109","1009","30","40","16",
"0500000US19019","Buchanan County, Iowa","5251","29","5238","30","827","70","507","68","146","59","800","115","946","136","1013","137","999","39","13","6",
"0500000US19021","Buena Vista County, Iowa","5519","*****","5500","11","752","95","702","122","288","117","852","215","790","193","1035","158","1081","64","19","6",
"0500000US19023","Butler County, Iowa","3193","54","3193","54","464","56","273","55","189","56","514","86","639","86","458","80","656","23","0","16",
"0500000US19025","Calhoun County, Iowa","2130","24","2130","24","311","33","239","33","112","37","428","67","431","66","241","51","368","10","0","15",
"0500000US19027","Carroll County, Iowa","5020","15","5011","15","689","99","536","92","316","146","668","146","876","163","930","170","996","71","9","3",
"0500000US19029","Cass County, Iowa","3035","99","3035","99","340","60","358","74","211","72","609","119","385","101","471","122","661","57","0","16",
"0500000US19031","Cedar County, Iowa","3875","30","3875","30","566","77","318","86","284","90","641","137","685","144","615","139","766","40","0","16",
"0500000US19033","Cerro Gordo County, Iowa","8861","37","8854","36","1219","124","958","133","598","157","1367","255","1549","217","1565","232","1598","57","7","5",
"0500000US19035","Cherokee County, Iowa","2575","57","2571","57","366","57","183","55","203","86","373","103","537","104","445","92","464","43","4","4",
"0500000US19037","Chickasaw County, Iowa","2743","*****","2743","5","401","63","336","90","101","44","483","111","451","85","465","77","506","32","0","16",
"0500000US19039","Clarke County, Iowa","2470","56","2470","56","471","146","261","87","31","28","614","195","414","145","268","90","411","89","0","15",
"0500000US19041","Clay County, Iowa","3841","67","3839","67","590","102","278","88","196","85","673","135","710","161","736","163","656","54","2","5",
"0500000US19043","Clayton County, Iowa","3680","36","3680","36","669","71","345","71","254","71","499","88","567","94","668","128","678","29","0","16",
"0500000US19045","Clinton County, Iowa","10582","36","10582","36","1455","173","1152","172","422","129","1670","239","2026","213","2014","285","1843","83","0","22",
"0500000US19047","Crawford County, Iowa","4143","19","4143","19","558","89","469","89","266","104","497","125","889","193","681","183","783","64","0","16",
"0500000US19049","Dallas County, Iowa","28676","9","28674","8","4258","317","3029","311","1461","253","5427","501","5018","372","4691","422","4790","19","2","3",
"0500000US19051","Davis County, Iowa","2737","*****","2737","3","474","44","327","42","146","56","381","79","484","68","467","83","458","6","0","15",
"0500000US19053","Decatur County, Iowa","1721","42","1721","42","284","34","138","23","129","40","235","46","275","46","342","64","318","13","0","15",
"0500000US19055","Delaware County, Iowa","4084","*****","4084","7","558","86","467","83","185","80","680","112","732","154","700","114","762","33","0","16",
"0500000US19057","Des Moines County, Iowa","8560","36","8545","35","1255","210","1033","182","497","161","1459","210","1362","204","1340","206","1599","177","15","6",
"0500000US19059","Dickinson County, Iowa","3429","*****","3421","5","525","74","315","71","169","87","535","95","518","76","741","112","618","39","8","4",
"0500000US19061","Dubuque County, Iowa","22317","*****","22273","28","3427","272","2407","308","1332","264","4090","390","3800","311","3360","470","3857","308","44","28",
"0500000US19063","Emmet County, Iowa","1766","*****","1716","23","200","58","174","58","76","49","257","89","267","114","344","68","398","65","50","23",
"0500000US19065","Fayette County, Iowa","4123","34","4123","34","638","101","452","92","212","63","593","91","652","118","776","116","800","54","0","16",
"0500000US19067","Floyd County, Iowa","3478","25","3475","26","511","92","406","102","192","78","579","110","516","125","608","125","663","88","3","8",
"0500000US19069","Franklin County, Iowa","2396","50","2396","50","431","49","209","45","90","30","275","84","471","126","439","88","481","87","0","15",
"0500000US19071","Fremont County, Iowa","1391","11","1391","11","192","22","103","22","60","25","286","69","189","36","270","72","291","17","0","15",
"0500000US19073","Greene County, Iowa","1889","23","1889","23","242","38","169","35","104","41","342","55","296","53","387","96","349","18","0","15",
"0500000US19075","Grundy County, Iowa","2905","10","2905","10","357","49","349","56","154","50","423","74","576","80","517","73","529","18","0","16",
"0500000US19077","Guthrie County, Iowa","2269","*****","2269","12","300","38","217","39","136","43","402","60","400","63","344","74","470","24","0","16",
"0500000US19079","Hamilton County, Iowa","3547","31","3547","31","475","80","293","64","166","54","630","148","735","162","623","140","625","65","0","16",
"0500000US19081","Hancock County, Iowa","2243","32","2243","32","387","63","170","47","141","60","367","74","383","92","383","94","412","27","0","16",
"0500000US19083","Hardin County, Iowa","3157","*****","3043","29","377","58","378","69","121","52","558","91","478","81","574","109","557","50","114","29",
"0500000US19085","Harrison County, Iowa","3378","26","3378","26","452","59","403","57","189","55","478","96","637","103","601","88","618","29","0","16",
"0500000US19087","Henry County, Iowa","4178","*****","4162","21","614","104","394","79","172","59","639","129","820","121","720","117","803","63","16","21",
"0500000US19089","Howard County, Iowa","2441","28","2440","28","330","67","271","49","159","76","373","76","372","115","482","97","453","16","1","3",
"0500000US19091","Humboldt County, Iowa","2274","8","2273","9","358","43","212","42","142","58","429","59","369","73","360","55","403","19","1","4",
"0500000US19093","Ida County, Iowa","1680","35","1680","35","217","35","168","38","47","24","268","55","382","59","286","45","312","20","0","15",
"0500000US19095","Iowa County, Iowa","3851","14","3851","14","577","87","347","80","130","52","697","100","778","73","608","119","714","33","0","16",
"0500000US19097","Jackson County, Iowa","4303","24","4303","24","652","65","423","89","185","61","803","142","666","98","830","120","744","24","0","16",
"0500000US19099","Jasper County, Iowa","8357","*****","8354","7","1001","132","958","125","398","102","1595","161","1400","180","1398","184","1604","100","3","5",
"0500000US19101","Jefferson County, Iowa","2692","232","2692","232","491","80","234","71","202","134","419","127","607","151","263","87","476","77","0","16",
"0500000US19103","Johnson County, Iowa","30276","*****","30223","34","4738","315","3577","303","1820","358","5282","484","5477","426","4296","378","5033","42","53","33",
"0500000US19105","Jones County, Iowa","4212","72","4210","72","582","111","452","94","188","70","609","147","752","137","751","124","876","58","2","2",
"0500000US19107","Keokuk County, Iowa","2219","32","2219","32","274","32","243","30","94","32","355","74","455","76","371","80","427","14","0","15",
"0500000US19109","Kossuth County, Iowa","3198","19","3198","19","477","72","310","82","201","64","492","113","515","93","584","107","619","26","0","16",
"0500000US19111","Lee County, Iowa","6989","51","6968","55","1020","126","820","70","334","102","1312","167","1166","145","1154","160","1162","62","21","21",
"0500000US19113","Linn County, Iowa","51857","*****","51634","35","7629","407","5826","407","2620","381","7995","640","8853","656","9533","660","9178","51","223","35",
"0500000US19115","Louisa County, Iowa","2347","42","2347","42","358","54","212","48","127","56","399","63","393","66","404","72","454","45","0","16",
"0500000US19117","Lucas County, Iowa","2049","23","2049","23","254","80","266","76","144","55","365","94","337","102","314","96","369","14","0","15",
"0500000US19119","Lyon County, Iowa","3425","42","3425","42","498","54","323","63","150","60","642","104","543","84","624","112","645","32","0","16",
"0500000US19121","Madison County, Iowa","4258","37","4258","37","550","83","414","86","239","110","844","127","757","140","621","112","833","38","0","16",
"0500000US19123","Mahaska County, Iowa","5213","20","5212","21","789","139","575","106","250","89","862","121","997","133","862","113","877","26","1","5",
"0500000US19125","Marion County, Iowa","7769","11","7769","11","1088","112","663","92","328","117","1358","225","1398","194","1406","182","1528","80","0","22",
"0500000US19127","Marshall County, Iowa","10175","17","10163","19","1378","191","960","210","563","183","1641","213","1811","265","1879","242","1931","64","12","6",
"0500000US19129","Mills County, Iowa","3326","50","3324","50","350","65","356","86","316","98","410","92","696","113","583","135","613","17","2","3",
"0500000US19131","Mitchell County, Iowa","2522","29","2521","28","459","57","184","53","121","53","355","92","560","106","388","84","454","8","1","2",
"0500000US19133","Monona County, Iowa","1935","44","1934","44","338","30","109","31","139","52","361","83","263","71","332","84","392","34","1","3",
"0500000US19135","Monroe County, Iowa","1731","29","1731","29","226","78","211","75","123","54","277","79","240","78","319","100","335","27","0","15",
"0500000US19137","Montgomery County, Iowa","2307","25","2307","25","414","106","168","54","118","51","342","105","435","101","438","111","392","3","0","16",
"0500000US19139","Muscatine County, Iowa","10171","25","10171","25","1419","190","1052","187","544","184","1456","255","1695","256","2119","265","1886","66","0","22",
"0500000US19141","O'Brien County, Iowa","3446","44","3446","44","611","102","354","80","268","113","531","108","619","133","512","122","551","66","0","16",
"0500000US19143","Osceola County, Iowa","1383","50","1383","50","219","57","133","48","108","59","216","59","231","67","254","78","222","17","0","15",
"0500000US19145","Page County, Iowa","2906","121","2803","119","410","51","297","66","226","79","419","88","462","94","531","102","458","44","103","32",
"0500000US19147","Palo Alto County, Iowa","2044","64","2044","64","370","53","149","46","119","43","403","70","243","47","342","70","418","37","0","15",
"0500000US19149","Plymouth County, Iowa","6443","63","6443","63","766","123","749","103","451","128","1081","187","1069","148","1101","195","1226","66","0","19",
"0500000US19151","Pocahontas County, Iowa","1644","14","1644","14","283","32","163","34","129","39","215","46","243","52","300","60","311","21","0","15",
"0500000US19153","Polk County, Iowa","122594","39","122399","54","18930","691","13756","693","6351","629","21157","1013","20036","991","21261","1041","20908","41","195","31",
"0500000US19155","Pottawattamie County, Iowa","21407","16","21345","29","3133","245","2124","252","1396","246","3608","370","3897","363","3410","320","3777","107","62","25",
"0500000US19157","Poweshiek County, Iowa","3593","51","3593","51","502","71","349","76","119","55","577","138","707","127","660","133","679","37","0","16",
"0500000US19159","Ringgold County, Iowa","1042","24","1042","24","158","25","105","25","87","31","180","50","145","31","163","43","204","10","0","10",
"0500000US19161","Sac County, Iowa","2105","24","2105","24","298","45","243","41","111","43","326","54","305","53","410","63","412","21","0","15",
"0500000US19163","Scott County, Iowa","40411","31","40364","50","5943","381","4145","379","2390","306","7107","473","6201","492","7338","500","7240","30","47","41",
"0500000US19165","Shelby County, Iowa","2699","67","2698","67","409","73","246","60","118","42","404","78","508","85","453","89","560","54","1","3",
"0500000US19167","Sioux County, Iowa","9837","48","9824","56","1605","107","974","106","453","147","1745","201","1632","207","1640","249","1775","36","13","33",
"0500000US19169","Story County, Iowa","16276","*****","16202","45","2496","178","1708","178","703","149","2925","299","2815","252","2725","266","2830","100","74","45",
"0500000US19171","Tama County, Iowa","4003","*****","3937","14","595","57","361","59","260","75","695","85","677","85","673","109","676","29","66","13",
"0500000US19173","Taylor County, Iowa","1330","47","1330","47","206","35","84","28","107","37","216","43","191","58","270","54","256","28","0","15",
"0500000US19175","Union County, Iowa","2697","21","2697","21","369","48","270","57","97","50","314","83","504","82","511","102","632","55","0","16",
"0500000US19177","Van Buren County, Iowa","1709","12","1709","12","333","45","138","44","83","41","212","61","321","55","322","62","300","12","0","15",
"0500000US19179","Wapello County, Iowa","8432","93","8354","97","1275","167","842","165","534","218","1096","184","1586","264","1477","224","1544","109","78","28",
"0500000US19181","Warren County, Iowa","13292","17","13287","20","1719","168","1416","153","731","157","2154","233","2314","268","2551","282","2402","40","5","9",
"0500000US19183","Washington County, Iowa","5533","40","5533","40","937","87","514","65","208","89","765","120","1122","140","1012","141","975","33","0","19",
"0500000US19185","Wayne County, Iowa","1695","45","1695","45","259","35","190","35","76","37","324","50","225","44","319","66","302","16","0","15",
"0500000US19187","Webster County, Iowa","7885","44","7866","49","1196","152","914","149","341","136","1213","219","1176","228","1547","305","1479","193","19","20",
"0500000US19189","Winnebago County, Iowa","2229","62","2229","62","308","55","196","73","118","54","332","86","371","81","510","103","394","35","0","16",
"0500000US19191","Winneshiek County, Iowa","3714","60","3703","59","641","86","291","67","96","42","710","110","481","118","727","136","757","49","11","16",
"0500000US19193","Woodbury County, Iowa","27391","*****","27343","19","4082","342","3179","333","1720","365","4326","408","4598","410","4645","411","4793","64","48","18",
"0500000US19195","Worth County, Iowa","1520","25","1520","25","219","35","179","32","89","32","235","53","181","48","345","71","272","14","0","15",
"0500000US19197","Wright County, Iowa","3329","64","3329","64","501","109","344","109","156","70","545","126","528","91","534","120","721","72","0","16",
"0500000US20001","Allen County, Kansas","2814","13","2801","21","547","99","177","74","228","114","496","123","430","79","442","101","481","21","13","18",
"0500000US20003","Anderson County, Kansas","2009","23","1988","46","324","101","239","64","96","76","447","156","326","107","246","82","310","42","21","42",
"0500000US20005","Atchison County, Kansas","3537","23","3470","101","510","82","306","77","195","96","572","171","714","178","537","152","636","104","67","98",
"0500000US20007","Barber County, Kansas","932","86","930","86","132","31","98","30","66","31","185","38","182","46","117","42","150","28","2","5",
"0500000US20009","Barton County, Kansas","6044","*****","6028","8","1056","111","510","107","320","102","1087","193","1199","212","799","164","1057","18","16","6",
"0500000US20011","Bourbon County, Kansas","3601","54","3601","54","652","120","318","81","235","96","741","137","518","140","464","115","673","63","0","18",
"0500000US20013","Brown County, Kansas","2333","*****","2333","6","352","46","208","77","123","38","476","86","500","80","289","71","385","11","0","16",
"0500000US20015","Butler County, Kansas","16796","*****","16791","11","2031","181","1683","181","440","107","2714","309","3253","366","3240","331","3430","121","5","13",
"0500000US20017","Chase County, Kansas","523","60","523","60","67","24","63","35","42","20","102","33","72","26","80","24","97","24","0","11",
"0500000US20019","Chautauqua County, Kansas","741","*****","741","5","96","23","75","24","46","26","112","31","110","29","165","34","137","27","0","11",
"0500000US20021","Cherokee County, Kansas","4356","*****","4356","5","732","106","389","119","284","95","621","150","613","117","827","150","890","67","0","18",
"0500000US20023","Cheyenne County, Kansas","598","12","598","12","126","19","27","14","35","21","92","30","77","31","154","42","87","7","0","11",
"0500000US20025","Clark County, Kansas","500","80","500","80","62","28","48","17","16","13","68","22","116","37","78","30","112","34","0","11",
"0500000US20027","Clay County, Kansas","1853","58","1853","58","217","42","229","47","73","37","396","67","308","57","305","77","325","7","0","16",
"0500000US20029","Cloud County, Kansas","2062","33","2062","33","321","61","273","50","119","49","287","72","297","62","440","107","325","4","0","16",
"0500000US20031","Coffey County, Kansas","1783","39","1783","39","218","34","158","35","101","36","248","44","390","45","294","49","374","46","0","16",
"0500000US20033","Comanche County, Kansas","334","75","334","75","35","19","20","12","10","9","40","20","78","36","73","27","78","25","0","11",
"0500000US20035","Cowley County, Kansas","8111","*****","8104","9","979","150","881","156","222","103","1146","185","1467","186","1924","231","1485","58","7","6",
"0500000US20037","Crawford County, Kansas","8662","75","8651","74","1372","127","845","132","492","164","1264","222","1311","186","1792","256","1575","94","11","7",
"0500000US20039","Decatur County, Kansas","568","36","568","36","70","18","79","20","17","17","98","36","146","50","101","29","57","34","0","11",
"0500000US20041","Dickinson County, Kansas","4283","43","4280","44","674","64","272","65","257","115","585","93","708","140","1022","158","762","52","3","7",
"0500000US20043","Doniphan County, Kansas","1583","43","1583","43","277","52","113","46","93","37","219","36","262","52","351","64","268","18","0","16",
"0500000US20045","Douglas County, Kansas","21113","*****","21050","38","3131","269","2098","268","1266","306","3574","452","4042","452","3561","445","3378","202","63","37",
"0500000US20047","Edwards County, Kansas","645","34","644","34","100","34","60","25","40","26","111","34","67","25","153","52","113","28","1","4",
"0500000US20049","Elk County, Kansas","567","*****","567","5","59","25","62","26","41","21","77","27","91","20","122","20","115","10","0","11",
"0500000US20051","Ellis County, Kansas","5820","52","5820","52","670","112","779","113","274","83","867","131","1046","135","1199","141","985","56","0","21",
"0500000US20053","Ellsworth County, Kansas","1122","*****","1122","4","160","27","112","26","63","33","233","36","197","35","169","41","188","13","0","16",
"0500000US20055","Finney County, Kansas","11379","29","11376","30","1711","186","1250","199","714","193","2189","286","1663","342","1859","259","1990","63","3","5",
"0500000US20057","Ford County, Kansas","10197","13","10185","12","1439","270","1399","266","516","289","1581","336","1356","283","2211","320","1683","40","12","5",
"0500000US20059","Franklin County, Kansas","6031","36","6027","36","927","175","561","172","306","99","1004","156","1083","160","1060","159","1086","48","4","8",
"0500000US20061","Geary County, Kansas","11373","*****","11346","13","2476","230","1615","227","694","240","1859","285","1703","251","1727","310","1272","51","27","15",
"0500000US20063","Gove County, Kansas","706","83","705","82","116","26","78","19","37","14","118","44","121","38","122","32","113","29","1","2",
"0500000US20065","Graham County, Kansas","496","35","496","35","76","21","34","18","21","17","84","19","73","19","99","19","109","19","0","11",
"0500000US20067","Grant County, Kansas","2214","*****","2214","4","347","90","203","89","3","6","287","183","305","142","659","166","410","159","0","16",
"0500000US20069","Gray County, Kansas","1625","21","1625","21","248","46","167","45","51","30","219","71","259","79","371","49","310","35","0","16",
"0500000US20071","Greeley County, Kansas","405","68","405","68","55","27","44","24","9","9","97","37","68","18","58","19","74","26","0","11",
"0500000US20073","Greenwood County, Kansas","1271","*****","1271","5","200","49","82","32","70","29","232","43","217","49","205","44","265","30","0","16",
"0500000US20075","Hamilton County, Kansas","836","101","836","101","122","57","55","17","99","49","153","73","189","54","112","53","106","59","0","11",
"0500000US20077","Harper County, Kansas","1391","33","1391","33","218","59","107","44","45","33","155","58","254","59","303","71","309","50","0","16",
"0500000US20079","Harvey County, Kansas","7934","68","7896","70","1136","177","681","174","644","204","935","172","1326","210","1793","261","1381","109","38","16",
"0500000US20081","Haskell County, Kansas","981","14","981","14","132","36","140","37","65","55","155","65","90","44","163","45","236","30","0","11",
"0500000US20083","Hodgeman County, Kansas","424","85","424","85","37","22","46","23","24","12","73","21","78","42","93","28","73","29","0","11",
"0500000US20085","Jackson County, Kansas","3312","5","3307","12","560","80","310","79","183","64","519","107","486","87","646","125","603","26","5","12",
"0500000US20087","Jefferson County, Kansas","4033","39","4033","39","555","92","386","70","252","69","641","116","689","105","675","154","835","69","0","18",
"0500000US20089","Jewell County, Kansas","618","28","618","28","105","23","54","16","64","32","122","28","59","33","93","26","121","25","0","11",
"0500000US20091","Johnson County, Kansas","145751","23","145669","68","21459","782","14812","781","7650","663","23829","1164","25763","1098","25612","1219","26544","56","82","57",
"0500000US20093","Kearny County, Kansas","1099","45","1099","45","123","41","147","41","75","44","145","67","171","74","268","111","170","53","0","11",
"0500000US20095","Kingman County, Kansas","1641","26","1634","27","213","43","189","47","58","38","353","66","300","71","226","70","295","32","7","2",
"0500000US20097","Kiowa County, Kansas","563","26","562","26","92","13","62","14","21","11","139","36","70","22","75","21","103","8","1","3",
"0500000US20099","Labette County, Kansas","4838","*****","4810","26","788","89","459","89","296","91","723","142","782","113","901","168","861","84","28","24",
"0500000US20101","Lane County, Kansas","361","75","361","75","39","17","43","21","1","2","77","31","63","29","74","37","64","28","0","11",
"0500000US20103","Leavenworth County, Kansas","19651","*****","19622","51","2745","244","2249","238","1175","226","3344","354","3475","337","3336","290","3298","49","29","49",
"0500000US20105","Lincoln County, Kansas","617","3","617","3","89","17","53","16","70","36","109","33","68","23","85","39","143","14","0","11",
"0500000US20107","Linn County, Kansas","2146","43","2146","43","282","56","216","55","139","46","239","61","473","65","388","68","409","26","0","16",
"0500000US20109","Logan County, Kansas","629","25","629","25","90","28","98","29","27","16","115","38","145","45","54","20","100","11","0","11",
"0500000US20111","Lyon County, Kansas","7133","27","7133","27","1144","118","679","115","439","145","1203","207","1401","222","1014","147","1253","38","0","24",
"0500000US20113","McPherson County, Kansas","6534","71","6531","72","1022","79","496","76","242","93","1296","208","1011","165","1214","189","1250","75","3","10",
"0500000US20115","Marion County, Kansas","2476","27","2476","27","293","52","278","55","146","38","426","62","389","65","477","70","467","23","0","18",
"0500000US20117","Marshall County, Kansas","2420","66","2420","66","416","72","202","47","243","83","386","70","410","85","325","81","438","34","0","16",
"0500000US20119","Meade County, Kansas","1014","85","1014","85","167","42","111","32","91","34","144","38","152","39","195","44","154","34","0","11",
"0500000US20121","Miami County, Kansas","8228","*****","8178","69","988","157","815","138","343","162","1322","219","1688","236","1449","198","1573","116","50","70",
"0500000US20123","Mitchell County, Kansas","1325","57","1325","57","165","44","178","36","40","20","267","68","272","63","153","66","250","30","0","16",
"0500000US20125","Montgomery County, Kansas","7318","118","7307","119","985","134","791","109","304","85","1155","167","1125","155","1452","198","1495","125","11","20",
"0500000US20127","Morris County, Kansas","1103","73","1103","73","175","41","89","41","76","33","188","56","130","38","255","56","190","19","0","16",
"0500000US20129","Morton County, Kansas","636","43","636","43","89","69","43","32","73","76","83","75","151","75","48","38","149","73","0","11",
"0500000US20131","Nemaha County, Kansas","2730","*****","2730","5","470","56","258","50","127","61","349","90","588","86","478","77","460","26","0","18",
"0500000US20133","Neosho County, Kansas","3746","69","3738","68","497","96","464","87","218","96","519","155","622","127","750","142","668","47","8","13",
"0500000US20135","Ness County, Kansas","524","56","524","56","49","22","35","12","12","12","70","32","59","23","129","41","170","49","0","11",
"0500000US20137","Norton County, Kansas","1077","90","1076","92","161","46","131","45","97","38","193","53","196","58","111","53","187","30","1","6",
"0500000US20139","Osage County, Kansas","3625","16","3625","16","537","73","290","68","146","62","605","103","587","94","732","92","728","30","0","18",
"0500000US20141","Osborne County, Kansas","762","19","762","19","140","19","68","21","52","22","109","24","157","38","107","31","129","10","0","11",
"0500000US20143","Ottawa County, Kansas","1369","53","1369","53","181","43","148","43","37","29","223","59","254","63","264","58","262","23","0","16",
"0500000US20145","Pawnee County, Kansas","893","30","884","30","112","47","128","45","33","25","144","73","170","60","175","48","122","21","9","4",
"0500000US20147","Phillips County, Kansas","1083","28","1083","28","184","31","98","32","80","26","145","45","175","49","193","54","208","17","0","11",
"0500000US20149","Pottawatomie County, Kansas","7557","32","7557","32","1089","140","792","136","433","141","1053","235","1385","184","1444","290","1361","46","0","21",
"0500000US20151","Pratt County, Kansas","2253","48","2251","48","270","52","208","54","147","73","370","115","329","92","381","129","546","110","2","2",
"0500000US20153","Rawlins County, Kansas","552","19","552","19","101","16","59","19","52","21","88","25","101","30","74","40","77","8","0","11",
"0500000US20155","Reno County, Kansas","13518","8","13459","56","1924","167","1272","176","928","219","2438","299","1907","261","2409","279","2581","81","59","59",
"0500000US20157","Republic County, Kansas","1140","46","1140","46","140","28","117","35","28","22","276","69","150","31","251","72","178","19","0","11",
"0500000US20159","Rice County, Kansas","2190","42","2175","44","312","61","238","56","39","18","503","99","369","77","303","94","411","68","15","22",
"0500000US20161","Riley County, Kansas","11589","*****","11528","52","1904","247","1521","246","686","195","2164","248","1506","248","2063","296","1684","84","61","50",
"0500000US20163","Rooks County, Kansas","1001","29","1001","29","147","34","99","32","52","32","160","35","145","32","219","38","179","13","0","11",
"0500000US20165","Rush County, Kansas","589","99","588","99","98","30","83","27","18","20","111","36","100","43","80","21","98","29","1","4",
"0500000US20167","Russell County, Kansas","1460","55","1460","55","197","54","156","55","94","52","250","100","256","89","232","89","275","40","0","16",
"0500000US20169","Saline County, Kansas","12185","*****","12136","40","1981","269","1184","252","829","206","2053","283","1932","307","2068","315","2089","134","49","35",
"0500000US20171","Scott County, Kansas","1232","112","1232","112","192","54","49","50","121","115","194","124","131","116","209","121","336","124","0","16",
"0500000US20173","Sedgwick County, Kansas","131601","*****","131382","78","19256","748","14181","746","6473","615","21513","891","22211","951","24518","1047","23230","85","219","78",
"0500000US20175","Seward County, Kansas","6513","158","6510","157","1059","171","759","162","445","185","853","253","1288","297","1034","272","1072","108","3","6",
"0500000US20177","Shawnee County, Kansas","41081","19","40828","77","6148","375","3958","380","2002","373","6585","480","7219","515","7538","572","7378","53","253","74",
"0500000US20179","Sheridan County, Kansas","614","11","614","11","90","22","51","19","62","24","139","28","80","21","84","45","108","11","0","11",
"0500000US20181","Sherman County, Kansas","1350","30","1349","31","135","65","204","69","58","43","154","71","311","68","258","82","229","31","1","2",
"0500000US20183","Smith County, Kansas","712","24","711","25","116","22","67","20","17","12","125","43","86","24","159","44","141","12","1","3",
"0500000US20185","Stafford County, Kansas","968","13","968","13","99","25","120","25","114","43","159","40","156","32","141","37","179","25","0","11",
"0500000US20187","Stanton County, Kansas","443","98","443","98","52","41","47","51","49","47","77","49","21","25","139","85","58","41","0","11",
"0500000US20189","Stevens County, Kansas","1486","10","1486","10","196","94","88","54","109","92","292","68","251","97","154","78","396","99","0","16",
"0500000US20191","Sumner County, Kansas","5383","30","5382","30","794","91","478","99","363","127","768","164","872","154","1016","166","1091","71","1","3",
"0500000US20193","Thomas County, Kansas","1942","108","1942","108","372","82","128","64","124","75","424","113","197","94","367","129","330","59","0","16",
"0500000US20195","Trego County, Kansas","560","52","556","52","62","25","109","32","52","28","71","38","95","31","94","41","73","23","4","2",
"0500000US20197","Wabaunsee County, Kansas","1593","6","1593","6","233","35","150","30","78","28","293","62","221","59","336","78","282","16","0","16",
"0500000US20199","Wallace County, Kansas","326","73","326","73","64","30","37","25","20","12","52","14","67","26","46","19","40","22","0","11",
"0500000US20201","Washington County, Kansas","1340","22","1339","22","207","30","174","21","127","38","221","36","191","40","197","47","222","12","1","2",
"0500000US20203","Wichita County, Kansas","635","111","635","111","127","55","103","48","50","46","100","50","108","54","72","44","75","32","0","11",
"0500000US20205","Wilson County, Kansas","2032","*****","2032","7","370","51","133","43","201","72","344","75","283","75","343","92","358","19","0","16",
"0500000US20207","Woodson County, Kansas","638","24","638","24","98","21","49","21","64","29","110","43","144","57","58","30","115","11","0","11",
"0500000US20209","Wyandotte County, Kansas","45938","71","45914","70","7376","492","4804","491","2031","388","7576","758","6929","561","9393","723","7805","49","24","6",
"0500000US21001","Adair County, Kentucky","3761","80","3737","81","558","116","342","100","201","95","657","122","875","147","440","127","664","50","24","8",
"0500000US21003","Allen County, Kentucky","4914","61","4914","61","653","109","598","111","288","138","713","232","1049","198","805","258","808","18","0","24",
"0500000US21005","Anderson County, Kentucky","5634","9","5634","9","956","117","444","127","485","235","945","223","827","230","891","253","1086","68","0","24",
"0500000US21007","Ballard County, Kentucky","1520","11","1520","11","175","45","151","47","87","37","286","73","325","59","200","62","296","30","0","18",
"0500000US21009","Barren County, Kentucky","10730","68","10719","69","1723","185","1071","184","508","134","1191","255","2102","276","2156","304","1968","113","11","5",
"0500000US21011","Bath County, Kentucky","3271","*****","3271","7","601","76","273","68","157","73","683","103","511","117","484","119","562","35","0","20",
"0500000US21013","Bell County, Kentucky","5138","18","5129","19","813","169","604","176","420","170","659","138","796","175","933","209","904","117","9","9",
"0500000US21015","Boone County, Kentucky","35763","131","35752","132","5310","454","3600","449","1639","301","6201","581","6759","647","5651","533","6592","37","11","4",
"0500000US21017","Bourbon County, Kentucky","4622","28","4622","28","553","128","633","169","286","128","804","163","583","127","1021","188","742","65","0","24",
"0500000US21019","Boyd County, Kentucky","10159","38","10082","39","1405","174","1005","174","467","180","1847","315","1876","316","1583","327","1899","71","77","15",
"0500000US21021","Boyle County, Kentucky","6467","77","6418","112","763","148","748","124","470","170","1122","209","1311","215","928","183","1076","102","49","77",
"0500000US21023","Bracken County, Kentucky","1950","32","1950","32","329","67","146","71","129","61","299","78","248","80","385","99","414","28","0","18",
"0500000US21025","Breathitt County, Kentucky","2812","83","2798","84","415","71","327","71","140","70","455","93","357","83","560","123","544","66","14","9",
"0500000US21027","Breckinridge County, Kentucky","4768","89","4768","89","780","151","497","114","139","67","696","156","1001","193","812","170","843","74","0","24",
"0500000US21029","Bullitt County, Kentucky","17795","*****","17782","14","2305","238","1908","250","752","170","3365","343","3021","318","3086","335","3345","100","13","13",
"0500000US21031","Butler County, Kentucky","2867","40","2856","41","369","93","386","87","190","87","426","81","517","93","492","106","476","37","11","16",
"0500000US21033","Caldwell County, Kentucky","2895","20","2876","51","541","97","216","81","80","60","481","165","332","131","717","190","509","31","19","45",
"0500000US21035","Calloway County, Kentucky","6972","16","6947","31","983","142","734","149","239","114","1092","201","1412","191","1333","181","1154","71","25","25",
"0500000US21037","Campbell County, Kentucky","19222","45","19193","59","2853","315","2230","310","961","191","3883","363","3348","334","2790","384","3128","65","29","29",
"0500000US21039","Carlisle County, Kentucky","1117","12","1117","12","192","44","93","42","65","44","136","60","250","52","201","56","180","6","0","13",
"0500000US21041","Carroll County, Kentucky","2918","73","2918","73","396","125","362","119","169","88","484","174","387","112","542","185","578","69","0","20",
"0500000US21043","Carter County, Kentucky","5941","78","5938","77","813","120","738","150","274","118","953","172","962","154","1109","237","1089","53","3","5",
"0500000US21045","Casey County, Kentucky","3665","27","3665","27","420","85","609","113","146","76","522","148","571","148","800","189","597","23","0","20",
"0500000US21047","Christian County, Kentucky","20421","66","20379","88","4052","295","2636","273","1327","262","3671","444","3268","376","2711","395","2714","13","42","54",
"0500000US21049","Clark County, Kentucky","8358","*****","8358","5","1313","189","768","202","369","144","1208","218","1401","252","1753","293","1546","76","0","27",
"0500000US21051","Clay County, Kentucky","4096","65","4084","62","574","151","546","148","149","77","654","109","626","146","840","162","695","17","12","24",
"0500000US21053","Clinton County, Kentucky","1974","67","1913","67","385","69","159","63","90","71","359","110","252","102","337","107","331","29","61","11",
"0500000US21055","Crittenden County, Kentucky","2080","89","2080","89","344","53","142","52","91","40","274","80","297","72","542","125","390","26","0","18",
"0500000US21057","Cumberland County, Kentucky","1312","39","1312","39","177","58","177","59","106","69","250","93","209","70","233","111","160","83","0","18",
"0500000US21059","Daviess County, Kentucky","25381","*****","25343","13","4060","438","2536","437","1562","300","4345","395","4561","527","3794","484","4485","131","38","12",
"0500000US21061","Edmonson County, Kentucky","2225","58","2225","58","273","59","264","60","80","46","453","105","438","112","322","95","395","9","0","20",
"0500000US21063","Elliott County, Kentucky","1245","72","1245","72","156","47","107","47","175","115","195","85","202","83","176","66","234","22","0","18",
"0500000US21065","Estill County, Kentucky","2984","7","2984","7","461","82","220","82","213","174","648","109","465","124","363","114","614","49","0","20",
"0500000US21067","Fayette County, Kentucky","67924","*****","67823","50","11928","546","6461","546","3062","515","11377","901","12548","722","10697","717","11750","54","101","50",
"0500000US21069","Fleming County, Kentucky","3656","88","3653","91","598","131","408","106","300","142","662","184","667","167","381","132","637","45","3","13",
"0500000US21071","Floyd County, Kentucky","7729","78","7729","78","920","183","1054","186","423","147","1414","316","967","210","1532","283","1419","65","0","27",
"0500000US21073","Franklin County, Kentucky","10864","23","10513","331","1666","280","1011","208","635","169","1512","239","1625","288","2046","309","2018","151","351","329",
"0500000US21075","Fulton County, Kentucky","1400","7","1400","7","146","64","127","59","63","39","235","86","311","121","287","117","231","93","0","18",
"0500000US21077","Gallatin County, Kentucky","2013","45","2013","45","316","86","200","79","126","69","315","64","371","99","345","90","340","29","0","18",
"0500000US21079","Garrard County, Kentucky","3791","48","3791","48","449","98","502","108","216","83","690","130","671","146","550","140","713","65","0","20",
"0500000US21081","Grant County, Kentucky","6735","7","6735","7","986","138","716","133","245","86","846","184","1472","200","1169","178","1301","55","0","24",
"0500000US21083","Graves County, Kentucky","8849","57","8809","63","1314","161","1098","155","624","182","1416","248","1379","273","1559","301","1419","90","40","14",
"0500000US21085","Grayson County, Kentucky","6349","63","6349","63","1229","176","542","168","254","94","1090","199","905","191","1205","235","1124","75","0","24",
"0500000US21087","Green County, Kentucky","2405","48","2405","48","385","77","222","70","174","97","311","86","548","116","348","104","417","35","0","20",
"0500000US21089","Greenup County, Kentucky","7548","17","7548","17","1012","127","705","129","469","149","1395","182","1261","190","1255","192","1451","38","0","27",
"0500000US21091","Hancock County, Kentucky","2157","*****","2157","13","318","51","182","59","69","54","457","119","356","80","348","91","427","34","0","18",
"0500000US21093","Hardin County, Kentucky","27635","*****","27583","8","3479","331","3552","330","1164","297","5149","598","4774","411","4616","557","4849","31","52","4",
"0500000US21095","Harlan County, Kentucky","6120","*****","6119","5","729","125","797","126","168","73","1046","209","1230","175","1056","176","1093","61","1","2",
"0500000US21097","Harrison County, Kentucky","4476","58","4476","58","595","135","597","141","222","85","852","158","470","123","928","183","812","45","0","20",
"0500000US21099","Hart County, Kentucky","4782","68","4782","68","650","105","582","109","134","83","833","163","876","178","900","227","807","25","0","20",
"0500000US21101","Henderson County, Kentucky","10016","43","10015","43","1348","175","1055","165","460","114","1803","250","1440","263","2056","327","1853","71","1","3",
"0500000US21103","Henry County, Kentucky","3722","17","3722","17","520","89","401","95","188","76","630","137","545","117","715","151","723","48","0","20",
"0500000US21105","Hickman County, Kentucky","855","3","855","3","69","36","120","32","14","19","140","68","130","47","149","69","233","41","0","13",
"0500000US21107","Hopkins County, Kentucky","10378","71","10378","71","1405","159","1213","158","486","143","1969","320","1562","225","1923","293","1820","38","0","27",
"0500000US21109","Jackson County, Kentucky","3111","66","3096","66","519","130","278","132","280","137","396","156","463","129","580","155","580","37","15","4",
"0500000US21111","Jefferson County, Kentucky","174276","30","173845","120","29532","939","18209","940","9533","847","27602","1299","29024","1230","30326","1279","29619","112","431","125",
"0500000US21113","Jessamine County, Kentucky","12966","35","12947","38","1842","282","1449","285","636","194","2636","383","2048","279","2120","350","2216","112","19","12",
"0500000US21115","Johnson County, Kentucky","4966","52","4933","62","680","171","477","167","384","140","1066","228","657","154","728","165","941","36","33","30",
"0500000US21117","Kenton County, Kentucky","39980","42","39934","42","6561","407","4324","409","2393","364","6176","560","6594","490","6969","502","6917","32","46","5",
"0500000US21119","Knott County, Kentucky","2741","55","2731","55","265","107","340","107","112","64","486","144","691","130","344","150","493","5","10","2",
"0500000US21121","Knox County, Kentucky","7053","217","7024","216","1222","187","600","184","283","148","1401","253","1271","228","1045","270","1202","30","29","11",
"0500000US21123","Larue County, Kentucky","3401","9","3376","18","399","78","405","87","74","46","498","157","575","130","826","150","599","30","25","15",
"0500000US21125","Laurel County, Kentucky","14265","51","14254","52","2141","216","1471","220","929","228","2977","351","2375","266","1883","282","2478","64","11","3",
"0500000US21127","Lawrence County, Kentucky","3763","86","3763","86","496","130","435","113","138","82","461","131","865","211","705","188","663","7","0","20",
"0500000US21129","Lee County, Kentucky","1330","50","1328","51","208","83","135","82","154","97","147","80","296","111","253","102","135","63","2","5",
"0500000US21131","Leslie County, Kentucky","2085","35","2085","35","164","80","332","80","121","80","240","87","354","159","493","138","381","28","0","20",
"0500000US21133","Letcher County, Kentucky","4542","79","4542","79","633","122","457","109","195","89","566","142","1042","152","809","173","840","28","0","24",
"0500000US21135","Lewis County, Kentucky","2942","105","2942","105","356","76","412","76","75","49","544","143","462","119","561","160","532","27","0","20",
"0500000US21137","Lincoln County, Kentucky","5971","34","5971","34","920","150","792","140","365","134","720","169","1288","202","914","171","972","35","0","24",
"0500000US21139","Livingston County, Kentucky","1963","67","1963","67","356","102","141","38","65","44","272","121","497","156","261","90","371","39","0","18",
"0500000US21141","Logan County, Kentucky","6789","23","6789","23","1144","169","751","160","238","82","1557","211","1045","170","923","194","1131","58","0","24",
"0500000US21143","Lyon County, Kentucky","1207","60","1207","60","105","37","148","43","40","42","173","50","250","100","203","75","288","42","0","18",
"0500000US21145","McCracken County, Kentucky","14733","*****","14712","10","1707","224","2022","227","690","232","2563","385","2884","398","2322","350","2524","80","21","7",
"0500000US21147","McCreary County, Kentucky","3672","*****","3638","40","458","102","468","101","205","112","689","141","518","115","692","178","608","13","34","40",
"0500000US21149","McLean County, Kentucky","2053","45","2053","45","218","53","282","57","162","83","254","79","369","113","370","100","398","18","0","18",
"0500000US21151","Madison County, Kentucky","20145","*****","20081","50","3012","298","2297","277","1190","227","3290","382","3613","468","3215","402","3464","80","64","50",
"0500000US21153","Magoffin County, Kentucky","2545","*****","2545","3","412","89","274","86","128","64","549","153","281","102","439","152","462","22","0","20",
"0500000US21155","Marion County, Kentucky","4700","*****","4700","5","645","139","498","122","193","78","566","138","937","225","987","159","874","124","0","20",
"0500000US21157","Marshall County, Kentucky","6388","34","6385","33","789","134","700","124","646","180","961","218","1141","193","884","265","1264","44","3","6",
"0500000US21159","Martin County, Kentucky","2179","73","2179","73","425","131","210","106","26","24","310","109","301","81","522","127","385","20","0","20",
"0500000US21161","Mason County, Kentucky","3790","47","3790","47","665","88","297","110","155","100","712","161","585","151","683","144","693","36","0","20",
"0500000US21163","Meade County, Kentucky","6607","39","6605","40","856","104","645","100","401","178","1250","174","1054","171","1290","199","1109","53","2","5",
"0500000US21165","Menifee County, Kentucky","1311","179","1303","179","196","77","147","66","29","46","260","114","257","89","148","72","266","107","8","6",
"0500000US21167","Mercer County, Kentucky","5017","106","5017","106","972","164","493","142","323","181","914","214","837","152","636","182","842","72","0","24",
"0500000US21169","Metcalfe County, Kentucky","2456","101","2456","101","192","99","379","100","115","80","468","149","528","106","331","133","443","56","0","20",
"0500000US21171","Monroe County, Kentucky","2753","86","2752","86","432","112","259","112","164","72","506","113","392","97","506","113","493","73","1","3",
"0500000US21173","Montgomery County, Kentucky","6593","26","6585","31","1021","139","532","130","460","169","992","183","936","180","1426","238","1218","103","8","11",
"0500000US21175","Morgan County, Kentucky","2824","125","2813","124","445","104","309","110","133","67","385","96","569","112","455","101","517","68","11","2",
"0500000US21177","Muhlenberg County, Kentucky","6449","*****","6449","7","898","160","750","167","333","134","1269","224","1055","190","901","159","1243","93","0","27",
"0500000US21179","Nelson County, Kentucky","10972","56","10972","56","1562","200","1314","193","657","190","2103","335","1844","225","1580","315","1912","106","0","27",
"0500000US21181","Nicholas County, Kentucky","1879","17","1879","17","229","84","206","84","39","32","277","87","316","79","495","102","317","2","0","18",
"0500000US21183","Ohio County, Kentucky","5663","33","5663","33","608","129","673","107","182","69","930","147","905","171","1290","200","1075","57","0","24",
"0500000US21185","Oldham County, Kentucky","17135","*****","17124","15","1948","182","1460","182","985","239","2757","319","3349","240","3209","264","3416","40","11","15",
"0500000US21187","Owen County, Kentucky","2499","42","2499","42","367","74","223","60","179","83","362","98","321","117","578","128","469","57","0","20",
"0500000US21189","Owsley County, Kentucky","766","132","766","132","107","55","182","76","14","25","112","64","132","78","88","46","131","40","0","13",
"0500000US21191","Pendleton County, Kentucky","3427","68","3427","68","531","94","302","93","221","110","455","141","425","144","801","189","692","58","0","20",
"0500000US21193","Perry County, Kentucky","6435","19","6382","21","1055","138","593","130","366","163","768","230","1172","295","1380","318","1048","62","53","11",
"0500000US21195","Pike County, Kentucky","11494","55","11494","55","1357","234","1461","240","446","156","1835","295","1985","293","2223","315","2187","65","0","30",
"0500000US21197","Powell County, Kentucky","3230","84","3229","83","525","85","244","88","207","111","338","111","726","185","612","159","577","40","1","2",
"0500000US21199","Pulaski County, Kentucky","14636","101","14606","101","1945","176","1721","180","716","158","2328","367","2366","297","2840","339","2690","119","30","3",
"0500000US21201","Robertson County, Kentucky","607","126","607","126","37","28","50","47","87","75","66","40","132","75","118","45","117","56","0","13",
"0500000US21203","Rockcastle County, Kentucky","3480","58","3480","58","540","113","323","100","208","97","469","121","609","173","628","138","703","35","0","20",
"0500000US21205","Rowan County, Kentucky","4821","131","4660","135","799","196","497","188","239","129","662","210","872","225","906","241","685","82","161","77",
"0500000US21207","Russell County, Kentucky","4212","22","4210","22","558","159","464","154","199","126","726","204","678","195","831","222","754","30","2","2",
"0500000US21209","Scott County, Kentucky","14479","*****","14459","22","2263","210","1420","199","880","233","2204","307","2616","334","2529","313","2547","23","20","19",
"0500000US21211","Shelby County, Kentucky","10890","*****","10875","25","1731","219","1094","234","884","235","1549","290","1785","241","1895","332","1937","78","15","24",
"0500000US21213","Simpson County, Kentucky","4679","*****","4679","9","683","136","387","143","337","116","884","250","877","253","739","226","772","51","0","20",
"0500000US21215","Spencer County, Kentucky","4550","23","4550","23","620","99","440","103","305","123","542","125","839","144","978","145","826","27","0","24",
"0500000US21217","Taylor County, Kentucky","6083","64","6076","63","879","174","621","171","272","168","726","166","1524","258","994","253","1060","71","7","10",
"0500000US21219","Todd County, Kentucky","3370","18","3359","21","559","85","351","90","211","78","587","126","621","115","438","111","592","50","11","16",
"0500000US21221","Trigg County, Kentucky","3128","15","3127","14","488","90","326","79","49","33","728","142","465","102","524","110","547","35","1","4",
"0500000US21223","Trimble County, Kentucky","1812","28","1812","28","223","106","196","106","5","5","310","145","447","132","298","98","333","4","0","18",
"0500000US21225","Union County, Kentucky","2499","42","2432","67","466","83","219","69","128","70","483","94","267","69","464","104","405","31","67","47",
"0500000US21227","Warren County, Kentucky","33379","158","33089","221","5685","466","3501","480","2028","346","5388","559","5321","551","5727","562","5439","122","290","143",
"0500000US21229","Washington County, Kentucky","2783","*****","2783","5","418","107","291","100","74","54","588","193","397","101","523","163","492","28","0","20",
"0500000US21231","Wayne County, Kentucky","4007","12","3977","13","679","108","366","89","144","78","585","119","665","100","786","158","752","133","30","5",
"0500000US21233","Webster County, Kentucky","3084","16","3081","16","432","87","325","93","168","64","556","112","620","139","460","119","520","48","3","4",
"0500000US21235","Whitley County, Kentucky","9657","70","9657","70","1512","208","1107","201","378","141","1430","207","1738","266","1883","303","1609","66","0","27",
"0500000US21237","Wolfe County, Kentucky","1444","41","1426","41","107","58","285","58","55","68","214","92","299","118","242","108","224","117","18","7",
"0500000US21239","Woodford County, Kentucky","5929","8","5929","8","594","82","769","88","224","80","1228","190","1021","168","1102","188","991","89","0","24",
"0500000US22001","Acadia Parish, Louisiana","14789","87","14780","88","2298","280","1556","275","1085","369","2129","388","2559","309","2443","481","2710","121","9","12",
"0500000US22003","Allen Parish, Louisiana","5206","9","5202","10","794","106","560","107","418","128","926","204","669","155","923","230","912","14","4","3",
"0500000US22005","Ascension Parish, Louisiana","34379","*****","34374","15","5353","404","3209","402","1735","342","5326","546","6016","622","6649","666","6086","45","5","14",
"0500000US22007","Assumption Parish, Louisiana","4188","31","4188","31","543","158","479","170","233","119","600","137","670","156","837","177","826","98","0","26",
"0500000US22009","Avoyelles Parish, Louisiana","9302","39","9297","39","1737","186","809","184","484","151","1455","230","1593","291","1670","265","1549","45","5","5",
"0500000US22011","Beauregard Parish, Louisiana","9261","*****","9261","5","1383","135","1071","136","531","111","1829","206","1801","223","1012","177","1634","26","0","30",
"0500000US22013","Bienville Parish, Louisiana","2860","16","2860","16","333","82","407","84","114","81","559","128","549","157","363","102","535","11","0","22",
"0500000US22015","Bossier Parish, Louisiana","32213","*****","32210","10","5206","367","3096","347","1504","311","5146","639","5932","546","5822","662","5504","95","3","7",
"0500000US22017","Caddo Parish, Louisiana","54012","*****","53847","155","8401","481","5557","485","3336","517","7903","751","8237","729","11188","715","9225","173","165","151",
"0500000US22019","Calcasieu Parish, Louisiana","51633","22","51554","84","7747","687","6069","676","2087","446","7933","1071","9166","814","9763","913","8789","116","79","86",
"0500000US22021","Caldwell Parish, Louisiana","2134","8","2120","16","241","74","225","63","85","65","380","149","347","157","401","147","441","43","14","12",
"0500000US22023","Cameron Parish, Louisiana","1220","106","1220","106","183","106","198","61","42","22","173","67","136","69","286","63","202","29","0","20",
"0500000US22025","Catahoula Parish, Louisiana","1899","*****","1899","3","226","79","200","71","177","77","324","126","306","128","415","125","251","52","0","20",
"0500000US22027","Claiborne Parish, Louisiana","2626","4","2626","4","292","107","327","107","208","91","439","150","424","126","541","184","395","94","0","22",
"0500000US22029","Concordia Parish, Louisiana","4245","71","4245","71","627","108","458","109","189","88","734","165","711","185","760","179","766","35","0","22",
"0500000US22031","De Soto Parish, Louisiana","6459","*****","6456","5","809","194","761","187","469","146","1078","205","1146","198","1014","178","1179","47","3","2",
"0500000US22033","East Baton Rouge Parish, Louisiana","102690","*****","102469","90","15959","937","12237","942","6640","1296","17534","1325","17225","1160","15982","1369","16892","94","221","91",
"0500000US22035","East Carroll Parish, Louisiana","1332","106","1332","106","89","62","32","31","35","41","292","107","341","118","318","99","225","105","0","20",
"0500000US22037","East Feliciana Parish, Louisiana","3357","100","3339","101","287","79","605","78","211","111","750","195","435","125","597","142","454","82","18","23",
"0500000US22039","Evangeline Parish, Louisiana","8251","141","8245","141","1221","224","896","221","483","153","1388","256","1147","198","1501","326","1609","181","6","11",
"0500000US22041","Franklin Parish, Louisiana","4813","31","4813","31","937","132","324","132","251","114","1045","174","710","166","683","198","863","7","0","22",
"0500000US22043","Grant Parish, Louisiana","4614","*****","4614","8","743","125","516","110","132","69","719","147","883","164","826","167","795","66","0","26",
"0500000US22045","Iberia Parish, Louisiana","17415","*****","17412","6","2779","313","1809","315","1058","349","2661","421","3210","477","2891","415","3004","253","3","4",
"0500000US22047","Iberville Parish, Louisiana","5971","188","5971","188","892","171","734","172","131","88","1216","355","1189","321","818","260","991","2","0","26",
"0500000US22049","Jackson Parish, Louisiana","3102","81","3100","81","507","92","214","78","292","130","504","147","401","118","576","152","606","43","2","6",
"0500000US22051","Jefferson Parish, Louisiana","96631","39","96552","53","15591","868","11429","875","4862","593","15896","851","15363","879","17384","1107","16027","32","79","36",
"0500000US22053","Jefferson Davis Parish, Louisiana","8016","49","8016","49","1162","223","891","234","580","175","1152","217","1472","222","1322","260","1437","54","0","30",
"0500000US22055","Lafayette Parish, Louisiana","59948","*****","59895","52","9196","581","7158","588","2998","511","9335","920","9876","836","11305","995","10027","58","53","50",
"0500000US22057","Lafourche Parish, Louisiana","22001","*****","21987","37","3576","379","2089","381","1342","288","3174","398","3986","457","3921","402","3899","64","14","32",
"0500000US22059","LaSalle Parish, Louisiana","3421","344","3421","344","625","209","590","201","185","73","603","156","447","144","510","158","461","15","0","22",
"0500000US22061","Lincoln Parish, Louisiana","9512","*****","9411","67","1195","234","1257","196","458","132","1804","335","1573","240","1491","314","1633","100","101","66",
"0500000US22063","Livingston Parish, Louisiana","38220","72","38218","71","5356","472","4138","477","2229","495","6236","661","6956","679","6437","498","6866","73","2","2",
"0500000US22065","Madison Parish, Louisiana","2437","77","2401","91","442","89","239","96","199","91","417","128","410","108","410","106","284","98","36","40",
"0500000US22067","Morehouse Parish, Louisiana","5661","55","5660","55","758","229","682","229","155","89","1034","229","1311","234","694","285","1026","32","1","3",
"0500000US22069","Natchitoches Parish, Louisiana","8400","36","8400","36","1369","120","799","121","396","101","1259","195","1695","214","1381","190","1501","21","0","30",
"0500000US22071","Orleans Parish, Louisiana","73203","34","73047","103","11968","718","8246","719","4208","547","11657","743","12008","733","12762","842","12198","87","156","96",
"0500000US22073","Ouachita Parish, Louisiana","38938","*****","38798","46","6726","425","3411","413","1911","367","6489","567","6889","685","6803","693","6569","192","140","46",
"0500000US22075","Plaquemines Parish, Louisiana","5616","51","5609","54","709","128","705","131","271","140","1116","212","938","273","924","225","946","74","7","10",
"0500000US22077","Pointe Coupee Parish, Louisiana","4322","3","4322","3","562","163","379","113","133","72","484","146","615","177","1286","213","863","210","0","26",
"0500000US22079","Rapides Parish, Louisiana","31881","*****","31696","149","4569","421","3630","412","1636","334","4934","527","5580","481","5810","513","5537","166","185","147",
"0500000US22081","Red River Parish, Louisiana","1744","*****","1743","4","339","70","114","70","44","34","172","68","213","59","509","114","352","67","1","2",
"0500000US22083","Richland Parish, Louisiana","4682","20","4655","21","674","141","593","134","243","98","685","183","855","200","795","190","810","17","27","6",
"0500000US22085","Sabine Parish, Louisiana","5088","10","5088","10","745","88","551","78","218","78","921","162","764","122","897","134","992","46","0","26",
"0500000US22087","St. Bernard Parish, Louisiana","11514","35","11511","35","1482","259","1429","251","606","190","2057","284","1964","304","2020","382","1953","46","3","5",
"0500000US22089","St. Charles Parish, Louisiana","12384","*****","12384","8","1339","335","1327","317","466","209","2079","360","2403","353","2553","415","2217","95","0","33",
"0500000US22091","St. Helena Parish, Louisiana","2217","*****","2217","3","276","146","315","107","25","35","353","99","303","111","523","119","422","5","0","22",
"0500000US22093","St. James Parish, Louisiana","4322","92","4312","94","418","118","694","120","336","124","733","173","655","137","641","172","835","126","10","22",
"0500000US22095","St. John the Baptist Parish, Louisiana","9799","116","9799","116","1372","189","1021","189","434","181","1414","395","1636","296","1870","396","2052","178","0","30",
"0500000US22097","St. Landry Parish, Louisiana","21689","46","21674","53","3436","395","2214","385","1046","257","3875","470","3583","470","3794","516","3726","23","15","17",
"0500000US22099","St. Martin Parish, Louisiana","12336","24","12335","24","1652","184","1514","185","653","210","2127","371","1848","266","2345","403","2196","75","1","3",
"0500000US22101","St. Mary Parish, Louisiana","11697","*****","11691","6","1936","215","1232","214","417","165","2046","322","1814","265","2266","304","1980","30","6","5",
"0500000US22103","St. Tammany Parish, Louisiana","64297","*****","64290","11","8927","675","6651","676","3162","462","11462","1011","11939","865","9871","882","12278","44","7","4",
"0500000US22105","Tangipahoa Parish, Louisiana","33579","59","33512","62","5605","431","3725","423","1570","498","5908","667","5558","697","5596","664","5550","44","67","13",
"0500000US22107","Tensas Parish, Louisiana","843","*****","843","2","54","35","136","45","58","44","211","102","154","56","103","55","127","40","0","14",
"0500000US22109","Terrebonne Parish, Louisiana","26565","*****","26550","17","3929","475","2845","468","1618","316","3999","465","4228","433","5183","529","4748","113","15","8",
"0500000US22111","Union Parish, Louisiana","4484","23","4484","23","798","116","391","127","261","140","727","181","736","155","775","238","796","31","0","26",
"0500000US22113","Vermilion Parish, Louisiana","14409","10","14409","10","2360","203","1248","210","799","227","2584","356","2451","365","2406","406","2561","82","0","33",
"0500000US22115","Vernon Parish, Louisiana","11985","*****","11959","30","2229","178","1527","178","529","144","1922","222","1985","206","2143","210","1624","50","26","28",
"0500000US22117","Washington Parish, Louisiana","10711","*****","10711","5","1900","320","1025","253","596","233","1719","374","1885","307","1635","365","1951","105","0","30",
"0500000US22119","Webster Parish, Louisiana","8108","49","8104","50","1107","169","957","172","446","147","1276","219","1377","196","1518","240","1423","42","4","6",
"0500000US22121","West Baton Rouge Parish, Louisiana","6848","*****","6848","5","1117","173","581","177","380","173","1231","255","1017","286","1264","273","1258","241","0","26",
"0500000US22123","West Carroll Parish, Louisiana","2132","94","2132","94","160","53","341","71","90","57","433","109","311","103","402","139","395","36","0","20",
"0500000US22125","West Feliciana Parish, Louisiana","2449","85","2449","85","478","115","186","77","219","126","421","119","512","144","303","109","330","130","0","22",
"0500000US22127","Winn Parish, Louisiana","2790","132","2788","132","288","110","401","139","111","53","526","114","476","148","545","125","441","74","2","5",
"0500000US23001","Androscoggin County, Maine","23588","61","23421","69","3781","317","2226","315","1354","299","3506","409","3812","334","4535","445","4207","134","167","37",
"0500000US23003","Aroostook County, Maine","12509","*****","12478","10","1702","136","1381","135","579","134","2129","190","2025","179","2305","215","2357","55","31","9",
"0500000US23005","Cumberland County, Maine","55706","23","55564","78","8502","456","5803","459","2949","393","9443","592","9231","615","9519","612","10117","62","142","77",
"0500000US23007","Franklin County, Maine","5201","66","5201","66","722","119","501","114","428","107","1039","142","777","122","750","170","984","31","0","23",
"0500000US23009","Hancock County, Maine","9153","*****","9135","54","1266","167","1025","156","527","156","1422","198","1602","158","1538","218","1755","63","18","46",
"0500000US23011","Kennebec County, Maine","23739","*****","23685","72","3169","277","2681","261","1279","222","4630","357","4141","386","3632","412","4153","94","54","72",
"0500000US23013","Knox County, Maine","6902","65","6900","65","851","110","700","104","343","157","1213","221","1184","176","1189","195","1420","84","2","6",
"0500000US23015","Lincoln County, Maine","5945","28","5942","30","715","115","669","135","435","138","940","175","800","125","1273","207","1110","30","3","7",
"0500000US23017","Oxford County, Maine","10452","50","10435","105","1544","131","941","131","576","147","1891","195","1859","274","1518","207","2106","82","17","93",
"0500000US23019","Penobscot County, Maine","27249","19","27095","92","4003","306","2563","284","1691","264","4878","428","4489","389","4264","428","5207","89","154","87",
"0500000US23021","Piscataquis County, Maine","2677","61","2665","68","287","69","355","68","117","58","569","103","395","67","443","98","499","33","12","28",
"0500000US23023","Sagadahoc County, Maine","6578","92","6574","92","857","174","702","167","366","138","1016","176","1200","151","1179","184","1254","63","4","9",
"0500000US23025","Somerset County, Maine","9389","*****","9382","39","1349","156","1005","167","562","158","1483","167","1488","194","1702","201","1793","61","7","42",
"0500000US23027","Waldo County, Maine","7124","*****","7113","7","1060","121","653","129","378","95","900","142","1227","138","1550","152","1345","39","11","3",
"0500000US23029","Washington County, Maine","5809","43","5788","49","790","100","659","85","258","85","1056","115","1004","115","919","111","1102","38","21","28",
"0500000US23031","York County, Maine","38519","36","38455","46","5546","370","3931","365","1758","313","6049","473","6781","538","7400","563","6990","112","64","28",
"0500000US24001","Allegany County, Maryland","12032","*****","12007","21","1825","176","1268","172","777","223","1990","190","2062","212","1935","243","2150","74","25","22",
"0500000US24003","Anne Arundel County, Maryland","133881","*****","133824","23","20017","900","15378","901","6846","806","21461","967","23554","1190","23838","1210","22730","46","57","22",
"0500000US24005","Baltimore County, Maryland","185984","6","185555","145","28714","1104","20014","1104","9816","802","31798","1271","30877","1242","31655","1291","32681","147","429","145",
"0500000US24009","Calvert County, Maryland","21796","29","21796","29","2730","261","2289","265","978","238","3731","392","4077","365","3914","379","4077","63","0","32",
"0500000US24011","Caroline County, Maryland","8056","*****","8049","9","1274","165","886","165","475","108","1472","195","1164","172","1305","176","1473","25","7","7",
"0500000US24013","Carroll County, Maryland","38635","*****","38621","15","5694","324","3836","325","2249","295","6120","499","6543","516","7093","537","7086","15","14","13",
"0500000US24015","Cecil County, Maryland","23336","*****","23319","9","3569","287","2330","290","1184","279","3948","351","3769","426","4234","440","4285","62","17","7",
"0500000US24017","Charles County, Maryland","40722","*****","40701","50","5582","557","4223","555","1849","359","6462","715","7854","562","7054","661","7677","59","21","50",
"0500000US24019","Dorchester County, Maryland","6865","48","6856","48","899","196","930","186","421","147","1330","244","992","185","1061","209","1223","49","9","5",
"0500000US24021","Frederick County, Maryland","66996","17","66950","25","9870","495","7022","496","3219","477","11070","729","12084","601","11763","773","11922","29","46","18",
"0500000US24023","Garrett County, Maryland","5075","*****","5051","21","897","131","441","120","325","93","1014","139","723","129","682","135","969","51","24","20",
"0500000US24025","Harford County, Maryland","58777","51","58759","53","7650","481","6572","479","2948","520","9872","770","9957","673","10937","776","10823","31","18","25",
"0500000US24027","Howard County, Maryland","79917","43","79900","44","10102","608","7856","605","4209","603","12311","906","14497","839","15910","827","15015","45","17","13",
"0500000US24029","Kent County, Maryland","2989","20","2979","23","422","132","377","116","226","87","429","118","497","155","406","121","622","110","10","15",
"0500000US24031","Montgomery County, Maryland","243139","*****","243042","55","36779","1186","24301","1187","12332","1028","39984","1473","42658","1209","42930","1479","44058","52","97","55",
"0500000US24033","Prince George's County, Maryland","212127","*****","211862","139","33752","1091","24642","1089","12439","941","35521","1539","35885","1199","34214","1520","35409","197","265","140",
"0500000US24035","Queen Anne's County, Maryland","10926","4","10922","5","1396","182","1335","173","729","230","1569","207","1705","204","2037","276","2151","122","4","4",
"0500000US24037","St. Mary's County, Maryland","27549","82","27549","82","4267","342","2758","345","1623","291","4837","600","4252","447","4893","495","4919","40","0","32",
"0500000US24039","Somerset County, Maryland","4336","54","4264","81","608","137","545","129","168","108","640","186","1053","246","654","200","596","61","72","56",
"0500000US24041","Talbot County, Maryland","7045","14","7045","14","1120","180","536","185","491","151","1068","229","1295","242","1230","235","1305","116","0","29",
"0500000US24043","Washington County, Maryland","33870","*****","33843","14","5232","288","3293","284","2014","381","5752","492","5813","503","5554","483","6185","76","27","13",
"0500000US24045","Wicomico County, Maryland","23644","*****","23615","23","3301","389","3031","384","1433","347","4102","524","4267","572","3519","528","3962","42","29","24",
"0500000US24047","Worcester County, Maryland","9185","12","9172","17","1457","202","744","177","294","115","1453","243","1536","214","1908","287","1780","71","13","12",
"0500000US24510","Baltimore city, Maryland","119618","72","119293","169","20710","984","13891","987","6827","749","17151","1172","21261","1193","20517","1179","18936","158","325","155",
"0500000US25001","Barnstable County, Massachusetts","32704","*****","32647","35","4526","275","3322","272","2056","389","5230","576","5347","467","5589","587","6577","64","57","35",
"0500000US25003","Berkshire County, Massachusetts","20662","*****","20217","99","2574","243","2351","243","1084","235","3381","356","3128","285","3750","354","3949","151","445","100",
"0500000US25005","Bristol County, Massachusetts","119489","*****","119170","63","17996","687","11343","680","5868","569","19288","1132","20876","1024","21552","1118","22247","61","319","63",
"0500000US25007","Dukes County, Massachusetts","3513","29","3496","30","507","110","280","118","26","33","474","161","723","222","724","232","762","106","17","8",
"0500000US25009","Essex County, Massachusetts","169485","24","169178","84","25134","801","18444","807","8909","820","26527","1139","28587","1032","30702","1440","30875","69","307","82",
"0500000US25011","Franklin County, Massachusetts","11803","*****","11690","144","1286","188","1275","159","577","112","1830","214","2255","227","2156","231","2311","50","113","141",
"0500000US25013","Hampden County, Massachusetts","96761","101","96459","139","13884","722","10365","696","4385","596","16546","1008","15596","738","17748","929","17935","72","302","92",
"0500000US25015","Hampshire County, Massachusetts","23042","47","22633","158","2959","270","2072","275","909","234","4138","380","3931","364","4078","347","4546","120","409","144",
"0500000US25017","Middlesex County, Massachusetts","318865","66","317936","186","49203","1001","33318","997","17171","1237","53093","1563","53936","1710","54302","1570","56913","171","929","173",
"0500000US25019","Nantucket County, Massachusetts","2975","268","2951","269","525","118","157","95","194","117","405","100","472","141","613","208","585","160","24","45",
"0500000US25021","Norfolk County, Massachusetts","149313","*****","148983","71","20796","833","16559","834","7091","586","24284","1046","26773","1132","25574","1166","27906","80","330","70",
"0500000US25023","Plymouth County, Massachusetts","110836","79","110653","122","15390","580","11992","585","6022","553","17916","907","18167","956","20073","947","21093","86","183","87",
"0500000US25025","Suffolk County, Massachusetts","125812","111","125067","232","23176","807","14612","840","6012","681","19236","891","20610","1079","20854","1267","20567","190","745","203",
"0500000US25027","Worcester County, Massachusetts","178921","54","178251","176","25446","906","19142","904","9764","820","28702","1317","30350","1205","31823","1302","33024","118","670","159",
"0500000US26001","Alcona County, Michigan","1305","54","1305","54","218","28","128","27","94","56","219","36","176","29","234","41","236","9","0","18",
"0500000US26003","Alger County, Michigan","1284","45","1282","45","193","45","94","46","81","41","166","41","158","50","300","54","290","38","2","3",
"0500000US26005","Allegan County, Michigan","28212","*****","28197","25","4009","294","2797","294","1853","291","3988","323","5052","333","5289","448","5209","27","15","17",
"0500000US26007","Alpena County, Michigan","5333","10","5324","13","708","87","589","96","193","70","895","129","984","163","903","150","1052","25","9","8",
"0500000US26009","Antrim County, Michigan","4081","38","4074","36","603","61","339","52","237","61","620","121","703","107","717","95","855","29","7","14",
"0500000US26011","Arenac County, Michigan","2782","21","2781","21","404","46","278","36","156","53","352","64","454","54","606","73","531","24","1","3",
"0500000US26013","Baraga County, Michigan","1394","29","1394","29","143","46","211","42","81","32","207","49","274","67","199","58","279","8","0","16",
"0500000US26015","Barry County, Michigan","13753","*****","13753","15","1666","219","1644","207","578","159","2675","299","2106","254","2483","307","2601","114","0","27",
"0500000US26017","Bay County, Michigan","20150","*****","20140","20","2976","209","1824","236","1091","288","3089","315","3380","327","3697","366","4083","122","10","20",
"0500000US26019","Benzie County, Michigan","3094","24","3084","24","477","83","289","59","112","49","579","98","492","82","566","90","569","31","10","11",
"0500000US26021","Berrien County, Michigan","32692","*****","32654","36","4599","274","3458","274","1752","330","5473","386","5626","448","5691","370","6055","31","38","35",
"0500000US26023","Branch County, Michigan","10645","*****","10643","14","1683","134","1206","139","499","123","1599","171","2060","217","1680","189","1916","29","2","4",
"0500000US26025","Calhoun County, Michigan","30588","*****","30353","62","4746","269","2865","265","1871","296","4949","487","4872","388","5529","458","5521","59","235","61",
"0500000US26027","Cass County, Michigan","10397","*****","10396","7","1522","158","927","142","414","128","1660","171","1790","169","2163","234","1920","66","1","3",
"0500000US26029","Charlevoix County, Michigan","4586","*****","4586","6","604","77","486","74","244","60","687","91","675","70","951","92","939","25","0","21",
"0500000US26031","Cheboygan County, Michigan","3968","55","3959","64","615","69","356","67","210","72","643","110","740","94","613","116","782","28","9","23",
"0500000US26033","Chippewa County, Michigan","6399","58","6391","56","971","100","635","103","350","110","953","142","1124","149","1209","169","1149","28","8","18",
"0500000US26035","Clare County, Michigan","6014","36","6014","36","888","88","614","85","283","73","1137","133","1045","113","961","110","1086","30","0","24",
"0500000US26037","Clinton County, Michigan","17005","*****","16985","9","2445","134","1563","136","987","189","2991","235","2623","199","3146","232","3230","53","20","10",
"0500000US26039","Crawford County, Michigan","2334","56","2330","56","263","57","332","58","112","51","397","78","361","69","450","84","415","19","4","2",
"0500000US26041","Delta County, Michigan","7037","48","7011","48","975","102","665","117","388","104","1062","177","1099","175","1488","179","1334","65","26","5",
"0500000US26043","Dickinson County, Michigan","5181","96","5178","96","764","149","574","131","235","122","882","177","783","172","968","187","972","38","3","4",
"0500000US26045","Eaton County, Michigan","22348","*****","22300","10","3062","229","2506","228","1155","211","3638","312","3754","320","4185","343","4000","35","48","10",
"0500000US26047","Emmet County, Michigan","6188","*****","6176","28","845","108","554","109","329","90","1188","166","1000","136","1034","159","1226","39","12","28",
"0500000US26049","Genesee County, Michigan","89589","38","89452","103","12985","686","9490","684","4541","622","14960","924","16238","841","14862","888","16376","28","137","91",
"0500000US26051","Gladwin County, Michigan","4852","30","4852","30","777","66","456","64","210","51","819","121","818","93","866","112","906","56","0","21",
"0500000US26053","Gogebic County, Michigan","2346","37","2343","36","300","64","269","57","66","29","339","87","453","118","452","87","464","38","3","4",
"0500000US26055","Grand Traverse County, Michigan","18689","*****","18588","53","2451","236","2030","239","1342","257","2442","293","3543","372","3310","404","3470","102","101","53",
"0500000US26057","Gratiot County, Michigan","8079","*****","8046","45","1176","109","812","95","424","119","1351","186","1608","147","1224","166","1451","39","33","44",
"0500000US26059","Hillsdale County, Michigan","9826","*****","9809","20","1429","100","1042","108","453","84","1444","152","1849","132","1799","160","1793","29","17","19",
"0500000US26061","Houghton County, Michigan","7459","*****","7447","20","1127","92","743","93","390","76","1311","170","1019","127","1454","183","1403","35","12","18",
"0500000US26063","Huron County, Michigan","5906","*****","5906","6","794","64","600","61","335","80","1151","119","891","101","1008","116","1127","35","0","24",
"0500000US26065","Ingham County, Michigan","55759","64","55343","153","7796","511","6941","512","2873","426","9449","665","9171","593","9611","694","9502","112","416","140",
"0500000US26067","Ionia County, Michigan","13909","*****","13909","5","1978","207","1375","206","719","167","2079","265","2337","240","2839","229","2582","5","0","27",
"0500000US26069","Iosco County, Michigan","4308","*****","4308","6","590","76","599","68","227","90","702","111","700","103","739","148","751","44","0","21",
"0500000US26071","Iron County, Michigan","2044","50","2038","51","230","31","247","37","54","28","331","64","439","56","383","64","354","9","6","4",
"0500000US26073","Isabella County, Michigan","11471","*****","11429","34","1786","140","1159","134","630","106","1770","201","2156","197","1888","200","2040","91","42","35",
"0500000US26075","Jackson County, Michigan","33464","*****","33444","14","4780","254","3714","254","1324","255","5635","483","5882","446","6092","537","6017","56","20","14",
"0500000US26077","Kalamazoo County, Michigan","55906","*****","55719","84","7853","372","6395","377","3448","428","8582","638","9969","574","9732","550","9740","71","187","83",
"0500000US26079","Kalkaska County, Michigan","3671","52","3671","52","535","65","342","58","140","47","545","88","742","112","688","108","679","26","0","18",
"0500000US26081","Kent County, Michigan","155818","54","155544","90","22969","861","18071","866","7637","666","26483","1128","26799","927","26347","976","27238","82","274","76",
"0500000US26083","Keweenaw County, Michigan","318","19","318","19","28","23","46","31","44","34","32","22","76","17","33","20","59","5","0","11",
"0500000US26085","Lake County, Michigan","1857","11","1854","12","117","29","296","51","90","32","363","57","259","41","393","62","336","21","3","4",
"0500000US26087","Lapeer County, Michigan","17667","*****","17562","49","2402","183","1796","190","989","187","2891","296","2680","279","3409","387","3395","67","105","42",
"0500000US26089","Leelanau County, Michigan","3500","42","3474","42","417","97","380","91","144","51","524","75","647","97","645","91","717","38","26","4",
"0500000US26091","Lenawee County, Michigan","20217","*****","20099","24","2640","204","2231","205","1188","218","3089","310","3710","334","3441","317","3800","63","118","23",
"0500000US26093","Livingston County, Michigan","39707","24","39701","26","5543","262","3814","262","2451","372","6746","422","6541","441","6835","439","7771","39","6","8",
"0500000US26095","Luce County, Michigan","1021","26","1017","25","176","36","79","23","40","22","135","45","181","40","215","44","191","22","4","4",
"0500000US26097","Mackinac County, Michigan","1641","26","1630","29","219","40","205","44","60","37","245","54","249","57","348","72","304","19","11","12",
"0500000US26099","Macomb County, Michigan","181649","48","181580","65","27477","794","18397","803","9430","798","28590","1304","29496","1135","34435","1367","33755","48","69","36",
"0500000US26101","Manistee County, Michigan","4218","19","4214","20","698","82","306","68","266","77","683","104","537","82","878","124","846","42","4","6",
"0500000US26103","Marquette County, Michigan","11749","*****","11705","29","1758","168","1222","159","477","109","1664","184","2375","214","2109","156","2100","81","44","29",
"0500000US26105","Mason County, Michigan","5714","*****","5713","5","767","97","504","92","292","87","918","119","1089","152","1041","153","1102","26","1","4",
"0500000US26107","Mecosta County, Michigan","7876","*****","7868","14","1348","94","712","87","436","123","1446","154","1236","137","1249","141","1441","57","8","12",
"0500000US26109","Menominee County, Michigan","4054","*****","4054","5","560","82","342","78","175","51","503","101","838","124","813","111","823","18","0","21",
"0500000US26111","Midland County, Michigan","17545","*****","17539","9","2480","205","1860","215","941","203","2911","324","2792","286","3335","326","3220","87","6","6",
"0500000US26113","Missaukee County, Michigan","3382","29","3379","29","501","50","333","48","115","30","592","84","653","81","601","73","584","10","3","3",
"0500000US26115","Monroe County, Michigan","32522","*****","32503","12","4702","265","3128","265","1768","285","5551","475","5229","386","6009","560","6116","30","19","13",
"0500000US26117","Montcalm County, Michigan","14137","*****","14112","42","2180","133","1343","140","752","171","2200","270","2255","225","2804","228","2578","57","25","41",
"0500000US26119","Montmorency County, Michigan","1419","47","1418","48","127","42","227","41","78","34","187","69","192","59","332","78","275","19","1","2",
"0500000US26121","Muskegon County, Michigan","39518","*****","39489","33","5598","351","4386","360","2114","307","6506","592","6894","425","6931","533","7060","32","29","30",
"0500000US26123","Newaygo County, Michigan","11112","*****","11112","6","1481","183","1193","184","653","130","2048","187","1878","169","1748","166","2111","41","0","27",
"0500000US26125","Oakland County, Michigan","259334","*****","259087","54","38051","1033","27557","1031","14713","923","42085","1286","44469","1152","44141","1249","48071","84","247","54",
"0500000US26127","Oceana County, Michigan","5722","63","5655","79","689","69","616","71","288","67","1001","115","1037","103","879","96","1145","42","67","69",
"0500000US26129","Ogemaw County, Michigan","3720","39","3720","39","507","48","368","47","190","53","617","67","737","77","575","88","726","24","0","21",
"0500000US26131","Ontonagon County, Michigan","669","27","669","27","82","18","68","14","18","20","104","34","97","23","140","22","160","11","0","16",
"0500000US26133","Osceola County, Michigan","5173","14","5062","44","709","56","540","57","270","56","830","91","898","79","833","78","982","38","111","39",
"0500000US26135","Oscoda County, Michigan","1654","*****","1651","7","242","52","172","54","140","66","300","60","235","59","265","75","297","14","3","5",
"0500000US26137","Otsego County, Michigan","5328","62","5309","69","759","82","454","79","321","97","1016","150","830","151","872","137","1057","71","19","34",
"0500000US26139","Ottawa County, Michigan","69275","*****","69203","36","9299","448","7298","447","3421","385","11774","613","12808","776","11971","788","12632","33","72","36",
"0500000US26141","Presque Isle County, Michigan","2033","44","2029","43","328","47","208","45","90","31","278","54","379","54","380","64","366","8","4","6",
"0500000US26143","Roscommon County, Michigan","3396","30","3387","29","386","79","438","80","182","78","602","95","566","107","600","121","613","9","9","8",
"0500000US26145","Saginaw County, Michigan","40264","*****","40162","44","6535","333","3848","331","2077","385","6240","500","6061","424","8229","553","7172","42","102","43",
"0500000US26147","St. Clair County, Michigan","32478","*****","32470","15","4546","340","3206","338","1619","274","4873","399","5895","326","5953","494","6378","51","8","5",
"0500000US26149","St. Joseph County, Michigan","14801","*****","14784","42","2293","171","1412","165","709","137","2399","234","2449","198","2826","229","2696","11","17","40",
"0500000US26151","Sanilac County, Michigan","8472","*****","8472","11","1184","68","821","79","486","110","1490","152","1348","159","1477","126","1666","27","0","24",
"0500000US26153","Schoolcraft County, Michigan","1437","17","1437","17","204","38","140","38","86","32","198","43","222","54","312","70","275","9","0","16",
"0500000US26155","Shiawassee County, Michigan","14070","*****","14070","8","2212","203","1370","199","712","140","2453","238","2173","248","2498","244","2652","85","0","27",
"0500000US26157","Tuscola County, Michigan","10639","*****","10459","27","1485","136","1113","132","572","207","1515","159","1924","175","1897","221","1953","64","180","25",
"0500000US26159","Van Buren County, Michigan","17385","*****","17358","49","2380","201","1848","191","1136","217","2929","338","3043","248","2960","266","3062","78","27","49",
"0500000US26161","Washtenaw County, Michigan","67474","60","67138","133","9397","456","7483","460","3348","466","10852","750","11675","708","11978","570","12405","82","336","120",
"0500000US26163","Wayne County, Michigan","418687","36","418076","139","64616","1320","46067","1319","23028","1215","66501","1929","72149","2045","73412","2279","72303","124","611","132",
"0500000US26165","Wexford County, Michigan","7784","*****","7784","5","1131","101","735","93","530","133","1289","137","1337","156","1291","182","1471","60","0","24",
"0500000US27001","Aitkin County, Minnesota","2510","7","2505","10","338","40","247","29","82","29","421","58","375","38","508","56","534","13","5","8",
"0500000US27003","Anoka County, Minnesota","87604","36","87517","40","12864","435","9055","434","4078","513","14816","681","15046","680","15867","659","15791","31","87","16",
"0500000US27005","Becker County, Minnesota","8231","*****","8231","6","1098","83","814","89","478","113","1344","119","1393","117","1469","159","1635","59","0","21",
"0500000US27007","Beltrami County, Minnesota","11484","17","11377","67","1764","150","1167","134","694","200","1911","198","2069","231","1808","212","1964","62","107","65",
"0500000US27009","Benton County, Minnesota","10527","31","10515","37","1543","169","855","133","448","131","1935","279","1777","211","2188","376","1769","111","12","23",
"0500000US27011","Big Stone County, Minnesota","1127","40","1113","36","157","27","156","27","29","15","161","30","228","43","190","26","192","9","14","25",
"0500000US27013","Blue Earth County, Minnesota","13786","*****","13745","58","2117","189","1376","197","824","150","2412","269","2256","238","2362","226","2398","47","41","58",
"0500000US27015","Brown County, Minnesota","5639","65","5631","64","860","88","556","85","239","76","1053","123","859","133","1091","165","973","31","8","11",
"0500000US27017","Carlton County, Minnesota","7866","45","7863","47","930","105","878","101","446","128","1163","196","1438","156","1497","230","1511","26","3","6",
"0500000US27019","Carver County, Minnesota","27759","*****","27754","9","3506","263","3012","265","1603","266","5237","361","4891","350","4428","357","5077","61","5","5",
"0500000US27021","Cass County, Minnesota","6190","*****","6172","29","844","65","573","54","263","42","1014","93","1081","80","1267","109","1130","19","18","22",
"0500000US27023","Chippewa County, Minnesota","3014","23","2992","40","382","55","263","57","208","71","496","93","336","90","815","109","492","14","22","32",
"0500000US27025","Chisago County, Minnesota","12958","*****","12935","21","1729","174","1446","178","680","135","2267","232","2384","255","2140","329","2289","62","23","21",
"0500000US27027","Clay County, Minnesota","16315","*****","16257","60","2744","231","1414","221","922","174","2642","288","2575","225","3323","361","2637","53","58","58",
"0500000US27029","Clearwater County, Minnesota","2158","*****","2158","5","278","28","243","29","145","39","349","38","407","39","339","48","397","12","0","14",
"0500000US27031","Cook County, Minnesota","815","52","815","52","114","33","105","23","36","20","249","51","109","42","77","39","125","3","0","14",
"0500000US27033","Cottonwood County, Minnesota","2884","33","2884","33","489","69","237","65","182","57","498","87","475","85","506","68","497","74","0","16",
"0500000US27035","Crow Wing County, Minnesota","13843","*****","13820","22","2008","159","1248","159","726","164","2410","244","2448","220","2376","263","2604","76","23","12",
"0500000US27037","Dakota County, Minnesota","106823","28","106728","59","15298","661","11285","659","5900","549","17444","830","18358","878","19220","901","19223","45","95","53",
"0500000US27039","Dodge County, Minnesota","5279","*****","5279","11","726","110","600","101","211","75","956","126","780","89","966","131","1040","44","0","18",
"0500000US27041","Douglas County, Minnesota","8482","*****","8477","6","1262","115","885","112","575","117","1520","178","1295","118","1460","206","1480","44","5","8",
"0500000US27043","Faribault County, Minnesota","3075","19","3056","43","391","53","303","51","157","47","502","82","601","95","521","63","581","54","19","39",
"0500000US27045","Fillmore County, Minnesota","5231","*****","5231","4","769","56","446","53","309","51","898","65","939","70","908","82","962","20","0","18",
"0500000US27047","Freeborn County, Minnesota","6664","*****","6645","7","889","95","694","76","294","72","976","133","1090","124","1490","176","1212","40","19","4",
"0500000US27049","Goodhue County, Minnesota","10514","*****","10443","25","1488","133","1111","133","381","93","2087","187","1791","217","1714","215","1871","46","71","25",
"0500000US27051","Grant County, Minnesota","1422","23","1422","23","235","25","122","22","80","25","231","32","232","28","267","37","255","9","0","14",
"0500000US27053","Hennepin County, Minnesota","274248","*****","272777","274","44506","1141","29345","1145","14181","1049","45800","1662","46168","1517","46606","1547","46171","81","1471","274",
"0500000US27055","Houston County, Minnesota","3992","26","3992","26","533","61","402","55","121","36","813","118","605","92","771","130","747","24","0","16",
"0500000US27057","Hubbard County, Minnesota","4528","25","4517","34","504","52","573","77","205","47","749","86","794","70","844","85","848","33","11","26",
"0500000US27059","Isanti County, Minnesota","9901","*****","9867","24","1422","166","1014","143","634","129","1578","219","1589","181","1843","220","1787","77","34","24",
"0500000US27061","Itasca County, Minnesota","9125","*****","9067","18","1232","97","901","87","309","66","1579","144","1485","155","1785","176","1776","53","58","23",
"0500000US27063","Jackson County, Minnesota","2163","27","2163","27","341","67","233","52","119","42","282","50","383","71","425","69","380","28","0","14",
"0500000US27065","Kanabec County, Minnesota","3490","*****","3490","20","461","47","360","49","168","51","734","104","597","69","481","70","689","25","0","16",
"0500000US27067","Kandiyohi County, Minnesota","10807","13","10765","16","1930","120","995","117","525","136","1561","204","2039","247","1837","199","1878","17","42","15",
"0500000US27069","Kittson County, Minnesota","881","42","881","42","92","22","117","22","39","13","166","23","204","21","98","24","165","9","0","10",
"0500000US27071","Koochiching County, Minnesota","2068","70","2063","69","243","56","256","48","55","37","346","71","303","86","449","93","411","24","5","20",
"0500000US27073","Lac qui Parle County, Minnesota","1452","12","1452","12","224","20","127","21","79","21","254","48","287","36","220","34","261","14","0","14",
"0500000US27075","Lake County, Minnesota","2073","20","2069","20","308","59","172","59","120","60","307","63","385","78","385","87","392","20","4","7",
"0500000US27077","Lake of the Woods County, Minnesota","704","26","704","26","147","36","60","24","86","35","103","29","110","43","78","41","120","4","0","10",
"0500000US27079","Le Sueur County, Minnesota","6683","17","6651","20","988","76","559","70","336","69","1065","141","1070","118","1319","127","1314","79","32","13",
"0500000US27081","Lincoln County, Minnesota","1259","29","1259","29","191","25","136","20","86","19","207","30","194","26","214","31","231","7","0","14",
"0500000US27083","Lyon County, Minnesota","6632","*****","6625","7","889","176","719","148","279","121","1217","212","1332","179","1177","150","1012","56","7","5",
"0500000US27085","McLeod County, Minnesota","8064","30","8056","30","1184","168","828","165","405","128","1544","202","1232","215","1307","204","1556","27","8","4",
"0500000US27087","Mahnomen County, Minnesota","1661","9","1661","9","243","20","184","26","70","19","310","32","287","24","306","31","261","9","0","14",
"0500000US27089","Marshall County, Minnesota","2080","31","2075","31","273","27","228","33","147","27","361","39","352","37","297","35","417","25","5","1",
"0500000US27091","Martin County, Minnesota","4515","27","4514","26","654","84","458","84","303","110","912","128","767","137","658","132","762","26","1","3",
"0500000US27093","Meeker County, Minnesota","5522","50","5512","48","673","69","631","68","406","76","781","99","963","86","998","111","1060","22","10","4",
"0500000US27095","Mille Lacs County, Minnesota","6279","*****","6236","8","833","95","701","96","395","66","1010","115","1055","113","1116","121","1126","38","43","7",
"0500000US27097","Morrison County, Minnesota","7871","17","7863","25","1035","90","803","80","428","75","1442","135","1354","120","1367","152","1434","22","8","11",
"0500000US27099","Mower County, Minnesota","10284","42","10228","47","1680","170","895","170","478","141","1817","247","1884","211","1576","201","1898","128","56","11",
"0500000US27101","Murray County, Minnesota","1755","21","1754","21","228","27","173","24","57","17","303","54","345","48","310","33","338","14","1","3",
"0500000US27103","Nicollet County, Minnesota","7382","11","7364","12","993","118","786","122","261","83","1128","216","1242","153","1620","188","1334","54","18","6",
"0500000US27105","Nobles County, Minnesota","6383","24","6383","24","990","148","896","143","365","138","1055","170","1180","210","872","143","1025","67","0","18",
"0500000US27107","Norman County, Minnesota","1483","29","1483","29","258","23","123","24","72","16","240","32","237","31","261","38","292","23","0","14",
"0500000US27109","Olmsted County, Minnesota","39364","*****","39331","17","6627","409","3595","411","1788","339","6287","444","8019","587","6072","502","6943","31","33","16",
"0500000US27111","Otter Tail County, Minnesota","13137","*****","13131","14","1922","107","1254","108","728","118","2300","207","2380","153","2206","206","2341","26","6","7",
"0500000US27113","Pennington County, Minnesota","2866","50","2849","50","406","55","306","60","208","76","392","67","491","67","506","105","540","56","17","11",
"0500000US27115","Pine County, Minnesota","5657","*****","5656","5","772","59","565","59","255","63","935","109","963","117","1004","88","1162","37","1","2",
"0500000US27117","Pipestone County, Minnesota","2494","13","2494","13","367","51","288","53","64","32","400","60","444","67","486","70","445","28","0","14",
"0500000US27119","Polk County, Minnesota","7520","*****","7512","7","1164","87","724","95","421","85","1187","187","1258","179","1363","204","1395","53","8","4",
"0500000US27121","Pope County, Minnesota","2439","28","2438","28","358","30","236","31","139","35","419","52","425","54","422","55","439","19","1","2",
"0500000US27123","Ramsey County, Minnesota","125157","32","124813","135","20780","765","13114","755","7660","814","20257","978","19988","1013","22363","921","20651","69","344","136",
"0500000US27125","Red Lake County, Minnesota","947","9","947","9","171","19","80","17","33","14","169","25","159","25","176","40","159","12","0","10",
"0500000US27127","Redwood County, Minnesota","3784","33","3782","32","552","46","416","47","188","30","659","84","741","74","523","62","703","32","2","5",
"0500000US27129","Renville County, Minnesota","3392","*****","3389","17","467","42","372","41","233","55","573","58","557","59","580","65","607","14","3","6",
"0500000US27131","Rice County, Minnesota","14556","*****","14465","67","2261","134","1440","146","615","136","2305","278","2271","268","2999","310","2574","58","91","64",
"0500000US27133","Rock County, Minnesota","2349","39","2344","39","293","47","254","45","91","37","449","71","413","68","365","77","479","33","5","17",
"0500000US27135","Roseau County, Minnesota","3643","*****","3639","7","461","52","371","41","170","52","641","97","649","83","671","83","676","33","4","7",
"0500000US27137","St. Louis County, Minnesota","37130","*****","36802","136","5231","269","4022","293","1801","250","6072","381","6602","379","6351","407","6723","66","328","137",
"0500000US27139","Scott County, Minnesota","39951","*****","39926","29","5326","347","3883","347","1945","261","7007","639","7087","592","7089","524","7589","42","25","28",
"0500000US27141","Sherburne County, Minnesota","25908","*****","25896","12","3539","330","2869","330","1481","279","4220","448","4060","467","4992","397","4735","27","12","9",
"0500000US27143","Sibley County, Minnesota","3390","*****","3390","6","495","48","383","44","119","53","529","66","618","66","629","90","617","60","0","16",
"0500000US27145","Stearns County, Minnesota","38011","*****","37937","35","6033","303","4255","306","1898","333","5943","479","6641","509","6614","629","6553","34","74","35",
"0500000US27147","Steele County, Minnesota","9095","*****","9093","12","1065","158","956","128","539","139","1470","217","1516","207","1741","206","1806","73","2","5",
"0500000US27149","Stevens County, Minnesota","2174","45","2174","45","334","50","277","50","84","21","282","39","345","50","447","65","405","40","0","14",
"0500000US27151","Swift County, Minnesota","2197","68","2189","68","309","40","235","45","106","47","400","91","460","97","318","57","361","13","8","3",
"0500000US27153","Todd County, Minnesota","6301","14","6298","16","1017","80","662","72","354","103","1160","125","1115","101","967","76","1023","20","3","6",
"0500000US27155","Traverse County, Minnesota","702","19","702","19","115","36","86","25","27","13","123","25","114","24","135","20","102","11","0","10",
"0500000US27157","Wabasha County, Minnesota","4706","18","4706","18","639","103","561","91","264","67","738","114","780","73","830","99","894","44","0","18",
"0500000US27159","Wadena County, Minnesota","3722","66","3722","66","643","97","374","80","283","102","535","113","627","127","603","99","657","29","0","16",
"0500000US27161","Waseca County, Minnesota","4296","7","4292","10","580","126","507","145","328","151","647","127","609","117","775","116","846","48","4","8",
"0500000US27163","Washington County, Minnesota","66194","32","66151","57","9078","421","6401","418","3474","422","11722","706","10937","747","12188","699","12351","21","43","48",
"0500000US27165","Watonwan County, Minnesota","2948","*****","2948","8","566","56","315","56","309","107","442","64","407","79","402","75","507","7","0","16",
"0500000US27167","Wilkin County, Minnesota","1448","*****","1431","34","278","53","122","30","54","20","219","40","176","39","355","72","227","23","17","31",
"0500000US27169","Winona County, Minnesota","8769","*****","8766","5","1177","102","1021","111","592","127","1432","160","1416","128","1651","167","1477","52","3","4",
"0500000US27171","Wright County, Minnesota","40305","*****","40236","31","5749","340","4114","337","2563","367","7047","572","6534","464","6774","612","7455","34","69","32",
"0500000US27173","Yellow Medicine County, Minnesota","2153","10","2153","10","272","30","263","30","110","32","359","39","338","51","435","63","376","21","0","14",
"0500000US28001","Adams County, Mississippi","5892","30","5863","34","945","203","602","202","163","82","1195","249","949","218","949","176","1060","22","29","20",
"0500000US28003","Alcorn County, Mississippi","7661","45","7647","49","1253","142","628","145","233","107","1464","240","1126","197","1439","255","1504","123","14","25",
"0500000US28005","Amite County, Mississippi","2542","23","2542","23","407","100","257","98","146","82","305","140","539","146","524","189","364","86","0","22",
"0500000US28007","Attala County, Mississippi","4417","59","4416","62","586","87","448","87","267","145","594","174","902","229","719","213","900","78","1","13",
"0500000US28009","Benton County, Mississippi","1598","21","1596","22","236","94","144","51","90","62","340","88","285","77","281","102","220","30","2","10",
"0500000US28011","Bolivar County, Mississippi","7273","29","7273","29","1071","216","844","172","272","121","1301","296","1159","259","1373","240","1253","39","0","26",
"0500000US28013","Calhoun County, Mississippi","2859","*****","2859","4","227","82","492","87","146","57","381","81","618","86","408","88","587","39","0","22",
"0500000US28015","Carroll County, Mississippi","1675","*****","1675","2","340","111","171","100","107","77","233","113","93","52","232","124","499","53","0","20",
"0500000US28017","Chickasaw County, Mississippi","4197","17","4197","17","700","99","437","99","183","91","801","180","822","130","545","149","709","3","0","22",
"0500000US28019","Choctaw County, Mississippi","1737","57","1725","57","162","65","228","80","116","54","167","66","415","115","310","57","327","30","12","3",
"0500000US28021","Claiborne County, Mississippi","1869","73","1869","73","193","122","328","124","27","39","243","116","406","130","324","125","348","28","0","20",
"0500000US28023","Clarke County, Mississippi","3333","30","3333","30","573","83","332","83","96","57","341","120","786","137","581","124","624","7","0","22",
"0500000US28025","Clay County, Mississippi","4145","19","4145","19","752","69","357","69","305","114","457","134","810","148","668","170","796","2","0","22",
"0500000US28027","Coahoma County, Mississippi","5541","143","5531","143","769","125","701","123","237","109","1010","183","1079","234","803","191","932","43","10","4",
"0500000US28029","Copiah County, Mississippi","6253","8","6236","25","949","215","737","203","329","145","1110","269","1000","209","980","204","1131","48","17","25",
"0500000US28031","Covington County, Mississippi","4410","80","4410","80","701","136","512","135","310","136","575","223","822","189","745","252","745","4","0","22",
"0500000US28033","DeSoto County, Mississippi","47890","*****","47831","14","6953","546","4155","542","2746","600","7132","631","7818","671","9555","750","9472","54","59","11",
"0500000US28035","Forrest County, Mississippi","17773","41","17692","95","2843","247","1994","246","837","252","2849","426","3095","403","3133","390","2941","88","81","85",
"0500000US28037","Franklin County, Mississippi","1764","*****","1762","5","195","124","135","70","63","58","296","96","407","106","315","101","351","6","2","5",
"0500000US28039","George County, Mississippi","6699","28","6699","28","1157","182","675","174","220","116","701","199","1297","225","1519","313","1130","102","0","26",
"0500000US28041","Greene County, Mississippi","2572","31","2572","31","549","130","233","100","121","67","441","116","478","99","305","124","445","59","0","22",
"0500000US28043","Grenada County, Mississippi","5133","29","5128","32","832","105","456","104","306","176","1079","232","771","204","752","238","932","10","5","9",
"0500000US28045","Hancock County, Mississippi","8875","31","8875","31","1546","321","712","173","385","133","1478","280","1193","301","1903","385","1658","142","0","30",
"0500000US28047","Harrison County, Mississippi","49789","81","49761","87","7345","495","5495","494","2505","535","7883","685","9086","696","8574","693","8873","33","28","28",
"0500000US28049","Hinds County, Mississippi","51293","*****","51163","67","7367","606","6032","607","2720","406","8084","698","8508","850","9161","786","9291","146","130","67",
"0500000US28051","Holmes County, Mississippi","3959","*****","3959","3","518","137","511","109","127","75","660","143","629","119","746","122","768","63","0","22",
"0500000US28053","Humphreys County, Mississippi","1862","*****","1862","4","141","72","290","75","44","34","307","138","446","127","238","167","396","26","0","20",
"0500000US28055","Issaquena County, Mississippi","54","38","37","25","0","14","0","14","0","14","0","14","4","7","13","9","20","22","17","30",
"0500000US28057","Itawamba County, Mississippi","5112","131","5094","131","817","169","508","109","386","143","763","227","614","197","1057","263","949","148","18","19",
"0500000US28059","Jackson County, Mississippi","33197","*****","33193","12","4837","401","3304","377","1619","351","5512","631","5916","536","5615","659","6390","67","4","10",
"0500000US28061","Jasper County, Mississippi","3678","*****","3678","7","517","126","436","126","224","135","730","145","488","165","641","227","642","2","0","22",
"0500000US28063","Jefferson County, Mississippi","1455","20","1455","20","286","55","67","55","43","36","264","101","333","95","215","74","247","20","0","20",
"0500000US28065","Jefferson Davis County, Mississippi","2204","*****","2204","4","428","89","157","89","114","62","368","128","416","108","393","83","328","51","0","22",
"0500000US28067","Jones County, Mississippi","16685","69","16652","70","2725","395","1652","393","639","267","2910","494","3197","454","2577","414","2952","44","33","25",
"0500000US28069","Kemper County, Mississippi","1610","49","1610","49","344","63","190","63","51","36","109","69","402","130","214","69","300","39","0","20",
"0500000US28071","Lafayette County, Mississippi","10537","5","10498","58","1443","263","1294","254","702","250","1439","301","1837","365","1983","411","1800","128","39","58",
"0500000US28073","Lamar County, Mississippi","15975","*****","15948","14","2026","281","1904","255","918","271","2879","344","2472","360","2887","391","2862","67","27","12",
"0500000US28075","Lauderdale County, Mississippi","16709","*****","16697","6","2500","241","1805","245","827","261","2792","360","3067","382","2756","449","2950","47","12","5",
"0500000US28077","Lawrence County, Mississippi","2874","14","2874","14","381","69","329","70","207","62","323","108","501","113","581","103","552","12","0","22",
"0500000US28079","Leake County, Mississippi","4986","*****","4986","5","905","154","513","135","378","139","546","122","824","184","1048","183","772","75","0","26",
"0500000US28081","Lee County, Mississippi","20728","28","20675","28","2851","320","2372","312","1217","285","2970","360","4089","483","3454","454","3722","95","53","14",
"0500000US28083","Leflore County, Mississippi","7406","150","7397","150","1372","247","538","196","302","169","1455","337","1069","274","1445","275","1216","98","9","4",
"0500000US28085","Lincoln County, Mississippi","8045","113","8023","114","1190","159","750","156","267","101","1479","266","1255","241","1484","249","1598","79","22","9",
"0500000US28087","Lowndes County, Mississippi","13745","*****","13699","30","2200","268","1526","261","875","252","2306","331","2224","290","2207","361","2361","47","46","29",
"0500000US28089","Madison County, Mississippi","27113","*****","27082","21","3599","433","3222","432","1038","247","3526","430","4518","460","6143","518","5036","23","31","20",
"0500000US28091","Marion County, Mississippi","5666","98","5664","98","893","151","493","123","155","108","1069","252","1086","246","888","211","1080","46","2","4",
"0500000US28093","Marshall County, Mississippi","7056","*****","7056","5","1211","171","679","171","590","224","1186","281","1154","174","1062","243","1174","27","0","30",
"0500000US28095","Monroe County, Mississippi","7551","20","7551","20","1075","230","863","233","234","135","1415","237","1152","246","1385","283","1427","22","0","30",
"0500000US28097","Montgomery County, Mississippi","2162","*****","2162","4","241","154","53","42","110","99","396","171","448","171","429","149","485","140","0","20",
"0500000US28099","Neshoba County, Mississippi","7954","44","7943","45","1262","193","879","194","392","143","1190","190","1126","179","1554","219","1540","35","11","4",
"0500000US28101","Newton County, Mississippi","5075","61","5070","63","717","127","634","127","280","144","749","172","659","184","997","221","1034","29","5","9",
"0500000US28103","Noxubee County, Mississippi","2519","*****","2519","2","518","94","204","94","119","87","368","115","259","91","682","172","369","25","0","22",
"0500000US28105","Oktibbeha County, Mississippi","9058","*****","9013","47","1445","272","1141","263","524","242","1700","291","1350","333","1360","317","1493","70","45","47",
"0500000US28107","Panola County, Mississippi","8094","103","8093","103","1176","219","994","220","470","225","1019","248","1497","279","1503","337","1434","43","1","3",
"0500000US28109","Pearl River County, Mississippi","13147","59","13129","59","2163","231","1130","230","463","174","2688","361","2054","314","2281","287","2350","158","18","10",
"0500000US28111","Perry County, Mississippi","2507","32","2507","32","269","123","330","104","96","67","309","128","453","141","543","158","507","66","0","22",
"0500000US28113","Pike County, Mississippi","10100","32","10100","32","1704","266","803","263","499","229","1399","270","1774","310","2028","434","1893","42","0","30",
"0500000US28115","Pontotoc County, Mississippi","8237","18","8216","21","1199","191","1019","189","496","189","1173","260","1130","220","1567","296","1632","148","21","7",
"0500000US28117","Prentiss County, Mississippi","5591","*****","5591","5","988","159","519","159","505","212","966","216","698","182","960","235","955","4","0","26",
"0500000US28119","Quitman County, Mississippi","1334","*****","1334","4","165","46","234","54","68","48","160","80","238","61","234","72","235","33","0","20",
"0500000US28121","Rankin County, Mississippi","35587","*****","35563","14","5029","434","3595","434","1271","293","6226","657","6712","502","5917","698","6813","61","24","6",
"0500000US28123","Scott County, Mississippi","7803","*****","7797","8","1140","196","1139","196","175","110","826","224","1478","361","1750","326","1289","10","6","7",
"0500000US28125","Sharkey County, Mississippi","902","43","865","63","81","43","130","43","22","16","182","61","91","38","175","56","184","63","37","52",
"0500000US28127","Simpson County, Mississippi","5946","10","5871","70","1025","141","478","143","229","95","990","281","1039","207","1020","188","1090","63","75","66",
"0500000US28129","Smith County, Mississippi","3232","91","3232","91","483","124","393","107","91","72","438","133","567","162","688","191","572","2","0","22",
"0500000US28131","Stone County, Mississippi","4007","27","3998","29","539","139","372","135","250","177","725","174","684","124","747","163","681","95","9","7",
"0500000US28133","Sunflower County, Mississippi","5196","67","5196","67","850","120","498","118","193","86","785","190","805","143","1004","243","1061","96","0","26",
"0500000US28135","Tallahatchie County, Mississippi","2409","*****","2409","4","282","85","279","75","57","57","378","113","601","154","383","109","429","66","0","22",
"0500000US28137","Tate County, Mississippi","6308","17","6213","73","927","99","660","102","372","192","1282","280","1152","212","694","238","1126","68","95","73",
"0500000US28139","Tippah County, Mississippi","5080","*****","5078","5","661","147","611","147","204","114","720","210","979","278","987","255","916","103","2","3",
"0500000US28141","Tishomingo County, Mississippi","4013","*****","4013","8","511","114","505","108","91","67","598","129","926","141","570","129","812","57","0","22",
"0500000US28143","Tunica County, Mississippi","2626","*****","2626","2","325","95","410","86","297","207","609","200","300","143","287","183","398","45","0","20",
"0500000US28145","Union County, Mississippi","7039","*****","7037","8","967","155","732","145","217","118","1407","287","1344","310","1004","221","1366","71","2","5",
"0500000US28147","Walthall County, Mississippi","3122","73","3122","73","591","93","190","94","38","48","459","156","785","164","482","167","577","106","0","22",
"0500000US28149","Warren County, Mississippi","10115","7","10109","7","1336","257","1210","266","587","163","1714","287","1496","264","1896","321","1870","58","6","2",
"0500000US28151","Washington County, Mississippi","10961","29","10956","29","1764","289","1126","282","451","231","1608","264","1981","272","2107","280","1919","55","5","2",
"0500000US28153","Wayne County, Mississippi","4916","18","4910","19","706","125","574","126","174","98","480","159","895","197","1214","235","867","9","6","4",
"0500000US28155","Webster County, Mississippi","2440","47","2440","47","320","98","291","89","156","76","365","123","386","92","554","149","368","60","0","20",
"0500000US28157","Wilkinson County, Mississippi","1640","*****","1640","2","240","122","117","98","43","44","265","139","394","130","321","208","260","19","0","20",
"0500000US28159","Winston County, Mississippi","3888","57","3874","59","468","99","483","99","239","90","651","150","668","133","591","163","774","35","14","11",
"0500000US28161","Yalobusha County, Mississippi","2716","54","2703","55","320","111","397","110","183","90","579","152","409","120","330","113","485","12","13","11",
"0500000US28163","Yazoo County, Mississippi","5684","*****","5677","10","562","162","901","162","235","104","1064","181","951","192","880","237","1084","7","7","7",
"0500000US29001","Adair County, Missouri","4740","72","4705","73","938","130","516","92","187","77","596","112","974","175","619","132","875","123","35","21",
"0500000US29003","Andrew County, Missouri","4052","28","4052","28","513","87","429","87","213","79","691","116","604","125","879","143","723","43","0","19",
"0500000US29005","Atchison County, Missouri","1083","27","1083","27","110","39","117","37","52","29","286","51","141","35","189","53","188","7","0","17",
"0500000US29007","Audrain County, Missouri","5568","41","5564","41","902","111","586","85","270","121","974","154","913","160","820","132","1099","69","4","3",
"0500000US29009","Barry County, Missouri","7996","*****","7996","5","1021","164","1055","150","506","181","1285","182","1265","168","1445","225","1419","42","0","26",
"0500000US29011","Barton County, Missouri","2739","*****","2731","4","452","96","236","94","194","124","153","51","526","100","643","170","527","26","8","2",
"0500000US29013","Bates County, Missouri","3689","70","3674","71","585","100","337","89","209","73","626","122","543","120","657","139","717","38","15","3",
"0500000US29015","Benton County, Missouri","3486","84","3486","84","472","61","334","57","218","80","615","147","411","95","717","144","719","76","0","23",
"0500000US29017","Bollinger County, Missouri","2296","74","2296","74","241","88","350","92","30","24","237","72","457","97","512","109","469","39","0","19",
"0500000US29019","Boone County, Missouri","37890","54","37832","53","5764","329","4266","329","2138","316","6756","606","6227","538","6221","611","6460","18","58","13",
"0500000US29021","Buchanan County, Missouri","18644","117","18588","117","2870","205","2041","202","793","176","3369","363","2906","371","3521","335","3088","123","56","12",
"0500000US29023","Butler County, Missouri","9780","100","9706","100","1716","201","998","171","554","188","1584","242","1566","263","1682","279","1606","69","74","16",
"0500000US29025","Caldwell County, Missouri","2100","*****","2093","8","326","46","157","46","76","27","428","62","386","63","305","53","415","19","7","7",
"0500000US29027","Callaway County, Missouri","9258","*****","9164","63","1640","157","803","162","464","155","1430","256","1707","293","1654","354","1466","107","94","63",
"0500000US29029","Camden County, Missouri","7489","35","7350","39","1024","141","766","143","494","118","826","143","1644","279","1174","205","1422","123","139","16",
"0500000US29031","Cape Girardeau County, Missouri","17657","*****","17634","7","2642","365","1935","336","551","166","2706","390","3249","438","3445","389","3106","132","23","5",
"0500000US29033","Carroll County, Missouri","1842","62","1841","62","290","27","119","27","106","49","282","77","380","95","342","86","322","15","1","3",
"0500000US29035","Carter County, Missouri","1286","47","1286","47","219","70","132","71","69","46","109","57","197","82","332","81","228","29","0","17",
"0500000US29037","Cass County, Missouri","25988","47","25973","45","3706","303","2540","303","1445","310","4029","430","4370","424","5034","500","4849","80","15","5",
"0500000US29039","Cedar County, Missouri","3510","59","3510","59","585","92","391","86","95","52","612","120","548","98","640","145","639","53","0","19",
"0500000US29041","Chariton County, Missouri","1718","21","1718","21","274","39","209","33","71","30","254","48","276","47","348","54","286","9","0","17",
"0500000US29043","Christian County, Missouri","23318","*****","23269","15","3247","231","2290","222","1274","215","3574","365","3978","289","4767","361","4139","67","49","12",
"0500000US29045","Clark County, Missouri","1595","48","1595","48","224","34","181","26","92","46","265","63","254","59","279","73","300","23","0","17",
"0500000US29047","Clay County, Missouri","60745","*****","60655","40","9052","475","6287","469","3094","436","10294","696","10162","524","10863","725","10903","28","90","39",
"0500000US29049","Clinton County, Missouri","4963","49","4962","49","685","115","540","111","257","94","920","171","926","157","712","135","922","67","1","2",
"0500000US29051","Cole County, Missouri","17011","*****","16977","13","2334","291","2012","197","565","185","2865","334","3011","295","3070","275","3120","111","34","12",
"0500000US29053","Cooper County, Missouri","3750","26","3737","25","679","92","356","68","239","64","654","115","569","72","592","99","648","60","13","4",
"0500000US29055","Crawford County, Missouri","5062","*****","5054","15","887","114","401","101","278","97","815","174","1018","172","653","157","1002","42","8","15",
"0500000US29057","Dade County, Missouri","1589","*****","1583","5","238","32","144","30","117","47","260","55","201","49","315","81","308","16","6","4",
"0500000US29059","Dallas County, Missouri","4143","73","4135","73","698","85","400","98","327","139","853","202","488","145","644","138","725","17","8","10",
"0500000US29061","Daviess County, Missouri","2101","41","2101","41","309","31","295","38","144","47","404","61","328","62","243","52","378","17","0","17",
"0500000US29063","DeKalb County, Missouri","2152","12","2152","12","337","68","242","68","111","45","412","104","287","69","381","99","382","29","0","19",
"0500000US29065","Dent County, Missouri","3279","59","3279","59","371","71","483","91","96","55","388","110","729","108","624","92","588","30","0","19",
"0500000US29067","Douglas County, Missouri","2768","70","2768","70","391","61","312","87","206","99","354","103","339","119","585","152","581","63","0","19",
"0500000US29069","Dunklin County, Missouri","7151","37","7125","37","1099","134","751","139","351","105","1224","187","1191","170","1308","192","1201","15","26","6",
"0500000US29071","Franklin County, Missouri","23693","*****","23688","8","3883","291","2144","287","1393","257","3605","426","4155","382","4113","394","4395","104","5","7",
"0500000US29073","Gasconade County, Missouri","2983","53","2983","53","418","55","305","53","176","67","467","106","548","106","478","144","591","27","0","19",
"0500000US29075","Gentry County, Missouri","1613","45","1609","44","242","39","190","51","95","47","250","46","292","47","259","49","281","22","4","6",
"0500000US29077","Greene County, Missouri","63125","*****","62937","43","9981","521","6703","522","3538","464","10814","750","10033","655","10990","731","10878","36","188","43",
"0500000US29079","Grundy County, Missouri","2533","66","2529","67","427","101","291","67","93","43","564","108","430","81","324","74","400","24","4","5",
"0500000US29081","Harrison County, Missouri","1991","*****","1990","5","280","41","198","64","108","48","251","73","374","79","394","80","385","14","1","3",
"0500000US29083","Henry County, Missouri","4976","13","4959","10","775","108","506","108","314","86","752","113","768","125","957","143","887","49","17","6",
"0500000US29085","Hickory County, Missouri","1488","34","1488","34","231","48","128","40","92","54","193","60","275","83","303","99","266","12","0","17",
"0500000US29087","Holt County, Missouri","882","23","882","23","144","17","77","18","35","19","147","34","168","37","131","25","180","16","0","12",
"0500000US29089","Howard County, Missouri","2155","125","2132","126","235","66","310","79","81","62","223","71","461","83","400","72","422","94","23","10",
"0500000US29091","Howell County, Missouri","9741","*****","9722","7","1287","161","1151","155","423","122","1591","246","1759","239","1793","226","1718","54","19","5",
"0500000US29093","Iron County, Missouri","1983","17","1974","18","310","65","160","60","86","27","433","72","278","54","316","60","391","31","9","3",
"0500000US29095","Jackson County, Missouri","167759","*****","167476","32","26563","884","17719","885","9808","964","27434","1246","29240","1208","27790","1211","28922","48","283","33",
"0500000US29097","Jasper County, Missouri","30642","*****","30612","7","4587","307","3395","320","1791","282","4805","498","5823","438","4868","469","5343","45","30","8",
"0500000US29099","Jefferson County, Missouri","51633","43","51587","46","7404","483","5231","484","3139","555","8356","738","9154","621","8730","632","9573","119","46","30",
"0500000US29101","Johnson County, Missouri","12108","41","12073","50","1939","192","1480","192","447","124","2113","284","2243","277","2022","214","1829","92","35","26",
"0500000US29103","Knox County, Missouri","932","41","931","41","162","41","153","34","44","26","133","33","123","33","164","38","152","10","1","2",
"0500000US29105","Laclede County, Missouri","8953","56","8953","56","1543","256","892","198","376","160","1522","251","1629","285","1286","256","1705","76","0","26",
"0500000US29107","Lafayette County, Missouri","7607","*****","7582","9","883","137","897","136","303","114","1072","229","1503","216","1504","240","1420","51","25","6",
"0500000US29109","Lawrence County, Missouri","9809","70","9750","70","1532","182","924","180","527","155","1571","239","1732","256","1735","257","1729","37","59","3",
"0500000US29111","Lewis County, Missouri","2108","24","2108","24","317","55","201","56","106","52","366","102","413","68","304","80","401","24","0","17",
"0500000US29113","Lincoln County, Missouri","15810","*****","15792","10","2123","228","2051","250","1216","256","2730","323","2151","391","2719","317","2802","76","18","11",
"0500000US29115","Linn County, Missouri","2764","49","2764","49","368","54","291","54","70","29","454","102","490","77","539","105","552","44","0","19",
"0500000US29117","Livingston County, Missouri","3107","46","3107","46","443","70","313","69","219","98","459","90","451","88","618","132","604","65","0","19",
"0500000US29119","McDonald County, Missouri","6037","19","6029","19","716","104","804","104","316","89","1074","170","1071","163","971","171","1077","70","8","5",
"0500000US29121","Macon County, Missouri","3500","30","3500","30","586","71","230","68","172","69","458","76","583","96","771","98","700","38","0","19",
"0500000US29123","Madison County, Missouri","2966","54","2910","57","298","75","354","80","206","92","531","145","350","107","584","149","587","74","56","15",
"0500000US29125","Maries County, Missouri","1737","53","1737","53","266","50","178","61","169","64","141","64","272","77","373","77","338","17","0","17",
"0500000US29127","Marion County, Missouri","6834","170","6831","171","1253","189","760","186","319","123","894","166","1423","236","961","241","1221","125","3","6",
"0500000US29129","Mercer County, Missouri","854","32","845","31","185","33","75","26","27","25","124","54","153","43","124","55","157","20","9","2",
"0500000US29131","Miller County, Missouri","5869","84","5869","84","718","159","784","146","282","101","848","160","912","235","1175","230","1150","79","0","23",
"0500000US29133","Mississippi County, Missouri","2688","*****","2674","9","424","137","290","82","120","86","257","119","342","109","772","180","469","9","14","8",
"0500000US29135","Moniteau County, Missouri","3877","57","3874","57","544","84","459","86","165","66","569","116","625","105","787","108","725","46","3","3",
"0500000US29137","Monroe County, Missouri","1916","13","1916","13","213","52","249","52","168","70","290","66","305","71","325","83","366","28","0","17",
"0500000US29139","Montgomery County, Missouri","2504","*****","2494","6","423","61","232","59","176","62","352","60","437","87","400","88","474","18","10","3",
"0500000US29141","Morgan County, Missouri","4958","96","4946","96","776","90","621","104","435","133","772","125","572","102","888","146","882","46","12","9",
"0500000US29143","New Madrid County, Missouri","3724","*****","3713","4","494","88","463","90","145","73","599","126","582","120","747","135","683","17","11","3",
"0500000US29145","Newton County, Missouri","14356","*****","14336","27","1965","214","1718","229","1095","244","2434","344","2184","234","2360","320","2580","103","20","24",
"0500000US29147","Nodaway County, Missouri","3530","53","3477","59","661","99","366","75","177","53","521","91","600","86","584","85","568","30","53","35",
"0500000US29149","Oregon County, Missouri","2008","15","2008","15","178","100","327","103","103","53","402","83","354","110","268","93","376","26","0","17",
"0500000US29151","Osage County, Missouri","3043","31","3043","31","370","57","377","58","126","55","503","84","462","84","609","107","596","11","0","19",
"0500000US29153","Ozark County, Missouri","1687","25","1687","25","235","51","141","53","69","36","240","86","340","79","324","84","338","16","0","17",
"0500000US29155","Pemiscot County, Missouri","3909","*****","3909","5","714","80","317","68","217","97","767","166","693","163","568","130","633","113","0","19",
"0500000US29157","Perry County, Missouri","4275","84","4275","84","589","61","413","61","395","117","592","157","723","132","656","145","907","68","0","19",
"0500000US29159","Pettis County, Missouri","10887","34","10839","36","1614","175","1344","172","699","172","1655","233","1920","295","1735","226","1872","70","48","8",
"0500000US29161","Phelps County, Missouri","9537","*****","9430","26","1413","201","939","196","445","176","1599","270","1511","235","1813","318","1710","151","107","28",
"0500000US29163","Pike County, Missouri","3977","112","3970","113","621","79","338","83","330","134","707","162","570","133","686","145","718","51","7","11",
"0500000US29165","Platte County, Missouri","25483","*****","25482","6","3645","326","2646","327","1122","231","3955","464","4567","452","4949","422","4598","6","1","2",
"0500000US29167","Polk County, Missouri","7595","95","7530","98","1128","185","931","127","460","148","1170","172","1122","203","1451","209","1268","47","65","14",
"0500000US29169","Pulaski County, Missouri","11784","*****","11595","173","2286","314","1343","276","484","182","1848","282","1966","350","2215","348","1453","184","189","173",
"0500000US29171","Putnam County, Missouri","1049","20","1049","20","184","55","106","56","80","38","165","61","171","62","161","88","182","2","0","12",
"0500000US29173","Ralls County, Missouri","2206","21","2201","22","335","51","194","54","119","64","414","110","340","81","391","91","408","10","5","6",
"0500000US29175","Randolph County, Missouri","5392","61","5383","62","851","133","636","119","256","96","923","180","879","152","900","155","938","123","9","5",
"0500000US29177","Ray County, Missouri","5271","35","5271","35","697","116","573","104","314","87","794","118","1084","176","840","142","969","36","0","23",
"0500000US29179","Reynolds County, Missouri","1141","17","1098","18","183","32","106","37","49","23","187","54","156","49","175","57","242","24","43","8",
"0500000US29181","Ripley County, Missouri","2585","*****","2585","3","401","76","304","77","70","41","431","111","570","106","385","92","424","23","0","19",
"0500000US29183","St. Charles County, Missouri","93380","39","93283","52","12481","443","9895","441","5237","619","15726","871","16694","769","15889","786","17361","42","97","34",
"0500000US29185","St. Clair County, Missouri","2038","41","2038","41","244","68","275","65","62","38","249","76","377","106","459","77","372","23","0","17",
"0500000US29186","Ste. Genevieve County, Missouri","3973","14","3973","14","541","91","468","87","342","132","555","143","681","121","591","122","795","57","0","19",
"0500000US29187","St. Francois County, Missouri","14011","*****","13980","9","2041","226","1421","222","645","202","2305","341","2969","329","2056","278","2543","23","31","8",
"0500000US29189","St. Louis County, Missouri","218904","6","218282","79","32356","1065","23309","1063","11913","944","34900","1342","37386","1464","39432","1322","38986","91","622","79",
"0500000US29195","Saline County, Missouri","5102","84","4993","96","642","124","635","109","260","92","785","162","1114","186","738","141","819","98","109","44",
"0500000US29197","Schuyler County, Missouri","1111","26","1111","26","178","30","143","32","92","46","129","51","238","72","167","44","164","4","0","12",
"0500000US29199","Scotland County, Missouri","1399","28","1395","27","261","32","111","32","118","43","252","59","197","54","240","55","216","8","4","5",
"0500000US29201","Scott County, Missouri","9098","22","9091","22","1472","173","961","154","493","149","1603","208","1251","212","1697","293","1614","38","7","4",
"0500000US29203","Shannon County, Missouri","1627","*****","1627","3","221","58","157","58","123","82","250","52","265","73","295","83","316","24","0","17",
"0500000US29205","Shelby County, Missouri","1434","28","1382","30","232","47","141","44","30","18","196","46","224","62","304","50","255","17","52","10",
"0500000US29207","Stoddard County, Missouri","6289","11","6285","12","1110","118","595","95","404","146","1157","153","834","135","1079","217","1106","26","4","4",
"0500000US29209","Stone County, Missouri","5360","12","5324","13","722","140","565","141","167","67","794","107","1005","147","994","151","1077","62","36","5",
"0500000US29211","Sullivan County, Missouri","1309","8","1309","8","188","34","157","35","36","24","307","73","210","49","181","60","230","30","0","17",
"0500000US29213","Taney County, Missouri","11799","*****","11785","12","1456","223","1379","216","570","130","1987","264","2025","203","2112","285","2256","42","14","11",
"0500000US29215","Texas County, Missouri","5564","156","5542","157","832","116","557","113","230","91","1102","182","913","137","833","172","1075","72","22","12",
"0500000US29217","Vernon County, Missouri","4694","44","4650","58","767","103","426","111","138","58","720","148","909","165","875","171","815","47","44","52",
"0500000US29219","Warren County, Missouri","8595","51","8595","51","1227","162","874","171","462","196","1583","392","1317","209","1568","336","1564","100","0","26",
"0500000US29221","Washington County, Missouri","5526","80","5520","82","862","129","445","122","327","143","1214","207","809","190","880","193","983","21","6","9",
"0500000US29223","Wayne County, Missouri","2132","54","2123","54","297","59","194","63","72","45","311","114","299","91","559","131","391","20","9","4",
"0500000US29225","Webster County, Missouri","11134","129","11134","129","1564","206","1375","191","579","161","1841","311","1863","291","2030","288","1882","65","0","26",
"0500000US29227","Worth County, Missouri","418","19","418","19","66","15","34","15","14","12","55","28","54","23","90","18","105","13","0","12",
"0500000US29229","Wright County, Missouri","4900","50","4892","51","896","115","374","116","219","94","1008","211","774","184","714","218","907","66","8","5",
"0500000US29510","St. Louis city, Missouri","52870","*****","52666","51","9819","558","6601","558","3207","529","7994","829","8392","744","8730","736","7923","65","204","52",
"0500000US30001","Beaverhead County, Montana","1699","60","1585","74","324","90","160","64","47","27","234","84","306","75","231","60","283","49","114","39",
"0500000US30003","Big Horn County, Montana","4041","88","4028","88","550","73","366","99","240","96","843","127","588","100","679","127","762","124","13","4",
"0500000US30005","Blaine County, Montana","2016","17","2013","19","316","52","173","50","115","48","313","83","377","67","363","92","356","9","3","9",
"0500000US30007","Broadwater County, Montana","1526","*****","1526","4","195","84","210","76","59","37","142","71","190","77","437","102","293","36","0","16",
"0500000US30009","Carbon County, Montana","1907","44","1907","44","236","37","184","37","109","42","256","63","424","95","311","89","387","29","0","18",
"0500000US30011","Carter County, Montana","231","68","229","68","66","31","20","11","1","2","43","26","45","25","21","11","33","18","2","6",
"0500000US30013","Cascade County, Montana","18862","*****","18834","11","2728","214","2094","219","999","232","3295","343","3447","365","3159","401","3112","54","28","13",
"0500000US30015","Chouteau County, Montana","1318","30","1313","31","165","56","168","72","92","31","222","34","231","36","151","43","284","14","5","3",
"0500000US30017","Custer County, Montana","2369","*****","2329","12","347","41","224","43","110","42","470","77","355","76","411","63","412","33","40","9",
"0500000US30019","Daniels County, Montana","267","84","267","84","5","7","13","10","3","5","36","21","45","25","73","40","92","39","0","11",
"0500000US30021","Dawson County, Montana","1885","143","1884","143","228","81","175","79","56","47","225","136","235","113","613","222","352","60","1","3",
"0500000US30023","Deer Lodge County, Montana","1155","55","1096","64","198","60","152","53","77","46","238","60","142","61","120","44","169","35","59","46",
"0500000US30025","Fallon County, Montana","653","104","653","104","93","22","97","22","7","8","62","44","120","54","174","57","100","38","0","11",
"0500000US30027","Fergus County, Montana","2456","*****","2440","24","391","68","255","45","84","41","482","80","487","70","296","93","445","54","16","24",
"0500000US30029","Flathead County, Montana","23948","18","23879","56","3227","326","2629","327","1435","264","3989","457","4062","350","4282","508","4255","45","69","56",
"0500000US30031","Gallatin County, Montana","23305","87","23194","127","3988","212","1690","206","1444","346","3797","377","4301","415","3999","365","3975","90","111","82",
"0500000US30033","Garfield County, Montana","272","54","272","54","59","23","33","14","27","21","43","18","30","14","27","12","53","14","0","11",
"0500000US30035","Glacier County, Montana","4134","35","4066","106","684","95","364","87","337","107","585","129","747","129","734","145","615","126","68","104",
"0500000US30037","Golden Valley County, Montana","164","60","164","60","47","27","19","11","2","4","40","20","21","16","13","11","22","15","0","11",
"0500000US30039","Granite County, Montana","509","43","503","46","47","18","100","49","30","18","60","29","82","36","98","47","86","13","6","13",
"0500000US30041","Hill County, Montana","4563","34","4563","34","803","151","560","154","234","79","726","151","854","123","723","150","663","10","0","18",
"0500000US30043","Jefferson County, Montana","2555","26","2528","27","292","51","267","57","122","68","556","126","407","85","372","107","512","51","27","6",
"0500000US30045","Judith Basin County, Montana","466","67","466","67","97","37","10","9","47","33","86","31","68","25","73","31","85","31","0","11",
"0500000US30047","Lake County, Montana","7167","58","7118","59","912","123","675","124","342","102","1190","186","1233","156","1377","188","1389","66","49","11",
"0500000US30049","Lewis and Clark County, Montana","15566","*****","15484","32","2278","264","1526","272","809","225","2843","423","2499","339","2716","330","2813","144","82","31",
"0500000US30051","Liberty County, Montana","531","56","531","56","108","37","36","27","26","19","127","52","68","27","117","39","49","20","0","11",
"0500000US30053","Lincoln County, Montana","3823","10","3782","18","605","114","330","105","121","56","507","149","477","142","980","238","762","51","41","15",
"0500000US30055","McCone County, Montana","311","50","311","50","50","19","8","7","4","4","55","26","87","28","31","19","76","14","0","11",
"0500000US30057","Madison County, Montana","1504","42","1504","42","245","47","187","55","189","67","236","54","244","73","158","58","245","9","0","16",
"0500000US30059","Meagher County, Montana","246","61","246","61","41","25","32","20","8","8","38","23","22","19","28","28","77","20","0","11",
"0500000US30061","Mineral County, Montana","1028","22","1028","22","193","63","120","45","14","12","165","36","122","37","238","47","176","23","0","11",
"0500000US30063","Missoula County, Montana","21937","41","21864","54","3092","231","2418","247","1196","252","3203","383","3719","441","4192","484","4044","183","73","33",
"0500000US30065","Musselshell County, Montana","998","74","997","73","131","50","86","36","11","15","222","85","166","84","196","58","185","22","1","2",
"0500000US30067","Park County, Montana","2990","30","2986","30","529","74","268","76","143","84","457","106","381","101","659","144","549","48","4","8",
"0500000US30069","Petroleum County, Montana","66","36","66","36","13","15","0","11","7","8","15","11","16","11","12","11","3","5","0","11",
"0500000US30071","Phillips County, Montana","987","*****","967","39","128","65","128","47","47","47","124","52","196","58","198","93","146","15","20","38",
"0500000US30073","Pondera County, Montana","1434","8","1419","36","286","38","115","33","126","45","254","48","183","33","217","43","238","2","15","34",
"0500000US30075","Powder River County, Montana","364","57","364","57","48","17","35","18","20","17","98","28","62","36","58","35","43","18","0","11",
"0500000US30077","Powell County, Montana","935","44","896","43","148","43","81","41","47","38","157","54","124","52","202","70","137","20","39","20",
"0500000US30079","Prairie County, Montana","212","58","212","58","17","11","49","27","7","7","78","36","24","15","37","22","0","11","0","11",
"0500000US30081","Ravalli County, Montana","8703","61","8695","61","1196","115","817","121","484","156","1212","262","1619","250","1716","274","1651","75","8","3",
"0500000US30083","Richland County, Montana","2802","25","2802","25","447","80","238","85","154","67","373","114","624","135","391","95","575","41","0","18",
"0500000US30085","Roosevelt County, Montana","3465","15","3447","17","492","88","349","73","148","57","582","124","723","132","514","102","639","41","18","3",
"0500000US30087","Rosebud County, Montana","2308","26","2303","29","275","67","353","58","152","126","201","69","371","124","555","130","396","11","5","9",
"0500000US30089","Sanders County, Montana","2265","*****","2225","12","309","73","204","68","113","63","352","94","441","104","366","84","440","34","40","11",
"0500000US30091","Sheridan County, Montana","802","84","802","84","144","32","120","31","42","27","188","87","106","40","96","37","106","40","0","11",
"0500000US30093","Silver Bow County, Montana","7227","37","7200","38","817","171","1000","199","174","94","1412","220","1452","207","1098","197","1247","140","27","12",
"0500000US30095","Stillwater County, Montana","1925","21","1925","21","192","30","194","33","145","51","291","68","313","81","345","78","445","38","0","16",
"0500000US30097","Sweet Grass County, Montana","746","78","743","78","98","42","76","26","18","20","115","45","141","42","115","40","180","35","3","7",
"0500000US30099","Teton County, Montana","1587","38","1541","90","169","45","242","43","66","27","278","55","231","39","303","59","252","48","46","84",
"0500000US30101","Toole County, Montana","1066","59","1066","59","142","45","137","30","80","36","200","61","165","47","172","36","170","28","0","16",
"0500000US30103","Treasure County, Montana","128","58","128","58","12","7","11","8","6","10","34","27","35","22","15","11","15","14","0","11",
"0500000US30105","Valley County, Montana","1679","*****","1667","7","245","40","179","41","211","92","265","70","259","75","208","59","300","10","12","5",
"0500000US30107","Wheatland County, Montana","445","73","445","73","42","25","22","17","7","10","128","51","82","37","120","45","44","23","0","11",
"0500000US30109","Wibaux County, Montana","356","103","356","103","32","25","25","16","8","10","63","37","91","43","60","44","77","41","0","11",
"0500000US30111","Yellowstone County, Montana","38803","*****","38630","57","5284","325","4111","321","2217","350","6475","528","7135","536","6583","525","6825","103","173","60",
"0500000US31001","Adams County, Nebraska","7502","119","7454","122","1277","205","739","170","344","108","1238","168","1316","183","1283","173","1257","27","48","36",
"0500000US31003","Antelope County, Nebraska","1564","23","1564","23","215","39","199","39","102","33","333","42","215","42","233","36","267","19","0","15",
"0500000US31005","Arthur County, Nebraska","137","40","137","40","13","6","10","9","6","5","26","15","22","12","20","13","40","15","0","10",
"0500000US31007","Banner County, Nebraska","152","59","152","59","12","8","23","14","12","12","37","20","15","8","23","16","30","20","0","10",
"0500000US31009","Blaine County, Nebraska","82","26","82","26","11","8","18","10","2","3","24","12","19","13","4","4","4","5","0","10",
"0500000US31011","Boone County, Nebraska","1313","17","1313","17","167","31","150","31","87","29","211","46","241","50","204","40","253","19","0","15",
"0500000US31013","Box Butte County, Nebraska","2697","*****","2697","5","299","74","153","60","131","92","363","121","616","122","726","165","409","54","0","16",
"0500000US31015","Boyd County, Nebraska","340","52","340","52","58","17","20","23","17","11","63","27","87","31","49","21","46","22","0","10",
"0500000US31017","Brown County, Nebraska","576","52","576","52","121","31","49","28","50","28","42","23","97","34","115","34","102","27","0","10",
"0500000US31019","Buffalo County, Nebraska","11492","74","11462","74","1781","178","1174","167","674","147","1731","245","2131","234","2027","282","1944","71","30","9",
"0500000US31021","Burt County, Nebraska","1512","43","1512","43","206","29","139","29","89","43","251","71","235","68","281","72","311","29","0","15",
"0500000US31023","Butler County, Nebraska","2018","34","2018","34","361","48","114","46","43","24","359","72","405","61","344","54","392","36","0","15",
"0500000US31025","Cass County, Nebraska","6234","*****","6229","8","771","98","631","96","267","77","1183","157","1067","159","1126","155","1184","37","5","5",
"0500000US31027","Cedar County, Nebraska","2122","16","2122","16","367","42","164","42","107","27","431","77","359","91","300","60","394","15","0","15",
"0500000US31029","Chase County, Nebraska","899","98","899","98","84","42","102","34","48","29","173","49","209","45","150","49","133","41","0","10",
"0500000US31031","Cherry County, Nebraska","1289","29","1289","29","173","41","119","41","95","62","232","74","246","62","239","88","185","11","0","15",
"0500000US31033","Cheyenne County, Nebraska","2080","22","2080","22","258","71","236","56","143","87","374","93","366","98","327","103","376","30","0","15",
"0500000US31035","Clay County, Nebraska","1497","14","1497","14","220","26","182","29","63","27","248","52","251","41","284","52","249","19","0","15",
"0500000US31037","Colfax County, Nebraska","3254","*****","3254","5","313","108","538","108","161","110","520","177","633","123","473","148","616","55","0","16",
"0500000US31039","Cuming County, Nebraska","2251","16","2251","16","412","76","250","60","150","64","289","72","378","89","370","85","402","10","0","15",
"0500000US31041","Custer County, Nebraska","2559","*****","2559","6","449","55","257","40","84","41","378","82","345","73","598","102","448","14","0","16",
"0500000US31043","Dakota County, Nebraska","6297","*****","6293","11","952","162","808","156","258","116","1117","166","863","167","1324","188","971","85","4","3",
"0500000US31045","Dawes County, Nebraska","1485","72","1485","72","358","116","98","60","68","68","196","107","168","85","337","173","260","49","0","15",
"0500000US31047","Dawson County, Nebraska","6723","22","6719","21","1138","138","764","137","305","104","1148","218","1182","179","1109","167","1073","23","4","4",
"0500000US31049","Deuel County, Nebraska","338","54","338","54","62","27","47","23","17","12","62","22","51","32","54","18","45","20","0","10",
"0500000US31051","Dixon County, Nebraska","1402","*****","1399","9","174","37","166","47","92","31","235","56","238","57","236","57","258","33","3","8",
"0500000US31053","Dodge County, Nebraska","9405","58","9373","62","1520","166","877","167","523","115","996","172","2016","216","1813","270","1628","57","32","19",
"0500000US31055","Douglas County, Nebraska","149685","*****","149134","73","23665","785","16757","787","8721","717","24382","1078","24801","1048","25863","1015","24945","92","551","75",
"0500000US31057","Dundy County, Nebraska","352","99","352","99","117","43","14","13","13","12","72","47","19","15","45","20","72","35","0","10",
"0500000US31059","Fillmore County, Nebraska","1094","9","1068","10","224","36","113","32","62","23","143","35","214","35","154","40","158","17","26","5",
"0500000US31061","Franklin County, Nebraska","576","13","576","13","109","12","39","13","38","14","80","18","109","18","101","26","100","5","0","10",
"0500000US31063","Frontier County, Nebraska","528","41","528","41","76","18","43","14","19","12","101","25","117","29","66","19","106","18","0","10",
"0500000US31065","Furnas County, Nebraska","991","30","991","30","151","26","105","23","52","30","152","36","164","34","167","30","200","20","0","10",
"0500000US31067","Gage County, Nebraska","4888","110","4888","110","498","74","600","62","322","99","681","126","773","147","1047","153","967","99","0","19",
"0500000US31069","Garden County, Nebraska","360","63","360","63","29","18","54","22","13","13","46","21","44","26","109","44","65","25","0","10",
"0500000US31071","Garfield County, Nebraska","351","62","351","62","84","24","24","11","37","30","13","17","93","57","30","20","70","19","0","10",
"0500000US31073","Gosper County, Nebraska","423","69","423","69","35","19","49","24","7","7","82","42","77","23","94","22","79","23","0","10",
"0500000US31075","Grant County, Nebraska","148","32","148","32","19","9","16","9","4","5","14","7","28","8","31","10","36","14","0","10",
"0500000US31077","Greeley County, Nebraska","509","18","509","18","79","11","49","10","35","11","68","16","119","16","71","18","88","10","0","10",
"0500000US31079","Hall County, Nebraska","17154","32","17146","32","2656","217","1930","236","700","174","2427","362","2868","443","3538","398","3027","71","8","4",
"0500000US31081","Hamilton County, Nebraska","2282","54","2281","55","341","55","208","63","175","75","408","77","385","69","345","78","419","23","1","2",
"0500000US31083","Harlan County, Nebraska","623","64","623","64","116","29","50","15","25","17","139","54","75","25","111","35","107","21","0","10",
"0500000US31085","Hayes County, Nebraska","181","39","181","39","27","13","25","10","20","12","25","11","36","17","18","14","30","17","0","10",
"0500000US31087","Hitchcock County, Nebraska","604","12","604","12","99","11","46","11","45","14","75","19","100","20","130","23","109","4","0","10",
"0500000US31089","Holt County, Nebraska","2603","8","2603","8","363","72","284","57","52","26","448","89","462","64","532","70","462","31","0","16",
"0500000US31091","Hooker County, Nebraska","123","35","123","35","13","8","13","8","7","8","12","13","2","5","37","18","39","9","0","10",
"0500000US31093","Howard County, Nebraska","1648","10","1648","10","243","35","188","54","73","44","199","47","269","58","330","60","346","53","0","15",
"0500000US31095","Jefferson County, Nebraska","1626","86","1626","86","247","85","184","57","138","59","256","56","296","56","213","53","292","35","0","15",
"0500000US31097","Johnson County, Nebraska","1037","62","1037","62","147","44","87","23","71","35","146","42","217","48","175","73","194","34","0","15",
"0500000US31099","Kearney County, Nebraska","1663","27","1663","27","277","84","118","50","85","38","155","65","399","99","298","51","331","37","0","15",
"0500000US31101","Keith County, Nebraska","1692","52","1692","52","235","49","135","49","119","44","303","78","348","87","235","89","317","47","0","15",
"0500000US31103","Keya Paha County, Nebraska","202","52","202","52","30","19","26","20","8","6","28","15","18","11","39","20","53","19","0","10",
"0500000US31105","Kimball County, Nebraska","635","75","635","75","103","35","82","27","100","31","98","37","95","51","70","30","87","22","0","10",
"0500000US31107","Knox County, Nebraska","2013","18","2013","18","292","26","207","29","75","23","324","54","342","48","406","77","367","14","0","15",
"0500000US31109","Lancaster County, Nebraska","73279","65","73206","77","10986","459","7882","465","3683","497","12310","627","12911","737","12512","728","12922","41","73","41",
"0500000US31111","Lincoln County, Nebraska","7738","15","7730","16","945","153","925","151","394","135","1537","229","892","172","1531","244","1506","48","8","5",
"0500000US31113","Logan County, Nebraska","216","45","216","45","40","15","4","5","18","12","37","15","29","13","34","21","54","21","0","10",
"0500000US31115","Loup County, Nebraska","130","44","130","44","10","10","15","12","2","4","25","19","14","11","32","19","32","19","0","10",
"0500000US31117","McPherson County, Nebraska","100","26","100","26","8","7","4","5","0","10","12","7","5","4","53","19","18","11","0","10",
"0500000US31119","Madison County, Nebraska","8980","*****","8941","22","1397","160","1068","155","655","173","1379","213","1624","232","1391","188","1427","44","39","18",
"0500000US31121","Merrick County, Nebraska","1742","41","1742","41","282","35","141","36","90","38","309","55","313","56","289","73","318","22","0","15",
"0500000US31123","Morrill County, Nebraska","1017","18","1010","18","201","42","90","34","35","28","135","50","198","40","162","54","189","23","7","3",
"0500000US31125","Nance County, Nebraska","792","21","792","21","111","20","68","21","36","19","144","32","171","34","112","31","150","10","0","10",
"0500000US31127","Nemaha County, Nebraska","1569","31","1569","31","274","74","132","69","31","25","242","60","262","72","327","87","301","23","0","15",
"0500000US31129","Nuckolls County, Nebraska","751","13","751","13","116","17","83","16","22","15","142","45","131","53","122","55","135","4","0","10",
"0500000US31131","Otoe County, Nebraska","3902","15","3902","15","527","97","445","99","138","58","746","129","526","100","845","164","675","78","0","16",
"0500000US31133","Pawnee County, Nebraska","621","20","621","20","113","19","65","23","5","7","106","28","117","27","112","23","103","9","0","10",
"0500000US31135","Perkins County, Nebraska","686","19","686","19","58","22","82","22","53","19","131","25","134","31","107","24","121","8","0","10",
"0500000US31137","Phelps County, Nebraska","2187","34","2187","34","342","40","269","37","124","77","337","71","467","84","303","66","345","16","0","15",
"0500000US31139","Pierce County, Nebraska","1849","28","1849","28","315","68","205","63","73","33","377","91","275","43","262","64","342","20","0","15",
"0500000US31141","Platte County, Nebraska","9221","70","9212","71","1445","148","874","151","337","128","1741","219","1333","216","1808","221","1674","78","9","6",
"0500000US31143","Polk County, Nebraska","1165","*****","1165","4","190","25","90","25","44","25","159","31","191","41","225","42","266","23","0","15",
"0500000US31145","Red Willow County, Nebraska","2367","101","2367","101","418","78","192","66","110","81","403","93","323","84","517","117","404","45","0","16",
"0500000US31147","Richardson County, Nebraska","1680","*****","1680","5","158","62","234","66","124","41","266","61","265","51","286","81","347","48","0","15",
"0500000US31149","Rock County, Nebraska","263","45","263","45","25","10","32","16","17","13","59","21","31","17","35","19","64","20","0","10",
"0500000US31151","Saline County, Nebraska","3830","101","3830","101","505","95","424","96","85","64","661","127","810","107","614","123","731","68","0","16",
"0500000US31153","Sarpy County, Nebraska","51948","68","51919","68","7545","370","5306","373","3011","446","9113","658","8923","615","8793","597","9228","39","29","10",
"0500000US31155","Saunders County, Nebraska","5708","53","5708","53","744","103","652","108","351","109","775","129","1158","136","1003","135","1025","28","0","19",
"0500000US31157","Scotts Bluff County, Nebraska","8658","27","8653","26","1355","145","883","158","595","180","1470","226","1629","189","1152","227","1569","53","5","5",
"0500000US31159","Seward County, Nebraska","4111","20","4100","21","589","68","374","62","171","97","582","112","847","99","800","121","737","21","11","9",
"0500000US31161","Sheridan County, Nebraska","1070","14","1069","15","223","24","85","30","43","25","238","41","135","32","169","42","176","19","1","3",
"0500000US31163","Sherman County, Nebraska","630","38","630","38","84","23","79","24","20","15","62","30","52","23","205","37","128","17","0","10",
"0500000US31165","Sioux County, Nebraska","245","73","245","73","47","24","23","16","9","10","50","45","28","14","40","17","48","16","0","10",
"0500000US31167","Stanton County, Nebraska","1450","23","1448","24","222","41","92","44","87","34","257","56","269","55","232","47","289","24","2","5",
"0500000US31169","Thayer County, Nebraska","1111","18","1111","18","135","30","107","27","89","30","144","24","176","37","244","37","216","13","0","10",
"0500000US31171","Thomas County, Nebraska","63","22","63","22","2","3","4","4","2","2","6","6","27","10","9","7","13","11","0","10",
"0500000US31173","Thurston County, Nebraska","2273","22","2273","22","331","47","293","52","138","48","312","59","380","50","416","65","403","4","0","15",
"0500000US31175","Valley County, Nebraska","894","42","894","42","149","22","86","22","90","29","98","33","177","43","145","51","149","22","0","10",
"0500000US31177","Washington County, Nebraska","5064","75","5064","75","632","118","446","100","159","77","949","170","850","129","1043","154","985","51","0","19",
"0500000US31179","Wayne County, Nebraska","2001","15","1999","18","414","79","81","57","86","55","232","108","254","83","627","125","305","29","2","6",
"0500000US31181","Webster County, Nebraska","742","7","742","7","99","16","71","17","36","18","113","27","114","24","148","23","161","9","0","10",
"0500000US31183","Wheeler County, Nebraska","161","60","161","60","17","11","36","23","12","12","26","22","23","16","19","14","28","12","0","10",
"0500000US31185","York County, Nebraska","3324","14","3294","29","438","64","421","59","155","61","703","123","490","113","485","110","602","44","30","20",
"0500000US32001","Churchill County, Nevada","5863","*****","5828","54","669","181","866","144","266","108","971","206","939","194","1157","259","960","108","35","55",
"0500000US32003","Clark County, Nevada","517221","*****","516787","168","76803","1556","54009","1554","27222","1513","84203","2008","89045","2161","93799","2133","91706","99","434","168",
"0500000US32005","Douglas County, Nevada","7377","135","7337","134","764","154","929","164","227","101","949","179","1432","219","1409","223","1627","80","40","14",
"0500000US32007","Elko County, Nevada","14286","26","14254","31","1935","255","1602","261","816","219","2430","300","2356","346","2650","290","2465","41","32","18",
"0500000US32009","Esmeralda County, Nevada","132","88","132","88","0","14","28","17","36","42","36","42","8","10","13","17","11","20","0","14",
"0500000US32011","Eureka County, Nevada","310","206","310","206","31","47","28","38","0","14","53","38","43","40","100","67","55","71","0","14",
"0500000US32013","Humboldt County, Nevada","4562","84","4562","84","728","126","421","135","302","159","846","191","662","183","840","180","763","30","0","22",
"0500000US32015","Lander County, Nevada","1591","271","1591","271","157","92","175","92","13","17","300","129","276","115","226","104","444","135","0","20",
"0500000US32017","Lincoln County, Nevada","883","200","838","202","32","49","83","61","0","14","133","89","129","79","320","143","141","91","45","10",
"0500000US32019","Lyon County, Nevada","12423","137","12381","139","1971","198","1196","201","612","207","1898","336","2203","375","2242","300","2259","123","42","6",
"0500000US32021","Mineral County, Nevada","941","250","934","250","193","120","137","90","9","13","104","56","215","108","208","99","68","58","7","6",
"0500000US32023","Nye County, Nevada","9016","97","9008","99","1285","236","918","178","501","334","1423","374","1369","257","1805","346","1707","104","8","7",
"0500000US32027","Pershing County, Nevada","1027","57","1017","57","121","60","153","77","17","19","114","79","187","57","256","79","169","75","10","5",
"0500000US32029","Storey County, Nevada","556","133","556","133","78","65","50","41","23","28","73","43","107","69","122","87","103","71","0","14",
"0500000US32031","Washoe County, Nevada","102934","*****","102755","95","15545","633","10621","634","5987","854","17511","906","16189","846","18561","1172","18341","86","179","93",
"0500000US32033","White Pine County, Nevada","1704","40","1691","40","197","80","216","86","49","36","287","82","344","114","315","125","283","51","13","3",
"0500000US32510","Carson City, Nevada","11633","*****","11631","5","1384","195","1391","197","837","224","1972","365","2013","388","1927","294","2107","76","2","4",
"0500000US33001","Belknap County, New Hampshire","11189","97","11157","108","1595","176","949","144","525","181","1294","247","1977","318","2610","427","2207","79","32","28",
"0500000US33003","Carroll County, New Hampshire","7631","*****","7622","9","853","141","782","137","394","110","1267","219","1594","216","1245","188","1487","77","9","8",
"0500000US33005","Cheshire County, New Hampshire","13760","20","13750","25","2026","223","1425","223","685","177","2089","242","2406","226","2603","307","2516","129","10","15",
"0500000US33007","Coos County, New Hampshire","5014","41","4996","42","838","99","355","91","300","83","674","144","880","152","985","162","964","29","18","12",
"0500000US33009","Grafton County, New Hampshire","14414","*****","14182","188","1873","217","1473","194","607","140","2208","279","2596","277","2834","341","2591","88","232","190",
"0500000US33011","Hillsborough County, New Hampshire","83696","66","83392","118","11865","547","9515","550","4169","467","13531","863","14344","870","14409","930","15559","67","304","97",
"0500000US33013","Merrimack County, New Hampshire","28657","*****","28551","46","3927","303","2997","303","1167","222","4715","369","4755","418","5560","447","5430","91","106","47",
"0500000US33015","Rockingham County, New Hampshire","58963","*****","58922","26","8106","417","6298","419","3274","451","10392","737","9724","601","9649","713","11479","104","41","26",
"0500000US33017","Strafford County, New Hampshire","23399","45","23316","51","3281","285","2561","306","1350","273","3696","471","4103","386","4047","477","4278","88","83","35",
"0500000US33019","Sullivan County, New Hampshire","7757","21","7739","42","1194","141","713","180","397","151","1528","251","1220","251","1168","251","1519","105","18","33",
"0500000US34001","Atlantic County, New Jersey","57395","*****","57324","43","8447","468","5771","468","3312","561","8573","805","10338","810","10426","895","10457","35","71","44",
"0500000US34003","Bergen County, New Jersey","201193","30","201047","84","28737","882","20209","883","9412","979","31508","1052","36437","1134","36966","1436","37778","81","146","77",
"0500000US34005","Burlington County, New Jersey","96126","49","95893","87","13220","473","10545","480","4951","491","15801","861","15906","806","17400","939","18070","74","233","77",
"0500000US34007","Camden County, New Jersey","119695","24","119595","57","18792","787","12440","787","7324","832","19829","1067","20214","1107","19894","903","21102","50","100","51",
"0500000US34009","Cape May County, New Jersey","16274","32","16270","33","2214","236","1790","237","814","210","2875","441","2616","296","3037","364","2924","141","4","5",
"0500000US34011","Cumberland County, New Jersey","37403","*****","37388","11","5265","470","4164","466","1681","337","6145","573","6918","455","6619","548","6596","103","15","10",
"0500000US34013","Essex County, New Jersey","203641","103","203228","185","30825","1069","22918","1110","11938","1010","32068","1368","34820","1428","36341","1633","34318","136","413","149",
"0500000US34015","Gloucester County, New Jersey","65238","53","65198","68","8662","391","6769","387","3940","426","11605","680","10528","622","11176","714","12518","50","40","46",
"0500000US34017","Hudson County, New Jersey","141994","234","141947","237","27026","1072","17750","1083","7283","855","24837","1299","21063","1057","22662","1333","21326","91","47","51",
"0500000US34019","Hunterdon County, New Jersey","24884","*****","24784","50","3340","238","2408","238","1186","245","4020","406","3807","381","4993","396","5030","100","100","46",
"0500000US34021","Mercer County, New Jersey","84828","*****","84573","81","12697","771","8852","768","4883","656","12877","977","14687","807","15556","1075","15021","56","255","79",
"0500000US34023","Middlesex County, New Jersey","187080","126","186741","160","25821","1093","20703","1094","9822","830","31183","1288","32785","1218","32605","1175","33822","109","339","89",
"0500000US34025","Monmouth County, New Jersey","134746","52","134652","71","18848","759","13477","756","7168","696","21157","1076","22531","989","24955","1070","26516","66","94","61",
"0500000US34027","Morris County, New Jersey","106211","*****","106168","30","14292","557","11571","557","5365","641","16536","876","18834","823","19002","997","20568","48","43","28",
"0500000US34029","Ocean County, New Jersey","163366","85","163331","87","28406","1016","19685","992","8606","895","27073","1140","26550","1331","26692","1209","26319","29","35","17",
"0500000US34031","Passaic County, New Jersey","123141","*****","123000","71","19013","855","13824","855","6960","750","19245","1043","20907","1004","21985","1077","21066","63","141","71",
"0500000US34033","Salem County, New Jersey","14314","*****","14299","22","2091","228","1533","215","748","240","2203","327","2772","344","2430","322","2522","28","15","19",
"0500000US34035","Somerset County, New Jersey","74044","*****","73864","85","10155","588","7083","587","3780","522","11741","894","12558","760","13794","846","14753","41","180","85",
"0500000US34037","Sussex County, New Jersey","28419","*****","28368","31","4327","268","2661","268","1515","238","4739","395","4523","318","4962","393","5641","14","51","31",
"0500000US34039","Union County, New Jersey","136260","*****","136128","177","20212","1017","15332","1025","7077","679","20980","1093","24060","1072","24648","1131","23819","126","132","176",
"0500000US34041","Warren County, New Jersey","21393","*****","21372","19","2756","215","2359","207","940","233","3438","391","3567","368","4103","333","4209","7","21","19",
"0500000US35001","Bernalillo County, New Mexico","136749","41","136406","119","18858","953","14188","958","6610","813","22987","1484","22524","1229","25659","1306","25580","72","343","117",
"0500000US35003","Catron County, New Mexico","230","118","230","118","16","32","0","14","18","23","18","24","29","39","127","90","22","25","0","14",
"0500000US35005","Chaves County, New Mexico","15799","123","15649","119","2153","223","1539","230","1150","253","2398","345","2507","312","2962","390","2940","88","150","46",
"0500000US35006","Cibola County, New Mexico","6233","50","6184","51","904","124","487","124","309","130","1091","239","1346","277","1069","247","978","178","49","4",
"0500000US35007","Colfax County, New Mexico","2160","50","2151","50","161","64","329","83","144","87","329","150","389","122","393","97","406","75","9","5",
"0500000US35009","Curry County, New Mexico","12637","57","12605","58","2374","256","1299","251","728","247","1776","353","1866","298","2594","386","1968","80","32","25",
"0500000US35011","De Baca County, New Mexico","302","111","302","111","151","53","24","28","19","27","78","59","0","14","9","13","21","21","0","14",
"0500000US35013","Doña Ana County, New Mexico","51915","*****","51835","49","7692","468","5156","511","2715","455","7056","764","9201","881","10531","977","9484","150","80","47",
"0500000US35015","Eddy County, New Mexico","15759","160","15753","159","3223","276","950","268","569","220","2133","517","2992","538","3231","507","2655","45","6","5",
"0500000US35017","Grant County, New Mexico","4974","106","4968","107","740","100","393","101","375","163","716","209","632","166","1170","241","942","62","6","11",
"0500000US35019","Guadalupe County, New Mexico","976","158","976","158","134","61","43","37","127","93","219","100","186","71","88","57","179","73","0","14",
"0500000US35021","Harding County, New Mexico","188","94","188","94","6","7","8","14","6","7","28","17","35","31","42","43","63","43","0","14",
"0500000US35023","Hidalgo County, New Mexico","862","31","862","31","152","36","61","36","31","33","231","68","132","54","138","50","117","17","0","14",
"0500000US35025","Lea County, New Mexico","21754","6","21722","25","3569","418","2220","475","1072","248","3870","386","3460","394","3647","505","3884","163","32","25",
"0500000US35027","Lincoln County, New Mexico","3369","57","3365","57","520","120","271","119","133","107","510","164","631","204","655","181","645","19","4","8",
"0500000US35028","Los Alamos County, New Mexico","4278","59","4278","59","549","115","414","105","186","87","813","122","841","192","629","162","846","108","0","21",
"0500000US35029","Luna County, New Mexico","6611","106","6610","106","1142","187","804","248","261","132","1383","235","819","231","1070","277","1131","110","1","3",
"0500000US35031","McKinley County, New Mexico","19076","61","19002","69","1760","206","2281","199","926","201","2828","257","4126","421","3428","291","3653","76","74","41",
"0500000US35033","Mora County, New Mexico","710","193","710","193","95","65","47","31","0","14","181","105","171","82","62","38","154","77","0","14",
"0500000US35035","Otero County, New Mexico","15054","*****","15019","42","1912","214","2030","252","761","194","2610","436","2750","335","2383","382","2573","72","35","41",
"0500000US35037","Quay County, New Mexico","1681","24","1680","24","13","13","131","117","1","2","390","163","320","136","658","181","167","97","1","3",
"0500000US35039","Rio Arriba County, New Mexico","9016","53","9011","53","1282","129","807","134","427","198","1549","264","1773","290","1632","298","1541","38","5","6",
"0500000US35041","Roosevelt County, New Mexico","4745","131","4676","144","759","154","384","142","398","114","1016","189","578","147","785","165","756","70","69","42",
"0500000US35043","Sandoval County, New Mexico","33391","*****","33377","12","4064","323","3089","304","1713","277","5517","628","5939","538","6510","713","6545","185","14","9",
"0500000US35045","San Juan County, New Mexico","30165","*****","30125","37","3772","314","3087","320","1215","239","4877","467","5652","542","5620","576","5902","102","40","38",
"0500000US35047","San Miguel County, New Mexico","4528","119","4482","136","566","133","576","142","161","111","785","227","729","231","944","234","721","67","46","49",
"0500000US35049","Santa Fe County, New Mexico","25077","*****","24976","74","3085","268","2661","260","1165","235","3856","372","4379","392","4798","460","5032","59","101","72",
"0500000US35051","Sierra County, New Mexico","1795","67","1795","67","232","192","201","113","183","141","290","184","418","184","26","41","445","263","0","21",
"0500000US35053","Socorro County, New Mexico","3883","553","3817","553","371","172","409","173","308","181","734","352","682","398","834","601","479","32","66","17",
"0500000US35055","Taos County, New Mexico","5400","30","5375","34","314","150","734","148","371","212","575","159","1051","268","1288","290","1042","12","25","16",
"0500000US35057","Torrance County, New Mexico","3134","86","3134","86","409","137","345","126","178","114","446","143","650","168","487","114","619","72","0","21",
"0500000US35059","Union County, New Mexico","856","64","856","64","156","56","101","39","101","44","158","65","101","47","130","52","109","47","0","14",
"0500000US35061","Valencia County, New Mexico","17834","137","17807","138","2563","277","1716","276","1135","292","2697","391","3032","463","3419","381","3245","107","27","13",
"0500000US36001","Albany County, New York","57145","46","56547","155","8726","479","5899","472","3394","480","9462","717","9358","774","10099","775","9609","154","598","152",
"0500000US36003","Allegany County, New York","9242","42","9148","66","1271","78","1071","83","420","105","1390","125","1748","146","1663","138","1585","60","94","58",
"0500000US36005","Bronx County, New York","341492","28","339057","427","50904","1811","40336","1853","16194","1246","54547","1882","58642","2028","62042","2100","56392","189","2435","423",
"0500000US36007","Broome County, New York","37690","*****","37487","73","5314","398","4085","398","2025","346","6064","517","5997","467","7387","504","6615","80","203","72",
"0500000US36009","Cattaraugus County, New York","16645","*****","16583","43","2394","180","1595","168","1110","169","3115","243","2587","219","2701","251","3081","68","62","43",
"0500000US36011","Cayuga County, New York","14516","*****","14432","42","2213","163","1353","168","760","141","2464","211","2352","220","2522","230","2768","77","84","42",
"0500000US36013","Chautauqua County, New York","25803","*****","25726","41","4125","237","2293","240","1260","245","4764","382","3823","402","4836","395","4625","48","77","40",
"0500000US36015","Chemung County, New York","17169","31","17135","36","2563","208","1623","184","846","226","2818","280","2895","268","3337","396","3053","99","34","20",
"0500000US36017","Chenango County, New York","9569","9","9547","13","1217","129","1139","134","578","123","1421","154","1564","169","1870","172","1758","21","22","9",
"0500000US36019","Clinton County, New York","14165","31","14079","72","2023","209","1339","196","814","191","2408","266","2389","278","2615","258","2491","114","86","66",
"0500000US36021","Columbia County, New York","9724","*****","9600","79","1445","162","857","160","538","146","1450","252","1575","214","1801","225","1934","114","124","75",
"0500000US36023","Cortland County, New York","8547","66","8484","80","1190","118","984","114","478","113","1483","198","1253","202","1547","213","1549","96","63","55",
"0500000US36025","Delaware County, New York","7074","*****","7008","35","1077","98","632","97","308","84","1267","162","1091","119","1258","145","1375","69","66","35",
"0500000US36027","Dutchess County, New York","54816","*****","54392","115","8189","351","5285","336","2956","361","8779","627","9503","598","9109","650","10571","99","424","113",
"0500000US36029","Erie County, New York","191431","55","190880","161","28355","1036","21089","1037","11422","774","33153","1099","32420","1052","31272","1193","33169","144","551","149",
"0500000US36031","Essex County, New York","5703","41","5629","53","819","102","492","97","121","45","1019","140","972","146","1078","161","1128","40","74","45",
"0500000US36033","Franklin County, New York","9302","67","9270","70","1390","128","853","136","458","128","1644","209","1369","182","1772","277","1784","68","32","18",
"0500000US36035","Fulton County, New York","10491","*****","10465","11","1501","153","907","165","555","183","1697","293","1381","182","2441","281","1983","108","26","6",
"0500000US36037","Genesee County, New York","11800","*****","11748","51","1869","153","1043","152","685","225","1769","195","2137","221","2120","191","2125","83","52","51",
"0500000US36039","Greene County, New York","7671","14","7534","83","1154","174","839","185","438","124","785","166","1362","248","1600","225","1356","116","137","84",
"0500000US36041","Hamilton County, New York","615","14","615","14","92","16","41","15","33","18","72","20","147","26","102","31","128","6","0","19",
"0500000US36043","Herkimer County, New York","12183","*****","12175","16","1609","178","1301","160","620","151","2077","278","1911","260","2341","255","2316","63","8","16",
"0500000US36045","Jefferson County, New York","27653","42","27626","47","4797","382","3560","381","1467","198","4847","342","4792","376","4014","413","4149","54","27","25",
"0500000US36047","Kings County, New York","584474","*****","583586","222","101373","1918","68340","1870","31674","1765","94512","2173","96861","2117","99288","1929","91538","96","888","222",
"0500000US36049","Lewis County, New York","6019","28","6009","30","837","75","702","98","284","62","890","106","1120","101","1111","116","1065","45","10","13",
"0500000US36051","Livingston County, New York","10966","*****","10948","21","1660","114","996","112","637","163","1828","201","1874","182","1906","193","2047","62","18","20",
"0500000US36053","Madison County, New York","12264","62","12135","77","1727","131","1266","127","617","135","1761","206","2134","249","2405","299","2225","52","129","52",
"0500000US36055","Monroe County, New York","153175","114","152575","187","22118","801","16963","806","7972","704","24887","1118","26648","1140","26903","1310","27084","119","600","152",
"0500000US36057","Montgomery County, New York","11454","*****","11446","11","1784","167","1274","166","583","146","1949","290","2103","211","1720","217","2033","75","8","11",
"0500000US36059","Nassau County, New York","298728","*****","298140","153","41980","940","31142","939","16021","1148","48619","1474","52368","1258","52836","1407","55174","124","588","155",
"0500000US36061","New York County, New York","226180","103","223881","472","39730","1658","26612","1656","11686","1200","33878","1749","36436","1907","40179","1745","35360","201","2299","465",
"0500000US36063","Niagara County, New York","41850","*****","41750","77","6438","379","4060","378","2200","350","7022","495","7565","532","6984","561","7481","80","100","78",
"0500000US36065","Oneida County, New York","49023","53","48813","69","7434","387","4918","394","2823","400","7501","451","9092","675","8450","552","8595","34","210","50",
"0500000US36067","Onondaga County, New York","98554","29","98233","116","14770","648","10608","651","4866","491","15671","761","17726","744","17475","860","17117","97","321","115",
"0500000US36069","Ontario County, New York","21668","*****","21646","17","3118","217","2033","218","1420","259","3867","252","3733","251","3403","294","4072","128","22","16",
"0500000US36071","Orange County, New York","104187","*****","103115","186","14944","688","12062","684","5120","624","17140","779","18214","908","17002","1076","18633","138","1072","186",
"0500000US36073","Orleans County, New York","7433","55","7374","74","999","114","854","142","489","108","1089","210","1239","141","1393","208","1311","102","59","53",
"0500000US36075","Oswego County, New York","24276","*****","24242","42","3558","242","2472","249","1450","259","4020","357","3748","317","4600","345","4394","73","34","38",
"0500000US36077","Otsego County, New York","8951","8","8868","78","1373","125","971","115","358","88","1463","153","1677","170","1433","205","1593","85","83","76",
"0500000US36079","Putnam County, New York","19033","47","18982","46","2642","261","1988","270","838","210","2785","371","3229","440","3681","414","3819","81","51","11",
"0500000US36081","Queens County, New York","453675","*****","450690","552","71725","1686","53750","1682","25606","1500","70999","1513","75019","2008","79671","2297","73920","222","2985","552",
"0500000US36083","Rensselaer County, New York","30562","22","30374","75","4376","391","3427","399","1266","265","5306","382","5440","447","5225","512","5334","91","188","71",
"0500000US36085","Richmond County, New York","106789","141","106694","153","15720","700","10698","699","5245","713","17209","950","18482","1215","19670","1243","19670","105","95","49",
"0500000US36087","Rockland County, New York","101629","*****","101566","18","17343","671","12443","676","5907","534","16415","778","16963","855","15748","752","16747","35","63","17",
"0500000US36089","St. Lawrence County, New York","21313","*****","21147","97","2728","237","2335","241","1108","250","3713","273","3667","339","3760","365","3836","137","166","98",
"0500000US36091","Saratoga County, New York","45523","*****","45476","26","6221","314","4682","316","2823","507","8065","613","7536","545","7801","493","8348","26","47","26",
"0500000US36093","Schenectady County, New York","34413","53","34366","58","5105","370","4050","376","1759","413","5883","617","5959","450","5662","597","5948","49","47","28",
"0500000US36095","Schoharie County, New York","5182","*****","5176","16","714","100","575","97","262","73","905","128","899","128","823","129","998","32","6","12",
"0500000US36097","Schuyler County, New York","3299","46","3294","46","493","66","312","66","63","33","531","125","581","98","663","103","651","35","5","3",
"0500000US36099","Seneca County, New York","6682","26","6663","46","855","100","854","98","330","83","1099","176","1268","158","1146","131","1111","34","19","37",
"0500000US36101","Steuben County, New York","19920","*****","19888","11","2735","208","2263","205","1050","174","3162","254","3532","230","3666","262","3480","42","32","10",
"0500000US36103","Suffolk County, New York","317899","32","316693","265","48409","1240","32394","1229","15063","944","50885","1774","51283","1592","59496","1822","59163","142","1206","258",
"0500000US36105","Sullivan County, New York","17097","*****","16970","98","2929","296","1844","295","1304","246","2847","383","2534","278","2648","368","2864","99","127","99",
"0500000US36107","Tioga County, New York","9728","26","9727","27","1269","147","1086","162","377","127","1364","253","1750","272","2015","284","1866","58","1","3",
"0500000US36109","Tompkins County, New York","14745","107","14479","126","2176","189","1414","193","883","200","2479","357","2466","315","2459","353","2602","136","266","75",
"0500000US36111","Ulster County, New York","31214","*****","30385","183","4670","366","2990","368","1603","343","4915","479","5148","487","5354","567","5705","104","829","183",
"0500000US36113","Warren County, New York","11464","*****","11438","36","1627","170","1133","171","505","124","1869","271","2134","271","2099","294","2071","75","26","37",
"0500000US36115","Washington County, New York","11160","*****","11151","16","1780","206","990","204","516","161","1721","268","1812","265","2257","282","2075","73","9","12",
"0500000US36117","Wayne County, New York","19083","*****","19042","59","2598","240","2285","220","1009","193","3544","355","2879","253","3341","290","3386","65","41","59",
"0500000US36119","Westchester County, New York","212470","52","211564","145","29945","1068","22678","1068","10017","838","35682","1196","36308","1342","37488","1468","39446","134","906","132",
"0500000US36121","Wyoming County, New York","7339","23","7339","23","1009","128","854","112","419","94","1382","236","1125","194","1250","181","1300","50","0","29",
"0500000US36123","Yates County, New York","5445","63","5418","73","985","101","559","97","239","66","889","101","1056","132","831","150","859","40","27","38",
"0500000US37001","Alamance County, North Carolina","39209","17","39189","19","5955","401","4105","401","1898","361","6444","580","6528","598","7236","795","7023","88","20","9",
"0500000US37003","Alexander County, North Carolina","7144","83","7136","83","1139","204","666","167","281","122","1249","276","1243","269","1134","239","1424","170","8","4",
"0500000US37005","Alleghany County, North Carolina","1832","61","1832","61","279","69","141","54","167","74","319","81","245","80","308","93","373","85","0","21",
"0500000US37007","Anson County, North Carolina","4426","134","4425","134","547","106","589","108","260","138","703","187","755","264","790","231","781","43","1","2",
"0500000US37009","Ashe County, North Carolina","4547","61","4547","61","665","127","409","133","256","95","695","124","698","151","811","154","1013","130","0","25",
"0500000US37011","Avery County, North Carolina","2554","75","2487","75","308","70","381","66","109","61","499","130","375","114","416","124","399","41","67","21",
"0500000US37013","Beaufort County, North Carolina","8515","43","8510","43","1469","153","651","155","499","131","1440","179","1550","216","1267","204","1634","26","5","5",
"0500000US37015","Bertie County, North Carolina","2788","72","2785","72","344","138","362","137","132","113","722","138","188","86","511","125","526","15","3","4",
"0500000US37017","Bladen County, North Carolina","6094","*****","6041","70","835","194","610","149","267","132","1108","201","976","201","1181","229","1064","128","53","70",
"0500000US37019","Brunswick County, North Carolina","21421","*****","21418","7","3400","317","2078","316","1114","241","3421","507","3616","367","3926","459","3863","54","3","3",
"0500000US37021","Buncombe County, North Carolina","48925","*****","48763","76","7286","532","5016","535","2891","483","9066","721","7471","667","8164","884","8869","111","162","75",
"0500000US37023","Burke County, North Carolina","16168","*****","15978","90","2622","318","1581","320","746","214","2612","353","2750","367","2812","353","2855","92","190","90",
"0500000US37025","Cabarrus County, North Carolina","59433","32","59365","54","8365","691","5928","690","2790","456","9821","866","10582","1022","10818","913","11061","27","68","44",
"0500000US37027","Caldwell County, North Carolina","15900","61","15897","62","2098","284","1835","280","547","193","2297","330","2990","368","3079","433","3051","32","3","3",
"0500000US37029","Camden County, North Carolina","2528","123","2528","123","296","82","279","87","142","105","403","134","550","192","435","210","423","187","0","21",
"0500000US37031","Carteret County, North Carolina","11651","24","11640","24","1549","167","993","163","342","93","1758","312","2378","306","2338","307","2282","82","11","10",
"0500000US37033","Caswell County, North Carolina","4110","66","4107","68","647","149","354","109","163","96","527","165","606","161","1056","194","754","51","3","9",
"0500000US37035","Catawba County, North Carolina","35394","*****","35349","26","5114","532","3586","539","1641","356","5784","620","6067","549","6586","632","6571","28","45","26",
"0500000US37037","Chatham County, North Carolina","15516","30","15503","32","2142","275","1460","262","546","248","2560","461","2892","365","2953","388","2950","184","13","12",
"0500000US37039","Cherokee County, North Carolina","4716","19","4715","19","843","155","292","138","119","66","813","183","760","206","865","148","1023","51","1","2",
"0500000US37041","Chowan County, North Carolina","2652","101","2646","99","445","180","254","56","249","160","342","122","383","135","533","156","440","88","6","8",
"0500000US37043","Clay County, North Carolina","1865","78","1861","78","430","83","114","86","187","115","351","118","114","83","329","93","336","30","4","3",
"0500000US37045","Cleveland County, North Carolina","22528","*****","22498","29","3469","345","2422","344","1433","271","4029","551","4320","560","2987","519","3838","126","30","29",
"0500000US37047","Columbus County, North Carolina","10334","55","10273","61","1453","229","1266","228","618","175","1809","261","1723","239","1595","232","1809","111","61","29",
"0500000US37049","Craven County, North Carolina","21819","60","21791","59","3827","319","2285","316","1161","283","3417","418","3861","414","3566","443","3674","98","28","17",
"0500000US37051","Cumberland County, North Carolina","85028","*****","84875","77","14738","539","9978","541","4718","509","14209","842","13893","672","14080","806","13259","34","153","77",
"0500000US37053","Currituck County, North Carolina","6704","51","6701","49","744","172","765","182","436","153","975","183","1256","195","1335","237","1190","89","3","6",
"0500000US37055","Dare County, North Carolina","6771","*****","6756","7","752","114","786","124","396","152","951","191","976","259","1461","224","1434","119","15","3",
"0500000US37057","Davidson County, North Carolina","37476","*****","37391","11","5449","412","3754","411","2367","448","5617","672","5516","525","7600","564","7088","32","85","9",
"0500000US37059","Davie County, North Carolina","9207","15","9205","14","1197","170","984","159","372","148","1410","236","1884","257","1596","261","1762","122","2","4",
"0500000US37061","Duplin County, North Carolina","11708","57","11696","58","1648","238","1535","229","550","177","1940","268","1982","321","1901","282","2140","29","12","13",
"0500000US37063","Durham County, North Carolina","66603","*****","66550","44","11167","707","8783","715","2662","423","10452","798","11526","881","11340","929","10620","51","53","42",
"0500000US37065","Edgecombe County, North Carolina","11152","45","11138","50","1768","203","1045","203","832","269","2229","408","1782","260","1421","326","2061","37","14","18",
"0500000US37067","Forsyth County, North Carolina","88343","49","88287","63","13079","724","9274","722","4363","573","13829","996","15748","979","15788","1041","16206","24","56","38",
"0500000US37069","Franklin County, North Carolina","16194","*****","16192","8","2280","242","1924","244","879","233","2463","321","2946","421","2787","392","2913","38","2","5",
"0500000US37071","Gaston County, North Carolina","52696","18","52669","26","7844","464","5741","463","2921","398","8411","522","8811","739","9505","718","9436","19","27","22",
"0500000US37073","Gates County, North Carolina","1994","31","1994","31","219","66","95","56","108","75","283","105","538","155","392","105","359","70","0","21",
"0500000US37075","Graham County, North Carolina","1544","19","1544","19","145","70","179","63","52","41","234","88","301","77","338","147","295","57","0","19",
"0500000US37077","Granville County, North Carolina","12593","*****","12514","41","2161","180","1034","180","684","223","1991","310","2189","349","2038","311","2417","53","79","40",
"0500000US37079","Greene County, North Carolina","3862","*****","3862","6","567","87","419","87","117","50","721","134","762","144","546","146","730","3","0","25",
"0500000US37081","Guilford County, North Carolina","120573","8","120270","108","16983","818","13504","819","6145","694","20646","1194","21589","1199","19747","1116","21656","104","303","105",
"0500000US37083","Halifax County, North Carolina","10113","38","10100","38","1796","169","817","170","448","184","1623","322","1962","312","1646","261","1808","63","13","8",
"0500000US37085","Harnett County, North Carolina","35394","19","35342","47","5560","403","4140","404","1889","333","5820","494","6348","544","5911","592","5674","67","52","41",
"0500000US37087","Haywood County, North Carolina","11025","*****","10990","17","1583","233","1060","230","600","255","2024","305","1959","280","1659","306","2105","106","35","15",
"0500000US37089","Henderson County, North Carolina","22143","*****","22127","16","3084","288","2277","288","1308","374","3333","370","3987","441","3971","513","4167","41","16","11",
"0500000US37091","Hertford County, North Carolina","3837","18","3837","18","567","80","383","79","147","76","464","108","658","130","906","99","712","44","0","21",
"0500000US37093","Hoke County, North Carolina","14495","*****","14478","15","2589","230","1676","226","554","188","2951","336","2556","331","1975","302","2177","95","17","12",
"0500000US37095","Hyde County, North Carolina","826","120","799","118","156","98","13","20","3","12","93","46","154","68","99","64","281","119","27","44",
"0500000US37097","Iredell County, North Carolina","43749","*****","43697","47","6256","341","4279","345","2409","382","7020","566","7997","669","7305","627","8431","50","52","49",
"0500000US37099","Jackson County, North Carolina","7164","124","7120","122","764","184","713","147","343","168","1287","282","1314","268","1336","251","1363","113","44","47",
"0500000US37101","Johnston County, North Carolina","58336","28","58308","29","8763","566","5515","562","3257","683","8863","741","10090","813","11033","813","10787","21","28","17",
"0500000US37103","Jones County, North Carolina","1724","26","1720","27","340","57","141","50","143","93","202","56","257","113","355","118","282","59","4","3",
"0500000US37105","Lee County, North Carolina","15587","*****","15575","17","2198","292","1816","292","609","173","2648","377","2986","390","2609","374","2709","35","12","6",
"0500000US37107","Lenoir County, North Carolina","12393","71","12227","89","1950","222","1243","224","856","231","2003","350","2157","343","1826","373","2192","77","166","93",
"0500000US37109","Lincoln County, North Carolina","19131","*****","19131","4","2652","321","2005","324","932","279","3007","367","3798","399","3145","406","3592","79","0","32",
"0500000US37111","McDowell County, North Carolina","8692","*****","8681","17","1244","180","776","180","634","220","1302","309","1486","310","1593","298","1646","65","11","17",
"0500000US37113","Macon County, North Carolina","6723","79","6710","78","776","221","865","221","106","81","1111","266","1399","284","1157","301","1296","53","13","8",
"0500000US37115","Madison County, North Carolina","3773","75","3765","75","568","112","352","107","218","199","635","142","666","117","498","134","828","75","8","8",
"0500000US37117","Martin County, North Carolina","4399","49","4395","50","544","178","515","172","424","183","669","186","566","170","908","204","769","47","4","4",
"0500000US37119","Mecklenburg County, North Carolina","263733","*****","263527","88","44361","1315","29530","1304","14775","1221","42550","1715","43622","1549","44114","1736","44575","54","206","87",
"0500000US37121","Mitchell County, North Carolina","2637","45","2634","45","455","95","196","91","193","91","441","108","422","98","429","116","498","56","3","8",
"0500000US37123","Montgomery County, North Carolina","5308","47","5288","58","764","143","543","142","372","168","840","169","836","137","1038","245","895","78","20","27",
"0500000US37125","Moore County, North Carolina","22803","*****","22785","5","3197","289","2846","287","1156","249","3923","456","4347","410","3456","438","3860","75","18","4",
"0500000US37127","Nash County, North Carolina","21210","*****","21190","15","2987","390","2525","404","715","229","4152","494","3539","403","3376","446","3896","58","20","13",
"0500000US37129","New Hanover County, North Carolina","42122","75","42052","91","6525","448","4296","449","2381","385","6508","650","7294","815","7483","889","7565","94","70","55",
"0500000US37131","Northampton County, North Carolina","2998","5","2998","5","379","92","421","71","217","98","543","142","451","124","433","110","554","17","0","21",
"0500000US37133","Onslow County, North Carolina","51514","61","51423","110","10338","771","6357","772","3029","527","8737","738","7962","597","7996","863","7004","85","91","75",
"0500000US37135","Orange County, North Carolina","28235","*****","28137","77","3342","282","2757","282","986","188","5000","413","5261","358","5057","477","5734","74","98","76",
"0500000US37137","Pamlico County, North Carolina","1755","20","1755","20","267","54","184","57","116","82","448","124","240","90","198","85","302","40","0","21",
"0500000US37139","Pasquotank County, North Carolina","8737","108","8734","108","1557","326","981","266","523","208","1778","352","1111","312","1416","293","1368","38","3","2",
"0500000US37141","Pender County, North Carolina","14710","*****","14696","11","2328","268","1230","259","982","222","1964","348","3386","375","2179","303","2627","54","14","10",
"0500000US37143","Perquimans County, North Carolina","2441","36","2439","36","457","59","127","68","123","68","436","166","371","114","459","137","466","68","2","5",
"0500000US37145","Person County, North Carolina","8159","12","8158","11","1019","197","1049","204","251","115","1160","257","1178","284","1970","340","1531","86","1","2",
"0500000US37147","Pitt County, North Carolina","37244","*****","37146","60","5756","473","4012","471","1981","428","6164","587","6213","544","6377","703","6643","64","98","60",
"0500000US37149","Polk County, North Carolina","3047","37","3046","37","380","88","307","70","135","73","431","82","616","114","578","126","599","77","1","3",
"0500000US37151","Randolph County, North Carolina","32538","*****","32509","17","4532","376","3519","366","1758","345","6318","652","5008","618","5281","533","6093","78","29","17",
"0500000US37153","Richmond County, North Carolina","9943","84","9927","86","1323","271","1405","263","252","121","1287","337","1680","324","2133","370","1847","75","16","16",
"0500000US37155","Robeson County, North Carolina","30188","*****","30122","24","4746","324","3493","315","1581","266","4654","382","5104","372","5310","429","5234","64","66","24",
"0500000US37157","Rockingham County, North Carolina","18711","89","18688","90","2686","308","1925","308","469","147","3418","456","3241","334","3522","451","3427","64","23","15",
"0500000US37159","Rowan County, North Carolina","33228","85","33137","87","4920","415","3524","390","1830","346","5479","629","5892","585","5325","642","6167","113","91","33",
"0500000US37161","Rutherford County, North Carolina","13061","*****","13050","16","1686","231","1530","232","873","185","1821","289","2691","264","1976","196","2473","118","11","13",
"0500000US37163","Sampson County, North Carolina","14584","*****","14572","18","2201","244","1654","244","944","231","2613","336","2006","252","2593","336","2561","63","12","14",
"0500000US37165","Scotland County, North Carolina","7804","53","7800","54","1215","194","983","141","409","111","1458","155","1080","151","1256","186","1399","84","4","8",
"0500000US37167","Stanly County, North Carolina","14002","*****","13976","29","1810","208","1786","207","1022","191","2288","260","2415","256","2140","274","2515","57","26","30",
"0500000US37169","Stokes County, North Carolina","8398","38","8398","38","974","215","1028","151","451","150","1367","296","1332","235","1508","297","1738","154","0","29",
"0500000US37171","Surry County, North Carolina","15042","18","15026","23","2201","235","1542","227","848","226","2694","356","2441","358","2494","319","2806","78","16","17",
"0500000US37173","Swain County, North Carolina","2916","27","2899","28","388","60","219","69","253","108","343","107","542","125","546","139","608","98","17","12",
"0500000US37175","Transylvania County, North Carolina","5273","*****","5252","22","796","151","536","131","486","119","764","187","902","200","743","167","1025","117","21","21",
"0500000US37177","Tyrrell County, North Carolina","553","121","553","121","80","43","67","51","0","14","143","100","95","64","131","78","37","26","0","14",
"0500000US37179","Union County, North Carolina","64232","26","64193","40","7923","444","5662","445","3064","384","9986","711","11414","682","12836","763","13308","32","39","32",
"0500000US37181","Vance County, North Carolina","10160","*****","10150","14","1497","314","1241","313","369","152","1370","347","1807","352","2178","342","1688","83","10","15",
"0500000US37183","Wake County, North Carolina","271179","33","270977","96","39927","1110","27697","1114","14709","1460","44246","1763","46832","1886","48076","1814","49490","86","202","88",
"0500000US37185","Warren County, North Carolina","3321","61","3309","62","383","98","366","88","166","76","553","165","688","155","500","162","653","67","12","16",
"0500000US37187","Washington County, North Carolina","2064","35","2060","34","207","155","79","70","27","41","514","223","179","85","366","166","688","165","4","8",
"0500000US37189","Watauga County, North Carolina","6676","*****","6626","54","842","180","742","171","365","189","1131","206","1250","232","1076","199","1220","57","50","54",
"0500000US37191","Wayne County, North Carolina","28014","27","27941","66","4695","300","2886","279","1458","281","4619","485","4895","475","4688","483","4700","97","73","59",
"0500000US37193","Wilkes County, North Carolina","13159","89","13123","95","1972","229","1303","230","791","281","2118","343","1863","365","2511","381","2565","118","36","30",
"0500000US37195","Wilson County, North Carolina","18060","53","18021","60","2642","300","1967","272","941","234","2637","358","3234","372","3263","401","3337","89","39","45",
"0500000US37197","Yadkin County, North Carolina","7761","61","7737","62","1041","156","864","154","379","132","1055","211","1627","237","1386","201","1385","39","24","12",
"0500000US37199","Yancey County, North Carolina","3379","70","3379","70","562","96","371","93","133","84","461","129","506","117","747","155","599","33","0","21",
"0500000US38001","Adams County, North Dakota","485","63","485","63","63","26","50","20","15","12","85","33","90","41","103","30","79","27","0","10",
"0500000US38003","Barnes County, North Dakota","2126","28","2126","28","223","84","310","60","109","45","302","98","325","91","433","104","424","64","0","16",
"0500000US38005","Benson County, North Dakota","1947","16","1947","16","395","57","157","61","87","32","340","51","337","75","286","62","345","23","0","15",
"0500000US38007","Billings County, North Dakota","188","39","186","41","41","17","21","11","16","11","30","14","33","15","30","12","15","12","2","11",
"0500000US38009","Bottineau County, North Dakota","1412","*****","1412","5","226","45","158","41","42","28","195","51","209","73","331","79","251","32","0","15",
"0500000US38011","Bowman County, North Dakota","719","*****","717","3","129","27","82","26","25","13","114","28","143","30","108","35","116","2","2","2",
"0500000US38013","Burke County, North Dakota","583","67","583","67","52","23","32","15","25","14","135","32","119","34","119","44","101","25","0","10",
"0500000US38015","Burleigh County, North Dakota","23364","94","23319","98","3252","317","2457","375","1169","330","3369","386","4277","464","4711","439","4084","186","45","25",
"0500000US38017","Cass County, North Dakota","42900","*****","42826","48","6886","482","5223","483","2489","504","7153","508","6966","566","7655","792","6454","149","74","47",
"0500000US38019","Cavalier County, North Dakota","797","47","797","47","144","34","59","34","11","11","153","43","95","18","215","60","120","10","0","10",
"0500000US38021","Dickey County, North Dakota","1125","30","1109","44","180","24","121","35","36","22","243","46","135","43","186","51","208","41","16","35",
"0500000US38023","Divide County, North Dakota","419","75","419","75","83","34","67","30","7","12","74","40","59","31","78","47","51","26","0","10",
"0500000US38025","Dunn County, North Dakota","1053","62","1053","62","191","35","141","39","87","31","177","52","135","31","174","51","148","29","0","10",
"0500000US38027","Eddy County, North Dakota","482","74","482","74","52","26","19","11","53","20","102","32","101","42","65","25","90","28","0","10",
"0500000US38029","Emmons County, North Dakota","658","59","658","59","106","20","81","21","45","22","108","29","106","31","89","32","123","27","0","10",
"0500000US38031","Foster County, North Dakota","731","43","731","43","103","33","92","19","67","40","139","39","108","41","81","40","141","11","0","10",
"0500000US38033","Golden Valley County, North Dakota","371","50","348","64","32","16","81","30","3","4","66","22","42","22","53","20","71","24","23","54",
"0500000US38035","Grand Forks County, North Dakota","15443","*****","15373","47","2815","202","1593","202","681","144","2958","263","2237","225","2769","269","2320","70","70","45",
"0500000US38037","Grant County, North Dakota","510","45","505","47","55","19","67","22","36","13","115","24","94","31","54","18","84","21","5","9",
"0500000US38039","Griggs County, North Dakota","463","59","463","59","57","16","48","18","17","12","67","25","89","24","98","35","87","25","0","10",
"0500000US38041","Hettinger County, North Dakota","450","58","450","58","80","20","49","19","34","15","94","22","70","22","46","15","77","26","0","10",
"0500000US38043","Kidder County, North Dakota","524","60","524","60","85","24","35","13","60","27","37","19","104","26","95","32","108","39","0","10",
"0500000US38045","LaMoure County, North Dakota","944","55","897","72","144","30","94","21","57","23","123","23","113","22","178","45","188","19","47","63",
"0500000US38047","Logan County, North Dakota","380","59","379","59","81","23","52","21","31","16","52","18","83","22","37","13","43","18","1","3",
"0500000US38049","McHenry County, North Dakota","1260","37","1258","37","157","23","114","22","71","21","170","36","246","46","256","64","244","24","2","4",
"0500000US38051","McIntosh County, North Dakota","464","43","464","43","75","16","45","17","23","15","34","13","104","23","101","31","82","4","0","10",
"0500000US38053","McKenzie County, North Dakota","4450","125","4398","130","804","161","477","145","169","116","814","192","791","198","700","138","643","71","52","67",
"0500000US38055","McLean County, North Dakota","2069","47","2069","47","265","46","219","40","147","45","413","104","371","65","284","75","370","12","0","15",
"0500000US38057","Mercer County, North Dakota","1949","73","1949","73","301","66","207","45","154","84","331","106","263","67","329","100","364","53","0","15",
"0500000US38059","Morton County, North Dakota","7723","118","7703","114","1094","186","699","172","556","222","1589","282","1132","215","1500","254","1133","83","20","26",
"0500000US38061","Mountrail County, North Dakota","2760","50","2740","52","444","97","302","75","158","77","592","136","332","101","480","142","432","55","20","24",
"0500000US38063","Nelson County, North Dakota","625","39","625","39","95","18","45","16","58","21","132","38","98","21","82","23","115","18","0","10",
"0500000US38065","Oliver County, North Dakota","476","42","475","42","76","22","45","20","11","11","87","26","133","36","54","30","69","13","1","2",
"0500000US38067","Pembina County, North Dakota","1418","24","1418","24","209","25","131","29","50","21","253","43","258","41","252","47","265","22","0","15",
"0500000US38069","Pierce County, North Dakota","820","110","820","110","166","62","51","26","51","30","138","64","192","46","84","42","138","44","0","10",
"0500000US38071","Ramsey County, North Dakota","2681","88","2667","85","586","97","198","56","225","104","393","94","447","132","385","149","433","6","14","30",
"0500000US38073","Ransom County, North Dakota","1217","45","1194","46","146","29","144","30","33","23","208","55","222","37","212","38","229","17","23","12",
"0500000US38075","Renville County, North Dakota","489","57","489","57","40","16","50","33","4","5","115","33","93","34","93","34","94","26","0","10",
"0500000US38077","Richland County, North Dakota","3595","37","3594","37","542","51","331","59","182","54","629","94","640","96","642","89","628","35","1","3",
"0500000US38079","Rolette County, North Dakota","3843","31","3833","35","506","78","383","78","102","42","721","128","725","125","672","121","724","47","10","15",
"0500000US38081","Sargent County, North Dakota","776","20","776","20","134","23","78","20","50","19","144","34","127","27","104","29","139","19","0","10",
"0500000US38083","Sheridan County, North Dakota","219","43","219","43","28","20","24","11","8","6","55","19","27","13","27","11","50","14","0","10",
"0500000US38085","Sioux County, North Dakota","1273","*****","1269","6","172","34","129","34","43","29","193","55","266","46","241","79","225","7","4","6",
"0500000US38087","Slope County, North Dakota","122","41","122","41","8","6","7","7","1","2","15","10","29","15","36","15","26","15","0","10",
"0500000US38089","Stark County, North Dakota","9201","35","9190","44","1519","169","1133","174","612","209","1476","237","1564","261","1511","208","1375","49","11","24",
"0500000US38091","Steele County, North Dakota","393","50","393","50","62","15","46","13","33","15","62","23","39","16","89","30","62","23","0","10",
"0500000US38093","Stutsman County, North Dakota","4331","146","4330","146","770","149","327","102","213","75","576","133","756","151","892","160","796","72","1","3",
"0500000US38095","Towner County, North Dakota","517","108","517","108","89","51","7","10","11","11","101","53","133","45","96","62","80","43","0","10",
"0500000US38097","Traill County, North Dakota","1821","49","1821","49","297","37","210","57","65","21","341","66","273","50","311","49","324","20","0","15",
"0500000US38099","Walsh County, North Dakota","2435","73","2410","60","431","36","185","38","97","36","530","68","471","74","323","71","373","51","25","33",
"0500000US38101","Ward County, North Dakota","16616","*****","16559","47","2968","210","1838","219","921","246","2665","324","2820","309","2711","293","2636","159","57","47",
"0500000US38103","Wells County, North Dakota","910","70","910","70","178","44","100","38","62","34","137","47","133","37","159","49","141","27","0","10",
"0500000US38105","Williams County, North Dakota","11934","32","11915","64","1419","307","1909","318","597","279","1911","489","2800","490","1732","443","1547","157","19","53",
"0500000US39001","Adams County, Ohio","6569","93","6569","93","907","157","714","164","537","142","1165","222","702","174","1214","268","1330","73","0","24",
"0500000US39003","Allen County, Ohio","23836","*****","23817","23","3733","233","2388","244","1208","247","4161","386","3563","332","4459","406","4305","30","19","23",
"0500000US39005","Ashland County, Ohio","11760","61","11717","60","1423","188","1392","192","536","154","1861","258","2073","295","2119","221","2313","102","43","12",
"0500000US39007","Ashtabula County, Ohio","21230","*****","21224","8","3058","282","2359","274","988","199","3670","352","3476","324","3700","357","3973","46","6","6",
"0500000US39009","Athens County, Ohio","9152","59","9106","61","1545","222","813","244","340","108","1144","241","1647","262","1925","358","1692","124","46","23",
"0500000US39011","Auglaize County, Ohio","11026","17","11026","17","1480","130","1279","154","588","200","1437","229","1928","254","2225","278","2089","54","0","27",
"0500000US39013","Belmont County, Ohio","12261","*****","12112","41","1802","196","1136","188","684","168","2013","213","2158","273","2070","269","2249","83","149","40",
"0500000US39015","Brown County, Ohio","9983","31","9983","31","1431","197","1026","195","417","153","1473","213","1912","234","1839","218","1885","54","0","27",
"0500000US39017","Butler County, Ohio","91772","*****","91650","49","13596","620","9116","616","5472","604","15531","972","14240","727","17006","1046","16689","53","122","46",
"0500000US39019","Carroll County, Ohio","5450","41","5450","41","749","125","569","123","352","112","1172","179","827","146","736","158","1045","21","0","24",
"0500000US39021","Champaign County, Ohio","8562","22","8557","22","1221","178","963","161","361","110","1276","166","1501","190","1550","226","1685","70","5","2",
"0500000US39023","Clark County, Ohio","30519","17","30491","19","4772","324","3057","328","1825","332","5308","485","5027","381","5013","486","5489","62","28","10",
"0500000US39025","Clermont County, Ohio","46722","*****","46715","11","6428","361","5192","365","2526","346","7743","585","8119","532","7974","697","8733","126","7","10",
"0500000US39027","Clinton County, Ohio","9530","27","9530","27","1000","138","1412","175","708","209","1586","237","1734","244","1399","269","1691","76","0","27",
"0500000US39029","Columbiana County, Ohio","20329","44","20307","43","3214","234","1845","243","946","226","3586","343","3598","368","3334","405","3784","152","22","5",
"0500000US39031","Coshocton County, Ohio","8748","81","8742","81","1156","164","1129","162","363","107","1605","252","1358","189","1570","196","1561","40","6","6",
"0500000US39033","Crawford County, Ohio","9070","45","9070","45","1429","119","883","121","602","193","1273","227","1583","214","1612","245","1688","71","0","27",
"0500000US39035","Cuyahoga County, Ohio","255095","41","254709","90","38309","1038","28640","1032","13455","921","43509","1357","43560","1379","42215","1474","45021","89","386","79",
"0500000US39037","Darke County, Ohio","12200","56","12193","57","1991","152","1132","144","732","197","2066","230","1876","256","2117","239","2279","59","7","7",
"0500000US39039","Defiance County, Ohio","8626","9","8626","9","1260","136","959","169","444","130","1455","218","1271","161","1681","247","1556","111","0","27",
"0500000US39041","Delaware County, Ohio","56264","24","56221","28","7059","404","5560","404","2983","399","9044","622","10587","664","10279","713","10709","18","43","15",
"0500000US39043","Erie County, Ohio","14492","250","14414","240","1906","254","1668","256","915","266","2451","313","2338","318","2381","285","2755","143","78","78",
"0500000US39045","Fairfield County, Ohio","38976","*****","38950","14","5439","336","3911","336","1935","327","5898","566","7291","553","7332","558","7144","13","26","12",
"0500000US39047","Fayette County, Ohio","6761","50","6746","52","904","182","870","153","292","137","1063","211","1177","221","1123","206","1317","125","15","4",
"0500000US39049","Franklin County, Ohio","310110","*****","309715","121","51137","1292","36161","1297","17639","1190","51651","1779","52406","1703","51286","1570","49435","129","395","121",
"0500000US39051","Fulton County, Ohio","9750","59","9750","59","1494","126","888","137","749","186","1242","199","1852","239","1701","202","1824","33","0","27",
"0500000US39053","Gallia County, Ohio","6857","84","6830","84","938","138","830","141","341","90","1291","227","1467","263","733","248","1230","91","27","3",
"0500000US39055","Geauga County, Ohio","21185","*****","21179","4","2972","210","1940","245","1002","153","3636","370","3573","352","3871","308","4185","75","6","6",
"0500000US39057","Greene County, Ohio","34890","*****","34804","57","5217","326","3605","324","1623","215","6136","436","5834","395","6342","484","6047","48","86","57",
"0500000US39059","Guernsey County, Ohio","8455","143","8426","146","1226","182","994","114","361","127","1480","252","1354","170","1537","266","1474","55","29","9",
"0500000US39061","Hamilton County, Ohio","190879","*****","190605","72","31221","866","20565","879","10799","808","30505","1223","32626","1335","32629","1481","32260","70","274","69",
"0500000US39063","Hancock County, Ohio","16303","58","16281","69","2823","251","1668","212","1075","283","2754","302","2506","321","2502","321","2953","131","22","40",
"0500000US39065","Hardin County, Ohio","6967","81","6957","86","1076","137","724","143","432","128","1269","192","1247","185","1041","184","1168","30","10","19",
"0500000US39067","Harrison County, Ohio","3001","36","3001","36","432","60","253","59","61","25","665","95","524","94","489","87","577","36","0","20",
"0500000US39069","Henry County, Ohio","6432","64","6411","67","740","117","872","100","231","87","1268","258","859","159","1209","194","1232","51","21","16",
"0500000US39071","Highland County, Ohio","10401","66","10401","66","1581","238","1116","238","548","145","1542","238","1867","258","1910","233","1837","58","0","27",
"0500000US39073","Hocking County, Ohio","5961","69","5961","69","965","135","558","115","381","159","1069","209","833","172","1079","269","1076","15","0","24",
"0500000US39075","Holmes County, Ohio","13443","7","13443","7","2336","181","1387","184","813","154","2352","227","2159","220","2020","219","2376","17","0","27",
"0500000US39077","Huron County, Ohio","13783","56","13779","58","1914","235","1532","239","629","195","2273","282","2262","337","2555","274","2614","78","4","7",
"0500000US39079","Jackson County, Ohio","7767","109","7767","109","1293","210","859","187","401","141","1460","222","1321","201","1007","220","1426","58","0","27",
"0500000US39081","Jefferson County, Ohio","12527","71","12484","79","1743","167","1436","172","748","208","1941","284","2127","212","2226","274","2263","59","43","27",
"0500000US39083","Knox County, Ohio","14386","68","14352","68","2226","242","1404","247","839","249","2282","294","2490","330","2528","312","2583","97","34","10",
"0500000US39085","Lake County, Ohio","44800","67","44790","68","6000","404","4925","401","2034","286","6920","615","8487","667","7640","567","8784","33","10","9",
"0500000US39087","Lawrence County, Ohio","12266","31","12232","32","1620","195","1324","192","539","161","2468","327","1966","266","1956","253","2359","81","34","9",
"0500000US39089","Licking County, Ohio","41505","41","41484","53","5811","359","4531","355","2449","310","6388","552","7390","575","7502","500","7413","27","21","30",
"0500000US39091","Logan County, Ohio","10476","60","10458","61","1514","137","1173","121","442","153","1758","280","1642","256","1993","399","1936","104","18","6",
"0500000US39093","Lorain County, Ohio","68331","*****","68268","35","10028","435","6945","435","3644","535","11504","620","11407","700","12402","729","12338","43","63","34",
"0500000US39095","Lucas County, Ohio","97509","44","97382","80","14449","601","11098","597","5644","640","15842","905","16168","812","17165","1020","17016","44","127","65",
"0500000US39097","Madison County, Ohio","8860","*****","8860","6","1333","141","885","140","523","182","1702","282","1353","205","1459","232","1605","111","0","27",
"0500000US39099","Mahoning County, Ohio","45920","65","45817","66","7213","458","4899","448","2609","388","6716","472","7844","512","8260","636","8276","71","103","24",
"0500000US39101","Marion County, Ohio","13864","20","13837","21","2264","283","1247","266","696","266","2679","355","2226","347","2408","281","2317","75","27","8",
"0500000US39103","Medina County, Ohio","39216","*****","39206","7","5342","292","3676","291","1672","288","6553","518","7373","456","6919","546","7671","61","10","5",
"0500000US39105","Meigs County, Ohio","4509","13","4509","13","589","115","427","118","177","73","857","113","876","126","715","147","868","24","0","24",
"0500000US39107","Mercer County, Ohio","10810","115","10810","115","1810","143","1227","144","454","126","1908","250","1643","170","1982","248","1786","57","0","27",
"0500000US39109","Miami County, Ohio","25243","*****","25228","12","3613","330","2540","339","1241","299","3651","351","4570","398","5045","375","4568","49","15","11",
"0500000US39111","Monroe County, Ohio","2689","10","2689","10","367","74","252","75","163","71","532","93","426","86","446","90","503","23","0","20",
"0500000US39113","Montgomery County, Ohio","118834","91","118649","146","18115","767","13281","736","7019","689","20353","929","19607","1050","19533","1052","20741","95","185","115",
"0500000US39115","Morgan County, Ohio","2851","51","2851","51","470","64","215","60","155","84","388","136","494","87","578","127","551","46","0","20",
"0500000US39117","Morrow County, Ohio","7692","37","7683","37","989","133","966","126","270","112","1058","197","1339","210","1581","238","1480","57","9","2",
"0500000US39119","Muskingum County, Ohio","19589","24","19561","25","2839","274","2239","276","1034","242","2975","440","3185","388","3904","493","3385","38","28","8",
"0500000US39121","Noble County, Ohio","2712","*****","2712","3","460","63","252","63","95","54","360","121","580","166","501","121","464","2","0","20",
"0500000US39123","Ottawa County, Ohio","7015","19","7013","20","1032","112","505","119","401","124","1254","194","937","161","1538","226","1346","76","2","6",
"0500000US39125","Paulding County, Ohio","4437","36","4437","36","576","101","489","107","151","68","734","147","785","153","853","153","849","21","0","20",
"0500000US39127","Perry County, Ohio","8327","33","8319","33","1249","196","800","190","398","125","1154","192","1335","162","1851","251","1532","43","8","3",
"0500000US39129","Pickaway County, Ohio","12970","*****","12893","29","1795","184","1402","190","593","137","2253","315","2068","281","2399","325","2383","59","77","27",
"0500000US39131","Pike County, Ohio","6344","32","6339","35","974","156","699","140","196","80","910","210","1223","229","1148","214","1189","72","5","10",
"0500000US39133","Portage County, Ohio","29466","*****","29444","16","3900","326","3074","322","1326","274","4775","496","5684","461","5088","567","5597","155","22","16",
"0500000US39135","Preble County, Ohio","9043","41","9043","41","1255","110","915","104","381","91","1712","241","1524","187","1506","227","1750","39","0","27",
"0500000US39137","Putnam County, Ohio","8753","21","8753","21","1171","123","994","128","523","105","1453","153","1472","169","1624","178","1516","13","0","27",
"0500000US39139","Richland County, Ohio","27226","*****","27089","37","4186","329","2942","319","1134","258","5002","458","4444","459","4676","513","4705","36","137","34",
"0500000US39141","Ross County, Ohio","16098","*****","16065","22","2329","246","1809","245","552","172","2496","379","3004","364","2944","340","2931","46","33","23",
"0500000US39143","Sandusky County, Ohio","12678","29","12639","34","1878","180","1199","184","739","210","1737","267","2130","285","2618","295","2338","83","39","14",
"0500000US39145","Scioto County, Ohio","15735","*****","15722","6","2563","207","1283","202","824","201","2656","356","2544","288","2969","297","2883","92","13","7",
"0500000US39147","Seneca County, Ohio","11728","21","11700","25","1903","133","1075","132","541","152","1783","239","1875","225","2311","228","2212","75","28","8",
"0500000US39149","Shelby County, Ohio","11724","60","11720","60","1648","205","1449","201","414","120","1818","211","1707","208","2516","310","2168","76","4","2",
"0500000US39151","Stark County, Ohio","80525","25","80389","49","11890","479","8515","478","3940","542","13305","773","14460","767","13551","738","14728","43","136","44",
"0500000US39153","Summit County, Ohio","111294","53","111185","89","16585","668","12018","668","6051","702","18342","1149","19123","1013","19179","1029","19887","70","109","66",
"0500000US39155","Trumbull County, Ohio","41363","*****","41347","9","5604","464","4908","443","2509","377","6848","553","7190","498","6677","564","7611","131","16","8",
"0500000US39157","Tuscarawas County, Ohio","21454","*****","21435","11","3657","230","2199","227","1126","262","3801","404","3626","383","3381","388","3645","46","19","8",
"0500000US39159","Union County, Ohio","16248","*****","16227","7","2072","235","2063","254","760","205","2825","290","2678","302","2926","290","2903","72","21","7",
"0500000US39161","Van Wert County, Ohio","6631","15","6617","17","1074","123","680","122","321","97","1213","169","895","137","1221","160","1213","58","14","8",
"0500000US39163","Vinton County, Ohio","2625","52","2625","52","382","57","266","57","126","84","605","145","395","132","367","123","484","20","0","20",
"0500000US39165","Warren County, Ohio","59471","*****","59456","13","7471","472","6182","473","2499","393","10478","628","10044","665","11365","651","11417","30","15","12",
"0500000US39167","Washington County, Ohio","11706","82","11685","86","1685","164","1063","155","562","120","1781","255","2130","257","2303","293","2161","77","21","28",
"0500000US39169","Wayne County, Ohio","27936","*****","27839","31","4334","244","2882","233","1482","215","5010","406","4759","277","4504","442","4868","53","97","30",
"0500000US39171","Williams County, Ohio","8084","39","8064","39","1252","133","873","133","348","109","1510","220","1209","200","1361","209","1511","50","20","3",
"0500000US39173","Wood County, Ohio","26719","*****","26691","19","3539","277","3005","278","1737","316","4298","362","4557","396","4627","416","4928","23","28","18",
"0500000US39175","Wyandot County, Ohio","4844","74","4844","74","562","119","625","134","247","87","996","153","724","120","802","152","888","50","0","24",
"0500000US40001","Adair County, Oklahoma","5117","66","5033","66","682","91","645","97","266","90","742","111","834","136","987","164","877","37","84","13",
"0500000US40003","Alfalfa County, Oklahoma","1045","53","1045","53","130","19","94","24","86","21","164","32","213","50","176","34","182","15","0","15",
"0500000US40005","Atoka County, Oklahoma","3061","50","3061","50","506","79","238","39","226","63","440","94","536","102","573","79","542","38","0","16",
"0500000US40007","Beaver County, Oklahoma","1237","25","1237","25","199","53","107","53","36","24","156","48","334","53","201","41","204","30","0","15",
"0500000US40009","Beckham County, Oklahoma","5125","78","5121","78","752","97","552","101","433","148","841","169","841","176","823","171","879","46","4","3",
"0500000US40011","Blaine County, Oklahoma","2108","43","2108","43","324","49","200","49","40","22","400","80","365","86","388","75","391","24","0","15",
"0500000US40013","Bryan County, Oklahoma","11413","*****","11405","5","1780","213","1363","213","442","103","1783","242","1974","222","2255","260","1808","33","8","3",
"0500000US40015","Caddo County, Oklahoma","6083","12","6078","18","922","57","618","58","359","74","983","84","1059","97","1102","104","1035","22","5","8",
"0500000US40017","Canadian County, Oklahoma","43344","58","43321","55","6016","375","4774","373","2907","370","7429","497","6926","484","7700","575","7569","14","23","15",
"0500000US40019","Carter County, Oklahoma","12121","*****","12101","23","1820","177","1363","186","428","93","2081","239","2113","172","2217","213","2079","30","20","23",
"0500000US40021","Cherokee County, Oklahoma","10159","81","10133","93","1562","129","1021","128","512","129","1539","176","1529","179","2238","198","1732","33","26","26",
"0500000US40023","Choctaw County, Oklahoma","3502","19","3500","18","663","63","304","62","196","50","575","107","546","87","623","101","593","42","2","5",
"0500000US40025","Cimarron County, Oklahoma","456","78","456","78","32","30","63","37","0","10","20","20","115","46","149","46","77","33","0","10",
"0500000US40027","Cleveland County, Oklahoma","61275","*****","61162","55","7921","466","6405","466","3926","456","9318","673","10991","618","10885","584","11716","59","113","55",
"0500000US40029","Coal County, Oklahoma","1284","30","1284","30","230","27","163","28","80","29","197","33","176","35","192","46","246","26","0","15",
"0500000US40031","Comanche County, Oklahoma","29029","*****","28831","94","4563","309","3387","308","1916","254","4830","340","4795","386","4957","410","4383","109","198","94",
"0500000US40033","Cotton County, Oklahoma","1253","25","1253","25","115","44","155","46","93","33","151","50","261","69","255","69","223","25","0","15",
"0500000US40035","Craig County, Oklahoma","3253","90","3240","91","414","41","321","42","141","50","474","76","711","97","551","92","628","60","13","5",
"0500000US40037","Creek County, Oklahoma","16959","*****","16953","6","2515","175","1772","170","877","145","2534","217","3127","224","3087","272","3041","16","6","3",
"0500000US40039","Custer County, Oklahoma","7050","*****","7043","9","1131","89","648","90","280","104","1218","192","1236","163","1329","185","1201","54","7","3",
"0500000US40041","Delaware County, Oklahoma","8170","10","8068","17","1293","113","651","111","531","110","1367","160","1333","124","1391","179","1502","40","102","13",
"0500000US40043","Dewey County, Oklahoma","1192","11","1192","11","186","29","77","17","62","25","143","32","263","41","260","51","201","7","0","10",
"0500000US40045","Ellis County, Oklahoma","814","15","814","15","126","30","58","24","35","19","140","35","141","38","110","36","204","17","0","10",
"0500000US40047","Garfield County, Oklahoma","16105","*****","16066","16","2366","278","1782","225","804","189","2639","361","2773","287","2898","317","2804","90","39","10",
"0500000US40049","Garvin County, Oklahoma","6487","25","6487","25","860","102","698","99","330","75","1102","142","1137","123","1166","142","1194","10","0","19",
"0500000US40051","Grady County, Oklahoma","13144","*****","13138","7","1638","116","1369","114","475","81","2444","229","2151","157","2480","208","2581","46","6","3",
"0500000US40053","Grant County, Oklahoma","979","24","979","24","155","27","90","27","34","24","154","42","154","43","202","54","190","15","0","10",
"0500000US40055","Greer County, Oklahoma","1094","59","1094","59","159","52","104","45","120","77","201","58","157","66","162","46","191","32","0","15",
"0500000US40057","Harmon County, Oklahoma","587","31","587","31","98","14","31","12","33","16","73","24","86","33","132","40","134","29","0","10",
"0500000US40059","Harper County, Oklahoma","763","*****","763","4","73","39","123","44","38","27","144","40","110","38","117","53","158","44","0","10",
"0500000US40061","Haskell County, Oklahoma","2750","*****","2750","6","346","64","356","66","130","39","503","59","427","65","488","67","500","21","0","16",
"0500000US40063","Hughes County, Oklahoma","2872","12","2872","12","397","72","357","67","212","80","468","77","467","64","487","70","484","38","0","16",
"0500000US40065","Jackson County, Oklahoma","6150","59","6125","64","1037","97","694","103","289","136","1275","186","991","171","946","137","893","43","25","32",
"0500000US40067","Jefferson County, Oklahoma","1347","18","1347","18","188","24","109","22","65","26","264","41","223","45","267","37","231","11","0","15",
"0500000US40069","Johnston County, Oklahoma","2404","*****","2397","7","296","47","253","43","95","32","346","68","470","82","473","74","464","28","7","3",
"0500000US40071","Kay County, Oklahoma","10822","*****","10772","8","1545","139","1121","141","581","139","1674","195","2190","240","1754","225","1907","63","50","5",
"0500000US40073","Kingfisher County, Oklahoma","4120","14","4120","14","421","105","557","104","295","98","679","133","723","103","686","115","759","31","0","16",
"0500000US40075","Kiowa County, Oklahoma","2021","24","2021","24","293","51","240","52","145","50","330","58","336","53","353","66","324","37","0","15",
"0500000US40077","Latimer County, Oklahoma","2088","18","2088","18","315","41","233","44","63","25","372","76","405","52","355","73","345","11","0","15",
"0500000US40079","Le Flore County, Oklahoma","11953","19","11944","16","1814","117","1215","114","604","130","1888","190","2160","143","2146","178","2117","32","9","14",
"0500000US40081","Lincoln County, Oklahoma","8028","*****","8008","18","1146","96","734","97","340","82","1243","163","1373","147","1711","153","1461","17","20","12",
"0500000US40083","Logan County, Oklahoma","11421","*****","11410","12","1324","168","1331","200","536","138","2057","257","1803","243","2232","266","2127","92","11","8",
"0500000US40085","Love County, Oklahoma","2474","11","2474","11","360","45","255","43","119","40","444","77","462","68","356","74","478","30","0","16",
"0500000US40087","McClain County, Oklahoma","11357","*****","11348","8","1532","104","961","102","515","113","1898","183","2006","218","2276","233","2160","33","9","3",
"0500000US40089","McCurtain County, Oklahoma","8141","84","8134","84","1254","116","899","119","477","89","1476","157","1349","176","1312","119","1367","38","7","3",
"0500000US40091","McIntosh County, Oklahoma","3869","4","3865","8","548","90","434","102","271","99","645","140","610","121","684","109","673","48","4","7",
"0500000US40093","Major County, Oklahoma","1933","27","1933","27","253","53","201","46","129","42","320","91","346","67","297","76","387","40","0","15",
"0500000US40095","Marshall County, Oklahoma","3674","80","3668","80","542","78","435","90","135","59","524","87","635","117","770","139","627","16","6","3",
"0500000US40097","Mayes County, Oklahoma","9171","63","9124","69","1295","158","959","159","503","88","1437","155","1817","182","1504","186","1609","32","47","23",
"0500000US40099","Murray County, Oklahoma","3123","*****","3101","43","482","82","300","81","66","35","466","111","518","99","724","169","545","21","22","42",
"0500000US40101","Muskogee County, Oklahoma","16195","*****","16160","31","2451","144","1722","144","693","154","2590","237","2934","282","2954","253","2816","11","35","25",
"0500000US40103","Noble County, Oklahoma","2466","*****","2466","4","326","53","277","43","115","74","438","102","417","99","439","114","454","20","0","16",
"0500000US40105","Nowata County, Oklahoma","2171","15","2171","15","412","40","209","39","162","61","262","62","418","64","347","61","361","18","0","15",
"0500000US40107","Okfuskee County, Oklahoma","2541","*****","2541","5","329","43","291","41","117","35","431","75","513","79","398","60","462","18","0","16",
"0500000US40109","Oklahoma County, Oklahoma","204314","*****","204086","74","32470","1002","22150","1001","11281","791","34624","1363","34262","1062","35155","1278","34144","69","228","73",
"0500000US40111","Okmulgee County, Oklahoma","8695","*****","8690","9","1175","106","910","106","526","112","1529","163","1334","172","1678","178","1538","16","5","9",
"0500000US40113","Osage County, Oklahoma","9617","30","9577","31","1142","106","994","106","561","118","1565","209","1690","207","1817","201","1808","31","40","6",
"0500000US40115","Ottawa County, Oklahoma","7660","*****","7653","7","1166","62","811","60","456","63","1284","84","1353","89","1302","98","1281","20","7","3",
"0500000US40117","Pawnee County, Oklahoma","3665","12","3665","12","486","72","408","62","118","40","662","95","574","94","728","121","689","29","0","16",
"0500000US40119","Payne County, Oklahoma","15294","*****","15266","19","1998","265","1946","246","1280","273","2426","291","2750","319","2295","292","2571","60","28","17",
"0500000US40121","Pittsburg County, Oklahoma","9889","13","9865","24","1564","115","872","116","529","102","1717","164","1644","178","1758","187","1781","32","24","21",
"0500000US40123","Pontotoc County, Oklahoma","9550","*****","9543","15","1365","121","1072","109","515","130","1800","180","1432","151","1818","217","1541","32","7","12",
"0500000US40125","Pottawatomie County, Oklahoma","16979","24","16940","40","2555","169","1623","171","823","134","2874","232","2965","222","3049","241","3051","30","39","31",
"0500000US40127","Pushmataha County, Oklahoma","2314","14","2314","14","318","44","247","39","144","56","451","74","338","63","394","86","422","20","0","16",
"0500000US40129","Roger Mills County, Oklahoma","815","*****","815","8","122","20","62","17","29","11","211","51","120","27","121","32","150","6","0","10",
"0500000US40131","Rogers County, Oklahoma","22887","38","22869","39","3093","200","2502","198","1055","154","3947","259","4031","276","4089","276","4152","10","18","6",
"0500000US40133","Seminole County, Oklahoma","5714","17","5714","17","842","82","576","78","316","68","1082","112","931","93","925","89","1042","12","0","19",
"0500000US40135","Sequoyah County, Oklahoma","9536","*****","9484","21","1502","100","1019","103","472","98","1630","193","1433","171","1738","190","1690","61","52","20",
"0500000US40137","Stephens County, Oklahoma","9912","*****","9912","14","1408","117","1035","116","603","114","1455","143","1767","175","1785","205","1859","16","0","22",
"0500000US40139","Texas County, Oklahoma","5983","42","5979","41","954","200","658","182","431","152","998","219","753","124","1162","264","1023","27","4","4",
"0500000US40141","Tillman County, Oklahoma","1645","*****","1575","50","232","42","172","31","79","30","260","51","231","53","338","64","263","55","70","50",
"0500000US40143","Tulsa County, Oklahoma","170559","*****","170354","92","26467","497","18391","498","9094","611","28067","885","29067","893","29946","917","29322","95","205","87",
"0500000US40145","Wagoner County, Oklahoma","20460","*****","20460","5","2748","154","2124","154","1012","215","3500","294","3418","234","3917","251","3741","4","0","24",
"0500000US40147","Washington County, Oklahoma","12820","*****","12810","12","1947","179","1236","177","549","118","2508","269","2080","173","2210","289","2280","83","10","13",
"0500000US40149","Washita County, Oklahoma","2614","65","2601","65","304","66","293","61","208","88","430","85","457","87","436","116","473","24","13","5",
"0500000US40151","Woods County, Oklahoma","1790","*****","1785","11","313","53","99","58","103","62","250","74","389","96","253","88","378","54","5","6",
"0500000US40153","Woodward County, Oklahoma","4869","37","4854","39","587","183","669","120","116","72","1067","198","653","128","895","150","867","45","15","7",
"0500000US41001","Baker County, Oregon","3328","47","3327","47","369","69","390","79","156","64","460","94","583","117","744","149","625","82","1","2",
"0500000US41003","Benton County, Oregon","15150","*****","15143","22","2118","258","1283","281","710","235","2499","317","2832","367","2688","376","3013","46","7","21",
"0500000US41005","Clackamas County, Oregon","88250","*****","88165","47","12256","586","8061","580","4713","485","16334","798","13489","658","16607","892","16705","73","85","46",
"0500000US41007","Clatsop County, Oregon","7389","58","7378","65","1143","164","672","172","358","129","975","193","1339","230","1586","198","1305","176","11","24",
"0500000US41009","Columbia County, Oregon","10867","*****","10864","10","1567","221","1053","188","617","167","1713","240","1833","261","2082","273","1999","65","3","6",
"0500000US41011","Coos County, Oregon","11391","73","11364","76","1445","205","1270","144","641","202","1957","318","2115","269","1952","280","1984","59","27","19",
"0500000US41013","Crook County, Oregon","5121","64","5121","64","919","150","375","142","186","79","1045","201","701","187","1096","176","799","62","0","25",
"0500000US41015","Curry County, Oregon","3290","16","3277","17","488","120","327","164","126","78","765","224","825","187","452","187","294","147","13","4",
"0500000US41017","Deschutes County, Oregon","39069","96","39012","101","5786","387","3677","368","2411","428","6054","558","6796","478","7123","634","7165","110","57","25",
"0500000US41019","Douglas County, Oregon","21389","113","21231","177","2732","272","2429","268","935","238","3266","389","3600","273","4370","411","3899","211","158","141",
"0500000US41021","Gilliam County, Oregon","375","73","375","73","38","21","0","13","20","21","34","23","111","44","97","29","75","27","0","13",
"0500000US41023","Grant County, Oregon","1243","46","1243","46","191","40","118","39","61","37","211","66","232","60","195","67","235","34","0","19",
"0500000US41025","Harney County, Oregon","1389","54","1371","54","180","54","167","55","26","20","279","61","205","72","279","59","235","43","18","7",
"0500000US41027","Hood River County, Oregon","5212","68","5207","68","684","133","596","116","385","157","912","184","905","177","728","179","997","71","5","9",
"0500000US41029","Jackson County, Oregon","45192","74","45077","109","6404","445","4626","440","2199","417","7435","625","8003","755","8511","661","7899","78","115","89",
"0500000US41031","Jefferson County, Oregon","5719","71","5715","70","712","130","782","135","109","60","847","168","1137","151","1104","155","1024","76","4","6",
"0500000US41033","Josephine County, Oregon","16970","80","16925","95","1956","292","2021","280","710","165","2626","354","3151","375","3402","392","3059","113","45","48",
"0500000US41035","Klamath County, Oregon","15216","35","15186","66","2324","225","1607","230","1037","231","2068","282","2777","295","2851","370","2522","101","30","53",
"0500000US41037","Lake County, Oregon","1481","96","1481","96","183","69","238","80","67","55","317","93","214","75","225","82","237","48","0","19",
"0500000US41039","Lane County, Oregon","67084","*****","66738","171","9059","482","7033","459","3335","440","11488","753","11034","730","12505","709","12284","153","346","170",
"0500000US41041","Lincoln County, Oregon","7903","73","7898","74","1031","132","828","134","311","114","1505","243","1246","211","1494","269","1483","52","5","4",
"0500000US41043","Linn County, Oregon","28724","*****","28662","25","4324","290","2970","280","1298","282","4796","464","5455","484","4741","418","5078","68","62","25",
"0500000US41045","Malheur County, Oregon","8091","68","8091","68","1146","134","848","110","470","140","1349","213","1445","207","1435","257","1398","51","0","28",
"0500000US41047","Marion County, Oregon","82196","*****","81880","170","12064","695","8407","664","4351","614","14083","839","13694","763","14614","927","14667","114","316","171",
"0500000US41049","Morrow County, Oregon","3340","25","3340","25","468","76","370","81","159","98","738","120","521","87","477","114","607","7","0","21",
"0500000US41051","Multnomah County, Oregon","141135","*****","140801","91","21456","824","15458","824","7741","760","21903","899","23705","1066","25951","1005","24587","96","334","90",
"0500000US41053","Polk County, Oregon","19385","64","19332","92","2883","257","1759","248","937","204","3105","343","3386","395","3545","491","3717","156","53","65",
"0500000US41055","Sherman County, Oregon","390","65","390","65","54","26","59","27","7","5","33","14","44","15","141","57","52","19","0","13",
"0500000US41057","Tillamook County, Oregon","4980","59","4964","62","585","125","377","110","205","86","799","178","942","213","1116","169","940","50","16","26",
"0500000US41059","Umatilla County, Oregon","19651","17","19609","75","2715","359","2096","320","1272","427","2814","334","3341","396","3778","444","3593","81","42","75",
"0500000US41061","Union County, Oregon","5591","71","5563","72","742","96","460","96","367","112","911","207","1100","166","862","172","1121","63","28","30",
"0500000US41063","Wallowa County, Oregon","1517","43","1517","43","179","68","168","73","49","27","228","72","270","73","332","72","291","33","0","19",
"0500000US41065","Wasco County, Oregon","5682","87","5664","188","738","154","687","143","337","111","892","181","957","156","1088","155","965","34","18","166",
"0500000US41067","Washington County, Oregon","130225","*****","129950","90","18535","726","13379","739","7082","674","20561","849","21580","1148","25124","1322","23689","149","275","91",
"0500000US41069","Wheeler County, Oregon","175","60","165","58","31","22","42","33","8","10","18","11","21","14","21","14","24","12","10","16",
"0500000US41071","Yamhill County, Oregon","22912","67","22883","73","2968","277","2475","267","1205","301","3896","424","3932","410","4007","391","4400","147","29","36",
"0500000US42001","Adams County, Pennsylvania","20638","26","20506","64","3094","174","1805","169","1174","267","3527","316","3487","310","3614","355","3805","90","132","57",
"0500000US42003","Allegheny County, Pennsylvania","230228","*****","229660","156","37361","955","24371","967","12116","818","39030","1211","37539","1283","39721","1241","39522","162","568","157",
"0500000US42005","Armstrong County, Pennsylvania","12227","*****","12226","7","1665","120","1123","119","732","149","2002","172","1962","186","2409","252","2333","43","1","4",
"0500000US42007","Beaver County, Pennsylvania","32226","39","32196","39","4333","369","3662","368","1776","289","5719","418","5441","394","5389","404","5876","37","30","6",
"0500000US42009","Bedford County, Pennsylvania","9234","10","9227","20","1256","127","1138","117","549","136","1588","213","1522","191","1511","192","1663","24","7","15",
"0500000US42011","Berks County, Pennsylvania","95140","18","94813","125","13484","564","10190","565","5678","667","14327","874","16719","787","17030","944","17385","100","327","124",
"0500000US42013","Blair County, Pennsylvania","24416","*****","24385","33","3478","266","2533","267","1301","218","3891","391","4328","355","4499","369","4355","78","31","33",
"0500000US42015","Bradford County, Pennsylvania","13248","*****","13243","12","1769","164","1513","168","774","143","1988","210","2405","217","2462","222","2332","35","5","11",
"0500000US42017","Bucks County, Pennsylvania","128990","37","128835","79","17499","617","12686","617","6665","660","20989","900","22701","788","22764","1038","25531","32","155","67",
"0500000US42019","Butler County, Pennsylvania","37980","29","37754","102","5157","354","4241","353","1886","271","6583","405","6433","349","6657","481","6797","104","226","97",
"0500000US42021","Cambria County, Pennsylvania","25261","*****","25103","120","3497","225","2651","245","1440","242","3800","321","4255","294","4808","363","4652","44","158","120",
"0500000US42023","Cameron County, Pennsylvania","748","32","748","32","66","28","107","30","24","24","136","39","138","38","150","40","127","10","0","12",
"0500000US42025","Carbon County, Pennsylvania","12375","*****","12344","11","1701","180","1278","191","552","188","1670","257","2414","349","2392","382","2337","44","31","9",
"0500000US42027","Centre County, Pennsylvania","23235","*****","23051","84","3245","197","2426","198","1168","270","4194","397","3798","309","3888","333","4332","165","184","83",
"0500000US42029","Chester County, Pennsylvania","120444","19","120157","93","16887","648","12254","648","6504","670","18923","941","20783","904","22174","913","22632","66","287","87",
"0500000US42031","Clarion County, Pennsylvania","7058","*****","7047","24","1153","140","743","133","312","56","1150","114","1232","119","1211","101","1246","24","11","24",
"0500000US42033","Clearfield County, Pennsylvania","14337","*****","14322","19","2166","156","1304","144","738","181","2190","246","2670","284","2498","314","2756","51","15","18",
"0500000US42035","Clinton County, Pennsylvania","7620","*****","7593","26","1168","110","936","119","488","126","1154","177","1192","186","1228","169","1427","64","27","25",
"0500000US42037","Columbia County, Pennsylvania","11483","*****","11455","37","1207","165","1572","171","647","136","1850","230","1812","152","2223","234","2144","44","28","37",
"0500000US42039","Crawford County, Pennsylvania","17004","*****","16935","32","2606","163","1742","170","942","140","3006","263","2779","214","2676","201","3184","84","69","30",
"0500000US42041","Cumberland County, Pennsylvania","54926","65","54874","66","7553","508","6505","505","2608","392","9186","619","9307","659","10081","662","9634","26","52","62",
"0500000US42043","Dauphin County, Pennsylvania","64718","*****","64653","33","10323","573","6729","575","3500","603","11658","876","11080","758","10290","766","11073","39","65","33",
"0500000US42045","Delaware County, Pennsylvania","127583","*****","127317","83","19224","701","13705","701","6330","717","20490","949","21728","1062","23413","1120","22427","71","266","82",
"0500000US42047","Elk County, Pennsylvania","5785","40","5785","40","648","105","737","107","386","140","906","177","754","138","1317","213","1037","7","0","25",
"0500000US42049","Erie County, Pennsylvania","55689","*****","55498","67","8197","478","5627","483","2640","363","9072","592","9766","627","9962","641","10234","64","191","67",
"0500000US42051","Fayette County, Pennsylvania","24221","35","24017","147","3703","246","2176","251","1161","346","3951","440","4207","367","4412","440","4407","85","204","139",
"0500000US42053","Forest County, Pennsylvania","248","70","161","69","17","9","21","9","10","11","22","13","28","9","32","13","31","27","87","11",
"0500000US42055","Franklin County, Pennsylvania","34556","*****","34452","40","5025","372","3703","361","1869","383","5928","535","5960","421","5674","508","6293","86","104","40",
"0500000US42057","Fulton County, Pennsylvania","2865","46","2864","46","382","48","299","49","130","40","455","55","487","64","568","73","543","29","1","4",
"0500000US42059","Greene County, Pennsylvania","6591","41","6591","41","912","129","650","124","283","84","1025","161","1263","152","1182","176","1276","59","0","25",
"0500000US42061","Huntingdon County, Pennsylvania","7742","*****","7710","21","1190","89","740","92","425","78","1248","115","1296","130","1366","132","1445","28","32","18",
"0500000US42063","Indiana County, Pennsylvania","14946","19","14877","46","2049","183","1669","186","784","174","2676","216","2169","220","2746","266","2784","91","69","43",
"0500000US42065","Jefferson County, Pennsylvania","9365","18","9365","18","1342","132","1001","124","487","83","1414","153","1667","141","1723","179","1731","45","0","25",
"0500000US42067","Juniata County, Pennsylvania","5161","*****","5161","17","808","84","594","85","191","53","1068","111","759","77","797","98","944","36","0","22",
"0500000US42069","Lackawanna County, Pennsylvania","44213","39","44176","51","6538","393","4309","398","2279","322","6958","500","7829","494","8119","552","8144","34","37","32",
"0500000US42071","Lancaster County, Pennsylvania","128950","18","128796","38","21164","684","13579","671","7401","668","21234","894","21952","912","21209","911","22257","58","154","30",
"0500000US42073","Lawrence County, Pennsylvania","17000","*****","16992","15","2491","166","1752","171","946","179","2750","216","2724","269","3072","315","3257","89","8","11",
"0500000US42075","Lebanon County, Pennsylvania","32492","*****","32456","36","4255","363","3762","362","1511","268","4835","437","6333","460","6124","502","5636","97","36","38",
"0500000US42077","Lehigh County, Pennsylvania","84498","41","84389","69","12213","720","9213","719","4710","556","13565","759","14540","853","15102","843","15046","51","109","52",
"0500000US42079","Luzerne County, Pennsylvania","66457","29","66368","38","9938","539","7125","539","3600","405","10763","694","12014","778","10915","681","12013","23","89","30",
"0500000US42081","Lycoming County, Pennsylvania","23296","22","23260","31","3161","277","2713","278","1525","258","4117","368","4116","396","3509","355","4119","71","36","30",
"0500000US42083","McKean County, Pennsylvania","7724","34","7707","35","930","88","811","87","389","99","1248","137","1443","137","1307","187","1579","69","17","5",
"0500000US42085","Mercer County, Pennsylvania","20692","*****","20421","43","2888","210","2289","209","1054","207","3237","293","3528","249","3610","301","3815","65","271","42",
"0500000US42087","Mifflin County, Pennsylvania","10428","74","10424","75","1608","174","1248","173","378","94","1782","191","1874","177","1740","248","1794","43","4","11",
"0500000US42089","Monroe County, Pennsylvania","32041","35","32006","44","4161","388","3425","385","1879","391","4478","552","5561","491","6079","561","6423","34","35","29",
"0500000US42091","Montgomery County, Pennsylvania","184693","57","184380","147","27183","868","18002","869","9826","652","31726","987","31254","1012","32222","1098","34167","129","313","132",
"0500000US42093","Montour County, Pennsylvania","3642","12","3549","69","636","87","357","86","241","72","563","96","561","91","512","90","679","55","93","71",
"0500000US42095","Northampton County, Pennsylvania","61011","48","60835","73","8879","557","5832","553","2736","423","9327","669","10774","720","11465","727","11822","42","176","57",
"0500000US42097","Northumberland County, Pennsylvania","17819","*****","17779","28","2618","236","1802","212","978","254","2843","294","2991","266","3225","325","3322","101","40","28",
"0500000US42099","Perry County, Pennsylvania","9699","*****","9677","18","1462","107","986","112","600","146","1575","142","1737","143","1699","166","1618","20","22","17",
"0500000US42101","Philadelphia County, Pennsylvania","334799","53","333585","258","56564","1609","37682","1595","16482","1339","54521","2032","56249","2359","59398","2246","52689","183","1214","264",
"0500000US42103","Pike County, Pennsylvania","10433","*****","10432","5","1236","165","1078","168","473","153","1500","207","1596","229","2232","280","2317","137","1","3",
"0500000US42105","Potter County, Pennsylvania","3237","14","3229","16","500","43","266","43","131","34","467","62","618","52","622","68","625","25","8","5",
"0500000US42107","Schuylkill County, Pennsylvania","28557","*****","28548","11","3974","280","2718","280","1536","264","4630","403","5521","463","4640","434","5529","56","9","9",
"0500000US42109","Snyder County, Pennsylvania","8114","47","8108","50","1127","99","952","89","383","81","1316","164","1406","170","1408","132","1516","20","6","13",
"0500000US42111","Somerset County, Pennsylvania","13227","14","13212","15","1959","174","1363","173","732","147","2418","218","2202","209","2110","215","2428","34","15","9",
"0500000US42113","Sullivan County, Pennsylvania","615","61","610","57","92","13","59","13","31","13","122","45","89","18","104","15","113","13","5","11",
"0500000US42115","Susquehanna County, Pennsylvania","7194","*****","7192","9","1088","76","742","74","261","66","1140","101","1315","110","1315","129","1331","8","2","1",
"0500000US42117","Tioga County, Pennsylvania","8038","*****","8037","7","1306","112","693","113","395","74","1364","143","1530","116","1311","133","1438","19","1","3",
"0500000US42119","Union County, Pennsylvania","7370","34","7338","40","1070","121","766","118","353","128","1163","152","1156","128","1482","148","1348","82","32","23",
"0500000US42121","Venango County, Pennsylvania","9469","54","9426","53","1219","118","1066","118","646","135","1633","207","1425","160","1653","195","1784","57","43","12",
"0500000US42123","Warren County, Pennsylvania","7447","18","7442","19","961","131","984","122","321","103","1238","159","1288","152","1333","151","1317","35","5","2",
"0500000US42125","Washington County, Pennsylvania","41070","*****","41035","36","6194","363","4052","360","2270","365","7325","545","7720","471","6083","508","7391","25","35","33",
"0500000US42127","Wayne County, Pennsylvania","8408","73","8388","77","1211","123","883","135","298","70","1523","183","1495","186","1416","167","1562","24","20","14",
"0500000US42129","Westmoreland County, Pennsylvania","64150","51","64038","64","8995","398","6171","399","3371","347","10615","583","10601","575","11946","693","12339","53","112","40",
"0500000US42131","Wyoming County, Pennsylvania","4975","17","4959","30","719","56","473","57","227","58","793","125","990","117","787","108","970","25","16","23",
"0500000US42133","York County, Pennsylvania","101294","25","101255","29","13838","577","11297","576","5860","707","15615","779","16909","701","19078","858","18658","31","39","13",
"0500000US44001","Bristol County, Rhode Island","8973","21","8842","113","927","140","881","174","585","198","1102","270","1850","322","1803","241","1694","87","131","111",
"0500000US44003","Kent County, Rhode Island","30919","*****","30883","10","4675","366","3081","362","1906","372","5050","479","5969","460","4518","501","5684","157","36","12",
"0500000US44005","Newport County, Rhode Island","13551","88","13522","88","1887","195","1416","193","867","202","2177","277","2300","311","2264","384","2611","156","29","13",
"0500000US44007","Providence County, Rhode Island","133940","6","133696","37","20274","830","15529","830","6970","883","22586","1242","20894","1164","23870","1298","23573","42","244","38",
"0500000US44009","Washington County, Rhode Island","20042","*****","19911","83","2499","311","2085","290","1279","266","3478","400","3034","335","3577","474","3959","110","131","83",
"0500000US45001","Abbeville County, South Carolina","4797","*****","4793","10","645","117","542","129","220","97","867","220","706","145","811","149","1002","118","4","8",
"0500000US45003","Aiken County, South Carolina","37379","*****","37287","53","5598","473","4158","474","1691","251","5674","530","6530","573","6924","617","6712","87","92","52",
"0500000US45005","Allendale County, South Carolina","1396","10","1396","10","267","31","59","38","88","51","270","74","223","81","234","85","255","33","0","20",
"0500000US45007","Anderson County, South Carolina","47554","*****","47472","31","6987","386","4758","386","2627","384","8029","589","8896","699","7539","614","8636","35","82","31",
"0500000US45009","Bamberg County, South Carolina","2382","*****","2352","33","281","80","331","79","121","104","539","165","383","123","275","133","422","32","30","32",
"0500000US45011","Barnwell County, South Carolina","4870","49","4864","48","524","105","823","98","225","105","717","175","865","195","890","166","820","11","6","4",
"0500000US45013","Beaufort County, South Carolina","34071","71","33968","102","5078","382","3942","386","1833","449","5268","605","5397","590","6384","769","6066","146","103","81",
"0500000US45015","Berkeley County, South Carolina","58289","75","58267","76","8524","614","6697","620","3227","483","10141","813","9440","842","10075","1002","10163","15","22","12",
"0500000US45017","Calhoun County, South Carolina","2639","50","2639","50","334","87","278","87","95","69","472","133","503","117","493","132","464","90","0","22",
"0500000US45019","Charleston County, South Carolina","81885","46","81769","67","15547","687","8113","686","4320","542","12664","891","13083","804","14832","1047","13210","63","116","53",
"0500000US45021","Cherokee County, South Carolina","12874","62","12872","62","2315","162","982","157","794","216","2472","379","2117","343","1904","332","2288","68","2","2",
"0500000US45023","Chester County, South Carolina","7183","51","7183","51","919","151","814","133","373","156","1247","201","1337","221","1106","240","1387","159","0","30",
"0500000US45025","Chesterfield County, South Carolina","9709","*****","9687","10","1533","185","887","166","419","149","1713","228","1959","295","1463","208","1713","52","22","5",
"0500000US45027","Clarendon County, South Carolina","5642","70","5595","70","927","121","465","123","207","71","784","108","1133","166","994","163","1085","47","47","4",
"0500000US45029","Colleton County, South Carolina","8792","55","8792","55","1203","211","904","185","673","192","1732","276","1415","280","1171","283","1694","185","0","30",
"0500000US45031","Darlington County, South Carolina","13894","84","13880","84","2060","256","1487","269","599","181","2316","338","2691","274","2215","342","2512","69","14","4",
"0500000US45033","Dillon County, South Carolina","7048","*****","7048","5","1316","213","620","180","361","134","1175","261","1182","290","1151","263","1243","46","0","26",
"0500000US45035","Dorchester County, South Carolina","40253","45","40202","45","6305","420","3446","430","1580","409","6031","639","7505","560","7984","855","7351","49","51","9",
"0500000US45037","Edgefield County, South Carolina","4557","49","4546","59","688","138","535","84","185","100","879","161","582","127","815","162","862","45","11","26",
"0500000US45039","Fairfield County, South Carolina","3691","57","3691","57","455","84","496","91","292","124","355","115","679","157","715","136","699","41","0","26",
"0500000US45041","Florence County, South Carolina","32288","*****","32250","25","4465","362","3474","356","2157","423","5384","583","5365","542","5448","556","5957","37","38","25",
"0500000US45043","Georgetown County, South Carolina","10994","122","10970","122","1371","186","1121","208","416","180","1844","243","2177","327","1866","371","2175","95","24","5",
"0500000US45045","Greenville County, South Carolina","125442","4","125213","56","19311","749","13392","749","6931","743","21539","1020","20373","1031","21792","1043","21875","55","229","55",
"0500000US45047","Greenwood County, South Carolina","15553","*****","15462","20","2498","373","1478","367","1059","218","2666","417","2715","296","2313","422","2733","142","91","21",
"0500000US45049","Hampton County, South Carolina","3911","144","3905","145","580","105","390","107","209","103","722","134","482","138","780","172","742","60","6","7",
"0500000US45051","Horry County, South Carolina","64964","5","64903","40","9215","704","6912","703","2958","600","10283","811","11922","804","11525","814","12088","85","61","39",
"0500000US45053","Jasper County, South Carolina","5883","52","5883","52","1094","211","665","215","328","159","797","204","886","238","1027","225","1086","172","0","30",
"0500000US45055","Kershaw County, South Carolina","15860","*****","15844","7","2148","272","1732","282","831","193","2958","313","2424","315","2795","327","2956","43","16","9",
"0500000US45057","Lancaster County, South Carolina","22523","*****","22504","6","3559","414","2359","419","1387","419","2996","421","3976","510","4474","530","3753","76","19","3",
"0500000US45059","Laurens County, South Carolina","14980","71","14897","73","2203","252","1628","251","1064","258","2693","369","2361","320","2329","377","2619","36","83","15",
"0500000US45061","Lee County, South Carolina","3022","53","3022","53","408","85","380","85","85","57","421","114","504","102","655","129","569","4","0","22",
"0500000US45063","Lexington County, South Carolina","70033","*****","69997","16","9764","493","7318","493","3957","469","11690","832","11628","647","12657","754","12983","18","36","13",
"0500000US45065","McCormick County, South Carolina","992","8","901","17","189","62","100","61","8","12","33","29","252","89","193","78","126","50","91","15",
"0500000US45067","Marion County, South Carolina","6333","279","6333","279","856","152","615","151","316","142","1175","270","1240","339","942","218","1189","43","0","26",
"0500000US45069","Marlboro County, South Carolina","5171","*****","5171","4","835","146","500","156","198","119","720","216","962","243","1050","198","906","40","0","26",
"0500000US45071","Newberry County, South Carolina","8231","48","8188","51","1363","137","715","137","301","143","1293","254","1489","254","1603","375","1424","32","43","18",
"0500000US45073","Oconee County, South Carolina","15374","*****","15237","10","2161","267","1401","269","806","227","2420","275","2995","327","2439","315","3015","51","137","8",
"0500000US45075","Orangeburg County, South Carolina","17850","*****","17774","52","2190","326","2126","324","665","212","3362","351","2694","340","3469","388","3268","131","76","51",
"0500000US45077","Pickens County, South Carolina","25021","*****","24887","68","3423","280","2819","270","1044","200","4096","328","4579","370","4325","390","4601","102","134","69",
"0500000US45079","Richland County, South Carolina","90969","254","90535","273","13315","796","9956","797","4231","578","15184","1097","14903","895","16620","1157","16326","172","434","106",
"0500000US45081","Saluda County, South Carolina","4196","33","4196","33","681","111","432","111","184","85","544","139","763","172","843","182","749","13","0","22",
"0500000US45083","Spartanburg County, South Carolina","81285","46","81187","55","12125","515","8954","516","4774","539","13730","835","13393","804","13783","942","14428","38","98","39",
"0500000US45085","Sumter County, South Carolina","24823","*****","24801","19","4643","356","2087","341","1483","423","3930","585","3958","482","4460","742","4240","48","22","16",
"0500000US45087","Union County, South Carolina","5590","*****","5543","9","726","118","634","114","448","158","1209","194","725","152","794","164","1007","35","47","9",
"0500000US45089","Williamsburg County, South Carolina","5882","154","5868","154","812","128","572","128","343","150","983","202","891","190","1132","213","1135","17","14","5",
"0500000US45091","York County, South Carolina","69346","*****","69191","45","8812","566","7164","566","4227","536","11533","815","12130","862","12701","893","12624","62","155","45",
"0500000US46003","Aurora County, South Dakota","674","85","648","85","100","28","89","29","51","17","86","26","57","22","139","45","126","20","26","16",
"0500000US46005","Beadle County, South Dakota","5397","71","5351","92","755","203","422","106","309","126","967","207","1148","269","1014","223","736","78","46","67",
"0500000US46007","Bennett County, South Dakota","1174","127","1174","127","149","46","115","47","59","36","215","111","138","71","226","78","272","61","0","10",
"0500000US46009","Bon Homme County, South Dakota","1307","18","1307","18","182","31","163","30","108","39","182","45","201","42","235","49","236","21","0","15",
"0500000US46011","Brookings County, South Dakota","7455","44","7449","48","1013","130","857","152","454","127","1499","251","1129","218","1238","206","1259","116","6","11",
"0500000US46013","Brown County, South Dakota","8948","225","8926","229","1312","177","800","158","359","122","1708","185","1460","219","1716","242","1571","118","22","38",
"0500000US46015","Brule County, South Dakota","1283","24","1282","27","180","36","134","36","47","32","138","46","268","50","276","43","239","38","1","6",
"0500000US46017","Buffalo County, South Dakota","708","133","708","133","129","55","106","39","12","14","128","44","105","43","103","46","125","38","0","10",
"0500000US46019","Butte County, South Dakota","2647","37","2647","37","434","92","302","72","122","64","421","127","493","122","355","129","520","43","0","16",
"0500000US46021","Campbell County, South Dakota","331","96","331","96","39","26","40","16","24","17","49","24","69","31","68","20","42","21","0","10",
"0500000US46023","Charles Mix County, South Dakota","2851","12","2822","45","505","54","252","54","113","46","528","101","513","56","455","85","456","16","29","45",
"0500000US46025","Clark County, South Dakota","1151","86","1130","82","222","48","100","48","21","15","124","45","171","78","322","88","170","43","21","46",
"0500000US46027","Clay County, South Dakota","2645","135","2635","135","352","116","356","100","74","82","346","119","326","117","741","188","440","49","10","13",
"0500000US46029","Codington County, South Dakota","6612","86","6611","86","892","156","655","169","346","142","1096","191","968","175","1365","239","1289","67","1","3",
"0500000US46031","Corson County, South Dakota","1345","*****","1345","2","239","27","149","27","53","18","212","33","227","36","225","39","240","1","0","10",
"0500000US46033","Custer County, South Dakota","1225","*****","1193","6","124","49","200","66","42","34","211","69","149","46","234","57","233","50","32","4",
"0500000US46035","Davison County, South Dakota","4708","68","4689","68","781","170","452","132","263","142","799","161","590","178","812","239","992","112","19","6",
"0500000US46037","Day County, South Dakota","1217","35","1217","35","212","35","66","35","28","20","141","42","282","79","252","64","236","41","0","15",
"0500000US46039","Deuel County, South Dakota","1048","43","1048","43","164","35","96","34","42","22","136","38","258","39","152","49","200","13","0","10",
"0500000US46041","Dewey County, South Dakota","1996","*****","1986","6","271","58","326","58","72","58","425","80","308","69","296","70","288","11","10","8",
"0500000US46043","Douglas County, South Dakota","722","23","722","23","121","25","91","24","33","20","147","27","119","27","94","23","117","3","0","10",
"0500000US46045","Edmunds County, South Dakota","956","72","956","72","285","50","84","26","22","15","226","73","109","34","109","37","121","40","0","10",
"0500000US46047","Fall River County, South Dakota","1178","17","1178","17","117","49","187","59","33","23","241","90","111","70","269","103","220","21","0","15",
"0500000US46049","Faulk County, South Dakota","531","65","531","65","45","20","50","26","22","19","82","41","98","31","110","47","124","40","0","10",
"0500000US46051","Grant County, South Dakota","1677","67","1642","74","261","63","137","65","46","33","178","72","306","72","348","97","366","34","35","89",
"0500000US46053","Gregory County, South Dakota","979","*****","979","4","99","33","152","33","63","32","161","52","155","38","170","35","179","17","0","10",
"0500000US46055","Haakon County, South Dakota","350","64","349","64","58","34","47","24","12","11","70","29","27","18","94","42","41","21","1","5",
"0500000US46057","Hamlin County, South Dakota","2111","*****","2111","5","376","44","267","43","140","41","341","58","315","57","332","65","340","15","0","15",
"0500000US46059","Hand County, South Dakota","794","51","794","51","117","23","86","32","27","21","147","59","138","69","145","64","134","20","0","10",
"0500000US46061","Hanson County, South Dakota","996","31","996","31","143","33","116","30","41","20","141","39","135","27","224","58","196","17","0","10",
"0500000US46063","Harding County, South Dakota","268","65","263","64","43","17","23","16","7","6","32","15","44","22","50","25","64","28","5","9",
"0500000US46065","Hughes County, South Dakota","4312","45","4296","44","517","126","375","145","163","104","814","164","962","130","710","164","755","116","16","3",
"0500000US46067","Hutchinson County, South Dakota","1957","*****","1870","128","309","56","250","51","119","34","310","75","320","60","249","72","313","25","87","127",
"0500000US46069","Hyde County, South Dakota","214","64","214","64","23","16","47","30","4","5","41","31","24","13","30","17","45","25","0","10",
"0500000US46071","Jackson County, South Dakota","923","124","923","124","112","63","156","59","34","26","141","76","154","61","171","60","155","55","0","10",
"0500000US46073","Jerauld County, South Dakota","404","86","404","86","51","23","60","31","17","13","68","31","92","43","70","20","46","18","0","10",
"0500000US46075","Jones County, South Dakota","319","96","319","96","111","50","47","46","12","8","31","15","20","12","48","37","50","31","0","10",
"0500000US46077","Kingsbury County, South Dakota","1317","25","1317","25","233","25","116","23","66","18","250","40","223","38","232","41","197","20","0","15",
"0500000US46079","Lake County, South Dakota","2146","114","2146","114","276","47","241","66","75","71","469","115","387","149","280","89","418","53","0","16",
"0500000US46081","Lawrence County, South Dakota","4435","76","4415","76","570","109","485","103","312","111","511","147","782","121","855","167","900","45","20","15",
"0500000US46083","Lincoln County, South Dakota","18691","*****","18691","6","2818","198","1593","237","882","220","3405","395","3400","413","3409","447","3184","119","0","24",
"0500000US46085","Lyman County, South Dakota","1043","16","1033","29","191","26","114","26","81","32","186","34","135","30","157","34","169","2","10","25",
"0500000US46087","McCook County, South Dakota","1637","*****","1637","4","274","35","175","34","74","29","331","62","253","43","268","39","262","8","0","15",
"0500000US46089","McPherson County, South Dakota","413","98","365","93","81","29","27","17","33","34","25","16","52","23","57","32","90","23","48","79",
"0500000US46091","Marshall County, South Dakota","1057","*****","1023","53","210","45","91","21","89","51","134","45","177","58","161","61","161","21","34","54",
"0500000US46093","Meade County, South Dakota","6476","*****","6466","21","927","118","632","111","441","155","1072","206","1091","159","1047","202","1256","72","10","19",
"0500000US46095","Mellette County, South Dakota","557","134","557","134","95","42","66","33","50","24","78","41","85","36","81","39","102","38","0","10",
"0500000US46097","Miner County, South Dakota","504","42","504","42","103","27","29","14","11","8","74","24","102","32","85","30","100","28","0","10",
"0500000US46099","Minnehaha County, South Dakota","51607","*****","51357","58","8452","504","5782","504","2844","322","8694","620","8999","737","8414","659","8172","45","250","59",
"0500000US46101","Moody County, South Dakota","1682","28","1679","29","324","33","131","34","72","26","251","47","236","60","382","58","283","4","3","7",
"0500000US46102","Oglala Lakota County, South Dakota","4777","126","4765","124","849","178","343","163","218","115","806","232","771","156","973","217","805","13","12","15",
"0500000US46103","Pennington County, South Dakota","24975","*****","24896","13","4153","368","2688","355","1471","279","4323","426","3936","447","4083","462","4242","110","79","12",
"0500000US46105","Perkins County, South Dakota","671","65","671","65","108","26","113","31","38","25","128","55","79","34","118","54","87","28","0","10",
"0500000US46107","Potter County, South Dakota","487","72","487","72","79","27","40","24","47","23","103","37","79","29","69","29","70","25","0","10",
"0500000US46109","Roberts County, South Dakota","2887","22","2863","24","450","83","272","45","152","47","525","74","582","60","397","55","485","38","24","7",
"0500000US46111","Sanborn County, South Dakota","618","42","618","42","121","34","56","22","24","20","107","26","93","36","98","26","119","35","0","10",
"0500000US46115","Spink County, South Dakota","1313","48","1310","48","198","37","200","33","70","31","253","67","178","43","187","51","224","8","3","3",
"0500000US46117","Stanley County, South Dakota","639","81","639","81","13","18","93","44","67","50","98","55","126","46","101","43","141","37","0","10",
"0500000US46119","Sully County, South Dakota","336","91","336","91","40","27","17","9","28","20","47","20","79","36","39","29","86","29","0","10",
"0500000US46121","Todd County, South Dakota","3583","118","3577","117","486","98","463","75","231","80","690","123","652","147","496","124","559","42","6","6",
"0500000US46123","Tripp County, South Dakota","1299","*****","1299","4","262","39","126","33","54","42","262","62","252","86","156","67","187","28","0","15",
"0500000US46125","Turner County, South Dakota","2248","40","2246","40","342","34","164","33","140","38","320","46","397","48","474","66","409","21","2","2",
"0500000US46127","Union County, South Dakota","4108","*****","4108","5","512","113","357","105","271","89","560","108","793","143","847","158","768","70","0","16",
"0500000US46129","Walworth County, South Dakota","1250","*****","1248","5","229","46","130","46","93","66","211","56","241","74","172","77","172","48","2","4",
"0500000US46135","Yankton County, South Dakota","4974","90","4907","127","699","180","557","157","264","104","621","195","1034","182","863","162","869","54","67","82",
"0500000US46137","Ziebach County, South Dakota","600","12","600","12","125","39","62","13","21","13","79","16","87","20","81","23","145","26","0","10",
"0500000US47001","Anderson County, Tennessee","16872","44","16848","45","2187","261","1980","275","968","241","2833","399","3084","455","2799","359","2997","97","24","5",
"0500000US47003","Bedford County, Tennessee","13237","38","13225","40","1879","321","1494","293","562","199","2146","379","2336","350","2435","369","2373","122","12","11",
"0500000US47005","Benton County, Tennessee","3225","47","3225","47","426","74","371","68","205","117","496","138","413","130","649","236","665","106","0","22",
"0500000US47007","Bledsoe County, Tennessee","2296","247","2281","245","275","76","354","111","108","59","370","132","394","136","390","118","390","22","15","7",
"0500000US47009","Blount County, Tennessee","27646","*****","27579","10","3796","357","2984","355","1817","412","4295","484","4836","555","4727","512","5124","124","67","8",
"0500000US47011","Bradley County, Tennessee","24294","38","24280","40","3958","319","2300","297","1238","285","4264","542","4018","386","4005","449","4497","50","14","14",
"0500000US47013","Campbell County, Tennessee","8067","39","8067","39","1224","198","870","197","256","95","1604","322","1571","261","1068","266","1474","34","0","30",
"0500000US47015","Cannon County, Tennessee","3372","110","3372","110","567","86","290","64","106","67","597","149","477","135","686","152","649","142","0","22",
"0500000US47017","Carroll County, Tennessee","6325","55","6325","55","932","132","674","121","340","122","1091","220","879","208","1214","229","1195","95","0","26",
"0500000US47019","Carter County, Tennessee","10020","116","10008","116","1500","149","755","144","450","174","1553","200","1930","226","1674","219","2146","159","12","9",
"0500000US47021","Cheatham County, Tennessee","8963","29","8961","29","1195","216","1013","190","441","137","1070","217","1804","302","1713","216","1725","145","2","4",
"0500000US47023","Chester County, Tennessee","3813","8","3779","28","532","131","444","124","151","81","568","118","627","146","850","160","607","82","34","28",
"0500000US47025","Claiborne County, Tennessee","6085","100","6085","100","1127","164","501","141","313","124","940","210","1074","239","1012","222","1118","38","0","30",
"0500000US47027","Clay County, Tennessee","1443","42","1443","42","131","47","192","47","27","32","109","43","304","73","336","65","344","42","0","20",
"0500000US47029","Cocke County, Tennessee","7500","20","7500","20","1090","171","768","137","262","122","1226","306","1389","286","1468","355","1297","42","0","30",
"0500000US47031","Coffee County, Tennessee","14426","*****","14426","4","2157","270","1603","270","684","177","2266","299","2361","329","2756","358","2599","113","0","33",
"0500000US47033","Crockett County, Tennessee","3261","13","3261","13","519","64","351","68","155","80","468","82","494","103","695","124","579","48","0","22",
"0500000US47035","Cumberland County, Tennessee","10622","45","10609","45","1587","222","1123","196","502","150","1728","220","1721","241","2131","283","1817","98","13","4",
"0500000US47037","Davidson County, Tennessee","148391","*****","148063","134","29087","1157","17538","1158","9961","969","22527","1405","24737","1225","21481","1256","22732","174","328","134",
"0500000US47039","Decatur County, Tennessee","2335","6","2335","6","306","68","293","65","83","46","380","86","353","100","435","106","485","55","0","22",
"0500000US47041","DeKalb County, Tennessee","4557","63","4519","62","770","150","764","154","298","105","759","214","561","128","675","169","692","34","38","33",
"0500000US47043","Dickson County, Tennessee","12623","41","12611","40","2108","245","1205","225","615","191","2348","315","2328","318","1794","306","2213","100","12","5",
"0500000US47045","Dyer County, Tennessee","8667","34","8650","33","1261","238","913","229","539","174","1842","292","1188","226","1381","219","1526","93","17","4",
"0500000US47047","Fayette County, Tennessee","7763","*****","7675","7","1174","137","896","135","390","147","1231","170","1083","178","1518","252","1383","59","88","6",
"0500000US47049","Fentress County, Tennessee","3935","29","3929","29","743","129","288","103","281","119","664","161","691","144","602","179","660","12","6","2",
"0500000US47051","Franklin County, Tennessee","8630","23","8612","41","1320","180","905","173","500","153","1254","194","1416","186","1644","212","1573","66","18","34",
"0500000US47053","Gibson County, Tennessee","12372","*****","12372","8","1662","246","1339","243","544","206","2101","428","2312","311","2203","397","2211","60","0","33",
"0500000US47055","Giles County, Tennessee","6318","77","6316","77","1105","143","495","121","159","80","704","166","1433","227","1273","221","1147","76","2","5",
"0500000US47057","Grainger County, Tennessee","4567","152","4535","153","688","125","430","126","427","159","718","132","664","170","665","125","943","74","32","6",
"0500000US47059","Greene County, Tennessee","13591","31","13487","68","1961","213","1362","236","729","200","2101","356","1964","268","2580","369","2790","131","104","68",
"0500000US47061","Grundy County, Tennessee","2977","24","2977","24","425","98","401","94","77","48","511","116","471","98","563","122","529","18","0","22",
"0500000US47063","Hamblen County, Tennessee","15706","27","15706","27","2409","320","1569","292","979","244","2480","433","2368","421","3167","511","2734","98","0","33",
"0500000US47065","Hamilton County, Tennessee","79311","*****","79080","114","13474","720","8427","721","3861","521","13126","940","13783","956","13005","835","13404","71","231","114",
"0500000US47067","Hancock County, Tennessee","1450","28","1449","28","181","60","199","59","121","56","289","74","223","69","185","65","251","1","1","1",
"0500000US47069","Hardeman County, Tennessee","4913","31","4913","31","726","161","557","160","102","61","781","197","819","146","964","184","964","82","0","26",
"0500000US47071","Hardin County, Tennessee","5487","70","5487","70","773","138","459","131","253","153","1251","215","760","144","931","174","1060","47","0","26",
"0500000US47073","Hawkins County, Tennessee","11113","57","11113","57","1516","222","1187","215","817","268","1372","195","1638","279","2277","310","2306","125","0","33",
"0500000US47075","Haywood County, Tennessee","3835","*****","3832","8","595","121","338","131","230","83","776","166","475","88","697","215","721","20","3","6",
"0500000US47077","Henderson County, Tennessee","6359","14","6359","14","1156","201","460","158","430","172","898","179","1045","170","1112","232","1258","106","0","26",
"0500000US47079","Henry County, Tennessee","6439","45","6439","45","830","151","711","130","417","176","1247","232","882","179","1237","240","1115","53","0","30",
"0500000US47081","Hickman County, Tennessee","5358","129","5354","128","788","131","552","128","251","108","1199","278","850","200","772","185","942","41","4","3",
"0500000US47083","Houston County, Tennessee","1735","47","1735","47","222","75","171","67","46","31","191","88","343","85","441","111","321","32","0","20",
"0500000US47085","Humphreys County, Tennessee","4062","103","3891","112","719","163","334","119","191","67","510","166","751","149","766","180","620","67","171","41",
"0500000US47087","Jackson County, Tennessee","2200","68","2200","68","335","54","213","63","91","50","452","114","285","73","450","116","374","19","0","22",
"0500000US47089","Jefferson County, Tennessee","10933","32","10852","49","1403","273","1213","266","422","155","1949","272","1784","284","2011","261","2070","79","81","39",
"0500000US47091","Johnson County, Tennessee","3033","13","2991","13","484","84","261","81","134","75","527","126","543","121","496","110","546","9","42","9",
"0500000US47093","Knox County, Tennessee","103518","26","103406","55","15553","778","11413","778","5410","601","16812","1070","17972","1036","17863","1096","18383","51","112","47",
"0500000US47095","Lake County, Tennessee","978","38","970","38","163","37","102","37","25","16","152","44","124","37","242","57","162","44","8","5",
"0500000US47097","Lauderdale County, Tennessee","5371","51","5371","51","921","162","576","136","311","137","668","142","1022","183","860","170","1013","51","0","26",
"0500000US47099","Lawrence County, Tennessee","11359","53","11359","53","1563","179","1279","179","583","165","1983","238","2146","219","1748","226","2057","114","0","30",
"0500000US47101","Lewis County, Tennessee","2746","76","2746","76","388","85","338","99","56","76","640","205","459","200","367","149","498","36","0","22",
"0500000US47103","Lincoln County, Tennessee","8002","41","8000","41","1260","259","799","201","409","199","1345","205","900","211","1785","238","1502","131","2","4",
"0500000US47105","Loudon County, Tennessee","11121","*****","11121","4","1672","208","1066","209","690","233","1991","251","1661","305","2105","312","1936","26","0","33",
"0500000US47107","McMinn County, Tennessee","11627","*****","11614","10","1933","196","1173","216","478","155","2181","334","1847","293","1946","258","2056","113","13","10",
"0500000US47109","McNairy County, Tennessee","5600","*****","5600","3","969","107","466","132","279","93","974","154","952","166","819","157","1141","84","0","26",
"0500000US47111","Macon County, Tennessee","6583","64","6583","64","830","179","828","177","395","134","1267","172","977","184","1256","226","1030","62","0","26",
"0500000US47113","Madison County, Tennessee","22287","*****","22223","25","3792","295","2190","312","1543","339","3105","347","3965","381","3691","398","3937","106","64","25",
"0500000US47115","Marion County, Tennessee","5931","98","5931","98","936","162","593","97","209","85","1078","199","848","210","1128","254","1139","91","0","26",
"0500000US47117","Marshall County, Tennessee","8442","*****","8429","6","1158","143","843","135","271","98","1529","306","1617","274","1472","319","1539","144","13","4",
"0500000US47119","Maury County, Tennessee","24734","*****","24641","25","4111","378","2627","377","953","256","4176","474","3846","426","4696","453","4232","122","93","26",
"0500000US47121","Meigs County, Tennessee","2704","37","2704","37","419","107","221","101","168","88","389","137","458","112","538","167","511","49","0","22",
"0500000US47123","Monroe County, Tennessee","9792","*****","9788","6","1259","183","1121","192","337","146","1547","271","1772","293","1842","303","1910","94","4","5",
"0500000US47125","Montgomery County, Tennessee","62685","53","62682","54","10478","726","7891","692","3720","624","10888","860","10176","944","10145","846","9384","106","3","6",
"0500000US47127","Moore County, Tennessee","1307","61","1307","61","170","70","162","66","44","40","343","78","135","76","200","94","253","22","0","20",
"0500000US47129","Morgan County, Tennessee","4031","68","4021","69","571","75","401","74","224","82","707","160","719","172","645","137","754","18","10","4",
"0500000US47131","Obion County, Tennessee","6646","24","6646","24","1103","170","547","138","437","141","1152","149","1069","122","1146","183","1192","29","0","30",
"0500000US47133","Overton County, Tennessee","4758","29","4758","29","681","84","469","86","277","103","750","150","719","130","970","160","892","25","0","26",
"0500000US47135","Perry County, Tennessee","1943","*****","1943","4","345","80","164","70","187","117","258","91","372","127","271","132","346","48","0","20",
"0500000US47137","Pickett County, Tennessee","878","39","878","39","79","46","127","45","42","32","127","70","260","85","63","31","180","12","0","20",
"0500000US47139","Polk County, Tennessee","3356","33","3356","33","448","95","353","95","239","124","529","100","461","116","661","172","665","31","0","22",
"0500000US47141","Putnam County, Tennessee","17224","32","17133","70","2891","274","1610","282","1044","270","2805","385","2569","308","3103","319","3111","153","91","61",
"0500000US47143","Rhea County, Tennessee","7196","148","7196","148","1020","278","869","170","238","124","999","200","1144","168","1436","235","1490","136","0","30",
"0500000US47145","Roane County, Tennessee","10341","*****","10325","19","1323","206","1161","165","379","188","1872","323","2083","306","1525","283","1982","107","16","17",
"0500000US47147","Robertson County, Tennessee","18178","*****","18178","5","2879","257","1917","263","835","261","3049","330","2709","337","3553","443","3236","22","0","33",
"0500000US47149","Rutherford County, Tennessee","89103","68","89043","83","13350","677","9279","676","5150","450","13722","998","14950","1002","16609","1171","15983","67","60","44",
"0500000US47151","Scott County, Tennessee","5187","*****","5182","6","821","166","531","172","241","76","797","147","789","162","975","217","1028","60","5","6",
"0500000US47153","Sequatchie County, Tennessee","3346","94","3346","94","584","123","337","91","171","81","699","192","450","140","426","143","679","97","0","22",
"0500000US47155","Sevier County, Tennessee","20757","*****","20707","70","3359","385","1966","397","1123","270","3470","462","2985","432","4004","491","3800","135","50","70",
"0500000US47157","Shelby County, Tennessee","233802","*****","233282","56","35234","1368","27226","1376","13905","1507","37778","1674","38990","1400","41100","1883","39049","97","520","56",
"0500000US47159","Smith County, Tennessee","4566","44","4566","44","586","132","528","147","198","91","697","131","684","130","968","193","905","60","0","26",
"0500000US47161","Stewart County, Tennessee","2922","48","2922","48","440","74","281","84","197","107","447","120","473","150","550","157","534","41","0","22",
"0500000US47163","Sullivan County, Tennessee","30610","*****","30554","14","4779","406","2812","406","1372","241","4463","487","5736","478","5516","524","5876","85","56","13",
"0500000US47165","Sumner County, Tennessee","47217","39","47195","44","6839","410","4905","409","2304","388","7821","724","8076","638","8579","684","8671","41","22","17",
"0500000US47167","Tipton County, Tennessee","14490","100","14490","100","1743","342","1641","330","751","195","2664","283","2412","330","2621","298","2658","51","0","33",
"0500000US47169","Trousdale County, Tennessee","1988","82","1988","82","354","141","256","107","121","88","481","126","291","104","182","120","303","18","0","22",
"0500000US47171","Unicoi County, Tennessee","3169","47","3143","49","283","117","473","130","67","49","454","136","633","163","548","139","685","102","26","39",
"0500000US47173","Union County, Tennessee","4352","29","4352","29","530","108","535","101","122","73","695","185","922","139","694","153","854","56","0","26",
"0500000US47175","Van Buren County, Tennessee","1303","31","1303","31","172","57","173","59","90","52","171","62","196","69","257","91","244","22","0","20",
"0500000US47177","Warren County, Tennessee","9818","46","9818","46","1555","180","928","145","598","218","1768","271","1620","268","1622","329","1727","154","0","30",
"0500000US47179","Washington County, Tennessee","25446","14","25384","30","3880","255","2363","258","1283","380","4731","623","4285","431","3939","519","4903","73","62","21",
"0500000US47181","Wayne County, Tennessee","2665","*****","2597","13","377","81","252","78","155","65","346","93","501","138","411","101","555","46","68","11",
"0500000US47183","Weakley County, Tennessee","6286","69","6265","70","914","144","676","158","309","111","1116","188","1029","172","1121","180","1100","73","21","32",
"0500000US47185","White County, Tennessee","6096","40","6096","40","1068","168","468","176","312","138","1010","197","993","182","1125","216","1120","76","0","26",
"0500000US47187","Williamson County, Tennessee","67203","*****","67164","12","7980","464","5746","463","2746","365","11921","841","12141","780","12910","817","13720","14","39","6",
"0500000US47189","Wilson County, Tennessee","37178","37","37151","52","5542","405","3908","410","1589","361","6004","530","6250","505","7276","584","6582","38","27","27",
"0500000US48001","Anderson County, Texas","11195","60","11195","60","1865","245","1086","236","652","196","1836","226","1755","304","1963","326","2038","36","0","35",
"0500000US48003","Andrews County, Texas","5757","77","5757","77","811","181","685","177","96","86","1109","269","1024","246","1086","280","946","24","0","23",
"0500000US48005","Angelina County, Texas","22070","*****","22047","23","3249","305","2394","295","831","210","3618","421","3690","344","4271","413","3994","47","23","23",
"0500000US48007","Aransas County, Texas","4134","46","4131","45","597","166","512","206","245","132","544","166","677","186","849","258","707","204","3","13",
"0500000US48009","Archer County, Texas","1965","14","1965","14","252","51","166","54","140","58","351","65","331","60","358","71","367","25","0","21",
"0500000US48011","Armstrong County, Texas","351","70","351","70","82","38","24","20","4","7","41","22","46","26","133","49","21","17","0","15",
"0500000US48013","Atascosa County, Texas","13541","97","13539","96","1723","349","1613","349","672","181","2374","348","2364","337","2360","402","2433","144","2","5",
"0500000US48015","Austin County, Texas","7302","25","7257","31","833","183","917","184","363","121","1011","213","1115","203","1762","273","1256","93","45","35",
"0500000US48017","Bailey County, Texas","1856","176","1856","176","389","88","107","67","74","57","302","144","437","140","254","97","293","73","0","21",
"0500000US48019","Bandera County, Texas","3651","54","3645","53","588","91","297","92","118","92","578","142","877","152","655","146","532","61","6","3",
"0500000US48021","Bastrop County, Texas","27681","112","27664","114","4466","490","2496","467","1362","377","4617","638","4094","716","5686","719","4943","168","17","19",
"0500000US48023","Baylor County, Texas","756","63","756","63","85","31","65","32","30","32","164","62","98","42","151","55","163","44","0","15",
"0500000US48025","Bee County, Texas","6213","137","6179","136","891","161","624","161","350","164","891","193","1136","282","1181","237","1106","63","34","10",
"0500000US48027","Bell County, Texas","106248","*****","106141","94","18459","916","11291","921","5185","728","17627","932","18207","998","18586","1021","16786","142","107","94",
"0500000US48029","Bexar County, Texas","510042","*****","508441","321","75407","1935","57073","1926","25212","1567","84732","2708","88554","2563","89589","3051","87874","209","1601","322",
"0500000US48031","Blanco County, Texas","2182","110","2180","110","287","89","193","65","118","66","405","120","314","89","478","93","385","45","2","5",
"0500000US48033","Borden County, Texas","251","84","251","84","35","20","24","17","21","28","65","40","24","18","38","33","44","23","0","15",
"0500000US48035","Bosque County, Texas","3882","40","3879","40","591","83","350","79","202","77","580","110","654","141","704","146","798","53","3","2",
"0500000US48037","Bowie County, Texas","21902","*****","21891","20","3220","285","2142","295","1082","288","3755","396","4207","372","3566","472","3919","84","11","20",
"0500000US48039","Brazoria County, Texas","100070","72","99919","79","14931","785","9604","779","5755","750","17889","1141","15977","1034","17938","1048","17825","47","151","34",
"0500000US48041","Brazos County, Texas","48785","30","48533","164","7651","524","5604","529","3549","613","8240","681","7820","625","7613","681","8056","126","252","158",
"0500000US48043","Brewster County, Texas","1588","*****","1588","4","197","156","190","159","17","24","376","173","384","136","302","122","122","92","0","21",
"0500000US48045","Briscoe County, Texas","270","68","270","68","61","27","21","13","32","26","44","22","28","20","36","24","48","19","0","15",
"0500000US48047","Brooks County, Texas","1452","283","1452","283","108","113","66","73","76","110","694","347","175","121","153","110","180","121","0","21",
"0500000US48049","Brown County, Texas","7819","75","7699","77","1242","131","704","131","335","155","1201","182","1316","222","1472","200","1429","58","120","27",
"0500000US48051","Burleson County, Texas","4138","27","4096","73","505","174","426","168","253","108","670","151","838","171","795","136","609","86","42","65",
"0500000US48053","Burnet County, Texas","10775","*****","10771","22","1232","239","1427","231","525","142","1465","255","2058","296","2080","274","1984","74","4","5",
"0500000US48055","Caldwell County, Texas","11272","32","10960","120","1588","252","1472","266","598","174","1536","215","1671","292","2198","381","1897","104","312","119",
"0500000US48057","Calhoun County, Texas","4507","33","4506","33","713","220","450","218","161","109","976","258","327","200","1029","292","850","146","1","3",
"0500000US48059","Callahan County, Texas","3102","20","3102","20","456","112","301","77","261","109","351","116","553","154","588","139","592","42","0","23",
"0500000US48061","Cameron County, Texas","122156","44","121654","178","16115","787","14129","808","5868","685","20425","1056","22445","993","20768","1248","21904","211","502","170",
"0500000US48063","Camp County, Texas","3359","45","3359","45","536","110","321","104","195","138","670","172","461","119","607","122","569","49","0","23",
"0500000US48065","Carson County, Texas","1348","47","1347","47","103","49","154","41","66","43","159","44","255","63","303","70","307","45","1","2",
"0500000US48067","Cass County, Texas","6413","42","6413","42","1145","183","534","115","375","119","1064","179","1170","180","982","162","1143","70","0","28",
"0500000US48069","Castro County, Texas","2135","8","2135","8","302","96","297","98","166","63","93","61","444","101","468","130","365","2","0","21",
"0500000US48071","Chambers County, Texas","14126","108","14120","109","2416","254","1000","254","835","302","2208","390","2785","461","2596","501","2280","2","6","9",
"0500000US48073","Cherokee County, Texas","13051","*****","13034","25","1886","221","1561","224","477","150","2480","331","2183","302","2232","371","2215","33","17","23",
"0500000US48075","Childress County, Texas","1364","173","1364","173","168","88","147","95","56","51","344","164","220","112","173","115","256","50","0","21",
"0500000US48077","Clay County, Texas","2038","48","2038","48","309","69","159","68","75","54","333","74","388","90","383","100","391","34","0","23",
"0500000US48079","Cochran County, Texas","714","25","639","27","119","22","78","22","21","17","108","43","81","30","129","48","103","30","75","10",
"0500000US48081","Coke County, Texas","713","28","646","29","83","26","68","24","11","13","119","53","137","41","142","53","86","46","67","21",
"0500000US48083","Coleman County, Texas","1611","81","1605","81","295","145","109","30","76","80","187","94","295","94","329","130","314","91","6","8",
"0500000US48085","Collin County, Texas","287584","*****","287418","104","37844","1357","29488","1367","15154","1196","47915","2040","50436","1900","52749","2131","53832","135","166","104",
"0500000US48087","Collingsworth County, Texas","721","121","721","121","94","34","100","82","11","14","137","46","180","62","107","39","92","31","0","15",
"0500000US48089","Colorado County, Texas","4899","*****","4896","4","919","214","469","158","213","107","814","212","1001","216","711","260","769","132","3","3",
"0500000US48091","Comal County, Texas","40643","*****","40579","19","5886","578","3817","565","1960","354","7426","812","7520","682","6583","616","7387","73","64","19",
"0500000US48093","Comanche County, Texas","3186","60","3173","61","355","80","408","80","180","77","652","170","532","136","418","125","628","21","13","22",
"0500000US48095","Concho County, Texas","390","*****","390","3","53","12","44","19","0","15","81","37","38","27","78","31","96","41","0","15",
"0500000US48097","Cooke County, Texas","9987","96","9838","96","1528","222","1107","222","469","139","1697","263","1681","220","1675","255","1681","89","149","19",
"0500000US48099","Coryell County, Texas","19058","*****","19043","22","3374","282","2003","288","1215","301","3420","468","3075","379","3262","431","2694","25","15","20",
"0500000US48101","Cottle County, Texas","250","96","250","96","75","49","13","18","14","20","22","23","63","39","35","26","28","21","0","15",
"0500000US48103","Crane County, Texas","1363","66","1363","66","142","107","205","147","0","15","185","114","40","40","559","181","232","89","0","15",
"0500000US48105","Crockett County, Texas","746","218","746","218","29","29","7","14","82","85","252","154","104","151","47","114","225","163","0","15",
"0500000US48107","Crosby County, Texas","1287","32","1287","32","144","47","157","48","62","35","257","52","200","55","196","53","271","26","0","21",
"0500000US48109","Culberson County, Texas","592","191","592","191","125","141","0","15","45","60","211","193","31","33","96","83","84","51","0","15",
"0500000US48111","Dallam County, Texas","2391","28","2391","28","197","45","247","108","131","115","636","242","175","105","627","202","378","4","0","21",
"0500000US48113","Dallas County, Texas","658541","*****","657856","124","107148","2224","72191","2226","37290","2024","105156","2644","108841","2737","113975","2213","113255","121","685","120",
"0500000US48115","Dawson County, Texas","2945","85","2932","85","507","121","286","122","131","93","482","120","449","119","618","146","459","3","13","2",
"0500000US48117","Deaf Smith County, Texas","5794","87","5790","86","836","177","846","172","332","197","1040","214","939","190","897","205","900","49","4","3",
"0500000US48119","Delta County, Texas","1308","18","1308","18","361","78","64","49","51","37","204","96","267","58","163","75","198","43","0","21",
"0500000US48121","Denton County, Texas","228961","*****","228416","652","32542","1109","23854","1109","11748","1062","37853","1529","40580","1631","39964","1696","41875","656","545","652",
"0500000US48123","DeWitt County, Texas","4471","86","4461","87","752","200","431","145","353","142","909","161","829","169","490","122","697","7","10","5",
"0500000US48125","Dickens County, Texas","371","66","371","66","34","18","74","29","18","13","39","22","42","18","76","32","88","27","0","15",
"0500000US48127","Dimmit County, Texas","2178","82","2178","82","321","138","257","111","89","78","316","149","463","149","340","134","392","21","0","21",
"0500000US48129","Donley County, Texas","573","60","572","60","80","21","27","13","51","38","80","46","76","43","146","69","112","22","1","4",
"0500000US48131","Duval County, Texas","2454","125","2454","125","332","126","288","117","194","145","548","148","319","134","370","146","403","63","0","21",
"0500000US48133","Eastland County, Texas","3805","77","3778","75","613","122","352","122","443","139","529","136","454","137","654","161","733","43","27","33",
"0500000US48135","Ector County, Texas","50018","59","49917","96","8664","692","5449","693","2899","596","9400","800","7139","700","8671","826","7695","176","101","72",
"0500000US48137","Edwards County, Texas","296","177","296","177","35","55","2","20","22","31","33","42","84","70","40","54","80","82","0","15",
"0500000US48139","Ellis County, Texas","56170","29","56101","29","7544","483","6233","493","2505","443","9132","849","10276","836","10131","960","10280","44","69","13",
"0500000US48141","El Paso County, Texas","226840","*****","226557","80","35166","1462","22419","1459","11502","1284","36931","1912","39105","1634","41679","1792","39755","91","283","79",
"0500000US48143","Erath County, Texas","9073","132","8981","142","1420","194","1051","212","325","133","1510","268","1528","292","1605","262","1542","72","92","49",
"0500000US48145","Falls County, Texas","3627","13","3627","13","480","112","480","113","62","48","682","125","530","132","709","118","684","78","0","23",
"0500000US48147","Fannin County, Texas","7868","42","7867","42","1011","121","828","122","625","189","1475","191","1068","175","1363","204","1497","13","1","2",
"0500000US48149","Fayette County, Texas","5052","29","5036","29","745","111","467","96","355","126","873","138","838","178","839","186","919","52","16","3",
"0500000US48151","Fisher County, Texas","829","63","824","62","105","31","113","35","39","22","151","39","153","41","125","40","138","38","5","9",
"0500000US48153","Floyd County, Texas","1326","34","1326","34","210","44","96","44","127","87","264","80","193","65","248","90","188","91","0","21",
"0500000US48155","Foard County, Texas","150","73","150","73","19","20","23","24","10","18","15","22","34","26","18","20","31","31","0","15",
"0500000US48157","Fort Bend County, Texas","238118","*****","237961","33","29155","1403","24842","1403","11592","1378","39646","2122","45151","1998","43704","2333","43871","113","157","32",
"0500000US48159","Franklin County, Texas","2374","9","2374","9","368","81","296","161","51","45","251","96","321","114","676","131","411","59","0","23",
"0500000US48161","Freestone County, Texas","4531","8","4501","10","591","150","406","115","250","108","708","137","850","175","887","176","809","18","30","5",
"0500000US48163","Frio County, Texas","4586","217","4555","219","557","217","459","165","168","111","487","137","941","247","946","237","997","212","31","51",
"0500000US48165","Gaines County, Texas","7961","132","7961","132","1110","179","1097","179","425","172","1598","362","1208","373","1117","283","1406","120","0","28",
"0500000US48167","Galveston County, Texas","84684","34","84485","112","12240","688","8202","687","4722","734","13620","898","15098","954","15096","940","15507","111","199","110",
"0500000US48169","Garza County, Texas","816","152","793","153","117","49","56","33","20","32","184","83","111","54","172","85","133","47","23","5",
"0500000US48171","Gillespie County, Texas","5350","99","5350","99","706","176","550","176","461","154","868","244","806","196","953","241","1006","59","0","28",
"0500000US48173","Glasscock County, Texas","251","93","251","93","49","26","17","16","30","26","30","23","42","45","25","20","58","35","0","15",
"0500000US48175","Goliad County, Texas","1412","22","1401","23","264","46","73","45","157","68","261","67","225","51","230","56","191","35","11","8",
"0500000US48177","Gonzales County, Texas","5056","168","5048","165","916","115","396","114","357","127","677","145","858","220","910","205","934","93","8","7",
"0500000US48179","Gray County, Texas","5213","39","5208","39","562","105","623","99","215","100","1061","201","819","184","1002","180","926","31","5","2",
"0500000US48181","Grayson County, Texas","34451","*****","34443","12","5521","455","3255","454","1794","380","6084","516","5711","531","5868","490","6210","129","8","11",
"0500000US48183","Gregg County, Texas","32277","*****","32239","39","4587","421","3730","431","1379","278","5325","493","5568","415","5984","495","5666","91","38","40",
"0500000US48185","Grimes County, Texas","7027","26","7027","26","938","121","718","137","273","135","1015","229","1449","264","1390","286","1244","5","0","31",
"0500000US48187","Guadalupe County, Texas","44233","*****","44181","38","5826","447","4711","451","2787","498","6731","646","8125","613","7936","790","8065","46","52","38",
"0500000US48189","Hale County, Texas","8446","20","8434","30","1291","217","806","234","269","146","1605","261","1485","295","1338","227","1640","102","12","21",
"0500000US48191","Hall County, Texas","599","*****","597","11","65","33","79","22","32","24","101","57","119","41","107","42","94","27","2","5",
"0500000US48193","Hamilton County, Texas","1889","40","1859","41","171","50","211","49","107","57","224","97","419","79","386","90","341","54","30","32",
"0500000US48195","Hansford County, Texas","1454","18","1454","18","118","51","235","52","97","62","255","79","289","77","170","75","290","19","0","21",
"0500000US48197","Hardeman County, Texas","746","86","746","86","170","67","52","36","21","20","129","52","137","58","94","62","143","37","0","15",
"0500000US48199","Hardin County, Texas","14263","*****","14259","8","2249","235","1053","262","1037","346","2361","323","2292","350","2690","417","2577","33","4","7",
"0500000US48201","Harris County, Texas","1253071","*****","1251740","249","192469","3325","138182","3322","70504","3010","209471","4210","213093","4600","212435","4471","215586","224","1331","249",
"0500000US48203","Harrison County, Texas","16844","57","16752","57","2159","341","1818","339","737","202","3004","403","2793","389","3116","503","3125","58","92","11",
"0500000US48205","Hartley County, Texas","1160","*****","1160","4","250","94","130","62","4","9","240","97","218","117","221","77","97","63","0","21",
"0500000US48207","Haskell County, Texas","981","29","981","29","127","24","98","35","38","21","149","59","112","39","242","57","215","35","0","21",
"0500000US48209","Hays County, Texas","60220","62","59897","93","9585","590","5939","601","3004","613","11322","1090","8959","976","10912","954","10176","134","323","74",
"0500000US48211","Hemphill County, Texas","663","75","663","75","105","44","14","19","50","35","95","46","137","45","82","41","180","40","0","15",
"0500000US48213","Henderson County, Texas","18164","*****","18160","7","2549","232","2162","239","978","274","2981","400","2623","303","3587","378","3280","36","4","6",
"0500000US48215","Hidalgo County, Texas","276245","7","276072","48","40371","1340","29475","1347","14314","1395","44123","1629","47763","1975","52152","2003","47874","60","173","48",
"0500000US48217","Hill County, Texas","8638","*****","8576","16","1252","103","879","108","578","137","1003","154","1545","187","1801","251","1518","20","62","15",
"0500000US48219","Hockley County, Texas","5687","13","5687","13","793","93","665","88","364","113","744","122","792","179","1281","248","1048","26","0","28",
"0500000US48221","Hood County, Texas","13467","*****","13425","30","1640","245","1603","243","691","175","2362","309","2140","269","2515","290","2474","66","42","29",
"0500000US48223","Hopkins County, Texas","9172","74","9155","75","1321","205","1145","196","448","140","1400","206","1622","273","1480","250","1739","92","17","5",
"0500000US48225","Houston County, Texas","4479","44","4437","74","812","147","316","147","221","112","754","152","619","193","919","170","796","139","42","53",
"0500000US48227","Howard County, Texas","7297","33","7256","46","1190","134","737","139","517","165","1350","205","1133","220","1087","197","1242","65","41","32",
"0500000US48229","Hudspeth County, Texas","601","104","601","104","90","99","7","11","26","23","12","14","39","32","215","104","212","103","0","15",
"0500000US48231","Hunt County, Texas","26673","*****","26541","80","4009","290","2860","285","1415","330","4711","467","4442","516","4447","534","4657","71","132","80",
"0500000US48233","Hutchinson County, Texas","5031","17","5031","17","606","112","489","100","210","111","862","193","1061","209","915","141","888","131","0","28",
"0500000US48235","Irion County, Texas","330","86","330","86","24","22","46","32","19","20","28","25","63","33","76","42","74","52","0","15",
"0500000US48237","Jack County, Texas","2002","104","2002","104","338","105","161","70","157","106","227","103","374","116","418","152","327","71","0","21",
"0500000US48239","Jackson County, Texas","3727","201","3727","201","650","121","346","126","210","104","525","169","467","147","833","235","696","140","0","23",
"0500000US48241","Jasper County, Texas","7617","19","7616","19","1160","154","711","147","278","105","1257","202","1257","188","1542","234","1411","86","1","2",
"0500000US48243","Jeff Davis County, Texas","336","141","321","142","78","72","55","51","0","15","0","15","68","57","66","71","54","48","15","5",
"0500000US48245","Jefferson County, Texas","62480","*****","62325","72","9729","583","7022","586","3476","565","10491","845","10723","780","10534","897","10350","70","155","71",
"0500000US48247","Jim Hogg County, Texas","1527","201","1527","201","356","175","378","120","79","65","102","79","224","93","250","109","138","70","0","15",
"0500000US48249","Jim Wells County, Texas","10609","106","10609","106","1590","192","986","196","402","151","1951","358","1741","302","1996","328","1943","44","0","31",
"0500000US48251","Johnson County, Texas","50259","77","50236","81","6558","428","5655","429","2287","372","10194","744","7790","638","8487","671","9265","129","23","30",
"0500000US48253","Jones County, Texas","3438","*****","3434","5","499","97","356","93","146","81","617","113","620","110","554","114","642","57","4","2",
"0500000US48255","Karnes County, Texas","2908","62","2908","62","445","140","280","140","25","45","480","174","738","207","416","156","524","34","0","23",
"0500000US48257","Kaufman County, Texas","49649","44","49636","44","7437","528","5341","526","2181","445","8609","743","8714","741","8851","665","8503","32","13","5",
"0500000US48259","Kendall County, Texas","10852","128","10779","129","1511","254","746","209","550","191","1608","307","2472","415","1724","293","2168","88","73","22",
"0500000US48261","Kenedy County, Texas","20","29","19","28","0","15","0","15","0","15","12","16","0","15","7","13","0","15","1","3",
"0500000US48263","Kent County, Texas","89","46","84","46","13","18","4","5","0","15","22","22","34","33","2","3","9","10","5","3",
"0500000US48265","Kerr County, Texas","9675","148","9531","148","1134","192","1269","183","629","177","1395","259","1599","322","1773","299","1732","77","144","26",
"0500000US48267","Kimble County, Texas","746","156","746","156","94","37","123","40","0","15","134","67","113","57","95","70","187","77","0","15",
"0500000US48269","King County, Texas","31","20","31","20","5","6","11","9","0","15","7","7","4","8","4","7","0","15","0","15",
"0500000US48271","Kinney County, Texas","230","150","226","150","66","78","0","15","85","82","0","15","0","15","61","65","14","19","4","6",
"0500000US48273","Kleberg County, Texas","7363","67","7337","66","1255","223","792","197","503","170","800","170","1354","241","1510","296","1123","100","26","36",
"0500000US48275","Knox County, Texas","859","3","859","3","53","24","108","45","51","41","201","59","124","43","157","50","165","49","0","15",
"0500000US48277","Lamar County, Texas","12194","64","12194","64","1805","176","1405","179","905","239","2342","282","1750","252","1963","238","2024","25","0","35",
"0500000US48279","Lamb County, Texas","3489","22","3489","22","587","91","282","88","167","73","561","106","641","112","576","100","675","34","0","23",
"0500000US48281","Lampasas County, Texas","4829","87","4799","87","509","89","596","81","360","152","491","129","907","193","962","166","974","54","30","13",
"0500000US48283","La Salle County, Texas","1501","286","1501","286","131","84","8","14","28","44","230","98","387","137","210","160","507","150","0","21",
"0500000US48285","Lavaca County, Texas","4826","11","4825","11","764","109","471","96","198","88","884","162","879","159","725","164","904","43","1","4",
"0500000US48287","Lee County, Texas","3824","22","3616","49","628","130","441","145","133","127","634","158","575","157","551","142","654","123","208","42",
"0500000US48289","Leon County, Texas","3699","10","3698","10","568","106","277","106","105","77","572","110","645","143","842","152","689","77","1","2",
"0500000US48291","Liberty County, Texas","30946","56","30942","56","3834","533","4029","524","1795","449","4985","664","5771","760","5261","742","5267","66","4","4",
"0500000US48293","Limestone County, Texas","4987","34","4960","33","815","104","469","105","342","91","804","135","846","145","935","163","749","40","27","5",
"0500000US48295","Lipscomb County, Texas","900","79","900","79","123","35","90","26","72","46","88","30","188","50","179","49","160","40","0","15",
"0500000US48297","Live Oak County, Texas","2254","80","2248","80","337","148","335","115","36","29","336","97","388","104","431","90","385","89","6","6",
"0500000US48299","Llano County, Texas","3464","26","3464","26","481","150","430","146","102","61","472","127","683","151","676","160","620","55","0","28",
"0500000US48301","Loving County, Texas","0","15","0","15","0","15","0","15","0","15","0","15","0","15","0","15","0","15","0","15",
"0500000US48303","Lubbock County, Texas","74972","65","74659","128","11008","645","8917","638","4296","564","12719","778","11978","689","12918","909","12823","120","313","118",
"0500000US48305","Lynn County, Texas","1599","*****","1597","7","231","51","149","48","108","35","374","82","237","63","209","64","289","19","2","4",
"0500000US48307","McCulloch County, Texas","1647","29","1647","29","163","96","190","112","68","77","224","117","242","88","362","147","398","188","0","21",
"0500000US48309","McLennan County, Texas","63736","75","63297","110","9510","643","7251","642","3198","513","10480","824","11841","870","10322","818","10695","102","439","85",
"0500000US48311","McMullen County, Texas","279","183","279","183","74","53","21","24","29","31","62","45","55","65","16","31","22","23","0","15",
"0500000US48313","Madison County, Texas","3037","50","3037","50","504","105","299","77","117","66","599","143","427","110","591","154","500","53","0","23",
"0500000US48315","Marion County, Texas","1649","83","1649","83","283","67","116","76","187","76","427","119","235","113","156","104","245","114","0","21",
"0500000US48317","Martin County, Texas","1558","115","1558","115","31","19","189","90","80","70","224","64","340","75","224","71","470","66","0","21",
"0500000US48319","Mason County, Texas","758","114","758","114","121","50","101","71","22","31","197","69","130","55","45","45","142","52","0","15",
"0500000US48321","Matagorda County, Texas","9284","53","9279","54","1497","374","1000","285","409","184","1464","287","1678","354","1579","301","1652","190","5","3",
"0500000US48323","Maverick County, Texas","17898","326","17898","326","2807","336","2192","323","894","251","3199","450","3166","446","2788","363","2852","106","0","35",
"0500000US48325","Medina County, Texas","11970","108","11969","109","1603","267","1347","252","546","169","1939","324","2394","304","1917","303","2223","98","1","2",
"0500000US48327","Menard County, Texas","417","145","417","145","9","16","75","53","34","37","41","35","65","37","119","57","74","53","0","15",
"0500000US48329","Midland County, Texas","50927","79","50909","82","8891","653","5608","649","3163","811","9658","984","7697","723","8255","1052","7637","96","18","18",
"0500000US48331","Milam County, Texas","5778","41","5720","42","756","104","662","100","354","142","905","205","1041","214","972","210","1030","53","58","6",
"0500000US48333","Mills County, Texas","930","116","887","117","76","37","25","22","42","29","115","45","208","57","213","74","208","56","43","8",
"0500000US48335","Mitchell County, Texas","1847","125","1841","125","307","117","95","54","165","162","313","107","214","136","370","108","377","104","6","8",
"0500000US48337","Montague County, Texas","4788","35","4788","35","503","120","426","112","139","95","876","151","1173","154","773","160","898","24","0","28",
"0500000US48339","Montgomery County, Texas","177029","*****","177001","17","26442","1100","16885","1101","10450","1103","29172","1430","31240","1348","30855","1551","31957","23","28","15",
"0500000US48341","Moore County, Texas","6638","191","6638","191","969","193","889","185","80","58","1226","222","1257","236","1119","272","1098","93","0","28",
"0500000US48343","Morris County, Texas","2777","14","2777","14","438","63","250","64","108","62","521","144","439","119","491","128","530","41","0","23",
"0500000US48345","Motley County, Texas","147","59","147","59","35","30","4","6","6","8","11","9","17","14","33","19","41","23","0","15",
"0500000US48347","Nacogdoches County, Texas","15182","*****","15105","61","2461","257","1481","249","617","216","2631","391","2818","364","2603","341","2494","79","77","60",
"0500000US48349","Navarro County, Texas","14591","*****","14507","37","2124","254","1560","245","849","214","2960","378","2233","282","2298","341","2483","40","84","35",
"0500000US48351","Newton County, Texas","2323","55","2323","55","362","86","232","75","53","50","435","107","431","110","354","110","456","38","0","23",
"0500000US48353","Nolan County, Texas","3667","*****","3667","5","539","114","322","109","134","82","493","118","734","97","783","142","662","36","0","23",
"0500000US48355","Nueces County, Texas","83585","87","83418","151","13077","623","8328","628","5019","655","13683","815","14176","897","14401","928","14734","72","167","111",
"0500000US48357","Ochiltree County, Texas","2957","*****","2957","4","461","130","236","105","284","143","619","173","449","114","361","89","547","92","0","21",
"0500000US48359","Oldham County, Texas","867","145","412","129","84","43","108","87","16","13","49","26","64","25","53","33","38","42","455","73",
"0500000US48361","Orange County, Texas","21636","*****","21610","31","3356","310","2088","288","1212","279","3863","457","3513","442","3755","480","3823","56","26","30",
"0500000US48363","Palo Pinto County, Texas","6809","68","6809","68","1000","124","714","133","449","153","896","229","1419","245","1134","241","1197","83","0","28",
"0500000US48365","Panola County, Texas","5244","4","5227","34","523","144","765","144","383","177","688","144","855","190","1087","219","926","77","17","34",
"0500000US48367","Parker County, Texas","40730","11","40687","15","5980","431","3837","432","2368","448","6431","510","7558","596","7236","649","7277","55","43","8",
"0500000US48369","Parmer County, Texas","2691","50","2691","50","343","128","373","114","208","106","396","142","370","120","524","128","477","5","0","21",
"0500000US48371","Pecos County, Texas","3565","2","3565","2","618","112","319","157","102","102","568","238","679","207","669","174","610","72","0","23",
"0500000US48373","Polk County, Texas","10727","13","10709","15","1489","228","1135","222","616","195","1619","223","1684","304","2267","340","1899","4","18","4",
"0500000US48375","Potter County, Texas","30966","25","30928","42","4045","405","3721","395","1722","370","5423","518","5135","480","5559","591","5323","36","38","33",
"0500000US48377","Presidio County, Texas","1521","192","1521","192","348","253","32","17","128","67","157","133","401","345","155","84","300","151","0","21",
"0500000US48379","Rains County, Texas","2456","43","2456","43","268","93","281","85","98","58","414","100","386","146","492","142","517","89","0","23",
"0500000US48381","Randall County, Texas","34813","*****","34611","44","5346","401","3302","403","1706","298","5737","560","6379","616","5876","528","6265","137","202","43",
"0500000US48383","Reagan County, Texas","1085","95","1085","95","168","49","172","69","17","20","162","57","164","57","171","63","231","55","0","15",
"0500000US48385","Real County, Texas","676","148","646","148","85","69","0","15","0","15","67","82","183","76","163","117","148","83","30","6",
"0500000US48387","Red River County, Texas","2358","18","2358","18","402","75","303","104","35","22","220","68","426","110","507","167","465","32","0","23",
"0500000US48389","Reeves County, Texas","3276","*****","3250","23","522","170","354","160","136","96","464","190","649","145","540","189","585","65","26","22",
"0500000US48391","Refugio County, Texas","1457","51","1457","51","139","58","178","58","90","39","299","72","217","97","279","90","255","58","0","21",
"0500000US48393","Roberts County, Texas","226","61","226","61","0","15","36","29","17","15","82","25","38","29","43","27","10","12","0","15",
"0500000US48395","Robertson County, Texas","4114","52","4114","52","645","99","424","98","134","82","574","161","641","113","996","217","700","3","0","23",
"0500000US48397","Rockwall County, Texas","32755","*****","32755","4","4075","342","3329","332","1586","351","5265","475","5808","421","6339","484","6353","49","0","35",
"0500000US48399","Runnels County, Texas","2317","57","2317","57","212","65","352","65","166","84","376","120","386","86","369","93","456","23","0","21",
"0500000US48401","Rusk County, Texas","11930","*****","11930","7","1794","202","1071","202","498","179","2012","293","1928","259","2398","329","2229","59","0","35",
"0500000US48403","Sabine County, Texas","1784","17","1783","16","374","139","165","61","230","109","297","111","276","128","172","67","269","6","1","3",
"0500000US48405","San Augustine County, Texas","1573","*****","1573","7","126","59","261","96","49","33","351","89","159","73","334","125","293","95","0","21",
"0500000US48407","San Jacinto County, Texas","6120","19","6120","19","862","138","601","125","358","174","1375","254","1051","232","785","192","1088","68","0","28",
"0500000US48409","San Patricio County, Texas","18036","144","17976","145","3156","236","1468","287","733","240","3072","352","3625","350","2715","336","3207","138","60","13",
"0500000US48411","San Saba County, Texas","1090","31","1065","27","167","40","90","40","46","41","194","56","156","51","190","53","222","52","25","19",
"0500000US48413","Schleicher County, Texas","548","*****","548","5","108","59","99","63","32","27","52","31","59","36","99","49","99","48","0","15",
"0500000US48415","Scurry County, Texas","4154","89","4154","89","625","98","439","109","119","83","656","231","775","190","805","212","735","2","0","23",
"0500000US48417","Shackelford County, Texas","656","65","639","64","113","30","38","16","61","28","131","44","89","38","87","34","120","8","17","6",
"0500000US48419","Shelby County, Texas","6280","*****","6280","5","1168","213","404","137","396","224","978","181","1069","189","1241","188","1024","71","0","28",
"0500000US48421","Sherman County, Texas","399","120","399","120","130","57","53","51","21","17","26","32","26","23","52","46","91","54","0","15",
"0500000US48423","Smith County, Texas","58485","*****","58348","55","9049","633","6105","633","2337","428","10936","920","10392","876","9417","744","10112","69","137","55",
"0500000US48425","Somervell County, Texas","2082","18","2002","66","272","78","179","63","46","56","239","92","297","85","561","98","408","59","80","72",
"0500000US48427","Starr County, Texas","21472","*****","21455","34","3081","355","2860","382","1514","357","2966","483","4079","431","3570","555","3385","62","17","33",
"0500000US48429","Stephens County, Texas","1941","69","1941","69","375","54","107","55","170","103","295","123","294","132","361","159","339","57","0","21",
"0500000US48431","Sterling County, Texas","509","105","509","105","76","42","42","32","47","46","54","38","92","54","152","77","46","26","0","15",
"0500000US48433","Stonewall County, Texas","308","79","308","79","53","33","13","14","12","16","41","20","40","24","69","38","80","30","0","15",
"0500000US48435","Sutton County, Texas","769","169","769","169","49","40","146","110","85","87","219","99","168","109","56","57","46","43","0","15",
"0500000US48437","Swisher County, Texas","1660","*****","1660","3","261","59","148","54","110","64","193","68","327","132","323","117","298","19","0","21",
"0500000US48439","Tarrant County, Texas","550017","*****","549756","67","79433","2034","59177","2034","28069","1413","90389","2446","92739","2306","100457","2900","99492","140","261","67",
"0500000US48441","Taylor County, Texas","35666","323","35557","337","5617","513","4227","500","1880","357","5649","623","6245","563","6182","572","5757","65","109","43",
"0500000US48443","Terrell County, Texas","144","122","144","122","0","15","0","15","8","7","56","58","53","56","27","28","0","15","0","15",
"0500000US48445","Terry County, Texas","3217","52","3217","52","339","67","509","67","221","110","653","153","534","129","404","120","557","30","0","23",
"0500000US48447","Throckmorton County, Texas","347","86","347","86","61","30","41","23","10","8","62","45","62","24","55","31","56","40","0","15",
"0500000US48449","Titus County, Texas","8837","5","8837","5","1271","202","902","203","345","113","1302","209","1800","244","1454","227","1763","111","0","31",
"0500000US48451","Tom Green County, Texas","28396","*****","28300","44","4598","349","2770","353","1892","460","5141","591","5008","489","4098","569","4793","66","96","44",
"0500000US48453","Travis County, Texas","268138","*****","267469","183","42856","1624","31632","1610","13599","1275","44165","2264","45775","1620","44180","1754","45262","151","669","181",
"0500000US48455","Trinity County, Texas","2719","13","2719","13","420","97","217","52","160","83","323","131","520","139","574","170","505","58","0","23",
"0500000US48457","Tyler County, Texas","3885","37","3871","44","525","66","248","69","242","100","816","123","766","157","591","153","683","35","14","24",
"0500000US48459","Upshur County, Texas","10138","47","10138","47","1389","174","1141","174","540","215","1600","224","2006","263","1572","222","1890","30","0","31",
"0500000US48461","Upton County, Texas","751","93","751","93","59","33","47","28","21","20","134","60","187","56","195","73","108","57","0","15",
"0500000US48463","Uvalde County, Texas","6595","97","6595","97","988","250","826","249","371","157","1026","233","1182","175","1063","235","1139","101","0","28",
"0500000US48465","Val Verde County, Texas","13288","20","13279","26","2057","265","1590","265","783","223","2263","324","2249","336","2161","395","2176","59","9","14",
"0500000US48467","Van Zandt County, Texas","14386","*****","14364","8","2109","210","1443","197","1081","278","2267","374","2091","298","2737","415","2636","67","22","7",
"0500000US48469","Victoria County, Texas","22924","*****","22822","38","3319","342","2668","345","1121","274","4347","478","3488","498","3960","503","3919","67","102","37",
"0500000US48471","Walker County, Texas","11662","92","11389","126","1783","328","1366","326","511","224","2362","471","1762","374","1731","345","1874","77","273","78",
"0500000US48473","Waller County, Texas","14610","35","14593","38","2172","277","1606","285","563","179","2751","402","2204","438","2762","361","2535","37","17","15",
"0500000US48475","Ward County, Texas","3255","97","3254","97","553","110","292","110","83","65","691","130","409","122","622","181","604","58","1","3",
"0500000US48477","Washington County, Texas","7757","77","7752","77","1113","180","671","162","516","179","1306","273","1423","287","1305","309","1418","24","5","10",
"0500000US48479","Webb County, Texas","84189","107","84088","111","12196","789","9582","789","4186","610","14490","936","15054","881","14327","918","14253","115","101","30",
"0500000US48481","Wharton County, Texas","10622","48","10620","48","1579","202","1239","202","234","146","2025","337","1437","346","2144","358","1962","252","2","5",
"0500000US48483","Wheeler County, Texas","1177","7","1177","7","98","45","108","38","25","29","237","59","301","55","205","45","203","29","0","15",
"0500000US48485","Wichita County, Texas","29645","38","29498","124","4677","384","3194","385","1561","252","5255","490","5208","495","4758","426","4845","104","147","118",
"0500000US48487","Wilbarger County, Texas","2708","134","2678","136","498","137","374","161","165","94","370","113","462","122","207","107","602","141","30","16",
"0500000US48489","Willacy County, Texas","4756","*****","4753","6","616","177","537","189","164","114","794","218","813","261","950","193","879","61","3","6",
"0500000US48491","Williamson County, Texas","161946","137","161836","136","23617","953","16864","952","7869","746","28736","1292","28648","1275","27880","1323","28222","78","110","55",
"0500000US48493","Wilson County, Texas","12395","103","12394","103","1672","198","1143","194","684","198","2057","271","2404","303","2199","214","2235","38","1","2",
"0500000US48495","Winkler County, Texas","2180","77","2160","81","190","73","331","72","198","104","210","73","431","99","314","89","486","90","20","30",
"0500000US48497","Wise County, Texas","18405","*****","18405","5","2619","173","1744","168","1127","273","3229","343","3130","317","3174","409","3382","78","0","35",
"0500000US48499","Wood County, Texas","8752","28","8752","28","1075","179","930","186","576","184","1255","217","1574","289","1701","318","1641","70","0","31",
"0500000US48501","Yoakum County, Texas","2482","42","2482","42","453","170","315","176","160","121","331","113","246","177","613","227","364","36","0","21",
"0500000US48503","Young County, Texas","4146","59","4144","58","612","155","352","121","101","54","701","129","746","151","903","214","729","135","2","6",
"0500000US48505","Zapata County, Texas","4379","*****","4379","5","648","160","376","156","275","139","587","139","1027","167","685","212","781","21","0","23",
"0500000US48507","Zavala County, Texas","2757","*****","2757","5","348","141","323","139","82","71","395","112","427","205","632","171","550","89","0","21",
"0500000US49001","Beaver County, Utah","2141","*****","2135","5","312","109","184","48","264","141","370","136","166","76","395","122","444","91","6","2",
"0500000US49003","Box Elder County, Utah","18652","24","18581","29","2491","200","1975","202","795","182","3191","345","3199","249","3479","290","3451","84","71","22",
"0500000US49005","Cache County, Utah","40870","*****","40770","39","5923","328","4488","336","1959","293","8099","509","6615","380","6407","474","7279","102","100","36",
"0500000US49007","Carbon County, Utah","5178","27","5174","29","647","125","606","122","331","117","758","155","998","186","858","148","976","34","4","9",
"0500000US49009","Daggett County, Utah","165","47","165","47","18","12","23","13","2","3","17","14","29","14","37","19","39","23","0","13",
"0500000US49011","Davis County, Utah","111785","*****","111614","25","14180","566","11790","566","6318","582","18488","859","20319","857","19865","819","20654","50","171","25",
"0500000US49013","Duchesne County, Utah","6501","16","6456","22","903","70","668","71","450","92","1170","115","1033","101","1124","118","1108","39","45","14",
"0500000US49015","Emery County, Utah","2805","*****","2799","5","377","59","223","53","152","57","559","77","391","66","562","97","535","28","6","4",
"0500000US49017","Garfield County, Utah","1123","58","1107","59","198","60","89","47","59","42","62","32","200","47","268","53","231","25","16","3",
"0500000US49019","Grand County, Utah","1884","89","1884","89","242","76","217","71","69","78","263","108","392","102","340","91","361","88","0","18",
"0500000US49021","Iron County, Utah","16889","85","16814","91","2608","209","1408","194","1098","239","2780","304","2879","353","3005","358","3036","56","75","19",
"0500000US49023","Juab County, Utah","4215","32","4210","37","571","94","380","97","185","75","674","127","631","110","944","168","825","64","5","15",
"0500000US49025","Kane County, Utah","1697","63","1697","63","220","74","169","71","68","53","487","88","177","93","248","73","328","18","0","18",
"0500000US49027","Millard County, Utah","4100","38","4075","38","492","80","433","81","293","82","648","109","785","127","669","87","755","33","25","4",
"0500000US49029","Morgan County, Utah","4241","44","4241","44","418","80","350","69","203","95","782","113","870","93","657","110","961","54","0","20",
"0500000US49031","Piute County, Utah","327","63","327","63","23","17","33","17","0","13","69","24","65","31","53","20","84","34","0","13",
"0500000US49033","Rich County, Utah","760","63","760","63","81","36","96","31","22","17","229","62","89","34","114","34","129","35","0","13",
"0500000US49035","Salt Lake County, Utah","302331","*****","301718","103","44932","1375","31069","1372","16271","1052","49375","1790","51218","1814","53940","1607","54913","97","613","103",
"0500000US49037","San Juan County, Utah","4115","*****","4106","19","463","68","377","73","135","48","732","111","982","112","615","97","802","41","9","16",
"0500000US49039","Sanpete County, Utah","7125","64","6974","73","988","128","750","124","485","110","1117","122","1000","113","1195","136","1439","74","151","46",
"0500000US49041","Sevier County, Utah","6144","19","5985","28","825","104","594","101","266","81","968","115","1081","131","1094","137","1157","49","159","21",
"0500000US49043","Summit County, Utah","9946","103","9946","103","1247","164","907","138","359","120","1637","204","1818","217","1940","234","2038","43","0","27",
"0500000US49045","Tooele County, Utah","24582","*****","24522","19","3210","294","2521","288","1385","299","3888","405","4520","381","4413","458","4585","95","60","18",
"0500000US49047","Uintah County, Utah","11549","68","11546","69","1545","178","1187","146","701","182","1980","250","1969","233","1997","248","2167","122","3","2",
"0500000US49049","Utah County, Utah","222988","*****","222391","66","36777","761","23102","762","12138","964","36366","1105","38039","983","37992","1271","37977","119","597","66",
"0500000US49051","Wasatch County, Utah","10559","84","10558","84","1284","164","935","149","584","153","1630","261","2130","236","1883","246","2112","65","1","2",
"0500000US49053","Washington County, Utah","48021","*****","47744","40","7025","511","4707","484","2950","590","7542","703","7852","599","8826","760","8842","127","277","40",
"0500000US49055","Wayne County, Utah","547","78","536","78","128","18","21","13","38","22","72","34","47","24","102","49","128","43","11","3",
"0500000US49057","Weber County, Utah","71749","*****","71606","70","10795","483","7216","486","3983","493","12143","712","12567","699","12128","638","12774","95","143","73",
"0500000US50001","Addison County, Vermont","6031","*****","6015","27","827","100","668","85","313","76","1245","146","854","104","959","111","1149","82","16","23",
"0500000US50003","Bennington County, Vermont","6953","34","6839","99","828","151","795","162","268","83","992","197","1342","184","1328","226","1286","60","114","101",
"0500000US50005","Caledonia County, Vermont","5609","38","5593","44","679","109","569","103","367","94","839","114","826","120","1145","138","1168","36","16","25",
"0500000US50007","Chittenden County, Vermont","29153","23","29030","88","4692","383","2536","385","1633","337","4541","493","4887","449","5284","478","5457","90","123","81",
"0500000US50009","Essex County, Vermont","999","16","999","16","129","26","102","25","55","28","166","50","193","53","167","49","187","7","0","15",
"0500000US50011","Franklin County, Vermont","10957","*****","10956","4","1520","223","1335","221","574","177","1629","264","1939","251","2027","311","1932","71","1","2",
"0500000US50013","Grand Isle County, Vermont","1257","5","1257","5","197","28","104","27","38","27","235","40","279","39","191","44","213","4","0","15",
"0500000US50015","Lamoille County, Vermont","5176","41","5140","58","691","114","517","114","208","96","918","140","794","144","1087","172","925","55","36","40",
"0500000US50017","Orange County, Vermont","5298","*****","5284","20","729","90","499","89","204","75","840","147","934","133","1085","168","993","48","14","16",
"0500000US50019","Orleans County, Vermont","5346","16","5319","46","747","102","558","106","317","72","1033","137","775","119","901","118","988","54","27","44",
"0500000US50021","Rutland County, Vermont","10508","*****","10474","24","1305","156","1111","165","474","113","1838","213","1963","197","1790","200","1993","60","34","25",
"0500000US50023","Washington County, Vermont","10784","*****","10777","11","1305","164","1143","168","540","139","1723","210","2079","229","2036","217","1951","44","7","8",
"0500000US50025","Windham County, Vermont","7729","*****","7657","58","985","112","750","99","426","148","1251","181","1170","169","1591","228","1484","97","72","59",
"0500000US50027","Windsor County, Vermont","10186","*****","10180","5","1368","171","1007","136","518","179","1653","237","1656","274","1923","251","2055","68","6","2",
"0500000US51001","Accomack County, Virginia","6829","54","6826","54","957","141","737","141","87","58","1173","208","1242","238","1357","251","1273","29","3","6",
"0500000US51003","Albemarle County, Virginia","22438","*****","22316","71","3466","264","2191","260","956","192","4181","403","3545","398","4098","456","3879","73","122","71",
"0500000US51005","Alleghany County, Virginia","2743","77","2733","76","355","69","184","60","106","79","356","85","596","137","541","122","595","89","10","16",
"0500000US51007","Amelia County, Virginia","2716","112","2716","112","355","97","345","119","137","96","279","113","409","132","576","132","615","172","0","21",
"0500000US51009","Amherst County, Virginia","6296","25","6263","45","839","121","574","123","435","172","1065","168","1130","196","1188","223","1032","44","33","37",
"0500000US51011","Appomattox County, Virginia","3661","22","3661","22","668","100","325","100","69","48","571","138","706","118","719","139","603","25","0","21",
"0500000US51013","Arlington County, Virginia","42601","*****","42578","22","7161","397","4640","395","2501","381","7000","550","7201","502","7211","505","6864","33","23","20",
"0500000US51015","Augusta County, Virginia","14340","*****","14323","9","2005","173","1259","151","981","254","2293","304","2241","320","2667","287","2877","163","17","6",
"0500000US51017","Bath County, Virginia","710","148","710","148","153","93","62","51","18","27","195","131","61","45","140","96","81","56","0","13",
"0500000US51019","Bedford County, Virginia","15743","*****","15736","6","1975","263","1564","251","990","245","2719","288","2739","278","2618","326","3131","52","7","5",
"0500000US51021","Bland County, Virginia","854","30","854","30","170","33","32","35","59","47","185","55","77","35","160","71","171","4","0","19",
"0500000US51023","Botetourt County, Virginia","6324","*****","6311","10","747","144","676","134","311","111","1109","167","990","177","1189","176","1289","70","13","3",
"0500000US51025","Brunswick County, Virginia","2423","33","2423","33","417","83","223","83","204","83","469","98","250","98","411","100","449","4","0","21",
"0500000US51027","Buchanan County, Virginia","3252","98","3177","99","520","111","303","106","83","58","356","117","757","127","592","135","566","28","75","17",
"0500000US51029","Buckingham County, Virginia","3017","75","2986","75","344","63","417","91","229","88","509","116","408","119","587","114","492","11","31","5",
"0500000US51031","Campbell County, Virginia","10718","106","10709","106","1275","163","1307","168","571","168","2283","224","1686","214","1556","227","2031","65","9","3",
"0500000US51033","Caroline County, Virginia","7275","34","7275","34","1237","137","580","140","442","136","1548","206","1104","228","1117","254","1247","101","0","28",
"0500000US51035","Carroll County, Virginia","5126","28","5112","28","826","135","430","117","313","112","603","181","1017","222","906","198","1017","85","14","2",
"0500000US51036","Charles City County, Virginia","941","*****","941","7","128","24","108","21","72","27","126","33","153","36","176","49","178","16","0","19",
"0500000US51037","Charlotte County, Virginia","2454","10","2446","13","314","96","325","94","127","58","491","130","340","122","426","136","423","14","8","5",
"0500000US51041","Chesterfield County, Virginia","89540","*****","89235","64","12731","585","9423","584","4328","533","14956","969","15351","955","16196","810","16250","57","305","63",
"0500000US51043","Clarke County, Virginia","2982","85","2952","85","411","68","217","64","101","57","561","104","438","110","571","138","653","105","30","6",
"0500000US51045","Craig County, Virginia","1122","191","1116","192","227","105","91","71","18","29","217","65","321","100","117","63","125","93","6","3",
"0500000US51047","Culpeper County, Virginia","13685","36","13571","44","1891","258","1510","248","596","208","2236","321","2728","326","2233","325","2377","64","114","23",
"0500000US51049","Cumberland County, Virginia","1919","4","1919","4","200","69","254","84","29","37","217","111","304","129","525","203","390","146","0","19",
"0500000US51051","Dickenson County, Virginia","2627","37","2627","37","444","87","166","87","59","41","411","127","504","108","554","165","489","6","0","21",
"0500000US51053","Dinwiddie County, Virginia","5632","185","5626","185","680","130","574","141","274","160","1091","220","1046","194","1021","321","940","14","6","6",
"0500000US51057","Essex County, Virginia","1900","46","1900","46","426","119","155","96","53","70","321","139","330","101","352","148","263","102","0","21",
"0500000US51059","Fairfax County, Virginia","262310","*****","262180","67","39399","1071","26930","1077","13181","1010","45238","1342","44343","1236","45716","1255","47373","75","130","66",
"0500000US51061","Fauquier County, Virginia","17358","18","17358","18","2597","241","1591","242","808","186","2902","279","2868","241","3415","348","3177","57","0","31",
"0500000US51063","Floyd County, Virginia","2909","49","2909","49","433","82","223","83","37","43","440","183","657","143","497","119","622","64","0","21",
"0500000US51065","Fluvanna County, Virginia","5458","25","5458","25","848","186","607","179","435","165","998","190","739","163","857","195","974","124","0","25",
"0500000US51067","Franklin County, Virginia","10201","66","10201","66","1444","180","1161","180","478","139","1519","204","1723","258","1939","263","1937","64","0","31",
"0500000US51069","Frederick County, Virginia","21524","*****","21485","10","2923","318","2333","317","1140","269","3081","310","4136","384","3910","431","3962","18","39","5",
"0500000US51071","Giles County, Virginia","3274","11","3274","11","455","80","325","84","220","96","663","171","570","146","459","129","582","17","0","21",
"0500000US51073","Gloucester County, Virginia","7876","44","7876","44","978","180","952","192","295","121","1441","298","1357","264","1507","258","1346","98","0","28",
"0500000US51075","Goochland County, Virginia","4272","5","4229","12","593","132","442","123","281","94","544","165","820","190","652","199","897","82","43","12",
"0500000US51077","Grayson County, Virginia","2480","16","2472","24","356","61","163","54","254","103","346","101","509","123","400","129","444","27","8","19",
"0500000US51079","Greene County, Virginia","4850","62","4850","62","541","158","773","166","299","140","808","201","613","174","919","178","897","53","0","25",
"0500000US51081","Greensville County, Virginia","1720","19","1674","20","282","51","130","52","27","33","222","93","423","120","261","99","329","43","46","6",
"0500000US51083","Halifax County, Virginia","6850","36","6846","36","921","168","783","166","333","123","1337","227","923","200","1139","213","1410","87","4","3",
"0500000US51085","Hanover County, Virginia","24361","28","24348","28","3605","290","2003","289","1249","251","3590","405","4014","333","5142","421","4745","23","13","3",
"0500000US51087","Henrico County, Virginia","73554","23","73461","29","10569","571","8540","572","4274","652","11669","764","12173","850","13018","836","13218","24","93","17",
"0500000US51089","Henry County, Virginia","9623","32","9623","32","1143","185","978","184","460","183","1387","281","1873","259","1906","348","1876","30","0","28",
"0500000US51091","Highland County, Virginia","334","83","334","83","26","23","42","24","31","28","70","38","87","45","26","19","52","35","0","13",
"0500000US51093","Isle of Wight County, Virginia","8502","*****","8502","6","1240","117","667","121","394","128","1806","267","1208","248","1555","261","1632","65","0","28",
"0500000US51095","James City County, Virginia","15833","40","15815","40","2276","240","1641","241","728","212","2761","344","2594","370","2879","361","2936","71","18","3",
"0500000US51097","King and Queen County, Virginia","1164","56","1164","56","217","33","97","38","44","33","271","81","241","73","189","78","105","70","0","19",
"0500000US51099","King George County, Virginia","6809","*****","6809","5","850","120","577","110","295","111","1224","262","1422","199","1282","274","1159","56","0","25",
"0500000US51101","King William County, Virginia","4224","*****","4224","7","659","147","559","142","77","58","858","177","393","160","932","203","746","86","0","21",
"0500000US51103","Lancaster County, Virginia","1588","20","1588","20","196","65","131","66","91","72","248","106","194","93","355","127","373","100","0","21",
"0500000US51105","Lee County, Virginia","3996","64","3996","64","542","99","397","100","204","97","489","142","855","159","740","134","769","42","0","25",
"0500000US51107","Loudoun County, Virginia","115171","*****","115100","14","16078","690","10712","693","6417","792","19019","909","19914","898","21552","1065","21408","32","71","12",
"0500000US51109","Louisa County, Virginia","7993","*****","7985","7","1377","179","734","179","432","160","1340","255","1083","239","1553","297","1466","41","8","4",
"0500000US51111","Lunenburg County, Virginia","2350","28","2350","28","298","127","198","62","144","73","501","144","419","125","424","108","366","63","0","21",
"0500000US51113","Madison County, Virginia","2806","18","2806","18","443","92","275","72","100","57","294","99","560","107","513","153","621","76","0","21",
"0500000US51115","Mathews County, Virginia","1229","83","1229","83","100","52","187","53","119","77","148","84","231","73","224","79","220","23","0","19",
"0500000US51117","Mecklenburg County, Virginia","5603","64","5603","64","957","129","547","110","265","115","749","163","907","182","1155","186","1023","33","0","28",
"0500000US51119","Middlesex County, Virginia","1740","57","1740","57","204","84","176","77","109","81","319","126","270","121","379","134","283","60","0","21",
"0500000US51121","Montgomery County, Virginia","15115","*****","15028","55","2173","228","1517","228","719","255","2867","367","2614","351","2543","400","2595","70","87","56",
"0500000US51125","Nelson County, Virginia","2564","23","2564","23","523","109","286","104","118","64","474","109","381","139","397","143","385","34","0","21",
"0500000US51127","New Kent County, Virginia","4887","*****","4873","11","805","136","449","128","329","162","869","194","608","150","955","214","858","109","14","14",
"0500000US51131","Northampton County, Virginia","2210","24","2210","24","218","95","259","77","138","80","439","162","322","100","482","210","352","81","0","21",
"0500000US51133","Northumberland County, Virginia","1685","5","1685","5","245","102","246","56","113","79","63","65","172","102","490","162","356","119","0","21",
"0500000US51135","Nottoway County, Virginia","3003","40","3003","40","520","101","250","112","184","84","547","111","448","104","449","142","605","66","0","21",
"0500000US51137","Orange County, Virginia","8191","77","8184","76","1427","204","800","202","275","129","1551","244","1346","225","1514","238","1271","143","7","10",
"0500000US51139","Page County, Virginia","4661","25","4661","25","573","127","569","130","186","111","708","185","1002","217","727","161","896","67","0","25",
"0500000US51141","Patrick County, Virginia","3047","28","3047","28","443","100","288","124","123","77","325","82","795","110","460","104","613","53","0","21",
"0500000US51143","Pittsylvania County, Virginia","10718","46","10692","46","1596","168","853","163","304","110","1800","228","1905","227","2033","199","2201","68","26","13",
"0500000US51145","Powhatan County, Virginia","5770","100","5714","101","546","178","888","224","110","70","841","187","918","195","1359","234","1052","94","56","42",
"0500000US51147","Prince Edward County, Virginia","3349","164","3331","156","709","122","247","97","185","90","645","135","601","214","498","126","446","111","18","21",
"0500000US51149","Prince George County, Virginia","8419","49","8401","54","1295","153","703","158","417","125","989","228","1713","319","1880","269","1404","58","18","20",
"0500000US51153","Prince William County, Virginia","129142","34","129075","38","19143","882","13768","881","6541","609","21995","1013","22319","777","22230","904","23079","21","67","13",
"0500000US51155","Pulaski County, Virginia","6002","57","6002","57","928","126","596","121","244","106","889","176","889","147","1283","178","1173","80","0","28",
"0500000US51157","Rappahannock County, Virginia","1274","109","1274","109","108","60","114","60","71","57","201","134","355","92","227","102","198","91","0","19",
"0500000US51159","Richmond County, Virginia","1613","*****","1611","5","302","70","156","74","5","13","320","137","171","95","374","109","283","72","2","2",
"0500000US51161","Roanoke County, Virginia","19028","5","19012","7","2317","211","1921","214","1211","290","3062","385","3462","405","3308","359","3731","15","16","6",
"0500000US51163","Rockbridge County, Virginia","3839","37","3832","38","367","121","372","110","283","121","590","143","865","176","546","118","809","76","7","4",
"0500000US51165","Rockingham County, Virginia","18926","19","18906","31","2411","245","2439","239","976","235","2985","315","3154","382","3525","408","3416","88","20","23",
"0500000US51167","Russell County, Virginia","4817","70","4807","70","753","139","478","129","235","96","676","169","953","168","791","144","921","40","10","3",
"0500000US51169","Scott County, Virginia","3834","15","3834","15","611","71","209","69","182","68","654","135","711","145","719","162","748","24","0","25",
"0500000US51171","Shenandoah County, Virginia","9494","10","9494","10","1681","181","865","163","575","159","1503","222","1614","207","1478","210","1778","96","0","28",
"0500000US51173","Smyth County, Virginia","5665","16","5665","16","742","99","606","101","235","111","962","143","798","172","1241","209","1081","36","0","25",
"0500000US51175","Southampton County, Virginia","3346","4","3346","4","475","66","302","71","172","75","547","147","635","117","557","145","658","32","0","21",
"0500000US51177","Spotsylvania County, Virginia","35744","20","35744","20","4806","285","3642","285","1949","304","5607","484","6250","377","6756","500","6734","16","0","31",
"0500000US51179","Stafford County, Virginia","42763","*****","42731","9","5949","362","3997","361","1990","333","7373","645","7621","560","7740","652","8061","7","32","6",
"0500000US51181","Surry County, Virginia","1115","*****","1115","4","205","69","101","56","52","40","175","76","100","39","273","81","209","52","0","19",
"0500000US51183","Sussex County, Virginia","1694","16","1694","16","251","57","203","55","173","92","303","86","314","86","194","64","256","83","0","21",
"0500000US51185","Tazewell County, Virginia","7915","85","7911","86","1036","119","719","109","399","116","1363","272","1425","235","1407","303","1562","190","4","7",
"0500000US51187","Warren County, Virginia","8970","29","8970","29","1493","198","888","174","699","241","1208","208","1727","345","1348","299","1607","116","0","28",
"0500000US51191","Washington County, Virginia","9411","61","9407","62","1203","167","1025","145","803","201","1531","240","1703","221","1287","238","1855","81","4","6",
"0500000US51193","Westmoreland County, Virginia","3361","103","3361","103","585","138","329","105","157","96","603","153","471","122","611","212","605","145","0","21",
"0500000US51195","Wise County, Virginia","6766","41","6728","52","801","141","829","132","308","108","1121","217","1143","233","1270","205","1256","31","38","33",
"0500000US51197","Wythe County, Virginia","5463","11","5443","20","867","217","523","202","417","164","768","174","950","231","845","166","1073","101","20","17",
"0500000US51199","York County, Virginia","16367","20","16367","20","1998","211","1596","210","712","157","2875","353","3173","400","2968","324","3045","20","0","31",
"0500000US51510","Alexandria city, Virginia","28473","31","28451","33","6520","370","3737","371","1628","334","4078","387","4229","446","4448","460","3811","21","22","8",
"0500000US51520","Bristol city, Virginia","3305","94","3296","96","487","77","309","97","120","64","662","160","544","131","591","189","583","49","9","5",
"0500000US51530","Buena Vista city, Virginia","1452","46","1452","46","166","33","156","33","26","39","322","106","285","108","200","93","297","64","0","19",
"0500000US51540","Charlottesville city, Virginia","7480","33","7433","45","1446","190","867","167","300","102","1551","199","1273","240","1013","193","983","243","47","31",
"0500000US51550","Chesapeake city, Virginia","61025","86","61015","86","8702","517","6598","516","3269","504","10490","759","10533","772","10512","834","10911","6","10","16",
"0500000US51570","Colonial Heights city, Virginia","4508","23","4503","24","510","158","569","202","255","132","731","151","947","244","669","162","822","124","5","6",
"0500000US51580","Covington city, Virginia","1309","47","1309","47","202","76","130","81","2","14","287","118","298","105","314","106","76","65","0","19",
"0500000US51590","Danville city, Virginia","9526","19","9519","21","1380","240","1119","241","600","215","1687","371","1560","259","1616","335","1557","69","7","6",
"0500000US51595","Emporia city, Virginia","1533","206","1533","206","244","98","82","75","150","82","288","108","289","116","216","101","264","51","0","19",
"0500000US51600","Fairfax city, Virginia","6210","23","6210","23","1317","197","870","279","286","113","630","157","1269","219","961","195","877","55","0","25",
"0500000US51610","Falls Church city, Virginia","3524","*****","3519","11","530","111","251","104","180","111","463","136","675","130","785","179","635","67","5","5",
"0500000US51620","Franklin city, Virginia","2231","53","2231","53","511","120","120","108","153","89","440","93","368","109","267","134","372","50","0","19",
"0500000US51630","Fredericksburg city, Virginia","6119","32","6074","36","918","191","696","202","403","193","905","245","1129","233","1184","270","839","137","45","19",
"0500000US51640","Galax city, Virginia","1669","234","1669","234","304","104","213","103","55","44","267","99","281","111","249","99","300","96","0","19",
"0500000US51650","Hampton city, Virginia","29611","*****","29591","30","4927","441","3313","438","1294","323","5066","567","5134","423","4987","516","4870","29","20","26",
"0500000US51660","Harrisonburg city, Virginia","8889","13","8805","60","1351","299","1401","311","418","156","1835","282","1042","220","1501","300","1257","115","84","56",
"0500000US51670","Hopewell city, Virginia","5830","78","5830","78","1083","205","689","156","44","47","1045","357","1088","305","1026","265","855","168","0","25",
"0500000US51678","Lexington city, Virginia","548","204","548","204","205","129","36","100","0","19","67","88","117","79","18","30","105","75","0","19",
"0500000US51680","Lynchburg city, Virginia","15388","34","15219","83","2658","269","2114","268","825","213","1971","323","2952","389","2360","305","2339","131","169","79",
"0500000US51683","Manassas city, Virginia","11557","20","11543","21","2005","350","1350","333","751","190","2100","342","1856","348","1575","330","1906","130","14","13",
"0500000US51685","Manassas Park city, Virginia","3880","*****","3880","5","706","120","278","113","97","61","537","160","674","175","866","219","722","139","0","21",
"0500000US51690","Martinsville city, Virginia","3660","80","3657","81","674","108","252","101","201","113","788","150","510","142","591","123","641","100","3","2",
"0500000US51700","Newport News city, Virginia","42782","*****","42689","21","7905","532","4717","537","2056","363","7648","648","6750","789","7022","642","6591","52","93","21",
"0500000US51710","Norfolk city, Virginia","47536","60","47443","84","9348","443","5622","449","2994","462","7882","635","7711","633","7017","627","6869","87","93","61",
"0500000US51720","Norton city, Virginia","722","143","722","143","197","129","0","13","11","17","87","44","94","58","161","78","172","63","0","13",
"0500000US51730","Petersburg city, Virginia","8002","35","7979","34","1450","261","1226","221","502","188","1691","285","1506","287","684","222","920","96","23","6",
"0500000US51735","Poquoson city, Virginia","2906","82","2906","82","314","83","286","67","192","107","493","136","466","112","533","170","622","51","0","21",
"0500000US51740","Portsmouth city, Virginia","22392","5","22316","12","3772","427","3011","419","888","212","3706","434","3861","513","3785","462","3293","123","76","10",
"0500000US51750","Radford city, Virginia","2086","102","2071","102","403","121","207","122","34","37","365","116","337","107","376","124","349","63","15","24",
"0500000US51760","Richmond city, Virginia","40196","22","40093","60","8362","541","5036","538","2321","367","6804","687","5676","622","6324","752","5570","78","103","55",
"0500000US51770","Roanoke city, Virginia","22254","*****","22216","26","4668","349","1671","346","1178","290","3753","518","3144","444","4148","481","3654","19","38","30",
"0500000US51775","Salem city, Virginia","4989","64","4965","66","662","173","604","117","34","30","746","163","693","175","1277","219","949","92","24","14",
"0500000US51790","Staunton city, Virginia","5017","34","4947","66","817","140","645","151","326","141","965","190","645","175","814","164","735","93","70","57",
"0500000US51800","Suffolk city, Virginia","23310","*****","23310","3","3608","298","2610","300","1258","270","3798","360","3598","382","4398","365","4040","72","0","31",
"0500000US51810","Virginia Beach city, Virginia","99859","*****","99780","39","15733","744","10717","745","4931","629","17159","1003","16433","891","17790","1056","17017","44","79","38",
"0500000US51820","Waynesboro city, Virginia","5107","19","5107","19","944","213","534","188","384","135","1009","210","742","199","593","188","901","94","0","25",
"0500000US51830","Williamsburg city, Virginia","1664","96","1648","99","186","101","209","132","73","48","182","92","271","124","352","162","375","163","16","25",
"0500000US51840","Winchester city, Virginia","6286","*****","6274","8","885","170","757","176","301","127","1121","251","861","217","1203","212","1146","90","12","5",
"0500000US53001","Adams County, Washington","7223","50","7219","50","1103","157","684","151","207","99","1142","183","1471","190","1377","223","1235","50","4","3",
"0500000US53003","Asotin County, Washington","4400","29","4400","29","776","131","489","117","183","99","603","127","792","112","698","133","859","102","0","25",
"0500000US53005","Benton County, Washington","55579","37","55528","48","7124","572","6322","577","3131","527","9684","800","10270","612","9093","771","9904","31","51","49",
"0500000US53007","Chelan County, Washington","18109","52","18086","59","2629","220","1776","204","1123","256","2788","318","3200","327","3470","378","3100","57","23","34",
"0500000US53009","Clallam County, Washington","12527","*****","12524","6","1738","154","1210","153","652","141","2449","288","1978","254","2257","327","2240","60","3","3",
"0500000US53011","Clark County, Washington","117472","*****","117457","27","16653","588","12230","584","6491","631","19622","961","20391","732","20414","1173","21656","120","15","27",
"0500000US53013","Columbia County, Washington","723","72","723","72","98","39","64","25","49","50","106","47","174","77","142","48","90","55","0","13",
"0500000US53015","Cowlitz County, Washington","25231","*****","25224","6","3695","304","2695","298","1296","255","4169","334","4364","322","4576","433","4429","97","7","4",
"0500000US53017","Douglas County, Washington","10847","38","10833","39","1663","198","1054","194","483","179","1748","269","2057","257","1830","292","1998","41","14","6",
"0500000US53019","Ferry County, Washington","1228","76","1227","75","170","34","142","40","90","45","260","68","234","57","139","44","192","68","1","2",
"0500000US53021","Franklin County, Washington","30565","36","30563","36","5012","442","2825","399","1351","356","4897","515","5306","639","5872","654","5300","126","2","2",
"0500000US53023","Garfield County, Washington","440","82","440","82","68","40","30","25","13","15","77","39","128","55","40","32","84","63","0","13",
"0500000US53025","Grant County, Washington","28798","*****","28721","81","4037","364","3148","382","1104","323","4874","522","5008","471","5307","412","5243","94","77","80",
"0500000US53027","Grays Harbor County, Washington","15217","29","15210","29","1933","216","1685","225","469","139","2313","291","3330","323","2597","299","2883","97","7","3",
"0500000US53029","Island County, Washington","15049","47","15049","47","2026","216","2113","206","769","195","2509","311","2898","326","2367","295","2367","74","0","31",
"0500000US53031","Jefferson County, Washington","3747","41","3713","41","411","86","373","91","121","68","779","152","517","110","804","157","708","65","34","21",
"0500000US53033","King County, Washington","445594","*****","444737","237","69338","1537","49833","1536","22937","963","77806","1622","73701","1698","76166","1776","74956","192","857","236",
"0500000US53035","Kitsap County, Washington","54706","*****","54679","17","8402","440","6060","438","2818","419","9279","565","9805","557","8974","634","9341","71","27","15",
"0500000US53037","Kittitas County, Washington","7872","83","7859","82","1194","158","761","155","383","146","1427","250","1377","221","1370","204","1347","47","13","13",
"0500000US53039","Klickitat County, Washington","4250","70","4250","70","550","107","493","116","183","79","565","154","903","199","780","171","776","44","0","25",
"0500000US53041","Lewis County, Washington","18423","21","18265","89","2572","235","2239","257","1276","207","2947","367","3067","278","3076","369","3088","109","158","88",
"0500000US53043","Lincoln County, Washington","2505","37","2505","37","328","60","265","50","114","40","469","107","372","86","461","90","496","26","0","21",
"0500000US53045","Mason County, Washington","13273","56","13270","57","2137","189","1363","200","582","178","2389","303","2170","333","2386","358","2243","49","3","5",
"0500000US53047","Okanogan County, Washington","9387","93","9378","96","1592","135","713","126","517","153","1595","233","1530","255","1729","264","1702","60","9","13",
"0500000US53049","Pacific County, Washington","3602","84","3541","96","592","78","212","71","246","105","639","158","560","98","605","112","687","66","61","36",
"0500000US53051","Pend Oreille County, Washington","2715","35","2713","35","355","78","223","75","257","109","452","120","400","98","454","101","572","43","2","3",
"0500000US53053","Pierce County, Washington","214038","*****","213758","242","32320","927","23937","927","11639","797","36783","1390","35572","1176","37964","1281","35543","124","280","241",
"0500000US53055","San Juan County, Washington","2323","9","2322","10","237","37","229","41","107","28","290","52","551","72","465","72","443","34","1","4",
"0500000US53057","Skagit County, Washington","27432","*****","27417","18","4210","302","2769","304","1580","295","4424","378","4613","347","4955","345","4866","21","15","12",
"0500000US53059","Skamania County, Washington","2081","46","2081","46","269","46","176","36","111","45","390","92","400","89","322","85","413","51","0","21",
"0500000US53061","Snohomish County, Washington","186856","*****","186715","68","29376","829","21166","827","9357","717","33360","1157","30698","1129","31132","1268","31626","33","141","68",
"0500000US53063","Spokane County, Washington","118285","*****","118037","77","17917","773","12412","772","6636","719","20005","897","20671","860","19778","1096","20618","51","248","76",
"0500000US53065","Stevens County, Washington","10166","80","10161","80","1268","185","1076","161","578","142","1758","209","1649","243","1805","264","2027","112","5","8",
"0500000US53067","Thurston County, Washington","62380","*****","62279","26","8804","504","7023","505","3304","394","10590","803","10741","697","11215","694","10602","77","101","24",
"0500000US53069","Wahkiakum County, Washington","817","84","817","84","100","54","72","44","26","21","163","57","161","49","140","55","155","69","0","13",
"0500000US53071","Walla Walla County, Washington","12787","91","12753","93","1643","289","1382","286","690","223","2132","245","2135","324","2383","376","2388","90","34","25",
"0500000US53073","Whatcom County, Washington","42743","*****","42672","24","5842","503","4682","501","2260","376","7314","537","7160","567","7889","688","7525","24","71","23",
"0500000US53075","Whitman County, Washington","7439","37","7389","49","1268","134","670","132","378","105","1468","230","1316","169","1014","176","1275","84","50","36",
"0500000US53077","Yakima County, Washington","74398","*****","74347","46","10224","485","8101","483","3997","553","11974","688","13179","823","13800","760","13072","92","51","44",
"0500000US54001","Barbour County, West Virginia","3072","86","3072","86","529","55","208","55","147","94","520","126","625","114","478","102","565","13","0","20",
"0500000US54003","Berkeley County, West Virginia","29910","*****","29858","9","4835","367","3035","366","1333","337","4737","482","5002","522","5706","592","5210","57","52","14",
"0500000US54005","Boone County, West Virginia","4317","82","4296","80","613","111","443","99","80","35","638","180","678","141","1020","153","824","19","21","18",
"0500000US54007","Braxton County, West Virginia","2245","28","2245","28","339","75","145","74","69","60","380","106","448","110","429","119","435","16","0","20",
"0500000US54009","Brooke County, West Virginia","3741","73","3733","72","403","100","483","101","153","101","405","119","882","208","669","163","738","36","8","5",
"0500000US54011","Cabell County, West Virginia","18285","*****","18243","13","2354","277","2398","276","1116","323","2754","368","3189","370","3231","406","3201","57","42","13",
"0500000US54013","Calhoun County, West Virginia","1147","59","1147","59","171","44","84","44","30","30","413","89","190","43","61","43","198","3","0","18",
"0500000US54015","Clay County, West Virginia","1708","68","1708","68","188","87","194","87","58","51","357","128","123","67","465","132","323","7","0","18",
"0500000US54017","Doddridge County, West Virginia","1136","108","1126","108","235","45","52","37","79","52","203","92","134","63","195","65","228","60","10","18",
"0500000US54019","Fayette County, West Virginia","8175","35","8154","36","1121","138","773","132","213","94","1673","275","1408","225","1492","241","1474","64","21","10",
"0500000US54021","Gilmer County, West Virginia","1083","36","1083","36","141","35","123","36","5","8","180","55","287","65","159","71","188","6","0","18",
"0500000US54023","Grant County, West Virginia","2156","73","2153","73","348","104","237","104","125","66","411","103","239","105","402","139","391","51","3","9",
"0500000US54025","Greenbrier County, West Virginia","6245","31","6210","36","1128","134","493","124","475","206","1054","206","1091","222","864","205","1105","43","35","20",
"0500000US54027","Hampshire County, West Virginia","4228","147","4178","149","707","92","432","112","145","104","794","208","715","175","640","131","745","44","50","27",
"0500000US54029","Hancock County, West Virginia","5221","26","5221","26","656","140","524","120","422","138","914","188","877","192","846","223","982","35","0","24",
"0500000US54031","Hardy County, West Virginia","2823","*****","2823","8","561","101","213","112","150","94","527","157","427","168","414","126","531","58","0","20",
"0500000US54033","Harrison County, West Virginia","13769","*****","13712","29","2041","200","1387","178","896","226","2489","288","2332","281","2106","301","2461","77","57","29",
"0500000US54035","Jackson County, West Virginia","5942","126","5942","126","1132","146","395","147","229","106","774","184","1103","214","1236","228","1073","18","0","24",
"0500000US54037","Jefferson County, West Virginia","12512","*****","12484","36","1696","166","1235","163","797","343","2158","291","2142","267","2044","257","2412","41","28","34",
"0500000US54039","Kanawha County, West Virginia","34925","*****","34898","19","5175","347","3351","350","1823","345","5282","558","6519","620","6265","621","6483","47","27","17",
"0500000US54041","Lewis County, West Virginia","3636","78","3630","78","491","122","452","119","197","79","661","155","571","119","608","178","650","44","6","9",
"0500000US54043","Lincoln County, West Virginia","4488","73","4488","73","589","103","416","105","160","144","633","142","774","185","915","198","1001","141","0","20",
"0500000US54045","Logan County, West Virginia","6528","88","6520","88","974","219","600","215","324","139","811","224","1124","210","1487","210","1200","85","8","9",
"0500000US54047","McDowell County, West Virginia","3266","138","3262","137","467","160","252","164","86","108","603","211","681","256","608","213","565","39","4","3",
"0500000US54049","Marion County, West Virginia","11105","*****","11041","52","1535","174","1161","173","592","140","2080","233","1852","262","1880","249","1941","37","64","53",
"0500000US54051","Marshall County, West Virginia","5670","74","5669","74","764","131","518","134","259","129","968","192","929","161","1069","212","1162","64","1","2",
"0500000US54053","Mason County, West Virginia","5144","44","5130","55","835","145","459","144","318","137","804","179","658","214","1099","274","957","31","14","33",
"0500000US54055","Mercer County, West Virginia","12204","112","12174","111","1673","312","1354","302","513","191","2456","371","2047","309","2233","365","1898","53","30","9",
"0500000US54057","Mineral County, West Virginia","5406","51","5390","52","802","102","486","115","245","131","761","198","995","225","1125","233","976","65","16","7",
"0500000US54059","Mingo County, West Virginia","5122","88","5122","88","854","142","421","154","210","116","592","163","833","177","1205","242","1007","92","0","24",
"0500000US54061","Monongalia County, West Virginia","17265","10","17171","59","2808","253","2048","244","884","244","2895","374","2799","303","2927","458","2810","93","94","59",
"0500000US54063","Monroe County, West Virginia","2628","160","2628","160","405","96","260","120","206","121","371","119","404","114","523","186","459","118","0","20",
"0500000US54065","Morgan County, West Virginia","2964","120","2964","120","477","74","212","111","134","67","419","112","513","94","571","117","638","75","0","20",
"0500000US54067","Nicholas County, West Virginia","5122","151","5116","152","736","148","397","141","296","152","857","237","1014","198","662","203","1154","210","6","7",
"0500000US54069","Ohio County, West Virginia","8060","74","8011","75","1151","172","908","173","448","129","1404","262","1463","220","1242","210","1395","78","49","19",
"0500000US54071","Pendleton County, West Virginia","1136","19","1136","19","91","43","192","36","42","21","243","58","218","54","141","42","209","34","0","18",
"0500000US54073","Pleasants County, West Virginia","1469","30","1469","30","265","53","135","58","47","45","140","61","162","73","439","93","281","49","0","18",
"0500000US54075","Pocahontas County, West Virginia","1375","62","1375","62","237","61","132","29","90","63","204","63","276","79","191","72","245","24","0","18",
"0500000US54077","Preston County, West Virginia","6104","46","6099","46","951","126","585","123","161","65","1040","175","1031","161","1232","150","1099","25","5","5",
"0500000US54079","Putnam County, West Virginia","12295","*****","12295","6","1540","168","1174","164","593","231","2049","329","2108","256","2200","313","2631","102","0","30",
"0500000US54081","Raleigh County, West Virginia","15392","35","15373","35","2135","266","1596","264","1000","289","2024","380","3166","389","2583","396","2869","71","19","3",
"0500000US54083","Randolph County, West Virginia","5060","23","5017","30","835","127","515","124","232","75","754","165","885","146","914","227","882","39","43","20",
"0500000US54085","Ritchie County, West Virginia","1646","70","1646","70","278","51","119","51","100","70","211","69","331","85","301","98","306","18","0","18",
"0500000US54087","Roane County, West Virginia","2763","37","2763","37","382","79","213","78","97","66","477","143","568","123","422","124","604","31","0","20",
"0500000US54089","Summers County, West Virginia","1838","14","1836","15","277","51","145","79","168","84","346","103","234","82","317","104","349","3","2","4",
"0500000US54091","Taylor County, West Virginia","3376","81","3376","81","597","118","206","133","96","73","554","179","516","131","839","223","568","20","0","20",
"0500000US54093","Tucker County, West Virginia","948","*****","902","21","175","41","70","41","24","20","139","49","164","50","177","49","153","29","46","20",
"0500000US54095","Tyler County, West Virginia","1561","25","1560","26","224","61","158","59","90","45","298","86","258","98","250","89","282","5","1","3",
"0500000US54097","Upshur County, West Virginia","4797","105","4792","105","693","141","417","130","129","74","636","159","1098","209","888","214","931","50","5","4",
"0500000US54099","Wayne County, West Virginia","7783","65","7757","65","1378","251","521","216","201","85","1339","270","1193","264","1649","290","1476","63","26","7",
"0500000US54101","Webster County, West Virginia","1638","48","1638","48","295","59","78","55","47","35","207","117","231","115","479","176","301","33","0","18",
"0500000US54103","Wetzel County, West Virginia","2988","85","2988","85","496","78","340","83","198","88","534","141","374","104","523","126","523","26","0","20",
"0500000US54105","Wirt County, West Virginia","1070","28","1070","28","142","64","104","64","33","43","185","120","219","130","181","108","206","8","0","18",
"0500000US54107","Wood County, West Virginia","17380","18","17340","23","2690","230","1578","230","1129","242","2730","311","3167","304","2967","322","3079","59","40","12",
"0500000US54109","Wyoming County, West Virginia","4132","48","4132","48","537","117","471","119","36","45","737","189","884","174","636","164","831","59","0","24",
"0500000US55001","Adams County, Wisconsin","2847","20","2847","20","320","38","294","39","122","36","496","77","473","62","562","75","580","28","0","18",
"0500000US55003","Ashland County, Wisconsin","3331","34","3303","39","458","68","338","54","140","30","438","64","566","78","624","77","739","69","28","24",
"0500000US55005","Barron County, Wisconsin","9868","*****","9859","21","1445","100","912","116","601","186","1748","167","1807","181","1585","167","1761","69","9","19",
"0500000US55007","Bayfield County, Wisconsin","2707","28","2707","28","327","43","312","32","149","30","398","39","494","53","490","51","537","24","0","16",
"0500000US55009","Brown County, Wisconsin","62260","43","62203","57","8398","452","7170","452","3510","532","10714","677","10461","618","10729","635","11221","61","57","41",
"0500000US55011","Buffalo County, Wisconsin","2668","35","2668","35","349","64","286","61","210","78","389","76","445","61","495","56","494","12","0","16",
"0500000US55013","Burnett County, Wisconsin","2649","10","2636","33","290","32","263","38","153","42","468","55","504","41","430","46","528","20","13","31",
"0500000US55015","Calumet County, Wisconsin","11760","*****","11760","8","1509","127","1043","131","451","105","1952","258","2174","252","2258","268","2373","80","0","23",
"0500000US55017","Chippewa County, Wisconsin","14291","*****","14283","9","1879","174","1571","167","639","137","2497","245","2639","276","2310","259","2748","78","8","3",
"0500000US55019","Clark County, Wisconsin","10305","*****","10301","10","1712","89","1127","91","630","88","1663","109","1667","82","1724","117","1778","17","4","2",
"0500000US55021","Columbia County, Wisconsin","11972","*****","11972","5","1815","117","1085","119","620","130","1881","191","2027","189","2189","210","2355","59","0","23",
"0500000US55023","Crawford County, Wisconsin","3077","32","3077","32","417","43","378","42","213","68","456","74","549","66","450","69","614","21","0","16",
"0500000US55025","Dane County, Wisconsin","112792","29","112689","82","16251","572","12613","575","6323","736","18043","827","20166","817","19496","982","19797","76","103","77",
"0500000US55027","Dodge County, Wisconsin","17235","*****","17229","24","2438","174","1583","171","1148","203","2662","199","2837","242","3110","250","3451","23","6","7",
"0500000US55029","Door County, Wisconsin","4802","*****","4802","4","761","63","402","61","148","56","906","222","699","151","921","150","965","49","0","21",
"0500000US55031","Douglas County, Wisconsin","8471","*****","8466","12","1281","120","751","104","417","116","1368","185","1348","184","1711","236","1590","81","5","12",
"0500000US55033","Dunn County, Wisconsin","8776","*****","8758","30","1195","105","938","114","524","113","1314","144","1616","155","1603","188","1568","72","18","30",
"0500000US55035","Eau Claire County, Wisconsin","21207","*****","21159","45","3226","194","2271","195","1177","254","3281","365","3559","332","3900","387","3745","76","48","43",
"0500000US55037","Florence County, Wisconsin","721","33","721","33","106","19","57","20","8","6","158","41","107","26","135","36","150","23","0","10",
"0500000US55039","Fond du Lac County, Wisconsin","21999","*****","21970","27","3051","219","2223","217","1075","229","3363","322","3734","293","4288","333","4236","187","29","27",
"0500000US55041","Forest County, Wisconsin","1804","41","1804","41","307","38","199","37","81","25","307","42","322","44","297","43","291","17","0","14",
"0500000US55043","Grant County, Wisconsin","10942","*****","10913","34","1741","137","1194","129","584","82","1628","156","1802","155","1955","166","2009","36","29","31",
"0500000US55045","Green County, Wisconsin","7954","9","7952","8","1045","84","808","83","490","90","1243","141","1333","128","1428","146","1605","25","2","6",
"0500000US55047","Green Lake County, Wisconsin","4175","13","4175","13","620","62","413","58","227","52","647","81","698","82","752","92","818","53","0","16",
"0500000US55049","Iowa County, Wisconsin","5152","17","5152","17","752","65","512","70","259","72","728","86","1019","85","918","105","964","19","0","18",
"0500000US55051","Iron County, Wisconsin","963","18","963","18","173","19","52","17","54","19","155","31","114","30","203","44","212","15","0","14",
"0500000US55053","Jackson County, Wisconsin","4418","45","4418","45","666","51","428","47","230","51","922","108","661","97","703","64","808","19","0","18",
"0500000US55055","Jefferson County, Wisconsin","16971","*****","16957","23","2390","206","1676","206","1044","231","2652","260","3000","306","2787","307","3408","82","14","22",
"0500000US55057","Juneau County, Wisconsin","5151","*****","5151","10","797","54","454","65","326","80","631","84","955","126","1023","114","965","26","0","18",
"0500000US55059","Kenosha County, Wisconsin","36594","*****","36577","24","5293","437","3535","429","1850","301","6011","489","6400","441","6527","490","6961","25","17","25",
"0500000US55061","Kewaunee County, Wisconsin","4308","45","4308","45","636","78","439","55","222","71","633","89","758","99","766","123","854","34","0","18",
"0500000US55063","La Crosse County, Wisconsin","23330","*****","23309","22","3297","265","2370","263","1399","292","3455","335","4318","355","4242","324","4228","66","21","22",
"0500000US55065","Lafayette County, Wisconsin","4281","19","4281","19","706","48","504","43","169","42","867","84","662","59","616","64","757","47","0","16",
"0500000US55067","Langlade County, Wisconsin","3732","68","3724","69","572","82","424","61","129","45","588","140","508","108","814","148","689","45","8","9",
"0500000US55069","Lincoln County, Wisconsin","5065","8","4983","27","908","94","472","83","214","67","844","112","776","138","894","137","875","33","82","28",
"0500000US55071","Manitowoc County, Wisconsin","16492","*****","16488","11","2345","206","1580","205","892","202","2773","230","2775","276","2906","251","3217","54","4","8",
"0500000US55073","Marathon County, Wisconsin","31130","*****","31118","8","4630","285","3040","287","1438","225","4943","453","5523","418","5727","510","5817","14","12","4",
"0500000US55075","Marinette County, Wisconsin","7932","*****","7932","6","1060","98","874","92","542","180","1351","161","1282","169","1272","189","1551","41","0","21",
"0500000US55077","Marquette County, Wisconsin","2960","6","2960","6","393","38","305","39","167","48","445","61","483","54","612","75","555","20","0","16",
"0500000US55078","Menominee County, Wisconsin","1289","33","1284","34","179","46","156","41","40","27","217","59","232","50","255","51","205","24","5","7",
"0500000US55079","Milwaukee County, Wisconsin","219441","*****","219212","165","34520","1136","24939","1135","11638","841","34660","1168","38721","1162","37895","1523","36839","119","229","171",
"0500000US55081","Monroe County, Wisconsin","11724","*****","11719","8","1772","186","1141","184","603","157","1749","186","2166","215","2099","174","2189","65","5","7",
"0500000US55083","Oconto County, Wisconsin","7789","51","7789","51","1218","95","696","95","407","106","1209","131","1333","127","1410","170","1516","47","0","21",
"0500000US55085","Oneida County, Wisconsin","6376","*****","6376","14","956","117","565","97","223","81","878","115","1166","160","1319","170","1269","59","0","21",
"0500000US55087","Outagamie County, Wisconsin","44257","*****","44249","10","6408","328","4688","328","2491","286","7976","468","7785","416","6900","399","8001","10","8","12",
"0500000US55089","Ozaukee County, Wisconsin","19455","*****","19439","24","2533","253","2121","239","854","173","3698","360","3058","270","3504","360","3671","30","16","25",
"0500000US55091","Pepin County, Wisconsin","1660","20","1660","20","250","30","159","26","114","28","229","35","284","36","308","49","316","12","0","14",
"0500000US55093","Pierce County, Wisconsin","8644","*****","8627","22","1139","145","1011","157","546","160","1206","175","1511","182","1473","222","1741","58","17","22",
"0500000US55095","Polk County, Wisconsin","9058","*****","9044","37","1177","86","884","83","468","96","1414","118","1617","146","1624","152","1860","32","14","34",
"0500000US55097","Portage County, Wisconsin","13294","*****","13278","19","1858","178","1279","180","788","134","2284","224","2191","187","2382","202","2496","24","16","19",
"0500000US55099","Price County, Wisconsin","2464","23","2464","23","263","36","229","32","122","28","376","45","469","47","510","60","495","15","0","16",
"0500000US55101","Racine County, Wisconsin","44901","*****","44736","136","6335","468","4883","459","2350","412","8511","690","6846","596","7673","718","8138","136","165","136",
"0500000US55103","Richland County, Wisconsin","3652","71","3649","71","447","66","423","50","241","94","603","104","600","88","574","80","761","39","3","3",
"0500000US55105","Rock County, Wisconsin","36803","*****","36781","10","5113","335","4125","336","2336","387","6419","532","6162","505","5772","566","6854","32","22","8",
"0500000US55107","Rusk County, Wisconsin","2834","*****","2834","10","425","53","245","50","165","35","527","63","498","69","459","57","515","24","0","16",
"0500000US55109","St. Croix County, Wisconsin","22839","*****","22834","11","3025","202","2351","193","1181","249","4091","373","3738","342","4062","406","4386","73","5","8",
"0500000US55111","Sauk County, Wisconsin","14752","*****","14751","6","1976","143","1707","145","835","169","2414","194","2335","161","2787","216","2697","22","1","2",
"0500000US55113","Sawyer County, Wisconsin","3207","67","3207","67","376","55","362","53","200","55","476","97","445","69","712","89","636","11","0","16",
"0500000US55115","Shawano County, Wisconsin","8687","*****","8655","11","1240","83","981","84","383","92","1436","140","1491","162","1521","156","1603","31","32","12",
"0500000US55117","Sheboygan County, Wisconsin","25396","*****","25364","18","3717","258","2397","259","1526","319","3934","371","4243","360","4674","351","4873","31","32","15",
"0500000US55119","Taylor County, Wisconsin","4618","13","4618","13","626","50","502","56","211","51","728","74","680","66","959","87","912","22","0","18",
"0500000US55121","Trempealeau County, Wisconsin","8221","*****","8221","7","1325","152","886","148","383","103","1522","173","1282","174","1442","147","1381","16","0","21",
"0500000US55123","Vernon County, Wisconsin","8081","*****","8077","10","1309","106","818","95","350","65","1337","174","1344","123","1490","163","1429","27","4","5",
"0500000US55125","Vilas County, Wisconsin","3827","45","3825","45","501","64","399","63","203","72","629","90","653","75","693","116","747","41","2","5",
"0500000US55127","Walworth County, Wisconsin","20610","*****","20606","5","2529","233","2122","246","976","198","3532","351","3874","322","3429","292","4144","47","4","9",
"0500000US55129","Washburn County, Wisconsin","3035","*****","3035","6","361","27","273","27","203","64","446","62","501","50","625","65","626","15","0","16",
"0500000US55131","Washington County, Wisconsin","28925","*****","28921","8","3958","273","2694","272","1585","325","4565","372","4837","381","5704","456","5578","82","4","4",
"0500000US55133","Waukesha County, Wisconsin","86298","*****","86160","29","11903","391","8661","391","4885","447","13753","710","15973","704","14310","635","16675","31","138","28",
"0500000US55135","Waupaca County, Wisconsin","10369","22","10336","24","1554","124","991","130","305","74","1607","180","1761","232","2145","224","1973","40","33","7",
"0500000US55137","Waushara County, Wisconsin","4409","*****","4409","14","565","48","464","50","244","49","819","82","748","74","743","81","826","10","0","18",
"0500000US55139","Winnebago County, Wisconsin","34694","*****","34686","7","5224","335","3544","334","1921","305","5718","427","5874","497","6149","405","6256","27","8","5",
"0500000US55141","Wood County, Wisconsin","15845","*****","15839","14","2004","161","1938","172","903","193","2685","247","2448","200","2866","256","2995","52","6","3",
"0500000US56001","Albany County, Wyoming","5887","*****","5846","14","819","144","629","110","126","54","1254","210","963","212","1090","199","965","78","41","13",
"0500000US56003","Big Horn County, Wyoming","2902","28","2897","28","376","54","257","56","236","88","435","98","447","72","588","86","558","32","5","3",
"0500000US56005","Campbell County, Wyoming","12606","183","12561","183","1864","231","1181","221","732","207","1840","309","2392","426","2235","339","2317","252","45","17",
"0500000US56007","Carbon County, Wyoming","3244","60","3244","60","480","89","305","85","156","101","684","146","501","165","531","139","587","40","0","20",
"0500000US56009","Converse County, Wyoming","3298","59","3291","63","607","110","295","111","326","123","429","131","415","133","620","124","599","85","7","13",
"0500000US56011","Crook County, Wyoming","1833","42","1833","42","298","57","177","56","119","64","298","74","210","67","436","119","295","9","0","18",
"0500000US56013","Fremont County, Wyoming","9672","*****","9665","26","1134","161","1154","166","526","116","1584","229","1689","213","1777","201","1801","32","7","13",
"0500000US56015","Goshen County, Wyoming","2473","97","2416","97","415","80","286","82","191","89","370","99","300","84","444","93","410","52","57","26",
"0500000US56017","Hot Springs County, Wyoming","1042","78","1036","78","153","41","81","37","31","30","166","72","181","60","260","81","164","46","6","3",
"0500000US56019","Johnson County, Wyoming","1676","61","1676","61","215","103","185","112","95","56","358","94","206","74","268","101","349","52","0","18",
"0500000US56021","Laramie County, Wyoming","22644","5","22633","10","3430","294","2264","283","1166","274","3609","415","3877","398","4217","435","4070","101","11","8",
"0500000US56023","Lincoln County, Wyoming","5160","44","5160","44","794","136","358","139","356","172","888","190","907","142","877","218","980","47","0","24",
"0500000US56025","Natrona County, Wyoming","18879","*****","18865","6","2671","297","1895","277","727","170","3291","312","3460","332","3496","392","3325","59","14","3",
"0500000US56027","Niobrara County, Wyoming","248","77","248","77","49","30","13","14","23","24","36","19","36","19","14","21","77","46","0","13",
"0500000US56029","Park County, Wyoming","6299","105","6287","105","969","189","562","117","173","83","1088","218","1115","184","1233","248","1147","74","12","10",
"0500000US56031","Platte County, Wyoming","1742","179","1742","179","176","49","188","50","20","20","275","104","223","69","368","115","492","171","0","18",
"0500000US56033","Sheridan County, Wyoming","6839","134","6771","135","914","120","537","131","294","113","1031","195","1773","292","1033","233","1189","68","68","14",
"0500000US56035","Sublette County, Wyoming","1866","45","1866","45","247","62","136","62","146","133","402","121","184","66","373","144","378","56","0","18",
"0500000US56037","Sweetwater County, Wyoming","10377","63","10367","63","1301","207","993","206","663","183","1895","259","1417","240","2123","314","1975","66","10","7",
"0500000US56039","Teton County, Wyoming","3996","56","3981","57","549","94","398","171","175","115","682","197","578","135","958","212","641","76","15","16",
"0500000US56041","Uinta County, Wyoming","5629","58","5629","58","667","101","554","98","516","138","1144","221","769","165","968","219","1011","88","0","24",
"0500000US56043","Washakie County, Wyoming","1615","*****","1567","10","213","39","152","73","60","29","177","44","314","64","290","56","361","42","48","9",
"0500000US56045","Weston County, Wyoming","1340","113","1340","113","246","90","96","45","84","75","228","66","268","58","131","52","287","83","0","18",
"0500000US72001","Adjuntas Municipio, Puerto Rico","3065","*****","3046","13","424","72","114","72","247","116","487","148","677","184","461","174","636","17","19","13",
"0500000US72003","Aguada Municipio, Puerto Rico","5655","*****","5655","4","643","171","423","171","149","91","437","162","1268","307","1509","291","1226","4","0","33",
"0500000US72005","Aguadilla Municipio, Puerto Rico","8844","*****","8776","81","976","159","680","159","290","130","1378","292","1570","291","1944","339","1938","84","68","81",
"0500000US72007","Aguas Buenas Municipio, Puerto Rico","3751","*****","3748","16","401","135","297","135","149","126","698","245","425","184","903","230","875","29","3","16",
"0500000US72009","Aibonito Municipio, Puerto Rico","3869","*****","3869","2","353","91","370","91","411","162","563","142","584","178","762","227","826","29","0","29",
"0500000US72011","Añasco Municipio, Puerto Rico","3788","*****","3788","4","372","118","301","118","247","162","603","206","649","201","767","230","849","5","0","29",
"0500000US72013","Arecibo Municipio, Puerto Rico","13712","*****","13589","218","1491","224","1173","224","770","270","2181","391","2242","313","2853","425","2879","188","123","218",
"0500000US72015","Arroyo Municipio, Puerto Rico","2766","*****","2764","5","258","117","278","118","191","125","276","129","497","163","663","185","601","4","2","4",
"0500000US72017","Barceloneta Municipio, Puerto Rico","3709","*****","3709","2","475","112","265","112","249","163","554","198","547","185","841","256","778","2","0","29",
"0500000US72019","Barranquitas Municipio, Puerto Rico","5624","*****","5604","45","456","160","637","160","276","149","970","273","1113","234","1049","229","1103","45","20","45",
"0500000US72021","Bayamón Municipio, Puerto Rico","28192","*****","28093","42","3561","308","2377","308","1515","276","4608","423","5193","470","4906","481","5933","55","99","45",
"0500000US72023","Cabo Rojo Municipio, Puerto Rico","7027","*****","7027","2","618","147","567","147","387","174","820","213","1385","292","1608","313","1642","33","0","33",
"0500000US72025","Caguas Municipio, Puerto Rico","19946","*****","19936","8","2055","322","1813","322","1043","274","3507","547","3188","475","3890","583","4440","13","10","6",
"0500000US72027","Camuy Municipio, Puerto Rico","5092","*****","5092","4","564","161","462","161","199","128","849","244","907","181","1016","263","1095","33","0","33",
"0500000US72029","Canóvanas Municipio, Puerto Rico","7220","*****","7220","1","693","138","709","138","283","113","1183","219","1607","242","1210","251","1535","33","0","33",
"0500000US72031","Carolina Municipio, Puerto Rico","23565","*****","23556","11","2742","325","1962","325","1079","286","4106","600","4417","541","4164","547","5086","11","9","11",
"0500000US72033","Cataño Municipio, Puerto Rico","3754","*****","3754","29","392","99","340","99","224","97","579","138","826","165","608","179","785","29","0","29",
"0500000US72035","Cayey Municipio, Puerto Rico","6289","*****","6289","33","746","136","498","136","142","87","999","249","1137","260","1378","272","1389","33","0","33",
"0500000US72037","Ceiba Municipio, Puerto Rico","1626","*****","1626","4","143","67","148","67","141","75","180","70","333","100","329","120","352","2","0","24",
"0500000US72039","Ciales Municipio, Puerto Rico","2805","*****","2805","2","428","81","116","81","132","98","480","201","469","183","624","159","556","4","0","24",
"0500000US72041","Cidra Municipio, Puerto Rico","6688","*****","6678","24","721","180","555","180","292","148","914","237","1434","278","1364","243","1398","15","10","24",
"0500000US72043","Coamo Municipio, Puerto Rico","5569","*****","5569","3","630","150","435","150","246","121","853","226","1114","225","1121","226","1170","2","0","33",
"0500000US72045","Comerío Municipio, Puerto Rico","3157","*****","3157","24","247","128","308","128","117","107","486","173","673","210","634","177","692","24","0","24",
"0500000US72047","Corozal Municipio, Puerto Rico","6183","*****","6183","33","758","136","446","136","231","183","785","314","1032","283","1642","360","1289","33","0","33",
"0500000US72049","Culebra Municipio, Puerto Rico","212","94","212","94","29","31","11","19","27","24","20","22","26","29","61","39","38","23","0","15",
"0500000US72051","Dorado Municipio, Puerto Rico","6381","*****","6360","38","620","180","570","180","220","185","975","269","958","215","1571","299","1446","2","21","38",
"0500000US72053","Fajardo Municipio, Puerto Rico","5254","*****","5254","2","706","106","352","106","197","127","823","209","804","218","1304","274","1068","33","0","33",
"0500000US72054","Florida Municipio, Puerto Rico","1980","*****","1980","24","214","82","175","81","67","80","502","202","305","183","312","173","405","3","0","24",
"0500000US72055","Guánica Municipio, Puerto Rico","2194","*****","2193","5","191","85","237","85","102","71","257","84","253","121","719","171","434","5","1","4",
"0500000US72057","Guayama Municipio, Puerto Rico","5895","*****","5848","43","544","118","586","118","365","167","860","225","1022","241","1183","322","1288","30","47","43",
"0500000US72059","Guayanilla Municipio, Puerto Rico","2929","*****","2929","4","357","76","170","76","54","37","463","147","559","202","682","155","644","24","0","24",
"0500000US72061","Guaynabo Municipio, Puerto Rico","12361","*****","12328","52","1426","246","1216","246","673","232","1948","307","2041","315","2429","401","2595","51","33","51",
"0500000US72063","Gurabo Municipio, Puerto Rico","6683","*****","6683","2","686","160","521","160","281","161","855","288","1322","347","1475","356","1543","33","0","33",
"0500000US72065","Hatillo Municipio, Puerto Rico","5735","*****","5735","4","571","136","404","136","323","190","749","266","1103","255","1290","294","1295","33","0","33",
"0500000US72067","Hormigueros Municipio, Puerto Rico","2090","*****","2090","2","157","92","195","92","82","74","239","125","486","153","444","147","487","24","0","24",
"0500000US72069","Humacao Municipio, Puerto Rico","7828","*****","7764","60","733","239","857","239","338","196","1240","279","1435","269","1522","276","1639","79","64","60",
"0500000US72071","Isabela Municipio, Puerto Rico","6609","*****","6588","21","618","168","636","168","191","133","956","305","1246","363","1466","297","1475","15","21","24",
"0500000US72073","Jayuya Municipio, Puerto Rico","2713","*****","2713","4","351","77","181","77","88","81","346","154","567","179","617","243","563","2","0","24",
"0500000US72075","Juana Díaz Municipio, Puerto Rico","8246","*****","8169","67","902","152","632","152","394","164","1294","322","1592","291","1725","381","1630","67","77","67",
"0500000US72077","Juncos Municipio, Puerto Rico","6533","*****","6533","4","813","160","462","160","340","193","810","259","1205","293","1468","278","1435","2","0","33",
"0500000US72079","Lajas Municipio, Puerto Rico","3462","*****","3461","3","471","120","193","120","158","169","479","202","732","218","678","203","750","2","1","2",
"0500000US72081","Lares Municipio, Puerto Rico","4417","*****","4405","11","618","78","233","78","232","120","597","205","875","241","954","248","896","11","12","10",
"0500000US72083","Las Marías Municipio, Puerto Rico","1558","*****","1558","22","117","52","147","52","0","22","276","146","401","99","304","136","313","22","0","22",
"0500000US72085","Las Piedras Municipio, Puerto Rico","5770","*****","5770","33","568","164","537","164","120","93","971","285","1169","269","1108","305","1297","33","0","33",
"0500000US72087","Loíza Municipio, Puerto Rico","3826","*****","3801","26","351","73","313","73","217","88","574","120","729","115","768","131","849","6","25","26",
"0500000US72089","Luquillo Municipio, Puerto Rico","2764","*****","2764","3","243","61","281","61","132","68","340","132","476","150","673","144","619","24","0","24",
"0500000US72091","Manatí Municipio, Puerto Rico","6417","*****","6410","16","779","166","533","166","557","234","799","269","1308","298","1108","283","1326","16","7","16",
"0500000US72093","Maricao Municipio, Puerto Rico","805","94","804","94","85","40","88","50","46","51","86","53","144","83","187","79","168","23","1","3",
"0500000US72095","Maunabo Municipio, Puerto Rico","1632","*****","1631","3","53","68","87","87","100","63","372","148","247","81","440","131","332","3","1","2",
"0500000US72097","Mayagüez Municipio, Puerto Rico","10948","*****","10915","23","1230","189","834","188","664","218","1637","290","2031","293","1996","357","2523","17","33","24",
"0500000US72099","Moca Municipio, Puerto Rico","6294","*****","6289","5","707","130","527","130","318","152","935","245","997","233","1440","274","1365","33","5","5",
"0500000US72101","Morovis Municipio, Puerto Rico","4877","*****","4877","29","586","166","417","166","217","131","656","196","966","220","970","259","1065","29","0","29",
"0500000US72103","Naguabo Municipio, Puerto Rico","4294","*****","4294","4","408","188","407","188","327","149","1081","251","540","193","548","209","983","29","0","29",
"0500000US72105","Naranjito Municipio, Puerto Rico","4963","*****","4962","13","358","176","641","176","194","157","953","272","867","251","947","262","1002","13","1","13",
"0500000US72107","Orocovis Municipio, Puerto Rico","3863","*****","3863","2","435","133","377","133","174","118","571","231","728","193","813","192","765","2","0","29",
"0500000US72109","Patillas Municipio, Puerto Rico","2349","*****","2349","24","227","80","201","81","193","99","449","142","314","124","440","155","525","2","0","24",
"0500000US72111","Peñuelas Municipio, Puerto Rico","3780","*****","3780","24","369","91","375","91","216","103","642","155","711","154","710","144","757","24","0","24",
"0500000US72113","Ponce Municipio, Puerto Rico","22735","*****","22696","27","2504","249","1981","248","974","268","3511","392","4246","354","4767","474","4713","48","39","28",
"0500000US72115","Quebradillas Municipio, Puerto Rico","3795","*****","3795","2","285","170","450","170","200","131","372","179","872","259","805","246","811","2","0","29",
"0500000US72117","Rincón Municipio, Puerto Rico","2115","*****","2115","2","133","88","254","88","155","97","225","114","450","168","445","140","453","2","0","24",
"0500000US72119","Río Grande Municipio, Puerto Rico","7190","*****","7190","4","829","136","594","136","534","236","790","243","1492","240","1364","284","1587","4","0","33",
"0500000US72121","Sabana Grande Municipio, Puerto Rico","3702","*****","3701","3","346","131","372","131","41","44","529","185","821","204","818","199","774","2","1","2",
"0500000US72123","Salinas Municipio, Puerto Rico","4360","*****","4348","15","311","109","488","109","188","99","479","138","1291","176","648","165","943","14","12","15",
"0500000US72125","San Germán Municipio, Puerto Rico","5103","*****","5099","17","498","151","428","151","149","146","745","250","983","213","1187","237","1109","12","4","15",
"0500000US72127","San Juan Municipio, Puerto Rico","51387","*****","51298","63","6142","442","4815","442","2422","416","8054","633","8739","664","10243","655","10883","87","89","63",
"0500000US72129","San Lorenzo Municipio, Puerto Rico","5889","*****","5884","37","537","169","580","169","159","117","1225","206","1010","224","1061","253","1312","33","5","34",
"0500000US72131","San Sebastián Municipio, Puerto Rico","6319","*****","6317","3","763","123","433","123","355","187","941","291","901","317","1553","318","1371","4","2","4",
"0500000US72133","Santa Isabel Municipio, Puerto Rico","3535","*****","3535","2","403","93","301","93","94","67","709","194","723","211","517","161","788","24","0","24",
"0500000US72135","Toa Alta Municipio, Puerto Rico","10953","*****","10953","36","1068","189","863","189","463","196","1746","325","2120","367","2238","392","2455","36","0","36",
"0500000US72137","Toa Baja Municipio, Puerto Rico","11762","*****","11762","2","1302","181","922","181","602","174","1785","277","2072","245","2538","280","2541","36","0","36",
"0500000US72139","Trujillo Alto Municipio, Puerto Rico","10627","*****","10627","2","1041","239","799","239","422","224","1544","429","2237","347","2172","445","2412","36","0","36",
"0500000US72141","Utuado Municipio, Puerto Rico","4500","*****","4498","8","465","111","365","111","223","120","561","154","1146","230","797","211","941","5","2","5",
"0500000US72143","Vega Alta Municipio, Puerto Rico","6131","*****","6117","11","608","171","508","171","455","194","763","190","1121","212","1288","271","1374","33","14","11",
"0500000US72145","Vega Baja Municipio, Puerto Rico","8712","*****","8706","9","940","178","893","178","398","172","1256","290","1705","288","1663","333","1851","8","6","8",
"0500000US72147","Vieques Municipio, Puerto Rico","1363","*****","1363","4","155","51","121","50","77","83","214","199","224","111","321","163","251","4","0","22",
"0500000US72149","Villalba Municipio, Puerto Rico","3938","*****","3910","40","487","124","355","124","97","77","641","180","816","178","726","165","788","28","28","43",
"0500000US72151","Yabucoa Municipio, Puerto Rico","4530","*****","4525","12","519","104","335","104","122","97","703","220","758","173","1059","218","1029","12","5","12",
"0500000US72153","Yauco Municipio, Puerto Rico","5185","*****","5185","33","638","102","348","102","288","157","794","204","840","178","1159","231","1118","33","0","33",
